repeat,seed,layer,layer_index,relative_layer_depth,probe,probe_type,probe_complexity,task_type,input_dim,hidden_layers_total,class_count,train_n,validation_n,test_n,parameters,resolved_hidden_dims,epochs_completed,best_validation_score,geometry_silhouette,geometry_pca_2d_variance,baseline_test_macro_f1,train_accuracy,train_balanced_accuracy,train_macro_f1,train_weighted_f1,train_macro_precision,train_macro_recall,train_mcc,train_cohen_kappa,train_log_loss,train_log_loss_score,train_roc_auc_ovr_macro,train_average_precision_macro,validation_accuracy,validation_balanced_accuracy,validation_macro_f1,validation_weighted_f1,validation_macro_precision,validation_macro_recall,validation_mcc,validation_cohen_kappa,validation_log_loss,validation_log_loss_score,validation_roc_auc_ovr_macro,validation_average_precision_macro,test_accuracy,test_balanced_accuracy,test_macro_f1,test_weighted_f1,test_macro_precision,test_macro_recall,test_mcc,test_cohen_kappa,test_log_loss,test_log_loss_score,test_roc_auc_ovr_macro,test_average_precision_macro,macro_f1_component,balanced_accuracy_component,mcc_component,log_loss_score_component,control_macro_f1,selectivity,selectivity_component,stability_component,geometry_component,complexity_penalty,probe_score_raw,probe_score,generalization_gap,overfit_penalty,run,run_path,master_version,master_config_hash,chance_macro_f1_reference,normalized_macro_f1
0,329176201,layer_0,0,0.0,linear_logistic,logistic,linear,single_label,768,13,7,1600,200,200,5383,[],,,-0.0337075591087341,0.3827527165412903,0.0394088669950738,0.9925,0.9926300442436088,0.9926436387672944,0.9925707729824776,0.992886781268524,0.9926300442436088,0.9912807119586352,0.9912395530529472,0.0526740253826626,0.9486892106866028,0.999935854883236,0.9993516493612878,0.44,0.4370769171738503,0.440992312244938,0.4434450279608261,0.4551781672139493,0.4370769171738503,0.3469260109942321,0.3460235898633655,3.003894247811272,0.0495935622108529,0.7952939611691946,0.4956060050246553,0.515,0.513837214211241,0.516919771081214,0.5171990677342257,0.5336538461538461,0.513837214211241,0.4342126635564358,0.4331960148420838,2.569581558474661,0.076567577775647,0.8196555049670241,0.5354431291915345,0.516919771081214,0.513837214211241,0.7171063317782179,0.076567577775647,,,0.0,0.9274445426048562,0.4831462204456329,0.0152743030116885,0.4384299977290543,0.4231556947173657,0.4757238676860803,0.4757238676860803,facebook_opt-125m_ISEAR_1_101720,/Volumes/Amirali/hidden_states/experiments/baseline_v5_001/models/facebook/opt-125m/datasets/ISEAR/analysis/probes/matrix_runs/unified_v4_20260901_101720,,,,
0,3129711444,layer_0,0,0.0,mlp_1_hidden,mlp,1_hidden,single_label,768,13,7,1600,200,200,297991,[384],35.0,0.5660063449650222,-0.0337075591087341,0.3827527165412903,0.0394088669950738,0.991875,0.99196337579202,0.992073998941404,0.9919538604167112,0.9924506387921024,0.99196337579202,0.9905580363635909,0.9905092213409284,0.0399103608199037,0.9608755673900684,0.9999478930793076,0.9994179833390514,0.58,0.5734835169127239,0.5660063449650222,0.5702850120331343,0.5709765505259895,0.5734835169127239,0.5103383256609071,0.5085851347003247,1.5427005738749733,0.2138029304732508,0.8565959958514169,0.6146110243520558,0.565,0.5652780941198627,0.5685208879790161,0.5673041125541126,0.5781505105790442,0.5652780941198627,0.4925118749657846,0.4917630564318261,1.6684841216266568,0.1885326416889879,0.8489369998385722,0.591510267749096,0.5685208879790161,0.5652780941198627,0.7462559374828923,0.1885326416889879,,,0.0,0.9372391601675752,0.4831462204456329,0.02,0.4755948179431052,0.4555948179431052,0.4235531109623878,0.4235531109623878,facebook_opt-125m_ISEAR_1_101720,/Volumes/Amirali/hidden_states/experiments/baseline_v5_001/models/facebook/opt-125m/datasets/ISEAR/analysis/probes/matrix_runs/unified_v4_20260901_101720,,,,
0,3280942911,layer_0,0,0.0,mlp_2_hidden,mlp,2_hidden,single_label,768,13,7,1600,200,200,370567,"[384, 192]",24.0,0.5962755592857633,-0.0337075591087341,0.3827527165412903,0.0394088669950738,0.99125,0.9911592443011932,0.9917078069127994,0.9913169355995138,0.9924615368535472,0.9911592443011932,0.9898202350854914,0.9897772956474554,0.0396761441501354,0.9611006468231732,0.9999163634140802,0.999261928241659,0.6,0.6002080107037997,0.5962755592857633,0.5961467437985295,0.5961615377376246,0.6002080107037997,0.5332966002749904,0.5327512192272872,1.8165816530286327,0.1625805588916716,0.8562211372025376,0.60170439418161,0.54,0.5388676820851459,0.5419577282023168,0.5415042136460038,0.5517959699966442,0.5388676820851459,0.4630618011103884,0.4623027469316189,1.9404125133231305,0.1436446822090044,0.8451692547334122,0.58955450862031,0.5419577282023168,0.5388676820851459,0.7315309005551942,0.1436446822090044,,,0.0,0.94495962134669,0.4831462204456329,0.02,0.4590669608244813,0.4390669608244812,0.4497500787104825,0.4497500787104825,facebook_opt-125m_ISEAR_1_101720,/Volumes/Amirali/hidden_states/experiments/baseline_v5_001/models/facebook/opt-125m/datasets/ISEAR/analysis/probes/matrix_runs/unified_v4_20260901_101720,,,,
0,3349341881,layer_0,0,0.0,mlp_3_hidden,mlp,3_hidden,single_label,768,13,7,1600,200,200,388423,"[384, 192, 96]",30.0,0.559472144169769,-0.0337075591087341,0.3827527165412903,0.0394088669950738,0.991875,0.9917086948506436,0.9923373646789878,0.9919415574530956,0.9931972789115646,0.9917086948506436,0.9905560906142382,0.9905072332144608,0.020210866120748,0.9799920044054532,0.99994885636465,0.9994233378046756,0.565,0.5619488332820607,0.559472144169769,0.5622222062117119,0.5635079206507778,0.5619488332820607,0.492772592487767,0.4917927449033238,2.3178936940036907,0.0984807979967425,0.8465328066098918,0.5894816238776658,0.54,0.5394388861046259,0.5420887374161986,0.5418814800156859,0.5488746930562534,0.5394388861046259,0.4628744377982896,0.4625226383127885,2.395237035595975,0.0911510703134187,0.8439202481498861,0.5887718861773328,0.5420887374161986,0.5394388861046259,0.7314372188991448,0.0911510703134187,,,0.0,0.9488328033173414,0.4831462204456329,0.02,0.4543092984899729,0.4343092984899729,0.4502486272627892,0.4502486272627892,facebook_opt-125m_ISEAR_1_101720,/Volumes/Amirali/hidden_states/experiments/baseline_v5_001/models/facebook/opt-125m/datasets/ISEAR/analysis/probes/matrix_runs/unified_v4_20260901_101720,,,,
0,329177198,layer_1,1,0.0833333333333333,linear_logistic,logistic,linear,single_label,768,13,7,1600,200,200,5383,[],,,-0.135666936635971,0.99629545211792,0.0394088669950738,0.9925,0.9926300442436088,0.9926436387672944,0.9925707729824776,0.992886781268524,0.9926300442436088,0.9912807119586352,0.9912395530529472,0.0534807911623689,0.9479241493499936,0.9999309252632952,0.9993255862198608,0.49,0.4879004322830796,0.495652207194536,0.4987570970658471,0.5177183418170135,0.4879004322830796,0.4064610544279587,0.4049181762492342,2.8446120595175763,0.0581568237504117,0.8199250878778571,0.5434986954333482,0.49,0.4900442907214319,0.4926738247132984,0.4922560188349661,0.499989541793729,0.4900442907214319,0.4047134798181754,0.4042404065183108,2.6240967462097298,0.0725052180788766,0.819215983249187,0.5456902092873852,0.4926738247132984,0.4900442907214319,0.7023567399090878,0.0725052180788766,,,0.0,0.9665269822092304,0.4321665316820144,0.0152743030116885,0.4275401573858139,0.4122658543741254,0.4999698140539959,0.4999698140539959,facebook_opt-125m_ISEAR_1_101720,/Volumes/Amirali/hidden_states/experiments/baseline_v5_001/models/facebook/opt-125m/datasets/ISEAR/analysis/probes/matrix_runs/unified_v4_20260901_101720,,,,
0,3129712441,layer_1,1,0.0833333333333333,mlp_1_hidden,mlp,1_hidden,single_label,768,13,7,1600,200,200,297991,[384],18.0,0.5894984168102282,-0.135666936635971,0.99629545211792,0.0394088669950738,0.860625,0.8595941358144541,0.8590153843157357,0.8604124017463326,0.8591140442256179,0.8595941358144541,0.8373267045515699,0.8372197423984175,0.5446041283848291,0.5800713716839166,0.984384598672687,0.9342721375902852,0.595,0.5888869371707445,0.5894984168102282,0.593500720039085,0.5933669427696521,0.5888869371707445,0.5268360049568293,0.5263573370756951,1.1639723856261126,0.31224336299393,0.8755672291912394,0.6425981921840094,0.585,0.5844258317589797,0.5820719217973481,0.5819213355633165,0.5841168151494239,0.5844258317589797,0.5157079575426841,0.5150594490374223,1.188205446772059,0.304767695471619,0.8779156174269467,0.6369845453548816,0.5820719217973481,0.5844258317589797,0.7578539787713421,0.304767695471619,,,0.0,0.9411709585785554,0.4321665316820144,0.02,0.4930621440180034,0.4730621440180034,0.2769434625183875,0.2769434625183875,facebook_opt-125m_ISEAR_1_101720,/Volumes/Amirali/hidden_states/experiments/baseline_v5_001/models/facebook/opt-125m/datasets/ISEAR/analysis/probes/matrix_runs/unified_v4_20260901_101720,,,,
0,3280943908,layer_1,1,0.0833333333333333,mlp_2_hidden,mlp,2_hidden,single_label,768,13,7,1600,200,200,370567,"[384, 192]",17.0,0.5796907779289905,-0.135666936635971,0.99629545211792,0.0394088669950738,0.823125,0.8206917999818685,0.8195638729169314,0.8216837264027451,0.8213967389482405,0.8206917999818685,0.7938284040310123,0.7933623118960422,0.5483315516855991,0.5779132247992018,0.9775573499303166,0.9039608476598054,0.59,0.5832055441542173,0.5796907779289905,0.5839775602457865,0.5827278843668963,0.5832055441542173,0.5215423175261596,0.5204257683422523,1.198737533805932,0.3015746995484434,0.8731460118752362,0.6316673623795227,0.535,0.5346097034737191,0.5359043680834484,0.534770105106352,0.5412844354020825,0.5346097034737191,0.4568870879566002,0.4563787812362998,1.299529875231909,0.2726599471018504,0.8577142360184639,0.6093996546768744,0.5359043680834484,0.5346097034737191,0.7284435439783001,0.2726599471018504,,,0.0,0.9662836405539929,0.4321665316820144,0.02,0.46893676448835,0.4489367644883499,0.283659504833483,0.283659504833483,facebook_opt-125m_ISEAR_1_101720,/Volumes/Amirali/hidden_states/experiments/baseline_v5_001/models/facebook/opt-125m/datasets/ISEAR/analysis/probes/matrix_runs/unified_v4_20260901_101720,,,,
0,3349342878,layer_1,1,0.0833333333333333,mlp_3_hidden,mlp,3_hidden,single_label,768,13,7,1600,200,200,388423,"[384, 192, 96]",19.0,0.5818672984417306,-0.135666936635971,0.99629545211792,0.0394088669950738,0.8975,0.8965786540632301,0.8951739389822866,0.8974103623829116,0.897538400094449,0.8965786540632301,0.8808961204273957,0.8803264206334764,0.3338660690817233,0.7161496903901885,0.9913339115900052,0.9609148281914576,0.585,0.5836751324197692,0.5818672984417306,0.5847640497407078,0.5831551885987369,0.5836751324197692,0.5161949878341323,0.5156678531831709,1.3294900821611484,0.264612157363363,0.8768870559262208,0.621141971275628,0.53,0.5287110525736777,0.5281077988969711,0.5283110374478033,0.5372440171379987,0.5287110525736777,0.4521028924859271,0.4508062631455948,1.421987181127006,0.2412341642994457,0.8598426680514704,0.6201386389964767,0.5281077988969711,0.5287110525736777,0.7260514462429636,0.2412341642994457,,,0.0,0.9694637649750224,0.4321665316820144,0.02,0.4629194440582865,0.4429194440582865,0.3670661400853154,0.3670661400853154,facebook_opt-125m_ISEAR_1_101720,/Volumes/Amirali/hidden_states/experiments/baseline_v5_001/models/facebook/opt-125m/datasets/ISEAR/analysis/probes/matrix_runs/unified_v4_20260901_101720,,,,
0,329178195,layer_2,2,0.1666666666666666,linear_logistic,logistic,linear,single_label,768,13,7,1600,200,200,5383,[],,,-0.136471226811409,0.9973060488700868,0.0394088669950738,0.9925,0.9926300442436088,0.9926436387672944,0.9925707729824776,0.992886781268524,0.9926300442436088,0.9912807119586352,0.9912395530529472,0.0520975930322791,0.9492362234808912,0.999934357183304,0.9993439652585552,0.5,0.4961648370992085,0.5018498314552742,0.5066838299281706,0.514210766401576,0.4961648370992085,0.4172125790234425,0.4164332399626518,2.8515933239718265,0.0577522295169211,0.8214248645754461,0.5532126463464302,0.51,0.5079880196329029,0.5074459898392247,0.5077438738424,0.5124317836086951,0.5079880196329029,0.4279037642705625,0.4271016017771541,2.715471728436865,0.0661737296131388,0.819187164527105,0.5413598128655223,0.5074459898392247,0.5079880196329029,0.7139518821352813,0.0661737296131388,,,0.0,0.9661478861124264,0.4317643865942955,0.0152743030116885,0.4349728636273051,0.4196985606156165,0.4851976489280696,0.4851976489280696,facebook_opt-125m_ISEAR_1_101720,/Volumes/Amirali/hidden_states/experiments/baseline_v5_001/models/facebook/opt-125m/datasets/ISEAR/analysis/probes/matrix_runs/unified_v4_20260901_101720,,,,
0,3129713438,layer_2,2,0.1666666666666666,mlp_1_hidden,mlp,1_hidden,single_label,768,13,7,1600,200,200,297991,[384],21.0,0.6059321386396117,-0.136471226811409,0.9973060488700868,0.0394088669950738,0.954375,0.954643490713862,0.954347414580182,0.9544040641521542,0.9547198388294176,0.954643490713862,0.9468264998929274,0.9467124598860706,0.2902750610012757,0.7480577777561237,0.9972322859207858,0.988175614956302,0.61,0.6058024642165751,0.6059321386396117,0.6082986718373693,0.6167775232430405,0.6058024642165751,0.5455271264535945,0.5440729483282674,1.207852064219595,0.2988384764144467,0.8747852642261745,0.6468630703699544,0.595,0.5938901502958789,0.5885650487405671,0.5885318267430896,0.5916855631141346,0.5938901502958789,0.5282288538943711,0.5267447635184481,1.2398701468204465,0.2894217978397447,0.8739121640942706,0.6442493058487587,0.5885650487405671,0.5938901502958789,0.7641144269471856,0.2894217978397447,,,0.0,0.9267178263810052,0.4317643865942955,0.02,0.4940441305233912,0.4740441305233912,0.365782365839615,0.365782365839615,facebook_opt-125m_ISEAR_1_101720,/Volumes/Amirali/hidden_states/experiments/baseline_v5_001/models/facebook/opt-125m/datasets/ISEAR/analysis/probes/matrix_runs/unified_v4_20260901_101720,,,,
0,3280944905,layer_2,2,0.1666666666666666,mlp_2_hidden,mlp,2_hidden,single_label,768,13,7,1600,200,200,370567,"[384, 192]",18.0,0.6122699625003772,-0.136471226811409,0.9973060488700868,0.0394088669950738,0.888125,0.8868306031466133,0.8867659427054277,0.8878427828847092,0.8880886925892802,0.8868306031466133,0.8695398557347865,0.8693056818715937,0.3883158268766686,0.6781981162437436,0.9893402243093332,0.95410006947817,0.615,0.6098895616216449,0.6122699625003772,0.6145024079862789,0.6222423575364752,0.6098895616216449,0.5505228008642351,0.5496022461394477,1.2461240605747463,0.2876174269483659,0.873847713472078,0.6349209279416873,0.595,0.5938919640282265,0.5963220762546714,0.5958022307815759,0.6017727743271221,0.5938919640282265,0.5268538560223613,0.5264680950571454,1.2657522679304445,0.282027056409906,0.8779100677460023,0.6355341485067065,0.5963220762546714,0.5938919640282265,0.7634269280111807,0.282027056409906,,,0.0,0.9261681281313736,0.4317643865942955,0.02,0.4950860906534217,0.4750860906534216,0.2904438664507563,0.2904438664507563,facebook_opt-125m_ISEAR_1_101720,/Volumes/Amirali/hidden_states/experiments/baseline_v5_001/models/facebook/opt-125m/datasets/ISEAR/analysis/probes/matrix_runs/unified_v4_20260901_101720,,,,
0,3349343875,layer_2,2,0.1666666666666666,mlp_3_hidden,mlp,3_hidden,single_label,768,13,7,1600,200,200,388423,"[384, 192, 96]",20.0,0.6135270164325854,-0.136471226811409,0.9973060488700868,0.0394088669950738,0.90625,0.9040684886731608,0.9023943275419412,0.9065357483267686,0.9106382112748672,0.9040684886731608,0.8920693128253928,0.8905692088199394,0.290537777653186,0.7478612763345441,0.9938728734851072,0.9685631808940306,0.62,0.6200919572920208,0.6135270164325854,0.6149836500599212,0.6145134012129085,0.6200919572920208,0.5576939368867707,0.5564892623716153,1.31623314833478,0.2681434586191082,0.8792212016059147,0.6444816794509883,0.555,0.5525955449300832,0.5445459699985055,0.5476073286105495,0.5460139164650443,0.5525955449300832,0.4819667009282715,0.4804739945128714,1.5784672939355806,0.2062910395477771,0.8562601738746228,0.5918493146714603,0.5445459699985055,0.5525955449300832,0.7409833504641358,0.2062910395477771,,,0.0,0.9670148808908904,0.4317643865942955,0.02,0.4690921381823407,0.4490921381823407,0.3578483575434357,0.3578483575434357,facebook_opt-125m_ISEAR_1_101720,/Volumes/Amirali/hidden_states/experiments/baseline_v5_001/models/facebook/opt-125m/datasets/ISEAR/analysis/probes/matrix_runs/unified_v4_20260901_101720,,,,
0,329179192,layer_3,3,0.25,linear_logistic,logistic,linear,single_label,768,13,7,1600,200,200,5383,[],,,-0.1379239559173584,0.9988056421279908,0.0394088669950738,0.9925,0.9926300442436088,0.9926436387672944,0.9925707729824776,0.992886781268524,0.9926300442436088,0.9912807119586352,0.9912395530529472,0.052377501401604,0.9489705614997128,0.99993540345122,0.999349630650724,0.515,0.5112793522137238,0.5178251547236625,0.5223834601182236,0.5332037787920141,0.5112793522137238,0.4350722563373653,0.4338906883772505,2.652739226418652,0.0704579482100412,0.8360203231126053,0.5857954558982044,0.48,0.478315900564232,0.4812778917690635,0.4820528870629899,0.4960134746025465,0.478315900564232,0.3932974420171375,0.3924346429093034,2.7888402246104795,0.0614924900514583,0.8131823199729256,0.5339891254927702,0.4812778917690635,0.478315900564232,0.6966487210085688,0.0614924900514583,,,0.0,0.9716368133213504,0.4310380220413208,0.0152743030116885,0.4214289976175329,0.4061546946058444,0.5113657469982308,0.5113657469982308,facebook_opt-125m_ISEAR_1_101720,/Volumes/Amirali/hidden_states/experiments/baseline_v5_001/models/facebook/opt-125m/datasets/ISEAR/analysis/probes/matrix_runs/unified_v4_20260901_101720,,,,
0,3129714435,layer_3,3,0.25,mlp_1_hidden,mlp,1_hidden,single_label,768,13,7,1600,200,200,297991,[384],18.0,0.6123987241031522,-0.1379239559173584,0.9988056421279908,0.0394088669950738,0.853125,0.8526007132924546,0.8519911836000035,0.8528058102292079,0.8538802758461921,0.8526007132924546,0.8288193042636623,0.828455492640695,0.5217775459551534,0.5934646990628827,0.985388309969244,0.9401618396474684,0.615,0.6116408472200623,0.6123987241031522,0.6135466243775415,0.628755092499833,0.6116408472200623,0.5522034829278255,0.5497734249378745,1.128115598094129,0.3236425548075339,0.8822174849885346,0.6704075113454008,0.575,0.5752177503109094,0.5764205554357889,0.5755274807045607,0.5799147889277622,0.5752177503109094,0.5036833823460244,0.5033741345563962,1.1743878007240534,0.3090080963264114,0.878620164326661,0.6418708192475782,0.5764205554357889,0.5752177503109094,0.7518416911730121,0.3090080963264114,,,0.0,0.94856089102313,0.4310380220413208,0.02,0.4904728549185557,0.4704728549185556,0.2755706281642146,0.2755706281642146,facebook_opt-125m_ISEAR_1_101720,/Volumes/Amirali/hidden_states/experiments/baseline_v5_001/models/facebook/opt-125m/datasets/ISEAR/analysis/probes/matrix_runs/unified_v4_20260901_101720,,,,
0,3280945902,layer_3,3,0.25,mlp_2_hidden,mlp,2_hidden,single_label,768,13,7,1600,200,200,370567,"[384, 192]",18.0,0.6203506577456157,-0.1379239559173584,0.9988056421279908,0.0394088669950738,0.886875,0.8872700613822676,0.8855880894131865,0.8868816363635736,0.8866356868067111,0.8872700613822676,0.8683690875975543,0.8679426134047368,0.3910955948711156,0.6763155006558582,0.9899393972257512,0.9558346157787688,0.62,0.6191464646494044,0.6203506577456157,0.6215074435368553,0.625194966875639,0.6191464646494044,0.5568871009234072,0.5562691577871843,1.1561127838393324,0.3147071409615157,0.8894528991056799,0.6852513604639788,0.58,0.5815410760293964,0.5795456819200817,0.5791281012690374,0.5868206514771204,0.5815410760293964,0.5116225733449706,0.5098897251881673,1.2414471508983116,0.2889657381828138,0.879050214427191,0.6486545956886495,0.5795456819200817,0.5815410760293964,0.7558112866724853,0.2889657381828138,,,0.0,0.9327710006299764,0.4310380220413208,0.02,0.4892148498686477,0.4692148498686477,0.3060424074931047,0.3060424074931047,facebook_opt-125m_ISEAR_1_101720,/Volumes/Amirali/hidden_states/experiments/baseline_v5_001/models/facebook/opt-125m/datasets/ISEAR/analysis/probes/matrix_runs/unified_v4_20260901_101720,,,,
0,3349344872,layer_3,3,0.25,mlp_3_hidden,mlp,3_hidden,single_label,768,13,7,1600,200,200,388423,"[384, 192, 96]",25.0,0.6011412490404088,-0.1379239559173584,0.9988056421279908,0.0394088669950738,0.991875,0.99196337579202,0.992073998941404,0.9919538604167112,0.9924506387921024,0.99196337579202,0.9905580363635909,0.9905092213409284,0.0305061313691197,0.969954484900002,0.9999324466565116,0.9993364810927886,0.595,0.5960555120733096,0.6011412490404088,0.5989668860551213,0.6257180710121887,0.5960555120733096,0.5293051821945264,0.5267309377738826,1.8479276233398356,0.1575633588273396,0.8846923065844504,0.670423720676082,0.58,0.576815086563418,0.580944789836993,0.5840940169842382,0.5975972440258156,0.576815086563418,0.511627705383431,0.5095176923975242,2.1750303193304448,0.1136047091998286,0.8562317388606948,0.6032815652400492,0.580944789836993,0.576815086563418,0.7558138526917155,0.1136047091998286,,,0.0,0.9314782898158908,0.4310380220413208,0.02,0.4711907393511563,0.4511907393511563,0.4111292091044108,0.4111292091044108,facebook_opt-125m_ISEAR_1_101720,/Volumes/Amirali/hidden_states/experiments/baseline_v5_001/models/facebook/opt-125m/datasets/ISEAR/analysis/probes/matrix_runs/unified_v4_20260901_101720,,,,
0,329180189,layer_4,4,0.3333333333333333,linear_logistic,logistic,linear,single_label,768,13,7,1600,200,200,5383,[],,,-0.1378415822982788,0.9987128973007202,0.0394088669950738,0.9925,0.9926300442436088,0.9926436387672944,0.9925707729824776,0.992886781268524,0.9926300442436088,0.9912807119586352,0.9912395530529472,0.0506635197651509,0.9505984743234698,0.9999348954225896,0.9993470327757858,0.53,0.5290317280226703,0.5366040227220225,0.5377152467701436,0.5529123132506591,0.5290317280226703,0.4521238265566618,0.4512390904579819,2.543963368029929,0.0785544418335662,0.8473125166655981,0.6086241191814293,0.5,0.5010428032911347,0.5032837497856235,0.5023748781520294,0.5204126087112902,0.5010428032911347,0.4175683917412272,0.4162629151830016,2.818119836161758,0.059718117067006,0.8169433001848166,0.5295538393353222,0.5032837497856235,0.5010428032911347,0.7087841958706136,0.059718117067006,,,0.0,0.9536853775383176,0.4310792088508606,0.0152743030116885,0.4301892972237435,0.4149149942120549,0.4893598889816708,0.4893598889816708,facebook_opt-125m_ISEAR_1_101720,/Volumes/Amirali/hidden_states/experiments/baseline_v5_001/models/facebook/opt-125m/datasets/ISEAR/analysis/probes/matrix_runs/unified_v4_20260901_101720,,,,
0,3129715432,layer_4,4,0.3333333333333333,mlp_1_hidden,mlp,1_hidden,single_label,768,13,7,1600,200,200,297991,[384],23.0,0.6573475314978587,-0.1378415822982788,0.9987128973007202,0.0394088669950738,0.980625,0.9805568917436538,0.9806373242504332,0.9807073340605212,0.981116921642764,0.9805568917436538,0.9774430583103804,0.9773685769078266,0.1752820171602773,0.8392203128634498,0.9994066463221882,0.9969267210038172,0.655,0.6511155387684864,0.6573475314978587,0.6584395812661669,0.6821537036565289,0.6511155387684864,0.5989391911111482,0.5965855940130964,1.0938980345848288,0.3349084612204695,0.8996722108453526,0.71183361427991,0.57,0.5667026374214917,0.5695337477527953,0.570296992825834,0.5803495538000146,0.5667026374214917,0.4978932816763017,0.4970171949935665,1.3711725506687824,0.2538091808818417,0.8666221486190354,0.6214724551776717,0.5695337477527953,0.5667026374214917,0.7489466408381509,0.2538091808818417,,,0.0,0.958605557721154,0.4310792088508606,0.02,0.4825262629799878,0.4625262629799878,0.4111035764976379,0.4111035764976379,facebook_opt-125m_ISEAR_1_101720,/Volumes/Amirali/hidden_states/experiments/baseline_v5_001/models/facebook/opt-125m/datasets/ISEAR/analysis/probes/matrix_runs/unified_v4_20260901_101720,,,,
0,3280946899,layer_4,4,0.3333333333333333,mlp_2_hidden,mlp,2_hidden,single_label,768,13,7,1600,200,200,370567,"[384, 192]",22.0,0.6290405908438197,-0.1378415822982788,0.9987128973007202,0.0394088669950738,0.99125,0.9911592443011932,0.9917510965349504,0.9913168826108448,0.9925373482726424,0.9911592443011932,0.9898183005232748,0.9897771650161808,0.0631479471771621,0.9388045699281492,0.9998285629988312,0.9989237455790584,0.63,0.6263973136291584,0.6290405908438197,0.6292788954116246,0.6428651347474164,0.6263973136291584,0.5686101258603106,0.5671755278703866,1.416920572598061,0.2424595049131002,0.8943016823792593,0.6979033602008174,0.535,0.5319749417455202,0.5365603411973735,0.5388935260454288,0.5511065787942055,0.5319749417455202,0.4575991961715461,0.4566487497078756,1.8284773141666544,0.1606580133019404,0.857253638272249,0.5863079648465687,0.5365603411973735,0.5319749417455202,0.7287995980857731,0.1606580133019404,,,0.0,0.9560521796901216,0.4310792088508606,0.02,0.4564812460157866,0.4364812460157866,0.4551907553375768,0.4551907553375768,facebook_opt-125m_ISEAR_1_101720,/Volumes/Amirali/hidden_states/experiments/baseline_v5_001/models/facebook/opt-125m/datasets/ISEAR/analysis/probes/matrix_runs/unified_v4_20260901_101720,,,,
0,3349345869,layer_4,4,0.3333333333333333,mlp_3_hidden,mlp,3_hidden,single_label,768,13,7,1600,200,200,388423,"[384, 192, 96]",27.0,0.6600674588564361,-0.1378415822982788,0.9987128973007202,0.0394088669950738,0.99125,0.9913930931406608,0.9914173068418742,0.9913313191738748,0.9916701827227477,0.9913930931406608,0.989820576841279,0.9897794785617718,0.0328546879394712,0.967679164826338,0.9994873754592004,0.998211166772743,0.66,0.657731729517841,0.6600674588564361,0.6612332331595239,0.6753777867933948,0.657731729517841,0.6048534733824747,0.6027109137648983,1.8845724867924596,0.1518939822343146,0.8882741748869732,0.6870176339998648,0.54,0.5361408212353708,0.5386513371604823,0.5403328700128358,0.5521235613716817,0.5361408212353708,0.4632340228062909,0.4619568395812621,2.582504585654151,0.0755844590043631,0.8455791175531545,0.5755382000625264,0.5386513371604823,0.5361408212353708,0.7316170114031455,0.0755844590043631,,,0.0,0.9683394397094046,0.4310792088508606,0.02,0.4507728594998178,0.4307728594998178,0.4527659696813919,0.4527659696813919,facebook_opt-125m_ISEAR_1_101720,/Volumes/Amirali/hidden_states/experiments/baseline_v5_001/models/facebook/opt-125m/datasets/ISEAR/analysis/probes/matrix_runs/unified_v4_20260901_101720,,,,
0,329181186,layer_5,5,0.4166666666666667,linear_logistic,logistic,linear,single_label,768,13,7,1600,200,200,5383,[],,,-0.1376054584980011,0.9984628558158876,0.0394088669950738,0.9925,0.9926300442436088,0.9926436387672944,0.9925707729824776,0.992886781268524,0.9926300442436088,0.9912807119586352,0.9912395530529472,0.0477292441077918,0.9533918886060968,0.9999388013358778,0.9993675133402808,0.53,0.5295903092264129,0.5380519057464686,0.5382564656425665,0.5609852789323205,0.5295903092264129,0.4529391504008723,0.4511910322279309,2.4170616431193457,0.0891832851541541,0.8498082026829055,0.6048773733962766,0.535,0.5328564988548303,0.537942897309082,0.5407184117521393,0.5532081483679228,0.5328564988548303,0.458310690241996,0.4572670771205976,2.590049901473213,0.0750162965682104,0.8350649150676458,0.5480519365823172,0.537942897309082,0.5328564988548303,0.729155345120998,0.0750162965682104,,,0.0,0.9479949455653068,0.4311972707509994,0.0152743030116885,0.4476484886745464,0.4323741856628579,0.4547007414582124,0.4547007414582124,facebook_opt-125m_ISEAR_1_101720,/Volumes/Amirali/hidden_states/experiments/baseline_v5_001/models/facebook/opt-125m/datasets/ISEAR/analysis/probes/matrix_runs/unified_v4_20260901_101720,,,,
0,3129716429,layer_5,5,0.4166666666666667,mlp_1_hidden,mlp,1_hidden,single_label,768,13,7,1600,200,200,297991,[384],17.0,0.6288415250027951,-0.1376054584980011,0.9984628558158876,0.0394088669950738,0.845,0.842576910525992,0.8425151428211359,0.8443563491182008,0.8435210910993415,0.842576910525992,0.8190548991663655,0.8189011847641494,0.5856292861115594,0.5567553931147746,0.9788005913626104,0.9179027068649362,0.63,0.6248041571814017,0.6288415250027951,0.6319220647842347,0.6426606511920604,0.6248041571814017,0.5688866397773058,0.5673526660430309,1.1158697537912403,0.3276301973359167,0.8832780166975397,0.674709431355676,0.565,0.5623948493623132,0.564632993748436,0.5659018707817809,0.5719724402030993,0.5623948493623132,0.4922454228041621,0.4915105643063795,1.2036922074824274,0.3000841908643455,0.8728215055539189,0.6293821736447761,0.564632993748436,0.5623948493623132,0.7461227114020811,0.3000841908643455,,,0.0,0.978304441755501,0.4311972707509994,0.02,0.4868346093513027,0.4668346093513027,0.2778821490726999,0.2778821490726999,facebook_opt-125m_ISEAR_1_101720,/Volumes/Amirali/hidden_states/experiments/baseline_v5_001/models/facebook/opt-125m/datasets/ISEAR/analysis/probes/matrix_runs/unified_v4_20260901_101720,,,,
0,3280947896,layer_5,5,0.4166666666666667,mlp_2_hidden,mlp,2_hidden,single_label,768,13,7,1600,200,200,370567,"[384, 192]",24.0,0.6254273490785355,-0.1376054584980011,0.9984628558158876,0.0394088669950738,0.991875,0.99196337579202,0.992073998941404,0.9919538604167112,0.9924506387921024,0.99196337579202,0.9905580363635909,0.9905092213409284,0.0387060289890007,0.962033477535482,0.9999104251795224,0.9992232612707768,0.625,0.6230854457852709,0.6254273490785355,0.6261889687279418,0.6305736334938015,0.6230854457852709,0.5621038342036372,0.5617751029828508,1.58353057220897,0.2052491704716154,0.8869992726021837,0.6717312656425031,0.55,0.5510816658313877,0.553631417116853,0.5532633912720492,0.5602664228071427,0.5510816658313877,0.4751095927616716,0.4746519569214604,2.0616322698643312,0.1272461003164486,0.8628622488314969,0.6025447180043412,0.553631417116853,0.5510816658313877,0.7375547963808358,0.1272461003164486,,,0.0,0.9920322983951584,0.4311972707509994,0.02,0.4651910270197574,0.4451910270197574,0.4384425818245508,0.4384425818245508,facebook_opt-125m_ISEAR_1_101720,/Volumes/Amirali/hidden_states/experiments/baseline_v5_001/models/facebook/opt-125m/datasets/ISEAR/analysis/probes/matrix_runs/unified_v4_20260901_101720,,,,
0,3349346866,layer_5,5,0.4166666666666667,mlp_3_hidden,mlp,3_hidden,single_label,768,13,7,1600,200,200,388423,"[384, 192, 96]",27.0,0.6181666146083281,-0.1376054584980011,0.9984628558158876,0.0394088669950738,0.99125,0.9910955740658492,0.9917136061412988,0.991311159422331,0.992562358276644,0.9910955740658492,0.9898258598719876,0.989777039047147,0.0229254608427919,0.9773353308101332,0.9999465812723154,0.9994110905272456,0.615,0.6105384689525799,0.6181666146083281,0.6208298521165679,0.6386039803726122,0.6105384689525799,0.5513437423320646,0.5500365230094959,1.936986564285818,0.1441376455211615,0.8831655871088894,0.6661653517585133,0.55,0.5518390549939494,0.5563219669194733,0.5549290378442094,0.568291761148904,0.5518390549939494,0.4753679993460972,0.4745906185235996,2.4827974524631697,0.0835092852705168,0.8587548058318581,0.5898321291511455,0.5563219669194733,0.5518390549939494,0.7376839996730487,0.0835092852705168,,,0.0,0.9831508316428876,0.4311972707509994,0.02,0.4607348251588084,0.4407348251588084,0.4353916392218253,0.4353916392218253,facebook_opt-125m_ISEAR_1_101720,/Volumes/Amirali/hidden_states/experiments/baseline_v5_001/models/facebook/opt-125m/datasets/ISEAR/analysis/probes/matrix_runs/unified_v4_20260901_101720,,,,
0,329182183,layer_6,6,0.5,linear_logistic,logistic,linear,single_label,768,13,7,1600,200,200,5383,[],,,-0.1369900107383728,0.9978233575820924,0.0394088669950738,0.9925,0.9926300442436088,0.9926436387672944,0.9925707729824776,0.992886781268524,0.9926300442436088,0.9912807119586352,0.9912395530529472,0.0442923840401603,0.9566742003089712,0.999944284106976,0.999397121208988,0.56,0.5575712417838589,0.5633756009290899,0.56525001657252,0.5771251951217995,0.5575712417838589,0.4870194879279475,0.4859512822010631,2.233600443737669,0.1071419761932029,0.8579624104202045,0.5958698705652304,0.53,0.528929953939687,0.5349141492755294,0.5366375773473231,0.5462306474313864,0.528929953939687,0.4518655420484419,0.4513511936029883,2.602190081754371,0.0741110910009424,0.8361788771299242,0.5688248448452977,0.5349141492755294,0.528929953939687,0.7259327710242209,0.0741110910009424,,,0.0,0.97729107001394,0.4315049946308136,0.0152743030116885,0.4486734118964975,0.433399108884809,0.4577294894917649,0.4577294894917649,facebook_opt-125m_ISEAR_1_101720,/Volumes/Amirali/hidden_states/experiments/baseline_v5_001/models/facebook/opt-125m/datasets/ISEAR/analysis/probes/matrix_runs/unified_v4_20260901_101720,,,,
0,3129717426,layer_6,6,0.5,mlp_1_hidden,mlp,1_hidden,single_label,768,13,7,1600,200,200,297991,[384],22.0,0.6303027965585531,-0.1369900107383728,0.9978233575820924,0.0394088669950738,0.97875,0.9784890460878016,0.9787327104722878,0.978839090446648,0.9792293350698272,0.9784890460878016,0.9752205920599022,0.9751760832513856,0.1864128923533143,0.8299308521262272,0.9991161255985636,0.9958070364311132,0.63,0.6251701932617235,0.6303027965585531,0.6334474722202234,0.6419000087603575,0.6251701932617235,0.568232085281144,0.5675170217118144,1.1318653402659422,0.3224312511287234,0.8931884455358983,0.6976706029645828,0.605,0.6049376919274028,0.6060478241377766,0.6064117589207829,0.6112824675324676,0.6049376919274028,0.5393677279441403,0.5387534666472048,1.2345914632250228,0.2909536033375209,0.8833724404565937,0.6633995342108899,0.6060478241377766,0.6049376919274028,0.7696838639720702,0.2909536033375209,,,0.0,0.9656833190467968,0.4315049946308136,0.02,0.5049441313893375,0.4849441313893374,0.3726848863345112,0.3726848863345112,facebook_opt-125m_ISEAR_1_101720,/Volumes/Amirali/hidden_states/experiments/baseline_v5_001/models/facebook/opt-125m/datasets/ISEAR/analysis/probes/matrix_runs/unified_v4_20260901_101720,,,,
0,3280948893,layer_6,6,0.5,mlp_2_hidden,mlp,2_hidden,single_label,768,13,7,1600,200,200,370567,"[384, 192]",35.0,0.6418576528751221,-0.1369900107383728,0.9978233575820924,0.0394088669950738,0.991875,0.9917086948506436,0.9923373646789878,0.9919415574530956,0.9931972789115646,0.9917086948506436,0.9905560906142382,0.9905072332144608,0.0198245102682715,0.9803707032032732,0.99994885636465,0.9994233378046756,0.645,0.6391613107011168,0.6418576528751221,0.6453699233173009,0.6478543492495813,0.6391613107011168,0.585291866017612,0.5848802876604204,1.7626462918397476,0.1715901847759089,0.8928149193299372,0.6676887507813117,0.61,0.6080539444179599,0.6117445994602085,0.6131076559284485,0.6179945996389561,0.6080539444179599,0.5446576525584936,0.5443392919733614,2.197603297898824,0.1110690390158861,0.8744904881215094,0.6367433509305178,0.6117445994602085,0.6080539444179599,0.7723288262792468,0.1110690390158861,,,0.0,0.9733698615787584,0.4315049946308136,0.02,0.4900127052606383,0.4700127052606382,0.3805927652187792,0.3805927652187792,facebook_opt-125m_ISEAR_1_101720,/Volumes/Amirali/hidden_states/experiments/baseline_v5_001/models/facebook/opt-125m/datasets/ISEAR/analysis/probes/matrix_runs/unified_v4_20260901_101720,,,,
0,3349347863,layer_6,6,0.5,mlp_3_hidden,mlp,3_hidden,single_label,768,13,7,1600,200,200,388423,"[384, 192, 96]",20.0,0.6266487585817737,-0.1369900107383728,0.9978233575820924,0.0394088669950738,0.946875,0.9457164835538856,0.9461459455887145,0.9472645810986644,0.947622060932438,0.9457164835538856,0.9381201532603708,0.9379420488250056,0.2045317269410611,0.8150288831339626,0.9971316402161842,0.984747618879754,0.625,0.6222101903017206,0.6266487585817737,0.6293207908163265,0.6357154566531443,0.6222101903017206,0.5627197639555392,0.5619798510731493,1.2652381836499098,0.2821720793601074,0.8939000424032502,0.6824661792948225,0.575,0.5718889957321548,0.5747794380546957,0.5771779205341276,0.5859601915249756,0.5718889957321548,0.5048532751483376,0.5033160954801764,1.553936933214828,0.2114140104350566,0.8708291558059759,0.6355043718296626,0.5747794380546957,0.5718889957321548,0.7524266375741688,0.2114140104350566,,,0.0,0.990545383116146,0.4315049946308136,0.02,0.4841133935962833,0.4641133935962833,0.3713665075340188,0.3713665075340188,facebook_opt-125m_ISEAR_1_101720,/Volumes/Amirali/hidden_states/experiments/baseline_v5_001/models/facebook/opt-125m/datasets/ISEAR/analysis/probes/matrix_runs/unified_v4_20260901_101720,,,,
0,329183180,layer_7,7,0.5833333333333334,linear_logistic,logistic,linear,single_label,768,13,7,1600,200,200,5383,[],,,-0.1359713077545166,0.9968023300170898,0.0394088669950738,0.9925,0.9926300442436088,0.9926436387672944,0.9925707729824776,0.992886781268524,0.9926300442436088,0.9912807119586352,0.9912395530529472,0.0441178976458811,0.9568411415047432,0.9999408032397448,0.9993779669514922,0.52,0.5159344704474214,0.5172253929820515,0.5207846549636804,0.5229650437887765,0.5159344704474214,0.4398521073141205,0.4391704396085877,2.2304409614744425,0.1074810246934528,0.8560229291356892,0.5893838130182741,0.535,0.5345953424485127,0.5406902784707424,0.5409275767419607,0.5519744222475315,0.5345953424485127,0.4573652602813515,0.4568708754307072,2.653367614918068,0.0704136871537195,0.8335423756901612,0.5657335431490181,0.5406902784707424,0.5345953424485127,0.7286826301406757,0.0704136871537195,,,0.0,0.9873585140666542,0.4320143461227417,0.0152743030116885,0.4520422029342383,0.4367678999225498,0.451953360296552,0.451953360296552,facebook_opt-125m_ISEAR_1_101720,/Volumes/Amirali/hidden_states/experiments/baseline_v5_001/models/facebook/opt-125m/datasets/ISEAR/analysis/probes/matrix_runs/unified_v4_20260901_101720,,,,
0,3129718423,layer_7,7,0.5833333333333334,mlp_1_hidden,mlp,1_hidden,single_label,768,13,7,1600,200,200,297991,[384],20.0,0.6582633927588406,-0.1359713077545166,0.9968023300170898,0.0394088669950738,0.958125,0.957987986432534,0.9578185417782442,0.9582032315627318,0.957769035487208,0.957987986432534,0.9511108253608228,0.9510904279587552,0.2600812616516907,0.7709889314238988,0.9979413128224428,0.9903562331126198,0.66,0.6579627974828993,0.6582633927588406,0.6599599909586605,0.665403042937605,0.6579627974828993,0.6038391266291562,0.6028153383370812,1.0428485690441882,0.3524492745592783,0.9040325027090662,0.7124776829462542,0.595,0.5919851824009221,0.5954698375365283,0.5979662235305157,0.6016315484214676,0.5919851824009221,0.5271942489402961,0.5268553404012968,1.2159801715521,0.296419330062291,0.8831311739589559,0.6524836482203483,0.5954698375365283,0.5919851824009221,0.763597124470148,0.296419330062291,,,0.0,0.9795210382988484,0.4320143461227417,0.02,0.5013995595570436,0.4813995595570436,0.3623487042417159,0.3623487042417159,facebook_opt-125m_ISEAR_1_101720,/Volumes/Amirali/hidden_states/experiments/baseline_v5_001/models/facebook/opt-125m/datasets/ISEAR/analysis/probes/matrix_runs/unified_v4_20260901_101720,,,,
0,3280949890,layer_7,7,0.5833333333333334,mlp_2_hidden,mlp,2_hidden,single_label,768,13,7,1600,200,200,370567,"[384, 192]",18.0,0.6330242041417827,-0.1359713077545166,0.9968023300170898,0.0394088669950738,0.908125,0.9068870373527288,0.9068938509798812,0.9082603030665618,0.9079099127687976,0.9068870373527288,0.8928703042998937,0.8926881971617123,0.3321946103450742,0.7173477059848404,0.9926221533054392,0.9647203577747764,0.63,0.6277203706887482,0.6330242041417827,0.6350432524371381,0.6483343192349403,0.6277203706887482,0.5697407500913437,0.5678074991239341,1.1268418444960049,0.3240550583343797,0.8942707976722006,0.6950201655904601,0.57,0.5676851002991159,0.5672480449838925,0.5698646418596526,0.5717133649292571,0.5676851002991159,0.4987285015444477,0.4979128353329247,1.3011129829365076,0.2722286385328972,0.8794758577470326,0.6446799849574253,0.5672480449838925,0.5676851002991159,0.7493642507722238,0.2722286385328972,,,0.0,0.985712539711863,0.4320143461227417,0.02,0.4867642490372872,0.4667642490372872,0.3396458059959888,0.3396458059959888,facebook_opt-125m_ISEAR_1_101720,/Volumes/Amirali/hidden_states/experiments/baseline_v5_001/models/facebook/opt-125m/datasets/ISEAR/analysis/probes/matrix_runs/unified_v4_20260901_101720,,,,
0,3349348860,layer_7,7,0.5833333333333334,mlp_3_hidden,mlp,3_hidden,single_label,768,13,7,1600,200,200,388423,"[384, 192, 96]",29.0,0.6301476979000673,-0.1359713077545166,0.9968023300170898,0.0394088669950738,0.99125,0.9910848645324902,0.9917119452360632,0.9913096125301872,0.9925761608991424,0.9910848645324902,0.9898267274275652,0.9897770017223928,0.0215400145168385,0.9786903148655326,0.9999416020807652,0.9993822242132848,0.63,0.6283732349599186,0.6301476979000673,0.6314090826060393,0.6328521016021016,0.6283732349599186,0.5679182759724543,0.5677191342699419,1.8458251249002453,0.1578949840419964,0.8900871125950405,0.6750686221610694,0.575,0.5724470050610206,0.5725464615741299,0.574776177190899,0.5741530764460476,0.5724470050610206,0.5037401514663182,0.5035046728971962,2.539454524836354,0.0789094311882192,0.8606847839528181,0.5975984050721356,0.5725464615741299,0.5724470050610206,0.7518700757331591,0.0789094311882192,,,0.0,0.9990558243770196,0.4320143461227417,0.02,0.4711814203753204,0.4511814203753204,0.4191654836619333,0.4191654836619333,facebook_opt-125m_ISEAR_1_101720,/Volumes/Amirali/hidden_states/experiments/baseline_v5_001/models/facebook/opt-125m/datasets/ISEAR/analysis/probes/matrix_runs/unified_v4_20260901_101720,,,,
0,329184177,layer_8,8,0.6666666666666666,linear_logistic,logistic,linear,single_label,768,13,7,1600,200,200,5383,[],,,-0.134881243109703,0.9955567121505736,0.0394088669950738,0.9925,0.9926300442436088,0.9926436387672944,0.9925707729824776,0.992886781268524,0.9926300442436088,0.9912807119586352,0.9912395530529472,0.043308150881828,0.9576162543029768,0.999943828850264,0.999394576126704,0.485,0.4829151461918027,0.4860431952575343,0.4881463890456363,0.492426860773635,0.4829151461918027,0.3989889723168057,0.3985928239862202,2.2179861831142635,0.1088280480600271,0.8525868358937512,0.5663661278383827,0.545,0.5434731701166629,0.5432293317478845,0.5444120538419912,0.5458320486229694,0.5434731701166629,0.4689256572390023,0.4684734674805058,2.4831596821340263,0.083479041207579,0.8432935577001587,0.5891542308359156,0.5432293317478845,0.5434731701166629,0.7344628286195012,0.083479041207579,,,0.0,0.9777569755934452,0.4325593784451484,0.0152743030116885,0.4552493033497555,0.439975000338067,0.4494143070194099,0.4494143070194099,facebook_opt-125m_ISEAR_1_101720,/Volumes/Amirali/hidden_states/experiments/baseline_v5_001/models/facebook/opt-125m/datasets/ISEAR/analysis/probes/matrix_runs/unified_v4_20260901_101720,,,,
0,3129719420,layer_8,8,0.6666666666666666,mlp_1_hidden,mlp,1_hidden,single_label,768,13,7,1600,200,200,297991,[384],24.0,0.6388265762898705,-0.134881243109703,0.9955567121505736,0.0394088669950738,0.990625,0.990790094924416,0.9908308904715968,0.9907088649198984,0.9911921019540816,0.990790094924416,0.9891084981500946,0.989049376361984,0.1068657789785115,0.8986462821179271,0.99959448340297,0.9980949048716236,0.64,0.638328809868616,0.6388265762898705,0.640904631178606,0.6463706971622395,0.638328809868616,0.580730859795386,0.5796111403047819,1.1478422525158996,0.3173207292124902,0.8960949209476645,0.6932704119628156,0.61,0.6067040646392705,0.6098352269138306,0.6106789861198441,0.620426309481609,0.6067040646392705,0.5449273424263323,0.543872986169995,1.3291942296402215,0.26469045511891,0.881578065338151,0.6598758231414493,0.6098352269138306,0.6067040646392705,0.7724636712131662,0.26469045511891,,,0.0,0.974938854791874,0.4325593784451484,0.02,0.504924867019659,0.484924867019659,0.3809956635577661,0.3809956635577661,facebook_opt-125m_ISEAR_1_101720,/Volumes/Amirali/hidden_states/experiments/baseline_v5_001/models/facebook/opt-125m/datasets/ISEAR/analysis/probes/matrix_runs/unified_v4_20260901_101720,,,,
0,3280950887,layer_8,8,0.6666666666666666,mlp_2_hidden,mlp,2_hidden,single_label,768,13,7,1600,200,200,370567,"[384, 192]",18.0,0.6207808985855772,-0.134881243109703,0.9955567121505736,0.0394088669950738,0.916875,0.9148467681300698,0.9154811682468008,0.9166031669758904,0.9165772725146673,0.9148467681300698,0.902950322677026,0.9028682175496316,0.3038349756335645,0.7379826415202452,0.9940806771757554,0.9725944536518848,0.62,0.6181989994162249,0.6207808985855772,0.621482187578195,0.6276773161165067,0.6181989994162249,0.5566192288960793,0.555919130536403,1.1620936700257796,0.312830530859097,0.8900977144518567,0.6811081816465172,0.595,0.5909839042430811,0.5932726640367305,0.595240162171588,0.6001863323291895,0.5909839042430811,0.5270629222040283,0.5263988773899315,1.3503891204194982,0.259139404590766,0.8753981499976353,0.6337917437614596,0.5932726640367305,0.5909839042430811,0.7635314611020141,0.259139404590766,,,0.0,0.9887476865883384,0.4325593784451484,0.02,0.4979121488511147,0.4779121488511147,0.3222085042100704,0.3222085042100704,facebook_opt-125m_ISEAR_1_101720,/Volumes/Amirali/hidden_states/experiments/baseline_v5_001/models/facebook/opt-125m/datasets/ISEAR/analysis/probes/matrix_runs/unified_v4_20260901_101720,,,,
0,3349349857,layer_8,8,0.6666666666666666,mlp_3_hidden,mlp,3_hidden,single_label,768,13,7,1600,200,200,388423,"[384, 192, 96]",36.0,0.6509970544267352,-0.134881243109703,0.9955567121505736,0.0394088669950738,0.991875,0.99196337579202,0.992073998941404,0.9919538604167112,0.9924506387921024,0.99196337579202,0.9905580363635909,0.9905092213409284,0.0187915766003432,0.981383884294008,0.99994885636465,0.9994233378046756,0.65,0.6476451772415542,0.6509970544267352,0.6535056801840666,0.6619039267710995,0.6476451772415542,0.5925231678733027,0.5912766764954894,1.914410811310517,0.1474286703067987,0.8953136406926058,0.6813602058402787,0.6,0.5973136705506005,0.5970826786902127,0.5988823569222346,0.6012505633354195,0.5973136705506005,0.5333144996403419,0.5326283811415551,2.5065393059970997,0.0815499709615192,0.8665556789099229,0.6244807274887281,0.5970826786902127,0.5973136705506005,0.7666572498201709,0.0815499709615192,,,0.0,0.9990811855599536,0.4325593784451484,0.02,0.4835573923025735,0.4635573923025735,0.3949913202511912,0.3949913202511912,facebook_opt-125m_ISEAR_1_101720,/Volumes/Amirali/hidden_states/experiments/baseline_v5_001/models/facebook/opt-125m/datasets/ISEAR/analysis/probes/matrix_runs/unified_v4_20260901_101720,,,,
0,329185174,layer_9,9,0.75,linear_logistic,logistic,linear,single_label,768,13,7,1600,200,200,5383,[],,,-0.1325832158327102,0.9929070472717284,0.0394088669950738,0.9925,0.9926300442436088,0.9926436387672944,0.9925707729824776,0.992886781268524,0.9926300442436088,0.9912807119586352,0.9912395530529472,0.0443991901507591,0.956572027114984,0.9999418192970057,0.99938341535511,0.52,0.5237814004300576,0.5216572246375748,0.5196832247502114,0.5230082417582418,0.5237814004300576,0.4405770024449609,0.4400373308446104,2.3160109232180486,0.0986663894243924,0.8488085527725115,0.5738728098747539,0.55,0.5477059743494671,0.5490525075786116,0.5515038669555872,0.5528787204536987,0.5477059743494671,0.4748590879938786,0.4744985840656293,2.667001136631721,0.0694602149814282,0.8398131140781908,0.5879129666711866,0.5490525075786116,0.5477059743494671,0.7374295439969393,0.0694602149814282,,,0.0,0.9704143579177116,0.4337083920836448,0.0152743030116885,0.45570633154071,0.4404320285290215,0.4435911311886827,0.4435911311886827,facebook_opt-125m_ISEAR_1_101720,/Volumes/Amirali/hidden_states/experiments/baseline_v5_001/models/facebook/opt-125m/datasets/ISEAR/analysis/probes/matrix_runs/unified_v4_20260901_101720,,,,
0,3129720417,layer_9,9,0.75,mlp_1_hidden,mlp,1_hidden,single_label,768,13,7,1600,200,200,297991,[384],19.0,0.6540198768367781,-0.1325832158327102,0.9929070472717284,0.0394088669950738,0.92125,0.9195841673107432,0.9202681253049716,0.9209243418114152,0.92209624676016,0.9195841673107432,0.9081883982157756,0.9079755441356776,0.3589803151616235,0.6983880988731147,0.9940896986631004,0.972455383510164,0.66,0.6547132970142664,0.6540198768367781,0.6565902160437372,0.6570859342974413,0.6547132970142664,0.6029694341153872,0.6023508084558931,1.0413837399613817,0.3529659308210423,0.8990919878692714,0.7021108124110105,0.61,0.6081770048844576,0.6086930891442169,0.6090815675552517,0.6151165564958667,0.6081770048844576,0.5450516257971938,0.544126241963764,1.164626118741808,0.3120393058741005,0.8844369766784482,0.6553505089019361,0.6086930891442169,0.6081770048844576,0.7725258128985969,0.3120393058741005,,,0.0,0.9668715049558728,0.4337083920836448,0.02,0.5088551956406919,0.4888551956406919,0.3115750361607546,0.3115750361607546,facebook_opt-125m_ISEAR_1_101720,/Volumes/Amirali/hidden_states/experiments/baseline_v5_001/models/facebook/opt-125m/datasets/ISEAR/analysis/probes/matrix_runs/unified_v4_20260901_101720,,,,
0,3280951884,layer_9,9,0.75,mlp_2_hidden,mlp,2_hidden,single_label,768,13,7,1600,200,200,370567,"[384, 192]",18.0,0.6371959040026266,-0.1325832158327102,0.9929070472717284,0.0394088669950738,0.9125,0.9118566105131132,0.9113552982503622,0.9126162832080432,0.9112503020957928,0.9118566105131132,0.8978736667171401,0.897813855163913,0.3271816040968086,0.7209528031546998,0.9924726712860772,0.9641633817099182,0.64,0.6386649998599784,0.6371959040026266,0.6385477267830209,0.6416675005023688,0.6386649998599784,0.580507063873525,0.5795743189979854,1.12474823284394,0.3247342144769524,0.8918646410176626,0.6839877288607846,0.63,0.6284668698725984,0.6298606164481679,0.6297994592285693,0.6352944413924451,0.6284668698725984,0.5681443093552987,0.5674791045648488,1.2361608248695912,0.2904973500189652,0.8858153763118539,0.6679670744240029,0.6298606164481679,0.6284668698725984,0.7840721546776493,0.2904973500189652,,,0.0,0.9261558269346,0.4337083920836448,0.02,0.5126967450941179,0.4926967450941178,0.2814946818021943,0.2814946818021943,facebook_opt-125m_ISEAR_1_101720,/Volumes/Amirali/hidden_states/experiments/baseline_v5_001/models/facebook/opt-125m/datasets/ISEAR/analysis/probes/matrix_runs/unified_v4_20260901_101720,,,,
0,3349350854,layer_9,9,0.75,mlp_3_hidden,mlp,3_hidden,single_label,768,13,7,1600,200,200,388423,"[384, 192, 96]",20.0,0.5888135585650583,-0.1325832158327102,0.9929070472717284,0.0394088669950738,0.939375,0.9382659867999,0.93774978584388,0.939262116634444,0.938010119830504,0.9382659867999,0.9293259198120724,0.9291953360164896,0.2105658113994346,0.8101257378903965,0.9966139783411114,0.9829963284357977,0.595,0.5938320732536528,0.5888135585650583,0.5908057219883295,0.5873318216175358,0.5938320732536528,0.527772177748132,0.5271867612293144,1.290824218152613,0.275043993388379,0.8851670722876239,0.6568979554927806,0.575,0.5737642829300226,0.5769710383293521,0.5784782103142758,0.5885896298318658,0.5737642829300226,0.5053450036077396,0.50379451255108,1.553258368015456,0.2115575173090764,0.8731782543375655,0.6522692503279384,0.5769710383293521,0.5737642829300226,0.7526725018038698,0.2115575173090764,,,0.0,0.9997680597526216,0.4337083920836448,0.02,0.4860262546027739,0.4660262546027739,0.360778747514528,0.360778747514528,facebook_opt-125m_ISEAR_1_101720,/Volumes/Amirali/hidden_states/experiments/baseline_v5_001/models/facebook/opt-125m/datasets/ISEAR/analysis/probes/matrix_runs/unified_v4_20260901_101720,,,,
0,329186171,layer_10,10,0.8333333333333334,linear_logistic,logistic,linear,single_label,768,13,7,1600,200,200,5383,[],,,-0.1293708086013794,0.9887040853500366,0.0394088669950738,0.9925,0.9926300442436088,0.9926436387672944,0.9925707729824776,0.992886781268524,0.9926300442436088,0.9912807119586352,0.9912395530529472,0.0453750177912525,0.9556390329855684,0.9999397871824838,0.9993726124858678,0.5,0.4987040594461538,0.4988383473148653,0.5000131387006975,0.5012813525755585,0.4987040594461538,0.4162576356105701,0.415904909319237,2.4245525038332216,0.0885177215215203,0.8409136128172224,0.5594562128918501,0.54,0.5383867725094088,0.5428406223986592,0.5439132785360167,0.5514378890793151,0.5383867725094088,0.4632459974199849,0.4626639021113804,2.608227909897033,0.0736649691289045,0.8370388547033901,0.5722561826870768,0.5428406223986592,0.5383867725094088,0.7316229987099925,0.0736649691289045,,,0.0,0.9797001188815384,0.4353145956993103,0.0152743030116885,0.4533138598685847,0.4380395568568962,0.4498030163686352,0.4498030163686352,facebook_opt-125m_ISEAR_1_101720,/Volumes/Amirali/hidden_states/experiments/baseline_v5_001/models/facebook/opt-125m/datasets/ISEAR/analysis/probes/matrix_runs/unified_v4_20260901_101720,,,,
0,3129721414,layer_10,10,0.8333333333333334,mlp_1_hidden,mlp,1_hidden,single_label,768,13,7,1600,200,200,297991,[384],29.0,0.6026522604774204,-0.1293708086013794,0.9887040853500366,0.0394088669950738,0.991875,0.9917086948506436,0.9923373646789878,0.9919415574530956,0.9931972789115646,0.9917086948506436,0.9905560906142382,0.9905072332144608,0.0509719169864364,0.9503053575959456,0.9999065542671034,0.9992042500127296,0.61,0.6064564676514462,0.6026522604774204,0.6054822456703054,0.601188823893837,0.6064564676514462,0.544580516719991,0.5442461071021649,1.3060317813405848,0.2708928885756742,0.8875041098327199,0.663559526278236,0.615,0.6117540868681024,0.6181443565553086,0.6195722109394669,0.6314971369779583,0.6117540868681024,0.5507990723822906,0.5499444736688293,1.4903215238747989,0.2253002044979499,0.8790166113936622,0.6653226911552785,0.6181443565553086,0.6117540868681024,0.7753995361911453,0.2253002044979499,,,0.0,0.9222301380596082,0.4353145956993103,0.02,0.4991278966384356,0.4791278966384356,0.3741930081236791,0.3741930081236791,facebook_opt-125m_ISEAR_1_101720,/Volumes/Amirali/hidden_states/experiments/baseline_v5_001/models/facebook/opt-125m/datasets/ISEAR/analysis/probes/matrix_runs/unified_v4_20260901_101720,,,,
0,3280952881,layer_10,10,0.8333333333333334,mlp_2_hidden,mlp,2_hidden,single_label,768,13,7,1600,200,200,370567,"[384, 192]",16.0,0.6045894357503218,-0.1293708086013794,0.9887040853500366,0.0394088669950738,0.7875,0.7829760075197185,0.7830207896240758,0.7859941977686256,0.7852389190051412,0.7829760075197185,0.7519120060695048,0.751614959354345,0.6372495583139028,0.5287447074017096,0.9656007980975508,0.8591046529428326,0.61,0.6057510254634044,0.6045894357503218,0.6081694102557085,0.6068335674733657,0.6057510254634044,0.5447665327230788,0.5442727352399872,1.1484261220823455,0.317135509373276,0.8809628803508186,0.6602481102911832,0.61,0.6056490236064764,0.6041385778443479,0.6072829804133731,0.606230739481971,0.6056490236064764,0.5447107345955093,0.5441528841096371,1.155668125522687,0.3148471092257721,0.8871608713916197,0.6618281175084189,0.6041385778443479,0.6056490236064764,0.7723553672977547,0.3148471092257721,,,0.0,0.9892319614342164,0.4353145956993103,0.02,0.509908939947686,0.489908939947686,0.1788822117797279,0.1788822117797279,facebook_opt-125m_ISEAR_1_101720,/Volumes/Amirali/hidden_states/experiments/baseline_v5_001/models/facebook/opt-125m/datasets/ISEAR/analysis/probes/matrix_runs/unified_v4_20260901_101720,,,,
0,3349351851,layer_10,10,0.8333333333333334,mlp_3_hidden,mlp,3_hidden,single_label,768,13,7,1600,200,200,388423,"[384, 192, 96]",28.0,0.5956942807265033,-0.1293708086013794,0.9887040853500366,0.0394088669950738,0.99125,0.9913502550072254,0.9914558332804256,0.9913291636246438,0.9917849044379656,0.9913502550072254,0.9898202803309606,0.9897791800986036,0.0218426391665161,0.978394183862384,0.9999407505698996,0.9993781608444784,0.595,0.5899810032179331,0.5956942807265033,0.5992440911466089,0.6142061864618256,0.5899810032179331,0.5288711571203285,0.5265926358854471,2.064644613088836,0.1268633681380739,0.8728054657260793,0.6198827060150787,0.57,0.5671744947467973,0.5744270664738479,0.5758165771226523,0.5914982484748023,0.5671744947467973,0.4986842739089877,0.4973846468542707,2.4130584270651445,0.089541020681605,0.8657271853130298,0.634530481906482,0.5744270664738479,0.5671744947467973,0.7493421369544939,0.089541020681605,,,0.0,0.9912697610285542,0.4353145956993103,0.02,0.4709310693296371,0.450931069329637,0.4170287668065776,0.4170287668065776,facebook_opt-125m_ISEAR_1_101720,/Volumes/Amirali/hidden_states/experiments/baseline_v5_001/models/facebook/opt-125m/datasets/ISEAR/analysis/probes/matrix_runs/unified_v4_20260901_101720,,,,
0,329187168,layer_11,11,0.9166666666666666,linear_logistic,logistic,linear,single_label,768,13,7,1600,200,200,5383,[],,,-0.1244639605283737,0.9810657501220704,0.0394088669950738,0.9925,0.9926300442436088,0.9926436387672944,0.9925707729824776,0.992886781268524,0.9926300442436088,0.9912807119586352,0.9912395530529472,0.0465772616572005,0.954490812179114,0.9999387711252228,0.9993673495495704,0.495,0.4956537303589584,0.4953681174399616,0.4954694189922574,0.4968996201754822,0.4956537303589584,0.4107476663542371,0.4104599579733831,2.348227487710472,0.0955383551315826,0.8448407678168708,0.5823806078690853,0.565,0.566536028137808,0.5689838549047302,0.5672085466978405,0.5742822231531909,0.566536028137808,0.4923132774641047,0.4918817895105712,2.43406122679746,0.0876800200774046,0.8518720622145343,0.5967103485949251,0.5689838549047302,0.566536028137808,0.7461566387320524,0.0876800200774046,,,0.0,0.9739685317983452,0.4377680197358131,0.0152743030116885,0.4672031199310273,0.4519288169193388,0.4236597838625641,0.4236597838625641,facebook_opt-125m_ISEAR_1_101720,/Volumes/Amirali/hidden_states/experiments/baseline_v5_001/models/facebook/opt-125m/datasets/ISEAR/analysis/probes/matrix_runs/unified_v4_20260901_101720,,,,
0,3129722411,layer_11,11,0.9166666666666666,mlp_1_hidden,mlp,1_hidden,single_label,768,13,7,1600,200,200,297991,[384],26.0,0.5975477056401696,-0.1244639605283737,0.9810657501220704,0.0394088669950738,0.99125,0.9910955740658492,0.9917136061412988,0.991311159422331,0.992562358276644,0.9910955740658492,0.9898258598719876,0.989777039047147,0.08179757947894,0.9214584619216692,0.9998788224609452,0.9990700143291722,0.6,0.5968278973999617,0.5975477056401696,0.6002516246662842,0.5995658068639436,0.5968278973999617,0.5328600601550978,0.5326420330071564,1.2841656914836508,0.2768814918809157,0.8808957282960742,0.6373965701413128,0.6,0.602022132740987,0.6055644922989026,0.6029497451649439,0.6156064689256541,0.602022132740987,0.5334531502389741,0.5326420330071564,1.3954758826784213,0.2477151249763005,0.8783440172413309,0.6647668662265491,0.6055644922989026,0.602022132740987,0.766726575119487,0.2477151249763005,,,0.0,0.9927442948900038,0.4377680197358131,0.02,0.5026377722272178,0.4826377722272178,0.386149113842396,0.386149113842396,facebook_opt-125m_ISEAR_1_101720,/Volumes/Amirali/hidden_states/experiments/baseline_v5_001/models/facebook/opt-125m/datasets/ISEAR/analysis/probes/matrix_runs/unified_v4_20260901_101720,,,,
0,3280953878,layer_11,11,0.9166666666666666,mlp_2_hidden,mlp,2_hidden,single_label,768,13,7,1600,200,200,370567,"[384, 192]",19.0,0.6089616883450591,-0.1244639605283737,0.9810657501220704,0.0394088669950738,0.941875,0.941030010549769,0.9408003219198504,0.9419831825229266,0.9416057312067004,0.941030010549769,0.932270777284105,0.9321129789673416,0.2409141727100949,0.7859090759398978,0.9970755989288326,0.9856001248461296,0.61,0.6101250627708596,0.6089616883450591,0.6102235483351549,0.6282375469011414,0.6101250627708596,0.5476852360484921,0.5448843247658779,1.3177602340205876,0.2677342930766437,0.878770960960057,0.6473364317398586,0.585,0.5867319649925322,0.5805823006246734,0.5803065440915016,0.5842100721411067,0.5867319649925322,0.517336141344153,0.515780876261595,1.352384460958162,0.2586228487554041,0.8821868269537205,0.64697057317057,0.5805823006246734,0.5867319649925322,0.7586680706720765,0.2586228487554041,,,0.0,0.9725157364110472,0.4377680197358131,0.02,0.4919578400092955,0.4719578400092954,0.3602180212951771,0.3602180212951771,facebook_opt-125m_ISEAR_1_101720,/Volumes/Amirali/hidden_states/experiments/baseline_v5_001/models/facebook/opt-125m/datasets/ISEAR/analysis/probes/matrix_runs/unified_v4_20260901_101720,,,,
0,3349352848,layer_11,11,0.9166666666666666,mlp_3_hidden,mlp,3_hidden,single_label,768,13,7,1600,200,200,388423,"[384, 192, 96]",21.0,0.5845550296407055,-0.1244639605283737,0.9810657501220704,0.0394088669950738,0.96375,0.9633556164304242,0.96334176005509,0.9639505453494782,0.9646995812188204,0.9633556164304242,0.9578785332632752,0.9576578011166842,0.1316899444030155,0.8766127516374085,0.9991429748200789,0.9954055739408848,0.59,0.5849216905946605,0.5845550296407055,0.5912602022989489,0.5920144046602435,0.5849216905946605,0.5231320099316847,0.521559017445592,1.5824117928381662,0.2054789275091657,0.8705147894398756,0.6396601719564213,0.615,0.6172638548778704,0.6127877498845241,0.6134619547119547,0.6349374797870324,0.6172638548778704,0.5545277487413457,0.5511120179555193,1.6794684902553751,0.1864730619540513,0.8721174883618811,0.6550829820616059,0.6127877498845241,0.6172638548778704,0.7772638743706728,0.1864730619540513,,,0.0,0.921784975685876,0.4377680197358131,0.02,0.4950903016091958,0.4750903016091958,0.350554010170566,0.350554010170566,facebook_opt-125m_ISEAR_1_101720,/Volumes/Amirali/hidden_states/experiments/baseline_v5_001/models/facebook/opt-125m/datasets/ISEAR/analysis/probes/matrix_runs/unified_v4_20260901_101720,,,,
0,329188165,layer_12,12,1.0,linear_logistic,logistic,linear,single_label,768,13,7,1600,200,200,5383,[],,,-0.0048519168049097,0.1425934582948684,0.0394088669950738,0.9925,0.9926300442436088,0.9926436387672944,0.9925707729824776,0.992886781268524,0.9926300442436088,0.9912807119586352,0.9912395530529472,0.0461903949286506,0.9548601443536112,0.999939738235261,0.9993728217453438,0.48,0.4801082277246268,0.479052326819893,0.4791552550031827,0.4832755356948905,0.4801082277246268,0.3935765482174903,0.3927716471069071,2.381765293266844,0.09238734272005,0.8453068201630015,0.5785711006540405,0.55,0.550924141620749,0.5554889691524572,0.5544432000626803,0.5678492086489768,0.550924141620749,0.4755852832003849,0.474529265800613,2.3010952964632065,0.1001490906828995,0.8544065641720954,0.5833492745096386,0.5554889691524572,0.550924141620749,0.7377926416001925,0.1001490906828995,,,0.0,0.9778317719509632,0.4975740415975451,0.0152743030116885,0.464856548114519,0.4495822451028304,0.4371546696148372,0.4371546696148372,facebook_opt-125m_ISEAR_1_101720,/Volumes/Amirali/hidden_states/experiments/baseline_v5_001/models/facebook/opt-125m/datasets/ISEAR/analysis/probes/matrix_runs/unified_v4_20260901_101720,,,,
0,3129723408,layer_12,12,1.0,mlp_1_hidden,mlp,1_hidden,single_label,768,13,7,1600,200,200,297991,[384],19.0,0.598295460289532,-0.0048519168049097,0.1425934582948684,0.0394088669950738,0.9125,0.9112872530079068,0.9121764925251732,0.9125862541967116,0.9136337341214829,0.9112872530079068,0.8978676396683565,0.8977585385313379,0.3861096102688813,0.6796960199335956,0.9929788907077272,0.9694467248740288,0.6,0.5958658964379607,0.598295460289532,0.6028179569760863,0.6028891556622649,0.5958658964379607,0.533191214974702,0.5328330754182604,1.1734402264760933,0.3093010432134449,0.8776136318961082,0.6380484741157754,0.61,0.6097264704870378,0.6082464050084714,0.6088240536580944,0.6083296544800527,0.6097264704870378,0.5448332346058786,0.5445787353301803,1.1362562286838085,0.3210185951596056,0.8907909541407305,0.6718648725162797,0.6082464050084714,0.6097264704870378,0.7724166173029393,0.3210185951596056,,,0.0,0.9886245654905378,0.4975740415975451,0.02,0.5152260825655061,0.495226082565506,0.3039300875167019,0.3039300875167019,facebook_opt-125m_ISEAR_1_101720,/Volumes/Amirali/hidden_states/experiments/baseline_v5_001/models/facebook/opt-125m/datasets/ISEAR/analysis/probes/matrix_runs/unified_v4_20260901_101720,,,,
0,3280954875,layer_12,12,1.0,mlp_2_hidden,mlp,2_hidden,single_label,768,13,7,1600,200,200,370567,"[384, 192]",16.0,0.5897844427388831,-0.0048519168049097,0.1425934582948684,0.0394088669950738,0.769375,0.7653905577687362,0.7658340756715497,0.7687258802723901,0.7672559572966474,0.7653905577687362,0.7306219431863755,0.7304743405089671,0.6949585157686391,0.4990951521344474,0.9598021728802424,0.8405230096924782,0.59,0.5854154364801116,0.5897844427388831,0.5931523634237845,0.5976716769820217,0.5854154364801116,0.5213291760406976,0.5207340950933692,1.1812305719183478,0.3069008425761091,0.8719000346936597,0.6225744771353148,0.58,0.5766125642474363,0.5758219126768683,0.57831113474602,0.5790659359427498,0.5766125642474363,0.5098871939132249,0.5092311287684038,1.1420351035005225,0.3191688188450525,0.8921417680945899,0.6761111410165926,0.5758219126768683,0.5766125642474363,0.7549435969566125,0.3191688188450525,,,0.0,0.97920007938602,0.4975740415975451,0.02,0.4984044942528089,0.4784044942528089,0.1900121629946813,0.1900121629946813,facebook_opt-125m_ISEAR_1_101720,/Volumes/Amirali/hidden_states/experiments/baseline_v5_001/models/facebook/opt-125m/datasets/ISEAR/analysis/probes/matrix_runs/unified_v4_20260901_101720,,,,
0,3349353845,layer_12,12,1.0,mlp_3_hidden,mlp,3_hidden,single_label,768,13,7,1600,200,200,388423,"[384, 192, 96]",19.0,0.5597615749006084,-0.0048519168049097,0.1425934582948684,0.0394088669950738,0.8925,0.8887436088132128,0.8899992286234274,0.8916683440037761,0.8933294850523295,0.8887436088132128,0.8746703415694062,0.8743277998597148,0.3380681798282818,0.7131466640236245,0.9909203580509484,0.9547314443196198,0.565,0.5562691262278104,0.5597615749006084,0.5640336385456757,0.5766448125143777,0.5562691262278104,0.4924141615579814,0.4906174068327527,1.3621907013273609,0.2560991252789587,0.870714016553176,0.6185762594426477,0.61,0.60323222836571,0.6061790247571148,0.6094083785410862,0.6191342507526522,0.60323222836571,0.5449747599629281,0.5435660366317514,1.3761736955732695,0.2525430131733107,0.8779916523563797,0.6558552546736076,0.6061790247571148,0.60323222836571,0.772487379981464,0.2525430131733107,,,0.0,0.9822767872830894,0.4975740415975451,0.02,0.5062633795668721,0.486263379566872,0.2838202038663125,0.2838202038663125,facebook_opt-125m_ISEAR_1_101720,/Volumes/Amirali/hidden_states/experiments/baseline_v5_001/models/facebook/opt-125m/datasets/ISEAR/analysis/probes/matrix_runs/unified_v4_20260901_101720,,,,
1,329176202,layer_0,0,0.0,linear_logistic,logistic,linear,single_label,768,13,7,1600,200,200,5383,[],,,-0.0253920201212167,0.3851116001605987,0.0383426097711812,0.994375,0.994243981499456,0.9945722366831662,0.994398487897344,0.994997406682394,0.994243981499456,0.9934500260020628,0.9934309835870389,0.0462907744267674,0.9547643007819946,0.9999678423596354,0.9996449938105264,0.48,0.4811854413147516,0.4775630903613247,0.4778434222219121,0.4769617623343986,0.4811854413147516,0.3939199267519342,0.3933914666511126,3.203833023080717,0.0406062605679694,0.7771665166505668,0.4855253662533549,0.41,0.4131647201725066,0.4143108592088184,0.4114475048760763,0.4186161355182022,0.4131647201725066,0.3115397212941822,0.3112304459491011,3.3691318337134883,0.0344195062309241,0.7722652896548949,0.4681887337069764,0.4143108592088184,0.4131647201725066,0.6557698606470911,0.0344195062309241,,,0.0,0.9274445426048562,0.4873039899393916,0.0152743030116885,0.3844695063056919,0.3691952032940033,0.5802613774743478,0.5802613774743478,facebook_opt-125m_ISEAR_1_101720,/Volumes/Amirali/hidden_states/experiments/baseline_v5_001/models/facebook/opt-125m/datasets/ISEAR/analysis/probes/matrix_runs/unified_v4_20260901_101720,,,,
1,3129711445,layer_0,0,0.0,mlp_1_hidden,mlp,1_hidden,single_label,768,13,7,1600,200,200,297991,[384],23.0,0.5106490007746284,-0.0253920201212167,0.3851116001605987,0.0383426097711812,0.979375,0.9794298552832352,0.9797518861423706,0.9794061966998596,0.9802214657637908,0.9794298552832352,0.9759417075499386,0.975913650436816,0.177853494392266,0.8370650492296196,0.9994668560617488,0.9971159917740472,0.51,0.5124017961148503,0.5106490007746284,0.5068200017523014,0.5131310575560225,0.5124017961148503,0.4278909735651895,0.4273024777933614,1.6126950557682602,0.1993496310805426,0.8187880274933105,0.5529223444123204,0.48,0.4805882536694551,0.4797636571020753,0.4784133435924885,0.4827104268280739,0.4805882536694551,0.3930468836525728,0.3925411056920066,1.63044892860738,0.1958416354766168,0.8176533117451735,0.5342526753352645,0.4797636571020753,0.4805882536694551,0.6965234418262864,0.1958416354766168,,,0.0,0.9372391601675752,0.4873039899393916,0.02,0.4341809476612688,0.4141809476612688,0.4999882290402953,0.4999882290402953,facebook_opt-125m_ISEAR_1_101720,/Volumes/Amirali/hidden_states/experiments/baseline_v5_001/models/facebook/opt-125m/datasets/ISEAR/analysis/probes/matrix_runs/unified_v4_20260901_101720,,,,
1,3280942912,layer_0,0,0.0,mlp_2_hidden,mlp,2_hidden,single_label,768,13,7,1600,200,200,370567,"[384, 192]",19.0,0.5149241583816749,-0.0253920201212167,0.3851116001605987,0.0383426097711812,0.945625,0.9471952766845484,0.9460291529417626,0.9452345972296986,0.94600937894616,0.9471952766845484,0.9367250923170412,0.9365247578524392,0.2267553268363961,0.797115791274844,0.9971045808505146,0.986903448944266,0.515,0.5196048762859108,0.5149241583816749,0.5114885585878853,0.5128320561941252,0.5196048762859108,0.4343953525417022,0.4339897884755652,1.8159021593215767,0.1626910688995036,0.8102847866287111,0.5456651010101858,0.465,0.4643082373894387,0.4641188782326551,0.4641122907245389,0.4668792517006803,0.4643082373894387,0.3754242288331635,0.375073005490013,1.8570075216473927,0.1561391750587547,0.811042969271334,0.5086744955286177,0.4641188782326551,0.4643082373894387,0.6877121144165818,0.1561391750587547,,,0.0,0.94495962134669,0.4873039899393916,0.02,0.4233078514665809,0.4033078514665809,0.4819102747091074,0.4819102747091074,facebook_opt-125m_ISEAR_1_101720,/Volumes/Amirali/hidden_states/experiments/baseline_v5_001/models/facebook/opt-125m/datasets/ISEAR/analysis/probes/matrix_runs/unified_v4_20260901_101720,,,,
1,3349341882,layer_0,0,0.0,mlp_3_hidden,mlp,3_hidden,single_label,768,13,7,1600,200,200,388423,"[384, 192, 96]",21.0,0.5125160130889214,-0.0253920201212167,0.3851116001605987,0.0383426097711812,0.97625,0.976550868973705,0.9765356764932388,0.9761774637849568,0.9769900488028748,0.976550868973705,0.9723441452201296,0.9722660759827412,0.1075379112607379,0.8980424758829755,0.9994852845282096,0.9972360676350848,0.515,0.5174620467108152,0.5125160130889214,0.5098047139497307,0.5148035657700036,0.5174620467108152,0.434342172248052,0.43342776203966,2.151419738920615,0.1163188980216806,0.815712237662785,0.5413631145924974,0.47,0.4705746402075657,0.4697273939189711,0.468741308774963,0.4746912914726007,0.4705746402075657,0.3815675254028891,0.380931522850051,2.2385060092078604,0.1066176712718712,0.800431128289106,0.5105387174029953,0.4697273939189711,0.4705746402075657,0.6907837627014446,0.1066176712718712,,,0.0,0.9488328033173414,0.4873039899393916,0.02,0.4215458558719852,0.4015458558719851,0.5068082825742677,0.5068082825742677,facebook_opt-125m_ISEAR_1_101720,/Volumes/Amirali/hidden_states/experiments/baseline_v5_001/models/facebook/opt-125m/datasets/ISEAR/analysis/probes/matrix_runs/unified_v4_20260901_101720,,,,
1,329177199,layer_1,1,0.0833333333333333,linear_logistic,logistic,linear,single_label,768,13,7,1600,200,200,5383,[],,,-0.1057521626353263,0.99600750207901,0.0383426097711812,0.994375,0.9943163447630392,0.9945698336557914,0.994395893113274,0.9949311058756336,0.9943163447630392,0.9934519798237648,0.9934311274238112,0.0468025165707665,0.954275832647224,0.9999678423596357,0.9996449938105264,0.465,0.4667850451409564,0.4636977020470822,0.4608953845259945,0.4662561576354679,0.4667850451409564,0.3756889407191935,0.3749087191470718,3.0913684350937616,0.0454397305177648,0.7903762514501155,0.5126925358175445,0.44,0.4413559496985525,0.4453358289800359,0.4439562656029868,0.4557556373459278,0.4413559496985525,0.3467165587433264,0.3459663055855645,3.532416513437349,0.0292341856387605,0.7746304009838116,0.4756942212715102,0.4453358289800359,0.4413559496985525,0.6733582793716633,0.0292341856387605,,,0.0,0.9665269822092304,0.4471239186823368,0.0152743030116885,0.4004734043244572,0.3851991013127687,0.5492340046757556,0.5492340046757556,facebook_opt-125m_ISEAR_1_101720,/Volumes/Amirali/hidden_states/experiments/baseline_v5_001/models/facebook/opt-125m/datasets/ISEAR/analysis/probes/matrix_runs/unified_v4_20260901_101720,,,,
1,3129712442,layer_1,1,0.0833333333333333,mlp_1_hidden,mlp,1_hidden,single_label,768,13,7,1600,200,200,297991,[384],20.0,0.5494971239491107,-0.1057521626353263,0.99600750207901,0.0383426097711812,0.926875,0.9267048527781082,0.926815104692709,0.9269888925041132,0.9271641121233216,0.9267048527781082,0.9146496840599084,0.9146121352029262,0.3570916434395856,0.6997083711144281,0.9947245031819196,0.9751433116210046,0.555,0.5579204309191994,0.5494971239491107,0.5466227147443216,0.5467411732999482,0.5579204309191994,0.4810791080729416,0.4802919708029197,1.4084562706175074,0.2445204653719106,0.8351569820200238,0.56659467430352,0.5,0.4975197422360938,0.4988750935577326,0.4991004215225741,0.508461572747287,0.4975197422360938,0.4165580217752458,0.41540979773179,1.402210924515469,0.2460523589307169,0.840692152652862,0.5747405714447934,0.4988750935577326,0.4975197422360938,0.7082790108876229,0.2460523589307169,,,0.0,0.9411709585785554,0.4471239186823368,0.02,0.4466671140430347,0.4266671140430347,0.4279400111349764,0.4279400111349764,facebook_opt-125m_ISEAR_1_101720,/Volumes/Amirali/hidden_states/experiments/baseline_v5_001/models/facebook/opt-125m/datasets/ISEAR/analysis/probes/matrix_runs/unified_v4_20260901_101720,,,,
1,3280943909,layer_1,1,0.0833333333333333,mlp_2_hidden,mlp,2_hidden,single_label,768,13,7,1600,200,200,370567,"[384, 192]",22.0,0.5560186139735432,-0.1057521626353263,0.99600750207901,0.0383426097711812,0.984375,0.9841887796038729,0.9845855381660804,0.9843646627560338,0.9854335423247738,0.9841887796038729,0.981823397011186,0.9817521578073392,0.0805440311877775,0.9226142788868265,0.9996893991288648,0.9981014803873804,0.56,0.5604633063069023,0.5560186139735432,0.5543641354918679,0.5583833820857415,0.5604633063069023,0.4865312292873524,0.4855906938680072,1.93312377094586,0.1446954961956041,0.8378241325317032,0.5638142932309671,0.49,0.4891893629379725,0.4882222352810588,0.4874525572466748,0.4978609625668449,0.4891893629379725,0.4053353148110721,0.4039096514040265,1.970979762727992,0.1393202884980726,0.8330097365536433,0.5427496219905888,0.4882222352810588,0.4891893629379725,0.702667657405536,0.1393202884980726,,,0.0,0.9662836405539929,0.4471239186823368,0.02,0.4337507007111144,0.4137507007111143,0.4963633028850214,0.4963633028850214,facebook_opt-125m_ISEAR_1_101720,/Volumes/Amirali/hidden_states/experiments/baseline_v5_001/models/facebook/opt-125m/datasets/ISEAR/analysis/probes/matrix_runs/unified_v4_20260901_101720,,,,
1,3349342879,layer_1,1,0.0833333333333333,mlp_3_hidden,mlp,3_hidden,single_label,768,13,7,1600,200,200,388423,"[384, 192, 96]",20.0,0.5146120260578203,-0.1057521626353263,0.99600750207901,0.0383426097711812,0.944375,0.943672534952974,0.9446263368297788,0.9443420239840232,0.9460749537427524,0.943672534952974,0.9351004065959262,0.9350243727045784,0.2235468842314386,0.7996773987284462,0.9958925448623628,0.9826930557129752,0.52,0.5189050310663611,0.5146120260578203,0.5146450888777204,0.5132944430040619,0.5189050310663611,0.4396004161875179,0.4391376741740426,1.93061135595906,0.1450594883870201,0.8207438992101931,0.5421030907375942,0.485,0.4832627307599499,0.4849230411808357,0.4858378363633925,0.4950005191940675,0.4832627307599499,0.3991820146126324,0.3983644859813083,1.874173903494738,0.1534817051889476,0.8243764660007062,0.5498388064707549,0.4849230411808357,0.4832627307599499,0.6995910073063162,0.1534817051889476,,,0.0,0.9694637649750224,0.4471239186823368,0.02,0.4333095639556627,0.4133095639556627,0.4597032956489432,0.4597032956489432,facebook_opt-125m_ISEAR_1_101720,/Volumes/Amirali/hidden_states/experiments/baseline_v5_001/models/facebook/opt-125m/datasets/ISEAR/analysis/probes/matrix_runs/unified_v4_20260901_101720,,,,
1,329178196,layer_2,2,0.1666666666666666,linear_logistic,logistic,linear,single_label,768,13,7,1600,200,200,5383,[],,,-0.1064708083868026,0.9970914125442504,0.0383426097711812,0.994375,0.994243981499456,0.9945722366831662,0.994398487897344,0.994997406682394,0.994243981499456,0.9934500260020628,0.9934309835870389,0.0457740928359563,0.9552577373835992,0.9999678423596357,0.9996449938105264,0.495,0.4943974790033903,0.4876420628754294,0.4874025065914575,0.4858547374664316,0.4943974790033903,0.4107259993640315,0.4100294985250737,2.930749443281792,0.053357035085576,0.8011028622511495,0.5133375078984669,0.455,0.4545653538979456,0.4595718712644193,0.4593743777522817,0.4686878832040123,0.4545653538979456,0.3639360486397057,0.3631689647113812,3.3835689515777614,0.0339261575978602,0.7871840721063087,0.5015766337964052,0.4595718712644193,0.4545653538979456,0.6819680243198528,0.0339261575978602,,,0.0,0.9661478861124264,0.4467645958065986,0.0152743030116885,0.4077186087101332,0.3924443056984447,0.5350003654187468,0.5350003654187468,facebook_opt-125m_ISEAR_1_101720,/Volumes/Amirali/hidden_states/experiments/baseline_v5_001/models/facebook/opt-125m/datasets/ISEAR/analysis/probes/matrix_runs/unified_v4_20260901_101720,,,,
1,3129713439,layer_2,2,0.1666666666666666,mlp_1_hidden,mlp,1_hidden,single_label,768,13,7,1600,200,200,297991,[384],24.0,0.5251021223391105,-0.1064708083868026,0.9970914125442504,0.0383426097711812,0.985,0.9847497676183072,0.9850816956034536,0.985012394781591,0.9854840126236551,0.9847497676183072,0.9824955804736432,0.9824825749519982,0.139465293871723,0.8698232108764818,0.9996541698873594,0.998219639756806,0.53,0.5326424852286922,0.5251021223391105,0.5216396314837813,0.5260039499670837,0.5326424852286922,0.4519037821359539,0.4508062631455948,1.5593158959390374,0.2102798753233116,0.835176077127806,0.5581889405382952,0.485,0.4859935722004688,0.4849284049284049,0.4838261072261072,0.4864589084728947,0.4859935722004688,0.3990712866940571,0.3987683506990047,1.5481278333643382,0.2126457095994778,0.8415714053412635,0.5651307447871937,0.4849284049284049,0.4859935722004688,0.6995356433470286,0.2126457095994778,,,0.0,0.9267178263810052,0.4467645958065986,0.02,0.4353360669526041,0.415336066952604,0.5001532906750485,0.5001532906750485,facebook_opt-125m_ISEAR_1_101720,/Volumes/Amirali/hidden_states/experiments/baseline_v5_001/models/facebook/opt-125m/datasets/ISEAR/analysis/probes/matrix_runs/unified_v4_20260901_101720,,,,
1,3280944906,layer_2,2,0.1666666666666666,mlp_2_hidden,mlp,2_hidden,single_label,768,13,7,1600,200,200,370567,"[384, 192]",28.0,0.5310490444602174,-0.1064708083868026,0.9970914125442504,0.0383426097711812,0.994375,0.9943163447630392,0.9945698336557914,0.994395893113274,0.9949311058756336,0.9943163447630392,0.9934519798237648,0.9934311274238112,0.018547863723835,0.9816230893308978,0.9999678423596357,0.9996449938105264,0.535,0.5388153456195327,0.5310490444602174,0.5270896451552716,0.5323696102497945,0.5388153456195327,0.4579433615894794,0.4567915656668905,2.4336512238313945,0.0877159765163206,0.8313913976120861,0.5533346861447623,0.49,0.4892364464110849,0.4919080417226674,0.4922852497055418,0.5004286887168661,0.4892364464110849,0.4050188851429724,0.4043795620437956,2.4203309809433766,0.0888921909686255,0.8368306063134473,0.5516053687790234,0.4919080417226674,0.4892364464110849,0.7025094425714862,0.0888921909686255,,,0.0,0.9261681281313736,0.4467645958065986,0.02,0.4255831554783824,0.4055831554783824,0.502661791933124,0.502661791933124,facebook_opt-125m_ISEAR_1_101720,/Volumes/Amirali/hidden_states/experiments/baseline_v5_001/models/facebook/opt-125m/datasets/ISEAR/analysis/probes/matrix_runs/unified_v4_20260901_101720,,,,
1,3349343876,layer_2,2,0.1666666666666666,mlp_3_hidden,mlp,3_hidden,single_label,768,13,7,1600,200,200,388423,"[384, 192, 96]",27.0,0.5525855083887657,-0.1064708083868026,0.9970914125442504,0.0383426097711812,0.994375,0.994243981499456,0.9945722366831662,0.994398487897344,0.994997406682394,0.994243981499456,0.9934500260020628,0.9934309835870389,0.0190101771347158,0.9811693766990682,0.9999651221347636,0.9996303575579925,0.56,0.5605408093092822,0.5525855083887657,0.5519239042779817,0.5534779389184423,0.5605408093092822,0.4871788519390585,0.4859963202009286,2.55440695430499,0.0777383207760699,0.8376538430208543,0.5724120097898212,0.495,0.4979360235200057,0.4978979671979107,0.4949398048595727,0.5020687764934711,0.4979360235200057,0.4108195387200271,0.4103394926584347,2.832780698960866,0.0588489846293963,0.8241819853670208,0.567401415154393,0.4978979671979107,0.4979360235200057,0.7054097693600135,0.0588489846293963,,,0.0,0.9670148808908904,0.4467645958065986,0.02,0.4299009770738392,0.4099009770738392,0.4966742694852555,0.4966742694852555,facebook_opt-125m_ISEAR_1_101720,/Volumes/Amirali/hidden_states/experiments/baseline_v5_001/models/facebook/opt-125m/datasets/ISEAR/analysis/probes/matrix_runs/unified_v4_20260901_101720,,,,
1,329179193,layer_3,3,0.25,linear_logistic,logistic,linear,single_label,768,13,7,1600,200,200,5383,[],,,-0.1077064648270607,0.9987106919288636,0.0383426097711812,0.994375,0.994243981499456,0.9945722366831662,0.994398487897344,0.994997406682394,0.994243981499456,0.9934500260020628,0.9934309835870389,0.0450325555806497,0.9559663592865882,0.9999678423596357,0.9996449938105264,0.53,0.5344894625990685,0.5285244012589215,0.5232590973066656,0.5255584627013198,0.5344894625990685,0.4515048563387179,0.450950614760083,2.6096675783776404,0.07355899229878,0.8218896327358731,0.5484581690175986,0.435,0.4345431069569,0.4411662884959975,0.4410848168283409,0.4560677417820274,0.4345431069569,0.3410913814117688,0.3397218651396517,3.41939221131552,0.0327323232301444,0.7965698658130825,0.4915896117078767,0.4411662884959975,0.4345431069569,0.6705456907058844,0.0327323232301444,,,0.0,0.9716368133213504,0.4461467675864696,0.0152743030116885,0.39879914380789,0.3835248407962015,0.5534059481871687,0.5534059481871687,facebook_opt-125m_ISEAR_1_101720,/Volumes/Amirali/hidden_states/experiments/baseline_v5_001/models/facebook/opt-125m/datasets/ISEAR/analysis/probes/matrix_runs/unified_v4_20260901_101720,,,,
1,3129714436,layer_3,3,0.25,mlp_1_hidden,mlp,1_hidden,single_label,768,13,7,1600,200,200,297991,[384],45.0,0.5474779390619883,-0.1077064648270607,0.9987106919288636,0.0383426097711812,0.994375,0.994243981499456,0.9945722366831662,0.994398487897344,0.994997406682394,0.994243981499456,0.9934500260020628,0.9934309835870389,0.0225885484192458,0.9776646626999412,0.9999678423596357,0.9996449938105264,0.55,0.5515022801044969,0.5474779390619883,0.5441474295924184,0.5518778840207412,0.5515022801044969,0.4751218290154549,0.473868817958611,1.9756050770452864,0.1386773763545438,0.8385259276494905,0.570814184604333,0.505,0.5036297283238328,0.5036746698843116,0.5047278517835794,0.5075523970027611,0.5036297283238328,0.4224826798715902,0.42191468862223,2.069349381906674,0.1262679071709965,0.8394752690627679,0.5662365076579217,0.5036746698843116,0.5036297283238328,0.7112413399357951,0.1262679071709965,,,0.0,0.94856089102313,0.4461467675864696,0.02,0.4379395459087582,0.4179395459087582,0.4908975667988545,0.4908975667988545,facebook_opt-125m_ISEAR_1_101720,/Volumes/Amirali/hidden_states/experiments/baseline_v5_001/models/facebook/opt-125m/datasets/ISEAR/analysis/probes/matrix_runs/unified_v4_20260901_101720,,,,
1,3280945903,layer_3,3,0.25,mlp_2_hidden,mlp,2_hidden,single_label,768,13,7,1600,200,200,370567,"[384, 192]",22.0,0.5382960701031437,-0.1077064648270607,0.9987106919288636,0.0383426097711812,0.975625,0.9769475084055396,0.9760821510196076,0.9754094792779554,0.9763757066910068,0.9769475084055396,0.9717600766585356,0.9715447117397216,0.0948756498282028,0.9094860221799528,0.9997712729081316,0.9986395605588312,0.55,0.5543380003047491,0.5382960701031437,0.5350274204313312,0.5321777561433944,0.5543380003047491,0.4765416583424364,0.4749278025728537,1.8440613087058584,0.1581737275257321,0.8467647396334543,0.5886123575905964,0.485,0.4850602781637264,0.4844695192262222,0.4842862017161917,0.4862402238211962,0.4850602781637264,0.3990888298679372,0.3987858977352323,2.039128666252393,0.1301420586570731,0.8351635168254371,0.560689160876979,0.4844695192262222,0.4850602781637264,0.6995444149339686,0.1301420586570731,,,0.0,0.9327710006299764,0.4461467675864696,0.02,0.4274067280792382,0.4074067280792382,0.4916126317933855,0.4916126317933855,facebook_opt-125m_ISEAR_1_101720,/Volumes/Amirali/hidden_states/experiments/baseline_v5_001/models/facebook/opt-125m/datasets/ISEAR/analysis/probes/matrix_runs/unified_v4_20260901_101720,,,,
1,3349344873,layer_3,3,0.25,mlp_3_hidden,mlp,3_hidden,single_label,768,13,7,1600,200,200,388423,"[384, 192, 96]",21.0,0.5608730652287821,-0.1077064648270607,0.9987106919288636,0.0383426097711812,0.97375,0.9737886866701354,0.9738889917861824,0.9738022515875084,0.9741597449051324,0.9737886866701354,0.9693773760719993,0.9693477502297778,0.1205282909333497,0.8864520084359387,0.9989671748655464,0.9949859911774076,0.565,0.5699154772430635,0.5608730652287821,0.5574107661848133,0.5579945107830596,0.5699154772430635,0.4935553109910301,0.4925042291314239,1.876461410495132,0.1531310159688391,0.8485977853068728,0.587372914640787,0.485,0.4839655874138632,0.4840404579776272,0.4840589050325461,0.4896374458874459,0.4839655874138632,0.3993109285558002,0.3983644859813084,2.076946414895326,0.125312280275491,0.8332543417580237,0.553025264662369,0.4840404579776272,0.4839655874138632,0.6996554642779,0.125312280275491,,,0.0,0.9314782898158908,0.4461467675864696,0.02,0.426539667636633,0.4065396676366329,0.4898485338085551,0.4898485338085551,facebook_opt-125m_ISEAR_1_101720,/Volumes/Amirali/hidden_states/experiments/baseline_v5_001/models/facebook/opt-125m/datasets/ISEAR/analysis/probes/matrix_runs/unified_v4_20260901_101720,,,,
1,329180190,layer_4,4,0.3333333333333333,linear_logistic,logistic,linear,single_label,768,13,7,1600,200,200,5383,[],,,-0.1076216921210289,0.9986149072647096,0.0383426097711812,0.994375,0.994243981499456,0.9945722366831662,0.994398487897344,0.994997406682394,0.994243981499456,0.9934500260020628,0.9934309835870389,0.0441990958999666,0.956763450828832,0.9999678423596357,0.9996449938105264,0.52,0.5225077615779586,0.5161460705910322,0.5130165037717229,0.5159938987228108,0.5225077615779586,0.4400783804389164,0.4392032012150597,2.780684375271174,0.0619960642822076,0.8107646388682737,0.5135151485870507,0.43,0.4306175223861542,0.4377849825641228,0.43700456132241,0.4531313575441844,0.4306175223861542,0.335310465073094,0.3340732519422863,3.25696466339817,0.0385050967475055,0.8029116003695949,0.4973108688729534,0.4377849825641228,0.4306175223861542,0.667655232536547,0.0385050967475055,,,0.0,0.9536853775383176,0.4461891539394855,0.0152743030116885,0.3957156640049925,0.380441360993304,0.5567872541190433,0.5567872541190433,facebook_opt-125m_ISEAR_1_101720,/Volumes/Amirali/hidden_states/experiments/baseline_v5_001/models/facebook/opt-125m/datasets/ISEAR/analysis/probes/matrix_runs/unified_v4_20260901_101720,,,,
1,3129715433,layer_4,4,0.3333333333333333,mlp_1_hidden,mlp,1_hidden,single_label,768,13,7,1600,200,200,297991,[384],24.0,0.5488100661703147,-0.1076216921210289,0.9986149072647096,0.0383426097711812,0.9875,0.9873340718011268,0.9877648764366712,0.9875266409784822,0.9882999848801652,0.9873340718011268,0.9854219226819788,0.9854016796279984,0.1300071358448052,0.8780891649901984,0.9998372799356144,0.9989464849122296,0.55,0.5528604935932523,0.5488100661703147,0.5454004705439489,0.5489715963853895,0.5528604935932523,0.4747204920101222,0.4742069287842496,1.5201414669499127,0.2186809486370841,0.8428719364467562,0.5806044655785157,0.515,0.5133205483594805,0.5109931660751811,0.512127421276268,0.5139411194797949,0.5133205483594805,0.4341795211307151,0.4334939407212731,1.572536818697818,0.2075180783148004,0.8450051112625923,0.571923878459811,0.5109931660751811,0.5133205483594805,0.7170897605653576,0.2075180783148004,,,0.0,0.958605557721154,0.4461891539394855,0.02,0.4512316591580907,0.4312316591580907,0.47677171036149,0.47677171036149,facebook_opt-125m_ISEAR_1_101720,/Volumes/Amirali/hidden_states/experiments/baseline_v5_001/models/facebook/opt-125m/datasets/ISEAR/analysis/probes/matrix_runs/unified_v4_20260901_101720,,,,
1,3280946900,layer_4,4,0.3333333333333333,mlp_2_hidden,mlp,2_hidden,single_label,768,13,7,1600,200,200,370567,"[384, 192]",18.0,0.5369754302962069,-0.1076216921210289,0.9986149072647096,0.0383426097711812,0.88,0.8813272325006162,0.8800827066278876,0.879814545822818,0.881249371763921,0.8813272325006162,0.8603615608046302,0.8599402740100759,0.3660739236985498,0.693451536812586,0.9895868913261786,0.9519575156161114,0.545,0.5487883592871277,0.5369754302962069,0.5323421455743972,0.5342693514993655,0.5487883592871277,0.4703977964749303,0.4687062120504438,1.553319726724819,0.2115445368110955,0.8413615033510353,0.5665609575255489,0.475,0.4731599303345688,0.4744087376784076,0.475028875089205,0.4837840226468047,0.4731599303345688,0.3873894815066326,0.3865389109605047,1.5598330627284616,0.2101711536713472,0.8403540527200943,0.5567038424133274,0.4744087376784076,0.4731599303345688,0.6936947407533163,0.2101711536713472,,,0.0,0.9560521796901216,0.4461891539394855,0.02,0.4325621761159058,0.4125621761159058,0.4056739689494799,0.4056739689494799,facebook_opt-125m_ISEAR_1_101720,/Volumes/Amirali/hidden_states/experiments/baseline_v5_001/models/facebook/opt-125m/datasets/ISEAR/analysis/probes/matrix_runs/unified_v4_20260901_101720,,,,
1,3349345870,layer_4,4,0.3333333333333333,mlp_3_hidden,mlp,3_hidden,single_label,768,13,7,1600,200,200,388423,"[384, 192, 96]",31.0,0.5370214765787672,-0.1076216921210289,0.9986149072647096,0.0383426097711812,0.994375,0.994243981499456,0.9945722366831662,0.994398487897344,0.994997406682394,0.994243981499456,0.9934500260020628,0.9934309835870389,0.0209738542311177,0.9792445673368928,0.999678283583405,0.9985783233990284,0.535,0.536635299566334,0.5370214765787672,0.5334529064392923,0.5424185192471638,0.536635299566334,0.4570650097674933,0.4563152202507965,2.577312798064788,0.0759778979024142,0.8439812536088672,0.5768956826894198,0.49,0.4895542598545935,0.4938765434051913,0.493782980635048,0.5035212552453932,0.4895542598545935,0.4050040911911586,0.4042578045147913,2.7401168114653114,0.0645628047768436,0.8417234438540924,0.5668733686075572,0.4938765434051913,0.4895542598545935,0.7025020455955793,0.0645628047768436,,,0.0,0.9683394397094046,0.4461891539394855,0.02,0.4278772638144228,0.4078772638144228,0.5006956932779749,0.5006956932779749,facebook_opt-125m_ISEAR_1_101720,/Volumes/Amirali/hidden_states/experiments/baseline_v5_001/models/facebook/opt-125m/datasets/ISEAR/analysis/probes/matrix_runs/unified_v4_20260901_101720,,,,
1,329181187,layer_5,5,0.4166666666666667,linear_logistic,logistic,linear,single_label,768,13,7,1600,200,200,5383,[],,,-0.1074024364352226,0.9983455538749696,0.0383426097711812,0.994375,0.994243981499456,0.9945722366831662,0.994398487897344,0.994997406682394,0.994243981499456,0.9934500260020628,0.9934309835870389,0.0417646817446596,0.9590954466869844,0.9999678423596354,0.9996449938105264,0.51,0.5149467390846701,0.509663237061938,0.5050679467351908,0.5095987890105538,0.5149467390846701,0.4286389740664384,0.4277873470936851,2.643794565507233,0.0710909976508976,0.8160940938100752,0.5262571917048315,0.455,0.4550495440373083,0.4643966440155878,0.4629285632329379,0.4794196219862419,0.4550495440373083,0.363817053096178,0.3629642617106454,3.134479906010773,0.0435223836741152,0.8048181192346752,0.5163561420238294,0.4643966440155878,0.4550495440373083,0.6819085265480891,0.0435223836741152,,,0.0,0.9479949455653068,0.4462987817823887,0.0152743030116885,0.4081095436047681,0.3928352405930796,0.5301755926675784,0.5301755926675784,facebook_opt-125m_ISEAR_1_101720,/Volumes/Amirali/hidden_states/experiments/baseline_v5_001/models/facebook/opt-125m/datasets/ISEAR/analysis/probes/matrix_runs/unified_v4_20260901_101720,,,,
1,3129716430,layer_5,5,0.4166666666666667,mlp_1_hidden,mlp,1_hidden,single_label,768,13,7,1600,200,200,297991,[384],22.0,0.569171030664049,-0.1074024364352226,0.9983455538749696,0.0383426097711812,0.97,0.9697180977263588,0.9702183345535452,0.970059087448902,0.9709247440722034,0.9697180977263588,0.9649984596437566,0.9649636634869366,0.1986352833512695,0.8198488513376563,0.99890272927785,0.9943602146176166,0.565,0.5674207827840833,0.569171030664049,0.56480911068881,0.5859623721790328,0.5674207827840833,0.4930683346621762,0.4913916576539709,1.434433831160364,0.2382502156848353,0.8475919008416398,0.5912938002788932,0.53,0.5276918730756328,0.5339508410358101,0.5334277228610325,0.5510828810610523,0.5276918730756328,0.4518390213865179,0.4502602491373765,1.370140238437468,0.2540713264884639,0.8587322222022846,0.600300678305795,0.5339508410358101,0.5276918730756328,0.725919510693259,0.2540713264884639,,,0.0,0.978304441755501,0.4462987817823887,0.02,0.4670819337378021,0.4470819337378021,0.4362674935177349,0.4362674935177349,facebook_opt-125m_ISEAR_1_101720,/Volumes/Amirali/hidden_states/experiments/baseline_v5_001/models/facebook/opt-125m/datasets/ISEAR/analysis/probes/matrix_runs/unified_v4_20260901_101720,,,,
1,3280947897,layer_5,5,0.4166666666666667,mlp_2_hidden,mlp,2_hidden,single_label,768,13,7,1600,200,200,370567,"[384, 192]",18.0,0.5542735696143112,-0.1074024364352226,0.9983455538749696,0.0383426097711812,0.9075,0.906799576261989,0.9070880592316024,0.9073649374965508,0.908223698844742,0.906799576261989,0.8921041883539016,0.8919706550693272,0.328256562352164,0.7201782253812007,0.9924777481362962,0.9651517899705062,0.555,0.5579479986807573,0.5542735696143112,0.5502499580362133,0.557828499820981,0.5579479986807573,0.4809368717786657,0.479866752381509,1.4105409599526844,0.2440112471308543,0.851982525393594,0.597884569553551,0.54,0.5392071776943858,0.5423633854463443,0.5414534430707767,0.5503072694377042,0.5392071776943858,0.4630728760872729,0.462381300219138,1.320000577364569,0.2671351477314363,0.8642321928358591,0.6126867546040471,0.5423633854463443,0.5392071776943858,0.7315364380436364,0.2671351477314363,,,0.0,0.9920322983951584,0.4462987817823887,0.02,0.4744340724240683,0.4544340724240683,0.3647246737852579,0.3647246737852579,facebook_opt-125m_ISEAR_1_101720,/Volumes/Amirali/hidden_states/experiments/baseline_v5_001/models/facebook/opt-125m/datasets/ISEAR/analysis/probes/matrix_runs/unified_v4_20260901_101720,,,,
1,3349346867,layer_5,5,0.4166666666666667,mlp_3_hidden,mlp,3_hidden,single_label,768,13,7,1600,200,200,388423,"[384, 192, 96]",19.0,0.5775472753581905,-0.1074024364352226,0.9983455538749696,0.0383426097711812,0.9125,0.9113205044812636,0.9117493441654936,0.912277408796343,0.9141644950732628,0.9113205044812636,0.8981322767947754,0.8978026660729488,0.2784592837302013,0.7569490872657348,0.99460319973478,0.9728278651034452,0.575,0.5750381312265549,0.5775472753581905,0.5751473983845564,0.5842230429186951,0.5750381312265549,0.5035303954054808,0.5028658322610833,1.5926716640533738,0.2033815181490528,0.845135991065324,0.5795403730896885,0.535,0.5315282706828869,0.5324936445141376,0.5327521854688257,0.5449842005767824,0.5315282706828869,0.4575617136031296,0.4561244480832773,1.5640422182613645,0.2092883697877048,0.8562060928813858,0.6068074911505414,0.5324936445141376,0.5315282706828869,0.7287808568015648,0.2092883697877048,,,0.0,0.9831508316428876,0.4462987817823887,0.02,0.4637286394833808,0.4437286394833807,0.3792556996513561,0.3792556996513561,facebook_opt-125m_ISEAR_1_101720,/Volumes/Amirali/hidden_states/experiments/baseline_v5_001/models/facebook/opt-125m/datasets/ISEAR/analysis/probes/matrix_runs/unified_v4_20260901_101720,,,,
1,329182184,layer_6,6,0.5,linear_logistic,logistic,linear,single_label,768,13,7,1600,200,200,5383,[],,,-0.106843426823616,0.9976560473442078,0.0383426097711812,0.994375,0.994243981499456,0.9945722366831662,0.994398487897344,0.994997406682394,0.994243981499456,0.9934500260020628,0.9934309835870389,0.0384632906206416,0.9622670283168469,0.9999678423596354,0.9996449938105264,0.555,0.5604151253781795,0.5606799348173729,0.5555116591623894,0.5671312326291289,0.5604151253781795,0.4813945597851412,0.4803678295139395,2.542908529728757,0.0786373477860391,0.8321106715610377,0.5846905826464613,0.495,0.4952572455353322,0.5027988725022624,0.5004797444786852,0.516835235998999,0.4952572455353322,0.4105974985845566,0.4095984100075992,2.8846035706573496,0.0558769364035283,0.8263039826596887,0.5447341981985631,0.5027988725022624,0.4952572455353322,0.7052987492922783,0.0558769364035283,,,0.0,0.97729107001394,0.446578286588192,0.0152743030116885,0.4314288323208636,0.4161545293091751,0.4917733641809038,0.4917733641809038,facebook_opt-125m_ISEAR_1_101720,/Volumes/Amirali/hidden_states/experiments/baseline_v5_001/models/facebook/opt-125m/datasets/ISEAR/analysis/probes/matrix_runs/unified_v4_20260901_101720,,,,
1,3129717427,layer_6,6,0.5,mlp_1_hidden,mlp,1_hidden,single_label,768,13,7,1600,200,200,297991,[384],30.0,0.5750351796236889,-0.106843426823616,0.9976560473442078,0.0383426097711812,0.994375,0.9943163447630392,0.9945698336557914,0.994395893113274,0.9949311058756336,0.9943163447630392,0.9934519798237648,0.9934311274238112,0.0411551642134421,0.959680210369605,0.9999579230039968,0.9995899580372736,0.565,0.5673108250078693,0.5750351796236889,0.571556728778468,0.5953155640655641,0.5673108250078693,0.4929977692958918,0.4914957040154304,1.6072963294416729,0.2004287755638358,0.8559846505712027,0.6303036321352634,0.555,0.5546682131776681,0.5575167085181262,0.5556430660812094,0.5654915391716634,0.5546682131776681,0.480482762085789,0.4798211519915837,1.553405109935906,0.2115264752303436,0.8697013017120493,0.6291355258151167,0.5575167085181262,0.5546682131776681,0.7402413810428945,0.2115264752303436,,,0.0,0.9656833190467968,0.446578286588192,0.02,0.4736655100197395,0.4536655100197395,0.4370531251376652,0.4370531251376652,facebook_opt-125m_ISEAR_1_101720,/Volumes/Amirali/hidden_states/experiments/baseline_v5_001/models/facebook/opt-125m/datasets/ISEAR/analysis/probes/matrix_runs/unified_v4_20260901_101720,,,,
1,3280948894,layer_6,6,0.5,mlp_2_hidden,mlp,2_hidden,single_label,768,13,7,1600,200,200,370567,"[384, 192]",18.0,0.6078927376965009,-0.106843426823616,0.9976560473442078,0.0383426097711812,0.926875,0.9274473335747888,0.9269637428662744,0.9268384407408358,0.926611318465274,0.9274473335747888,0.9146481151694512,0.914625998481328,0.2729116338895016,0.7611600454099159,0.995202378694586,0.9767449708383068,0.6,0.6032546749911283,0.6078927376965009,0.604717223345714,0.6168247898836189,0.6032546749911283,0.5334567787451993,0.5327239274553897,1.3783435707218326,0.2519956204667746,0.8637059590377396,0.6336558991772318,0.575,0.5741490001779213,0.5740838965370157,0.5741920101373882,0.5774066927946239,0.5741490001779213,0.5041381077929827,0.5035336720985923,1.3171344679632222,0.2679018845406998,0.8730498243989223,0.6320819217345096,0.5740838965370157,0.5741490001779213,0.7520690538964914,0.2679018845406998,,,0.0,0.9733698615787584,0.446578286588192,0.02,0.4889097711867712,0.4689097711867712,0.3528798463292585,0.3528798463292585,facebook_opt-125m_ISEAR_1_101720,/Volumes/Amirali/hidden_states/experiments/baseline_v5_001/models/facebook/opt-125m/datasets/ISEAR/analysis/probes/matrix_runs/unified_v4_20260901_101720,,,,
1,3349347864,layer_6,6,0.5,mlp_3_hidden,mlp,3_hidden,single_label,768,13,7,1600,200,200,388423,"[384, 192, 96]",32.0,0.5971059076104038,-0.106843426823616,0.9976560473442078,0.0383426097711812,0.994375,0.994243981499456,0.9945722366831662,0.994398487897344,0.994997406682394,0.994243981499456,0.9934500260020628,0.9934309835870389,0.0144299485329204,0.9856736642002248,0.9999678423596357,0.9996449938105264,0.59,0.5924273739852558,0.5971059076104038,0.5936000283234142,0.6111159992872387,0.5924273739852558,0.5218370112013493,0.5207060817722184,2.5673797104691003,0.0767363536853256,0.8580123050528841,0.6239690864723942,0.56,0.5605746990619072,0.5614085906305077,0.5600248018770566,0.5645417966846539,0.5605746990619072,0.4864949934287973,0.4860113311138367,2.4449185613631768,0.086733198047537,0.8690740293470293,0.6256552812869928,0.5614085906305077,0.5605746990619072,0.7432474967143987,0.086733198047537,,,0.0,0.990545383116146,0.446578286588192,0.02,0.4659822494698507,0.4459822494698507,0.4331636460526584,0.4331636460526584,facebook_opt-125m_ISEAR_1_101720,/Volumes/Amirali/hidden_states/experiments/baseline_v5_001/models/facebook/opt-125m/datasets/ISEAR/analysis/probes/matrix_runs/unified_v4_20260901_101720,,,,
1,329183181,layer_7,7,0.5833333333333334,linear_logistic,logistic,linear,single_label,768,13,7,1600,200,200,5383,[],,,-0.1060436218976974,0.996558666229248,0.0383426097711812,0.994375,0.994243981499456,0.9945722366831662,0.994398487897344,0.994997406682394,0.994243981499456,0.9934500260020628,0.9934309835870389,0.0374759285959143,0.9632176034419192,0.9999678423596354,0.9996449938105264,0.515,0.5190606636111562,0.5232943233326497,0.5191806850896793,0.5309329885800474,0.5190606636111562,0.4341155652316481,0.4334939407212731,2.733467722513552,0.0649935189503708,0.8257124425384553,0.5592543263905296,0.52,0.5180010530399852,0.522812517615256,0.5229886892671076,0.534736122488903,0.5180010530399852,0.4402598849858127,0.4388918113273715,2.6358964933740365,0.0716547026393939,0.8337187341587432,0.574592639667039,0.522812517615256,0.5180010530399852,0.7201299424929064,0.0716547026393939,,,0.0,0.9873585140666542,0.4469781890511513,0.0152743030116885,0.4446730098569101,0.4293987068452216,0.4717597190679101,0.4717597190679101,facebook_opt-125m_ISEAR_1_101720,/Volumes/Amirali/hidden_states/experiments/baseline_v5_001/models/facebook/opt-125m/datasets/ISEAR/analysis/probes/matrix_runs/unified_v4_20260901_101720,,,,
1,3129718424,layer_7,7,0.5833333333333334,mlp_1_hidden,mlp,1_hidden,single_label,768,13,7,1600,200,200,297991,[384],17.0,0.5771796484072519,-0.1060436218976974,0.996558666229248,0.0383426097711812,0.85875,0.8593895656871854,0.8593799478294603,0.8584252662472477,0.8601933905888313,0.8593895656871854,0.8351911751944264,0.8350456019535418,0.5009516609731414,0.6059537227225222,0.9850907581946332,0.9351091033587916,0.57,0.5748933378243724,0.5771796484072519,0.572409128613496,0.5868307911515135,0.5748933378243724,0.4984505514365685,0.4977075606693338,1.2083268039163413,0.2986966395972252,0.8619406962413766,0.6261144775892309,0.57,0.5684460144971826,0.5665082121554404,0.5661038915948344,0.5693025809473178,0.5684460144971826,0.4981582135323514,0.4974580728101443,1.1368869319062376,0.3208161915321983,0.8817304725917902,0.646997423035031,0.5665082121554404,0.5684460144971826,0.7490791067661757,0.3208161915321983,,,0.0,0.9795210382988484,0.4469781890511513,0.02,0.4916384536640261,0.471638453664026,0.2928717356740198,0.2928717356740198,facebook_opt-125m_ISEAR_1_101720,/Volumes/Amirali/hidden_states/experiments/baseline_v5_001/models/facebook/opt-125m/datasets/ISEAR/analysis/probes/matrix_runs/unified_v4_20260901_101720,,,,
1,3280949891,layer_7,7,0.5833333333333334,mlp_2_hidden,mlp,2_hidden,single_label,768,13,7,1600,200,200,370567,"[384, 192]",27.0,0.5734193754303772,-0.1060436218976974,0.996558666229248,0.0383426097711812,0.994375,0.9943163447630392,0.9945698336557914,0.994395893113274,0.9949311058756336,0.9943163447630392,0.9934519798237648,0.9934311274238112,0.0180359988972208,0.9821256762806362,0.9999633086515156,0.9996190805759756,0.57,0.573766192300675,0.5734193754303772,0.5703555163158751,0.585167383045172,0.573766192300675,0.4993428999507334,0.4979274913888727,2.225087967510077,0.1080579126312073,0.8543103969033934,0.6143631300639,0.59,0.5884481151444445,0.5874535650952428,0.5879519916969739,0.5895161483396778,0.5884481151444445,0.521456317108524,0.5210140483074857,2.013054980290389,0.1335799665240891,0.8721523308647505,0.6366921181587504,0.5874535650952428,0.5884481151444445,0.760728158554262,0.1335799665240891,,,0.0,0.985712539711863,0.4469781890511513,0.02,0.4835179924047695,0.4635179924047695,0.4071162685605486,0.4071162685605486,facebook_opt-125m_ISEAR_1_101720,/Volumes/Amirali/hidden_states/experiments/baseline_v5_001/models/facebook/opt-125m/datasets/ISEAR/analysis/probes/matrix_runs/unified_v4_20260901_101720,,,,
1,3349348861,layer_7,7,0.5833333333333334,mlp_3_hidden,mlp,3_hidden,single_label,768,13,7,1600,200,200,388423,"[384, 192, 96]",20.0,0.5873916559630846,-0.1060436218976974,0.996558666229248,0.0383426097711812,0.96125,0.959979349417088,0.9612098385439986,0.9611954894752244,0.9636613406926592,0.959979349417088,0.9549318100903506,0.9547311431481568,0.1505183472236512,0.8602619464442913,0.9988358199997294,0.993881441994854,0.58,0.5818177956416873,0.5873916559630846,0.5838094239094239,0.5975063074014437,0.5818177956416873,0.5095150348060236,0.5088580950710402,1.698528965143089,0.1829524556397728,0.8545313725550361,0.6032795812122501,0.575,0.572689412511437,0.5738817275454109,0.5738931550554365,0.5831551346776911,0.572689412511437,0.5042363241798096,0.5031128518399439,1.5665507308401236,0.208764025216939,0.871777899273174,0.6228320097373535,0.5738817275454109,0.572689412511437,0.7521181620899048,0.208764025216939,,,0.0,0.9990558243770196,0.4469781890511513,0.02,0.4853224624885074,0.4653224624885074,0.3873281109985876,0.3873281109985876,facebook_opt-125m_ISEAR_1_101720,/Volumes/Amirali/hidden_states/experiments/baseline_v5_001/models/facebook/opt-125m/datasets/ISEAR/analysis/probes/matrix_runs/unified_v4_20260901_101720,,,,
1,329184178,layer_8,8,0.6666666666666666,linear_logistic,logistic,linear,single_label,768,13,7,1600,200,200,5383,[],,,-0.1051270738244056,0.9952165484428406,0.0383426097711812,0.994375,0.994243981499456,0.9945722366831662,0.994398487897344,0.994997406682394,0.994243981499456,0.9934500260020628,0.9934309835870389,0.0367309358244482,0.9639354609599614,0.9999678423596357,0.9996449938105264,0.495,0.4963770322452587,0.499659531700348,0.4974280859352288,0.507443150475018,0.4963770322452587,0.410266350302235,0.4097019286966685,2.6185614448291483,0.0729076691289581,0.8312465968296916,0.5631645051460125,0.505,0.5029250607671075,0.5117729449639388,0.5124035127010671,0.52655276670055,0.5029250607671075,0.4223989802694856,0.4214586255259467,2.753066080486027,0.0637321534201791,0.8212247443031544,0.5493716997052294,0.5117729449639388,0.5029250607671075,0.7111994901347428,0.0637321534201791,,,0.0,0.9777569755934452,0.4474364630877971,0.0152743030116885,0.4365826549320145,0.421308351920326,0.4827992917192274,0.4827992917192274,facebook_opt-125m_ISEAR_1_101720,/Volumes/Amirali/hidden_states/experiments/baseline_v5_001/models/facebook/opt-125m/datasets/ISEAR/analysis/probes/matrix_runs/unified_v4_20260901_101720,,,,
1,3129719421,layer_8,8,0.6666666666666666,mlp_1_hidden,mlp,1_hidden,single_label,768,13,7,1600,200,200,297991,[384],33.0,0.5814170972481746,-0.1051270738244056,0.9952165484428406,0.0383426097711812,0.994375,0.9943163447630392,0.9945698336557914,0.994395893113274,0.9949311058756336,0.9943163447630392,0.9934519798237648,0.9934311274238112,0.0297982389359151,0.9706413514255406,0.9999678423596357,0.9996449938105264,0.58,0.5828706961711887,0.5814170972481746,0.5780990185219678,0.5877184280549471,0.5828706961711887,0.5107094611001747,0.509259800198633,1.563240052233755,0.2094563211613593,0.8694071629702653,0.63522338564487,0.57,0.5694465383008208,0.5743934154718976,0.5740860462637246,0.5832501941947219,0.5694465383008208,0.4983631340690467,0.4976195344218244,1.6433240067965498,0.1933363217703214,0.8634179329184766,0.6284530663112615,0.5743934154718976,0.5694465383008208,0.7491815670345233,0.1933363217703214,,,0.0,0.974938854791874,0.4474364630877971,0.02,0.4805919104788854,0.4605919104788854,0.4201764181838938,0.4201764181838938,facebook_opt-125m_ISEAR_1_101720,/Volumes/Amirali/hidden_states/experiments/baseline_v5_001/models/facebook/opt-125m/datasets/ISEAR/analysis/probes/matrix_runs/unified_v4_20260901_101720,,,,
1,3280950888,layer_8,8,0.6666666666666666,mlp_2_hidden,mlp,2_hidden,single_label,768,13,7,1600,200,200,370567,"[384, 192]",16.0,0.5895621179317888,-0.1051270738244056,0.9952165484428406,0.0383426097711812,0.8075,0.8085486210057129,0.8076936022902416,0.8069004617978969,0.8083177184163157,0.8085486210057129,0.7755202907550005,0.7752546627360556,0.5744041113904143,0.5630402781522156,0.9728032539912166,0.8906988068795538,0.59,0.5919606643128811,0.5895621179317888,0.5861965368816954,0.59994499706824,0.5919606643128811,0.5229612300242116,0.5206920738835632,1.1827044211118072,0.3064488501829377,0.8762907518524372,0.6435349715564451,0.575,0.5764006314618105,0.577359489801886,0.5756217856217856,0.5804495991945167,0.5764006314618105,0.5040754601297254,0.5037220843672456,1.2142728162760743,0.2969258554557441,0.866985359665546,0.6215333776744122,0.577359489801886,0.5764006314618105,0.7520377300648626,0.2969258554557441,,,0.0,0.9887476865883384,0.4474364630877971,0.02,0.4945448040382705,0.4745448040382705,0.2303341124883555,0.2303341124883555,facebook_opt-125m_ISEAR_1_101720,/Volumes/Amirali/hidden_states/experiments/baseline_v5_001/models/facebook/opt-125m/datasets/ISEAR/analysis/probes/matrix_runs/unified_v4_20260901_101720,,,,
1,3349349858,layer_8,8,0.6666666666666666,mlp_3_hidden,mlp,3_hidden,single_label,768,13,7,1600,200,200,388423,"[384, 192, 96]",19.0,0.5917752379824002,-0.1051270738244056,0.9952165484428406,0.0383426097711812,0.92625,0.9271177050412944,0.92756641122856,0.927080171925458,0.9315782423210583,0.9271177050412944,0.9145365282362928,0.9138991333820082,0.2398168724331048,0.786771927503668,0.9958286746356672,0.9795721284230716,0.59,0.5905819629649678,0.5917752379824002,0.5908060648545824,0.6163284813266545,0.5905819629649678,0.5234062691269088,0.521000058414627,1.483524152634949,0.2268368703557862,0.8704655029109054,0.6276046269936211,0.59,0.5911117268180673,0.5957832788477949,0.5946762820512821,0.6109029380475073,0.5911117268180673,0.5225474137934276,0.5212797010917158,1.5260239745279762,0.2173983324977521,0.8675343461698267,0.625255700066433,0.5957832788477949,0.5911117268180673,0.7612737068967138,0.2173983324977521,,,0.0,0.9990811855599536,0.4474364630877971,0.02,0.4958234097293263,0.4758234097293263,0.3317831323807652,0.3317831323807652,facebook_opt-125m_ISEAR_1_101720,/Volumes/Amirali/hidden_states/experiments/baseline_v5_001/models/facebook/opt-125m/datasets/ISEAR/analysis/probes/matrix_runs/unified_v4_20260901_101720,,,,
1,329185175,layer_9,9,0.75,linear_logistic,logistic,linear,single_label,768,13,7,1600,200,200,5383,[],,,-0.1032290756702423,0.9923956394195556,0.0383426097711812,0.994375,0.994243981499456,0.9945722366831662,0.994398487897344,0.994997406682394,0.994243981499456,0.9934500260020628,0.9934309835870389,0.0377394875173273,0.96296377230047,0.9999678423596357,0.9996449938105264,0.485,0.4877328473387586,0.4971366298848139,0.4945878196598535,0.5235874349739895,0.4877328473387586,0.400182126876064,0.3981887233420975,2.7453979270817177,0.0642227398916577,0.8305651622653467,0.5632518723178042,0.495,0.4953715587753407,0.5072120912943231,0.5056590334452905,0.5259237597035185,0.4953715587753407,0.4108917614789985,0.4099778011449936,2.8240349210049103,0.0593659219966321,0.8139549636055774,0.5321216454999064,0.5072120912943231,0.4953715587753407,0.7054458807394992,0.0593659219966321,,,0.0,0.9704143579177116,0.4483854621648788,0.0152743030116885,0.432322939850485,0.4170486368387965,0.4873601453888431,0.4873601453888431,facebook_opt-125m_ISEAR_1_101720,/Volumes/Amirali/hidden_states/experiments/baseline_v5_001/models/facebook/opt-125m/datasets/ISEAR/analysis/probes/matrix_runs/unified_v4_20260901_101720,,,,
1,3129720418,layer_9,9,0.75,mlp_1_hidden,mlp,1_hidden,single_label,768,13,7,1600,200,200,297991,[384],15.0,0.5717222878493248,-0.1032290756702423,0.9923956394195556,0.0383426097711812,0.73125,0.7324484961944285,0.731197757856833,0.7298557479332481,0.7319719029150248,0.7324484961944285,0.686428620417911,0.6861369711031602,0.7853663030165644,0.4559526543598165,0.9543300038707077,0.8196160081611185,0.57,0.5717847594387003,0.5717222878493248,0.568296441233443,0.585942985011308,0.5717847594387003,0.5001457795976684,0.4971201356606145,1.2147195055327522,0.2967932514846718,0.8622733143329945,0.6121037213955248,0.56,0.5611430961820283,0.5618423221518024,0.5591471719824329,0.5776505499331587,0.5611430961820283,0.4874278826601865,0.4857710512475895,1.200310902120857,0.301100584548156,0.8683461185962119,0.6349554896885018,0.5618423221518024,0.5611430961820283,0.7437139413300933,0.301100584548156,,,0.0,0.9668715049558728,0.4483854621648788,0.02,0.4854056182234157,0.4654056182234157,0.1693554357050306,0.1693554357050306,facebook_opt-125m_ISEAR_1_101720,/Volumes/Amirali/hidden_states/experiments/baseline_v5_001/models/facebook/opt-125m/datasets/ISEAR/analysis/probes/matrix_runs/unified_v4_20260901_101720,,,,
1,3280951885,layer_9,9,0.75,mlp_2_hidden,mlp,2_hidden,single_label,768,13,7,1600,200,200,370567,"[384, 192]",15.0,0.5889346307482423,-0.1032290756702423,0.9923956394195556,0.0383426097711812,0.721875,0.7221239219580572,0.7227617692643239,0.7214436390701487,0.7256282581525599,0.7221239219580572,0.6754138386391201,0.6750524730925649,0.7947658780757788,0.4516869723674985,0.945590698112774,0.7944953706823977,0.58,0.5801222529978688,0.5889346307482423,0.5863269720968358,0.6067185375696014,0.5801222529978688,0.5106875601523856,0.5085420079569389,1.1957281200699712,0.3024836295789598,0.8635899537635406,0.6181595613047358,0.525,0.5211296140105929,0.5254291853968532,0.5261249426681232,0.5409348087060911,0.5211296140105929,0.4460897966597857,0.444346961455226,1.278048069932341,0.2785805398300363,0.8503305552556429,0.5895867680364029,0.5254291853968532,0.5211296140105929,0.7230448983298928,0.2785805398300363,,,0.0,0.9261558269346,0.4483854621648788,0.02,0.4608763829849936,0.4408763829849936,0.1973325838674706,0.1973325838674706,facebook_opt-125m_ISEAR_1_101720,/Volumes/Amirali/hidden_states/experiments/baseline_v5_001/models/facebook/opt-125m/datasets/ISEAR/analysis/probes/matrix_runs/unified_v4_20260901_101720,,,,
1,3349350855,layer_9,9,0.75,mlp_3_hidden,mlp,3_hidden,single_label,768,13,7,1600,200,200,388423,"[384, 192, 96]",17.0,0.5799880549735388,-0.1032290756702423,0.9923956394195556,0.0383426097711812,0.815625,0.8150919100602286,0.8168417296293292,0.8157288473311304,0.8204537957197738,0.8150919100602286,0.7848777841979643,0.7845581113414635,0.5479885234956292,0.5781114993315971,0.9742023828838688,0.8923893723747123,0.575,0.5751122509127434,0.5799880549735388,0.577898259541535,0.59457498644278,0.5751122509127434,0.5049084100265491,0.502953043681656,1.2619308819902495,0.2831068524827703,0.8630727878679156,0.6033814323642772,0.57,0.568336681239907,0.5772990513728548,0.5771106878060843,0.5940921646019728,0.568336681239907,0.4984946142492444,0.4974580728101443,1.237988038449461,0.2899670339639906,0.8706057540034653,0.6373247112640913,0.5772990513728548,0.568336681239907,0.7492473071246222,0.2899670339639906,,,0.0,0.9997680597526216,0.4483854621648788,0.02,0.4933551435777981,0.4733551435777981,0.2395426782564744,0.2395426782564744,facebook_opt-125m_ISEAR_1_101720,/Volumes/Amirali/hidden_states/experiments/baseline_v5_001/models/facebook/opt-125m/datasets/ISEAR/analysis/probes/matrix_runs/unified_v4_20260901_101720,,,,
1,329186172,layer_10,10,0.8333333333333334,linear_logistic,logistic,linear,single_label,768,13,7,1600,200,200,5383,[],,,-0.1005202159285545,0.9878594875335692,0.0383426097711812,0.994375,0.9943163447630392,0.9945698336557914,0.994395893113274,0.9949311058756336,0.9943163447630392,0.9934519798237648,0.9934311274238112,0.0389487369978106,0.961800012638787,0.9999678423596354,0.9996449938105264,0.485,0.4907959389178601,0.4982958885042797,0.4937370915789366,0.5171926113102583,0.4907959389178601,0.4001778884467481,0.3987157034442499,2.693504389820954,0.0676434744266789,0.8307131734031028,0.5423316316578294,0.505,0.5027014142698236,0.5141322552063691,0.5133811419856532,0.5379968234957678,0.5027014142698236,0.4226645330107399,0.4209510440428144,2.889643849623684,0.0555960096256666,0.8183961554277946,0.5617856709143587,0.5141322552063691,0.5027014142698236,0.71133226650537,0.0555960096256666,,,0.0,0.9797001188815384,0.4497398920357227,0.0152743030116885,0.436654723370378,0.4213804203586895,0.4804375784494223,0.4804375784494223,facebook_opt-125m_ISEAR_1_101720,/Volumes/Amirali/hidden_states/experiments/baseline_v5_001/models/facebook/opt-125m/datasets/ISEAR/analysis/probes/matrix_runs/unified_v4_20260901_101720,,,,
1,3129721415,layer_10,10,0.8333333333333334,mlp_1_hidden,mlp,1_hidden,single_label,768,13,7,1600,200,200,297991,[384],14.0,0.5847522183695928,-0.1005202159285545,0.9878594875335692,0.0383426097711812,0.666875,0.6687487199973525,0.6631068032116981,0.6613257772854072,0.6646299220803947,0.6687487199973525,0.6120113458375067,0.6109920296244531,0.980555706501055,0.3751025939729736,0.9240878856061592,0.7377304227076672,0.59,0.5942388265356247,0.5847522183695928,0.5793328417990294,0.5927579365079365,0.5942388265356247,0.5233226852272376,0.5207761089357723,1.2504986680750896,0.2863619616812676,0.8542966200219357,0.6185108456548833,0.515,0.5147801360259647,0.5081611630553234,0.5075872655556273,0.5085508332939075,0.5147801360259647,0.4346240770609979,0.4335435645877131,1.2389028965618991,0.289701876579815,0.8593106874553164,0.5950269145369996,0.5081611630553234,0.5147801360259647,0.717312038530499,0.289701876579815,,,0.0,0.9222301380596082,0.4497398920357227,0.02,0.4555343130130288,0.4355343130130288,0.1549456401563747,0.1549456401563747,facebook_opt-125m_ISEAR_1_101720,/Volumes/Amirali/hidden_states/experiments/baseline_v5_001/models/facebook/opt-125m/datasets/ISEAR/analysis/probes/matrix_runs/unified_v4_20260901_101720,,,,
1,3280952882,layer_10,10,0.8333333333333334,mlp_2_hidden,mlp,2_hidden,single_label,768,13,7,1600,200,200,370567,"[384, 192]",16.0,0.5897652650936551,-0.1005202159285545,0.9878594875335692,0.0383426097711812,0.79,0.7894227279105068,0.7886371857884408,0.7884759121295757,0.7902764341336638,0.7894227279105068,0.7550516870353797,0.7546948378229896,0.6328121260234663,0.5310961896528201,0.9676749709599016,0.8656370239270007,0.585,0.5880275592406135,0.5897652650936551,0.5855829644586616,0.5960492429496638,0.5880275592406135,0.515781324046772,0.5148752118767901,1.2035513968696288,0.3001264488782709,0.8631037997126143,0.6131763808856896,0.585,0.5864362021202956,0.5889102716644601,0.58700855072187,0.5920391896889593,0.5864362021202956,0.515462174771245,0.5153567674880299,1.2061570964079782,0.2993454275243794,0.8637610055023871,0.6213761751086412,0.5889102716644601,0.5864362021202956,0.7577310873856224,0.2993454275243794,,,0.0,0.9892319614342164,0.4497398920357227,0.02,0.5001973948396484,0.4801973948396484,0.1997269141239807,0.1997269141239807,facebook_opt-125m_ISEAR_1_101720,/Volumes/Amirali/hidden_states/experiments/baseline_v5_001/models/facebook/opt-125m/datasets/ISEAR/analysis/probes/matrix_runs/unified_v4_20260901_101720,,,,
1,3349351852,layer_10,10,0.8333333333333334,mlp_3_hidden,mlp,3_hidden,single_label,768,13,7,1600,200,200,388423,"[384, 192, 96]",19.0,0.6146612590599593,-0.1005202159285545,0.9878594875335692,0.0383426097711812,0.93125,0.9315990103265596,0.9317596046328306,0.9315167389953491,0.9323657094886656,0.9315990103265596,0.9197988243931156,0.9197258272116676,0.2510043826115049,0.7780189617966325,0.9953399731768404,0.977825122772931,0.61,0.6118279982196239,0.6146612590599593,0.6127539262021686,0.6219398317650151,0.6118279982196239,0.5453362371726441,0.5442993602664096,1.422006848016675,0.2412294200204048,0.8699366592083964,0.62971282679296,0.58,0.5810089263926861,0.5867734888300246,0.5851423354923496,0.5950419124598164,0.5810089263926861,0.5098042874631976,0.509431758453542,1.485612591512495,0.2263636297559142,0.8614080455507569,0.6204784041718708,0.5867734888300246,0.5810089263926861,0.7549021437315988,0.2263636297559142,,,0.0,0.9912697610285542,0.4497398920357227,0.02,0.4913303664063818,0.4713303664063818,0.344986115802806,0.344986115802806,facebook_opt-125m_ISEAR_1_101720,/Volumes/Amirali/hidden_states/experiments/baseline_v5_001/models/facebook/opt-125m/datasets/ISEAR/analysis/probes/matrix_runs/unified_v4_20260901_101720,,,,
1,329187169,layer_11,11,0.9166666666666666,linear_logistic,logistic,linear,single_label,768,13,7,1600,200,200,5383,[],,,-0.0961421057581901,0.9796923398971558,0.0383426097711812,0.994375,0.9943163447630392,0.9945698336557914,0.994395893113274,0.9949311058756336,0.9943163447630392,0.9934519798237648,0.9934311274238112,0.0401164082853005,0.9606776018106996,0.9999678423596357,0.9996449938105264,0.5,0.5072936778601803,0.5123432338709694,0.5067446058835207,0.5299563311228211,0.5072936778601803,0.4182783170882251,0.4162969880924585,2.695301108076844,0.0675220472791369,0.8247915811739531,0.5386308892494464,0.525,0.5255907730879922,0.5321697995254661,0.530751810832709,0.5414895212942751,0.5255907730879922,0.4456017145786484,0.4450934579439252,2.52182130889802,0.0803131983197879,0.8336805097153367,0.5884006630961128,0.5321697995254661,0.5255907730879922,0.7228008572893242,0.0803131983197879,,,0.0,0.9739685317983452,0.4519289471209049,0.0152743030116885,0.4483258148058225,0.433051511794134,0.4624000341303254,0.4624000341303254,facebook_opt-125m_ISEAR_1_101720,/Volumes/Amirali/hidden_states/experiments/baseline_v5_001/models/facebook/opt-125m/datasets/ISEAR/analysis/probes/matrix_runs/unified_v4_20260901_101720,,,,
1,3129722412,layer_11,11,0.9166666666666666,mlp_1_hidden,mlp,1_hidden,single_label,768,13,7,1600,200,200,297991,[384],18.0,0.5901395325432636,-0.0961421057581901,0.9796923398971558,0.0383426097711812,0.884375,0.8842768067195712,0.8838782052451232,0.8843092384731078,0.8839001625845907,0.8842768067195712,0.865066809394558,0.8650032882644987,0.4552173178323886,0.634310106071535,0.9902201063229096,0.9567348854933012,0.585,0.5884200239187924,0.5901395325432636,0.5868244617705576,0.6005627912460211,0.5884200239187924,0.5166854121191282,0.5151585957123663,1.2011473476051435,0.3008488356256971,0.8633046480488771,0.6124080197547023,0.595,0.5982222367094447,0.5953033757277663,0.5926105512776684,0.5931886512531673,0.5982222367094447,0.5274048573075175,0.5272971316856818,1.2150565723191655,0.2966932291952075,0.8638656709972595,0.6302050686343675,0.5953033757277663,0.5982222367094447,0.7637024286537588,0.2966932291952075,,,0.0,0.9927442948900038,0.4519289471209049,0.02,0.5046547435009885,0.4846547435009884,0.2885748295173569,0.2885748295173569,facebook_opt-125m_ISEAR_1_101720,/Volumes/Amirali/hidden_states/experiments/baseline_v5_001/models/facebook/opt-125m/datasets/ISEAR/analysis/probes/matrix_runs/unified_v4_20260901_101720,,,,
1,3280953879,layer_11,11,0.9166666666666666,mlp_2_hidden,mlp,2_hidden,single_label,768,13,7,1600,200,200,370567,"[384, 192]",17.0,0.5810805360059039,-0.0961421057581901,0.9796923398971558,0.0383426097711812,0.84625,0.8464889215144595,0.846778349546713,0.8461747697878315,0.8478145266669365,0.8464889215144595,0.8205593559876326,0.8204361540124947,0.4850799807864752,0.6156479547874896,0.9827380461802466,0.9260550055036884,0.58,0.5830451249170461,0.5810805360059039,0.5768350476178334,0.591175359032502,0.5830451249170461,0.5110389262355023,0.5090016366612111,1.2565873698422283,0.2846236863892092,0.8628617338747043,0.6090985806382196,0.54,0.5414588089782751,0.5417136823053393,0.5404450775839397,0.5438701109585425,0.5414588089782751,0.4632523001070169,0.4630089012111483,1.2783112359441655,0.2785072365462868,0.8625360020011864,0.6354994908599292,0.5417136823053393,0.5414588089782751,0.7316261500535084,0.2785072365462868,,,0.0,0.9725157364110472,0.4519289471209049,0.02,0.474089909082881,0.454089909082881,0.3050646672413737,0.3050646672413737,facebook_opt-125m_ISEAR_1_101720,/Volumes/Amirali/hidden_states/experiments/baseline_v5_001/models/facebook/opt-125m/datasets/ISEAR/analysis/probes/matrix_runs/unified_v4_20260901_101720,,,,
1,3349352849,layer_11,11,0.9166666666666666,mlp_3_hidden,mlp,3_hidden,single_label,768,13,7,1600,200,200,388423,"[384, 192, 96]",15.0,0.5634112295854155,-0.0961421057581901,0.9796923398971558,0.0383426097711812,0.635625,0.6361235388756518,0.6333309766260017,0.6323087197365305,0.6346005853343091,0.6361235388756518,0.5750125907345381,0.574404209237272,1.0048835057412546,0.3660872793862908,0.912438564270922,0.7039871953090566,0.56,0.5623571488719271,0.5634112295854155,0.5594790798968442,0.5699560687060689,0.5623571488719271,0.4864312390158949,0.4855906938680072,1.2685946064822202,0.2812265781887966,0.8511647165371267,0.580710365174376,0.505,0.5039525217500745,0.5021750017181484,0.5009900438368448,0.5095678131392417,0.5039525217500745,0.4226341182530678,0.4214079074252652,1.274932312754162,0.2794498827741778,0.8479772279113466,0.5716378644122342,0.5021750017181484,0.5039525217500745,0.7113170591265339,0.2794498827741778,,,0.0,0.921784975685876,0.4519289471209049,0.02,0.450554120763079,0.430554120763079,0.1311559749078532,0.1311559749078532,facebook_opt-125m_ISEAR_1_101720,/Volumes/Amirali/hidden_states/experiments/baseline_v5_001/models/facebook/opt-125m/datasets/ISEAR/analysis/probes/matrix_runs/unified_v4_20260901_101720,,,,
1,329188166,layer_12,12,1.0,linear_logistic,logistic,linear,single_label,768,13,7,1600,200,200,5383,[],,,-0.0045490129850804,0.1474896371364593,0.0383426097711812,0.994375,0.9943163447630392,0.9945698336557914,0.994395893113274,0.9949311058756336,0.9943163447630392,0.9934519798237648,0.9934311274238112,0.0397452251650885,0.9610342553082416,0.9999678423596357,0.9996449938105264,0.525,0.5310005744119045,0.5381271723267832,0.5332693392090379,0.5568085737756999,0.5310005744119045,0.4474735966406106,0.4454983219028162,2.5407579536829696,0.0788066453608968,0.8308209798105305,0.5572593000593632,0.52,0.5202997677969871,0.5241383603917297,0.5230753008347347,0.5328438570776852,0.5202997677969871,0.4402115197771959,0.4392195805829779,2.5972474875218494,0.0744782987838743,0.8318795571983986,0.5865015497402446,0.5241383603917297,0.5202997677969871,0.720105759888598,0.0744782987838743,,,0.0,0.9778317719509632,0.4977254935074597,0.0152743030116885,0.4472127009996269,0.4319383979879383,0.4704314732640617,0.4704314732640617,facebook_opt-125m_ISEAR_1_101720,/Volumes/Amirali/hidden_states/experiments/baseline_v5_001/models/facebook/opt-125m/datasets/ISEAR/analysis/probes/matrix_runs/unified_v4_20260901_101720,,,,
1,3129723409,layer_12,12,1.0,mlp_1_hidden,mlp,1_hidden,single_label,768,13,7,1600,200,200,297991,[384],19.0,0.5571467196917378,-0.0045490129850804,0.1474896371364593,0.0383426097711812,0.926875,0.9271707315161596,0.9269373540692936,0.926886779749156,0.927030525568877,0.9271707315161596,0.914672032318408,0.9146198851746916,0.3649365042037107,0.6942407308465391,0.9946741857851964,0.9754330963087456,0.55,0.5519771347973318,0.5571467196917378,0.5541932016049664,0.5729522014084226,0.5519771347973318,0.4759701422378496,0.4739610731194107,1.2515719441082716,0.2860547811252318,0.8615504471002964,0.6019481093121609,0.59,0.5917272074113009,0.5921591112473029,0.589618705623948,0.5954458240172525,0.5917272074113009,0.5214969117210251,0.5210699997079695,1.2132454419725671,0.2972310662056813,0.8710906715806779,0.6460962660424194,0.5921591112473029,0.5917272074113009,0.7607484558605125,0.2972310662056813,,,0.0,0.9886245654905378,0.4977254935074597,0.02,0.5043829651475927,0.4843829651475927,0.3347782428219907,0.3347782428219907,facebook_opt-125m_ISEAR_1_101720,/Volumes/Amirali/hidden_states/experiments/baseline_v5_001/models/facebook/opt-125m/datasets/ISEAR/analysis/probes/matrix_runs/unified_v4_20260901_101720,,,,
1,3280954876,layer_12,12,1.0,mlp_2_hidden,mlp,2_hidden,single_label,768,13,7,1600,200,200,370567,"[384, 192]",18.0,0.5854332623592586,-0.0045490129850804,0.1474896371364593,0.0383426097711812,0.910625,0.910709603169399,0.9109347461939628,0.9105892494447122,0.9115910699238542,0.910709603169399,0.8957072161043977,0.8956242472902449,0.3200542324494146,0.7261096573006107,0.9936793598275704,0.9701084840315948,0.585,0.5891643534808558,0.5854332623592586,0.5811885639836305,0.5891593396251781,0.5891643534808558,0.5165597577849901,0.5152152327550961,1.3454645008176396,0.2604187150554508,0.8619744186470296,0.6119959168387663,0.545,0.546114187382263,0.546406382848294,0.5451152400231347,0.5475686299923314,0.546114187382263,0.4688568251828184,0.4687062120504436,1.343594518826103,0.2609061489671425,0.864538590251586,0.6242039647938841,0.546406382848294,0.546114187382263,0.7344284125914092,0.2609061489671425,,,0.0,0.97920007938602,0.4977254935074597,0.02,0.4775798832188135,0.4575798832188135,0.3645283633456687,0.3645283633456687,facebook_opt-125m_ISEAR_1_101720,/Volumes/Amirali/hidden_states/experiments/baseline_v5_001/models/facebook/opt-125m/datasets/ISEAR/analysis/probes/matrix_runs/unified_v4_20260901_101720,,,,
1,3349353846,layer_12,12,1.0,mlp_3_hidden,mlp,3_hidden,single_label,768,13,7,1600,200,200,388423,"[384, 192, 96]",25.0,0.5662834132442545,-0.0045490129850804,0.1474896371364593,0.0383426097711812,0.991875,0.9918318727133498,0.992055320592565,0.9918849504488182,0.9924456152786356,0.9918318727133498,0.9905433082851168,0.9905116717841296,0.0270651032881226,0.9732978745697032,0.9999390675183442,0.9994816819694796,0.565,0.5687431581828134,0.5662834132442545,0.5621906814162314,0.5707033048523593,0.5687431581828134,0.4927550257206438,0.4916591194601069,2.268407486186633,0.1034768372315643,0.8476096771564209,0.5855187379901341,0.58,0.5812124265961864,0.5811146169640365,0.580094190593694,0.5821247509442726,0.5812124265961864,0.5098382809683435,0.5096894699976652,2.163034410758895,0.114975707649992,0.8652332353336213,0.6026001690532399,0.5811146169640365,0.5812124265961864,0.7549191404841717,0.114975707649992,,,0.0,0.9822767872830894,0.4977254935074597,0.02,0.4803099134717439,0.4603099134717439,0.4109407036285284,0.4109407036285284,facebook_opt-125m_ISEAR_1_101720,/Volumes/Amirali/hidden_states/experiments/baseline_v5_001/models/facebook/opt-125m/datasets/ISEAR/analysis/probes/matrix_runs/unified_v4_20260901_101720,,,,
0,329176201,layer_0,0,0.0,linear_logistic,logistic,linear,single_label,768,13,7,800,100,100,5383,[],,,-0.0176020730286836,0.1931867897510528,0.0394088669950738,0.9925,0.9927017193929532,0.9926265763522862,0.9925657056370304,0.9927971188475392,0.9927017193929532,0.9912854826891188,0.9912420745335948,0.0358320573229581,0.9648023113608704,0.999953744607584,0.9995188372694864,0.39,0.3994047619047619,0.3881155881155881,0.3815213675213675,0.3924054120482692,0.3994047619047619,0.2914900540370286,0.2892099743649499,2.850761286073421,0.0578003015567028,0.7678190604994641,0.4700907802173694,0.42,0.4203231292517007,0.4191376084233227,0.4197977855477856,0.4254768574096305,0.4203231292517007,0.3238537149451752,0.3229835414964398,2.4617643657194983,0.085284345369334,0.7876604568888866,0.490258972140777,0.4191376084233227,0.4203231292517007,0.6619268574725876,0.085284345369334,0.1317059815237368,0.2874316268995859,0.3353368980495169,0.9701094645307716,0.4911989634856581,0.0152743030116885,0.4642886088886708,0.4490143058769822,0.5734889679289634,0.5734889679289634,google-bert_bert-base-uncased_ISEAR_dd0fdc,/Volumes/Amirali/hidden_states/master_runs/ISEAR__google-bert/bert-base-uncased/dd0fdc4dbc4f8bf70821,1.0.0,dd0fdc4dbc4f8bf70821,0.1428571428571428,0.3223272098272098
0,3129711444,layer_0,0,0.0,mlp_1_hidden,mlp,1_hidden,single_label,768,13,7,800,100,100,297991,[384],33.0,0.4219852397192299,-0.0176020730286836,0.1931867897510528,0.0394088669950738,0.9925,0.9923376233120428,0.9927041237749966,0.9925304492389944,0.9932184932184932,0.9923376233120428,0.9912694938253308,0.9912405402396808,0.0577998641967666,0.9438388244768984,0.9998838893782988,0.9992145645981502,0.43,0.4383503401360544,0.4219852397192299,0.4162410003789314,0.4162393162393162,0.4383503401360544,0.3373564892917725,0.3356643356643356,1.8239019422913267,0.1613947676348057,0.8089364027852157,0.5075432525657572,0.57,0.5668367346938775,0.5795003316011719,0.5771183718242542,0.6237758261199217,0.5668367346938775,0.4989557335442589,0.4964281531795292,1.5208842437080616,0.2185185778210859,0.8378212225693661,0.5968386393810462,0.5795003316011719,0.5668367346938775,0.7494778667721295,0.2185185778210859,0.1428493105552864,0.4366510210458854,0.5094261912201996,0.9019236042616372,0.4911989634856581,0.02,0.5808116777467891,0.5608116777467891,0.4132037921738247,0.4132037921738247,google-bert_bert-base-uncased_ISEAR_dd0fdc,/Volumes/Amirali/hidden_states/master_runs/ISEAR__google-bert/bert-base-uncased/dd0fdc4dbc4f8bf70821,1.0.0,dd0fdc4dbc4f8bf70821,0.1428571428571428,0.5094170535347005
0,3280942911,layer_0,0,0.0,mlp_2_hidden,mlp,2_hidden,single_label,768,13,7,800,100,100,370567,"[384, 192]",30.0,0.45942366336455,-0.0176020730286836,0.1931867897510528,0.0394088669950738,0.9925,0.9923376233120428,0.9927041237749966,0.9925304492389944,0.9932184932184932,0.9923376233120428,0.9912694938253308,0.9912405402396808,0.0237323307079373,0.9765470664397096,0.999953744607584,0.9995188372694864,0.46,0.466156462585034,0.45942366336455,0.4555611974232663,0.4576465201465201,0.466156462585034,0.3709847005802051,0.3703358208955223,2.716833025082153,0.0660837088234115,0.7993135557605706,0.5198208673704617,0.54,0.5375,0.5458343337334933,0.5453546218487394,0.5702665755297335,0.5375,0.4638316607895605,0.4619253713884665,2.0706278272863825,0.126106583692069,0.8426809238494551,0.5942553962263809,0.5458343337334933,0.5375,0.7319158303947803,0.126106583692069,0.1223019770519362,0.4235323566815571,0.4941210827951499,0.9748148907611334,0.4911989634856581,0.02,0.5603472701712234,0.5403472701712234,0.4468697900415033,0.4468697900415033,google-bert_bert-base-uncased_ISEAR_dd0fdc,/Volumes/Amirali/hidden_states/master_runs/ISEAR__google-bert/bert-base-uncased/dd0fdc4dbc4f8bf70821,1.0.0,dd0fdc4dbc4f8bf70821,0.1428571428571428,0.4701400560224089
0,329177198,layer_1,1,0.0833333333333333,linear_logistic,logistic,linear,single_label,768,13,7,800,100,100,5383,[],,,-0.0098753562197089,0.1321167647838592,0.0394088669950738,0.9925,0.9925614960469776,0.9926888923154406,0.9925142362157986,0.9930327404554208,0.9925614960469776,0.991280882993556,0.9912410836969195,0.0369996295096385,0.9636764923818392,0.999953744607584,0.9995188372694864,0.47,0.4777210884353741,0.4672644637792421,0.4642777951933124,0.4823591717388709,0.4777210884353741,0.3859728640125344,0.3830034924330617,2.980000380583976,0.0507928145339635,0.7941995053835488,0.5149144994698057,0.46,0.4575680272108843,0.4614926749713103,0.4608222623432506,0.4732331160902589,0.4575680272108843,0.3691056522744293,0.3679775280898876,2.502943528688608,0.0818437343339246,0.796267418172343,0.5278948879306208,0.4614926749713103,0.4575680272108843,0.6845528261372147,0.0818437343339246,0.1395243023437601,0.3219683726275502,0.3756297680654751,0.9689863416250708,0.4950623218901455,0.0152743030116885,0.4916533740485442,0.4763790710368557,0.5311962173441303,0.5311962173441303,google-bert_bert-base-uncased_ISEAR_dd0fdc,/Volumes/Amirali/hidden_states/master_runs/ISEAR__google-bert/bert-base-uncased/dd0fdc4dbc4f8bf70821,1.0.0,dd0fdc4dbc4f8bf70821,0.1428571428571428,0.3717414541331954
0,3129712441,layer_1,1,0.0833333333333333,mlp_1_hidden,mlp,1_hidden,single_label,768,13,7,800,100,100,297991,[384],37.0,0.5028081262452787,-0.0098753562197089,0.1321167647838592,0.0394088669950738,0.9925,0.9925614960469776,0.9926888923154406,0.9925142362157986,0.9930327404554208,0.9925614960469776,0.991280882993556,0.9912410836969195,0.0396272079244127,0.961147680612187,0.999948563367817,0.9994936686396666,0.51,0.5148809523809524,0.5028081262452787,0.5007148284418584,0.507775231304643,0.5148809523809524,0.4311521442545094,0.4288378598904301,2.052648306087046,0.1283944252035023,0.8156640319975771,0.5521548501493091,0.47,0.465391156462585,0.4673645242254264,0.4690848174729753,0.480284421460892,0.465391156462585,0.3806487464716539,0.379754242246928,1.6796591865894812,0.1864375056150666,0.8330736633977059,0.5683411015116058,0.4673645242254264,0.465391156462585,0.690324373235827,0.1864375056150666,0.1549403927967043,0.3124241314287221,0.3644948200001758,0.9681831005848412,0.4950623218901455,0.02,0.5033126012256517,0.4833126012256517,0.5253243680900141,0.5253243680900141,google-bert_bert-base-uncased_ISEAR_dd0fdc,/Volumes/Amirali/hidden_states/master_runs/ISEAR__google-bert/bert-base-uncased/dd0fdc4dbc4f8bf70821,1.0.0,dd0fdc4dbc4f8bf70821,0.1428571428571428,0.3785919449296642
0,3280943908,layer_1,1,0.0833333333333333,mlp_2_hidden,mlp,2_hidden,single_label,768,13,7,800,100,100,370567,"[384, 192]",26.0,0.4989659050389053,-0.0098753562197089,0.1321167647838592,0.0394088669950738,0.9925,0.9925614960469776,0.9926888923154406,0.9925142362157986,0.9930327404554208,0.9925614960469776,0.991280882993556,0.9912410836969195,0.0427884733999369,0.9581140352381996,0.9999182896371815,0.9993595250055228,0.51,0.516156462585034,0.4989659050389053,0.4944963961360923,0.4973844083087781,0.516156462585034,0.431139901290597,0.4285714285714286,2.327559779498888,0.0975334600843547,0.8261387149997421,0.5648401276576464,0.5,0.5004251700680272,0.4983199729743508,0.4936900620771588,0.5109345020059306,0.5004251700680272,0.4169266004245858,0.414519906323185,1.9294627335720336,0.1452262026903931,0.8298235948713523,0.5678071126531448,0.4983199729743508,0.5004251700680272,0.7084633002122929,0.1452262026903931,0.1245552124640981,0.3737647605102527,0.4360588872619614,0.9534122966262774,0.4950623218901455,0.02,0.5277420072642023,0.5077420072642023,0.4943689193410897,0.4943689193410897,google-bert_bert-base-uncased_ISEAR_dd0fdc,/Volumes/Amirali/hidden_states/master_runs/ISEAR__google-bert/bert-base-uncased/dd0fdc4dbc4f8bf70821,1.0.0,dd0fdc4dbc4f8bf70821,0.1428571428571428,0.4147066351367426
0,329178195,layer_2,2,0.1666666666666666,linear_logistic,logistic,linear,single_label,768,13,7,800,100,100,5383,[],,,-0.010774333961308,0.1267221868038177,0.0394088669950738,0.9925,0.9929255921278878,0.9926022002648232,0.992540450862992,0.9924222398449204,0.9929255921278878,0.9912679417621688,0.991242617800474,0.0355286657902805,0.9650950686206362,0.999953744607584,0.9995188372694864,0.45,0.4598639455782312,0.4461213792534307,0.4392679171856035,0.4502679393435696,0.4598639455782312,0.3616456349374758,0.3591984154724454,3.03127915814317,0.0482538742953915,0.7837282291352059,0.508234567886503,0.44,0.4373299319727891,0.4425209940226625,0.4435515530076153,0.4595761381475666,0.4373299319727891,0.3466822490987244,0.3452589734596049,2.583635234558153,0.0754990478127642,0.7858429275515704,0.5206274138856776,0.4425209940226625,0.4373299319727891,0.6733411245493622,0.0754990478127642,0.143612648983771,0.2989083450388915,0.3487264025453734,0.9903128350385516,0.494612833019346,0.0152743030116885,0.4782880174291619,0.4630137144174733,0.5500812062421607,0.5500812062421607,google-bert_bert-base-uncased_ISEAR_dd0fdc,/Volumes/Amirali/hidden_states/master_runs/ISEAR__google-bert/bert-base-uncased/dd0fdc4dbc4f8bf70821,1.0.0,dd0fdc4dbc4f8bf70821,0.1428571428571428,0.3496078263597729
0,3129713438,layer_2,2,0.1666666666666666,mlp_1_hidden,mlp,1_hidden,single_label,768,13,7,800,100,100,297991,[384],27.0,0.4846794344978135,-0.010774333961308,0.1267221868038177,0.0394088669950738,0.9875,0.987581662895778,0.9877116531381503,0.9875559036018428,0.9882256902761104,0.987581662895778,0.9854689809965356,0.9854024454553252,0.1310333312323114,0.8771885361288939,0.9998189291019308,0.9988637703095424,0.49,0.496343537414966,0.4846794344978135,0.4806916659136772,0.4915966386554621,0.496343537414966,0.407932325139948,0.4054558172068081,1.7507455184787666,0.1736444400440641,0.8130348740976306,0.5338920154764698,0.45,0.4518707482993198,0.4572061675986672,0.4539432703003336,0.4742089143349647,0.4518707482993198,0.3586147338750537,0.3571011104617182,1.5892283741824484,0.2040830267260129,0.8191203347089363,0.5431471107646427,0.4572061675986672,0.4518707482993198,0.6793073669375269,0.2040830267260129,0.1295916708274616,0.3276144967712056,0.3822169128997398,0.9333320874182384,0.494612833019346,0.02,0.4988937948305342,0.4788937948305342,0.5305054855394833,0.5305054855394833,google-bert_bert-base-uncased_ISEAR_dd0fdc,/Volumes/Amirali/hidden_states/master_runs/ISEAR__google-bert/bert-base-uncased/dd0fdc4dbc4f8bf70821,1.0.0,dd0fdc4dbc4f8bf70821,0.1428571428571428,0.3667405288651117
0,3280944905,layer_2,2,0.1666666666666666,mlp_2_hidden,mlp,2_hidden,single_label,768,13,7,800,100,100,370567,"[384, 192]",27.0,0.5062017894530209,-0.010774333961308,0.1267221868038177,0.0394088669950738,0.9925,0.9923376233120428,0.9927041237749966,0.9925304492389944,0.9932184932184932,0.9923376233120428,0.9912694938253308,0.9912405402396808,0.0301341208951621,0.9703153852528406,0.99994338212805,0.9994696186156166,0.51,0.5191326530612245,0.5062017894530209,0.50064226322847,0.5076708379339958,0.5191326530612245,0.4312819126583907,0.4291705498602051,2.4004433603086484,0.0906777414644644,0.8206643397316642,0.5430411087248911,0.48,0.4791666666666667,0.4858585858585859,0.4842626262626263,0.5037284144427002,0.4791666666666667,0.3933119222280455,0.3917417241782666,2.1085354427385883,0.121415656464332,0.8151961598592925,0.5470571213724458,0.4858585858585859,0.4791666666666667,0.6966559611140227,0.121415656464332,0.1367358075038455,0.3491227783547403,0.4073099080805303,0.9736105565095176,0.494612833019346,0.02,0.5135332851962082,0.4935332851962082,0.5068455379164107,0.5068455379164107,google-bert_bert-base-uncased_ISEAR_dd0fdc,/Volumes/Amirali/hidden_states/master_runs/ISEAR__google-bert/bert-base-uncased/dd0fdc4dbc4f8bf70821,1.0.0,dd0fdc4dbc4f8bf70821,0.1428571428571428,0.4001683501683502
0,329179192,layer_3,3,0.25,linear_logistic,logistic,linear,single_label,768,13,7,800,100,100,5383,[],,,-0.0121042113751173,0.1424783021211624,0.0394088669950738,0.9925,0.9929255921278878,0.9926022002648232,0.992540450862992,0.9924222398449204,0.9929255921278878,0.9912679417621688,0.991242617800474,0.0349020278499176,0.965700023330682,0.999953744607584,0.9995188372694864,0.44,0.4509353741496599,0.4348600209314495,0.4266661172161171,0.4389320996463853,0.4509353741496599,0.3509293601064697,0.3477754484043792,3.0389568834867737,0.047884812890771,0.7868660397562831,0.495758207892709,0.51,0.5061224489795919,0.4967526091963873,0.4995675097624124,0.5149350649350649,0.5061224489795919,0.4315635402212107,0.4273024777933614,2.397617120074826,0.0909343810374182,0.8158315033201442,0.5485659831266358,0.4967526091963873,0.5061224489795919,0.7157817701106053,0.0909343810374182,0.1245864519275179,0.3721661572688694,0.4341938501470143,0.9512898471966096,0.4939478943124413,0.0152743030116885,0.5232323727310542,0.5079580697193656,0.4958495910684359,0.4958495910684359,google-bert_bert-base-uncased_ISEAR_dd0fdc,/Volumes/Amirali/hidden_states/master_runs/ISEAR__google-bert/bert-base-uncased/dd0fdc4dbc4f8bf70821,1.0.0,dd0fdc4dbc4f8bf70821,0.1428571428571428,0.4128780440624519
0,3129714435,layer_3,3,0.25,mlp_1_hidden,mlp,1_hidden,single_label,768,13,7,800,100,100,297991,[384],22.0,0.4835526920616796,-0.0121042113751173,0.1424783021211624,0.0394088669950738,0.93875,0.9381102420026908,0.9390391475730306,0.93858036341411,0.9415057864263306,0.9381102420026908,0.9287231996720416,0.9284449555519048,0.3454084668094266,0.7079311280331645,0.9958868403696876,0.9837394717237186,0.49,0.4964285714285714,0.4835526920616796,0.4792662536050614,0.4850159644277291,0.4964285714285714,0.4072662440492606,0.4053171641791044,1.579096484877219,0.2061612839191662,0.81260061265521,0.5383787215593624,0.49,0.4860544217687074,0.4772353589287227,0.4799248241376387,0.4785926126810306,0.4860544217687074,0.4061712532046359,0.4037877016600421,1.4012321666552052,0.2462933025045305,0.8302791280359924,0.5774404864205136,0.4772353589287227,0.4860544217687074,0.703085626602318,0.2462933025045305,0.1319402781268093,0.3452950808019134,0.4028442609355656,0.9127353600452636,0.4939478943124413,0.02,0.518848960145549,0.498848960145549,0.4618037886443079,0.4618037886443079,google-bert_bert-base-uncased_ISEAR_dd0fdc,/Volumes/Amirali/hidden_states/master_runs/ISEAR__google-bert/bert-base-uncased/dd0fdc4dbc4f8bf70821,1.0.0,dd0fdc4dbc4f8bf70821,0.1428571428571428,0.3901079187501765
0,3280945902,layer_3,3,0.25,mlp_2_hidden,mlp,2_hidden,single_label,768,13,7,800,100,100,370567,"[384, 192]",19.0,0.4642185763194167,-0.0121042113751173,0.1424783021211624,0.0394088669950738,0.85625,0.8572260929847628,0.8562230856128011,0.8554898281911825,0.858091448020267,0.8572260929847628,0.8326798591937511,0.8321403744364386,0.4677925570945199,0.6263834489836483,0.9847242154017286,0.9374597409107398,0.48,0.4864795918367346,0.4642185763194167,0.4608082788671023,0.4675275121703693,0.4864795918367346,0.398387554128627,0.3942923704135119,1.6994865706990487,0.1827773432094754,0.7982677346837256,0.5104216610626379,0.45,0.4479591836734694,0.4469496021220159,0.4460498257658501,0.4550623353254932,0.4479591836734694,0.3573054181055956,0.3564240580388486,1.5417438163499897,0.2140075859230539,0.8160061011719699,0.5523800853347567,0.4469496021220159,0.4479591836734694,0.6786527090527978,0.2140075859230539,0.1386034098546791,0.3083461922673368,0.359737224311893,0.8905719871052389,0.4939478943124413,0.02,0.4878319813202739,0.4678319813202739,0.4092734834907852,0.4092734834907852,google-bert_bert-base-uncased_ISEAR_dd0fdc,/Volumes/Amirali/hidden_states/master_runs/ISEAR__google-bert/bert-base-uncased/dd0fdc4dbc4f8bf70821,1.0.0,dd0fdc4dbc4f8bf70821,0.1428571428571428,0.3547745358090186
0,329180189,layer_4,4,0.3333333333333333,linear_logistic,logistic,linear,single_label,768,13,7,800,100,100,5383,[],,,-0.0125775951892137,0.1507843136787414,0.0394088669950738,0.9925,0.9929255921278878,0.9926022002648232,0.992540450862992,0.9924222398449204,0.9929255921278878,0.9912679417621688,0.991242617800474,0.0343129784858647,0.96626903588708,0.999953744607584,0.9995188372694864,0.41,0.4162414965986394,0.4018380316648233,0.3953513875816434,0.40147937963064,0.4162414965986394,0.3133584508921869,0.3112304459491011,3.2077219070254186,0.0404486541882809,0.7689119241777049,0.4315338655301939,0.51,0.5052721088435373,0.5049575463368566,0.507075289420117,0.5326406050090261,0.5052721088435373,0.4306498222451235,0.4269005847953216,2.3507918731523016,0.0952936718297832,0.8150540866452288,0.549037532606843,0.5049575463368566,0.5052721088435373,0.7153249111225618,0.0952936718297832,0.1344692576416745,0.3704882886951821,0.4322363368110457,0.9430283811714004,0.4937112024053931,0.0152743030116885,0.5242939723617261,0.5090196693500376,0.4876446539279666,0.4876446539279666,google-bert_bert-base-uncased_ISEAR_dd0fdc,/Volumes/Amirali/hidden_states/master_runs/ISEAR__google-bert/bert-base-uncased/dd0fdc4dbc4f8bf70821,1.0.0,dd0fdc4dbc4f8bf70821,0.1428571428571428,0.4224504707263327
0,3129715432,layer_4,4,0.3333333333333333,mlp_1_hidden,mlp,1_hidden,single_label,768,13,7,800,100,100,297991,[384],21.0,0.4839088125671725,-0.0125775951892137,0.1507843136787414,0.0394088669950738,0.9275,0.9269169067714934,0.9283293750411148,0.9275703936195084,0.930844408418282,0.9269169067714934,0.9154394704935636,0.9152989454353616,0.3926198510440264,0.6752854078412533,0.993415341213656,0.9729118731422792,0.49,0.4927721088435374,0.4839088125671725,0.4811410541227985,0.486422902494331,0.4927721088435374,0.4060034474625087,0.4044838860345633,1.5655367239981604,0.2089758207297669,0.8101546532989518,0.5136841327393201,0.47,0.4670068027210884,0.4713521899988065,0.4695959899749373,0.5082546852733187,0.4670068027210884,0.3825603939940283,0.3791730115965797,1.472991930389246,0.229238592220703,0.8121825342187616,0.5601605126203382,0.4713521899988065,0.4670068027210884,0.6912801969970142,0.229238592220703,0.15156036636336,0.3197918236354465,0.3730904609080209,0.930448665945106,0.4937112024053931,0.02,0.5068534755758718,0.4868534755758718,0.4569771850423081,0.4569771850423081,google-bert_bert-base-uncased_ISEAR_dd0fdc,/Volumes/Amirali/hidden_states/master_runs/ISEAR__google-bert/bert-base-uncased/dd0fdc4dbc4f8bf70821,1.0.0,dd0fdc4dbc4f8bf70821,0.1428571428571428,0.3832442216652743
0,3280946899,layer_4,4,0.3333333333333333,mlp_2_hidden,mlp,2_hidden,single_label,768,13,7,800,100,100,370567,"[384, 192]",21.0,0.4476656772346427,-0.0125775951892137,0.1507843136787414,0.0394088669950738,0.94375,0.942726059590296,0.943653471176021,0.9436274042728412,0.9452201454519736,0.942726059590296,0.9343857765430956,0.934288462696838,0.2404474791027488,0.786275940281557,0.9969661678848052,0.9841919332488208,0.46,0.4642006802721088,0.4476656772346427,0.4446059534335397,0.4454004329004329,0.4642006802721088,0.3722754527233509,0.3699684984249213,1.9833772289216884,0.1376037323902413,0.8007432359836112,0.515515603199758,0.46,0.4587585034013606,0.4525407292103444,0.4501207162290754,0.4655550497711047,0.4587585034013606,0.3698461869503173,0.3677555321390937,1.651783578469657,0.1917076778271001,0.8153940704188651,0.5207257869938244,0.4525407292103444,0.4587585034013606,0.6849230934751587,0.1917076778271001,0.1189039041092084,0.333636825101136,0.3892429626179919,0.9313264012457462,0.4937112024053931,0.02,0.4995249823852167,0.4795249823852167,0.4911127419656766,0.4911127419656766,google-bert_bert-base-uncased_ISEAR_dd0fdc,/Volumes/Amirali/hidden_states/master_runs/ISEAR__google-bert/bert-base-uncased/dd0fdc4dbc4f8bf70821,1.0.0,dd0fdc4dbc4f8bf70821,0.1428571428571428,0.3612975174120685
0,329181186,layer_5,5,0.4166666666666667,linear_logistic,logistic,linear,single_label,768,13,7,800,100,100,5383,[],,,-0.0106930080801248,0.1437134891748428,0.0394088669950738,0.9925,0.9927017193929532,0.9926265763522862,0.9925657056370304,0.9927971188475392,0.9927017193929532,0.9912854826891188,0.9912420745335948,0.0334436905694266,0.967109367075962,0.999953744607584,0.9995188372694864,0.42,0.4293367346938775,0.4191451664277751,0.4105541620215533,0.4240362811791383,0.4293367346938775,0.3254691142182507,0.3232994983082486,2.8225891358438604,0.0594518144417765,0.7870764066726056,0.4737538597429889,0.5,0.496938775510204,0.4996444947449331,0.5024447737304899,0.5092968435073698,0.496938775510204,0.4168039132690762,0.416024293389395,2.5853916941418102,0.0753665531814728,0.7936193785125044,0.495519701170192,0.4996444947449331,0.496938775510204,0.7084019566345381,0.0753665531814728,0.1511009985110206,0.3485434962339124,0.4066340789395645,0.9105843216490128,0.4946534959599376,0.0152743030116885,0.510366811576903,0.4950925085652145,0.4929820816073531,0.4929820816073531,google-bert_bert-base-uncased_ISEAR_dd0fdc,/Volumes/Amirali/hidden_states/master_runs/ISEAR__google-bert/bert-base-uncased/dd0fdc4dbc4f8bf70821,1.0.0,dd0fdc4dbc4f8bf70821,0.1428571428571428,0.4162519105357553
0,3129716429,layer_5,5,0.4166666666666667,mlp_1_hidden,mlp,1_hidden,single_label,768,13,7,800,100,100,297991,[384],23.0,0.471630137466127,-0.0106930080801248,0.1437134891748428,0.0394088669950738,0.965,0.9643406192007932,0.9650259049674008,0.9650439065893937,0.9663675048363436,0.9643406192007932,0.9592420358926812,0.9591176717514064,0.2519467387908974,0.7772861361659108,0.9975320568822206,0.9903689846236108,0.48,0.4832482993197278,0.471630137466127,0.4701581258498094,0.4697017268445839,0.4832482993197278,0.3947345436108632,0.3934445351685524,1.63278862274064,0.1953839615683052,0.8155013517034722,0.5388837758695798,0.53,0.5256802721088435,0.525170053059069,0.5259316041509977,0.5364570070452424,0.5256802721088435,0.4520015218820928,0.4497131483432853,1.4661033888935917,0.2308231632011792,0.8274424764620437,0.5736110901637222,0.525170053059069,0.5256802721088435,0.7260007609410464,0.2308231632011792,0.1529094886071912,0.3722605644518778,0.4343039918605241,0.9643440097183384,0.4946534959599376,0.02,0.5501548586843042,0.5301548586843042,0.4398558519083316,0.4398558519083316,google-bert_bert-base-uncased_ISEAR_dd0fdc,/Volumes/Amirali/hidden_states/master_runs/ISEAR__google-bert/bert-base-uncased/dd0fdc4dbc4f8bf70821,1.0.0,dd0fdc4dbc4f8bf70821,0.1428571428571428,0.4460317285689139
0,3280947896,layer_5,5,0.4166666666666667,mlp_2_hidden,mlp,2_hidden,single_label,768,13,7,800,100,100,370567,"[384, 192]",26.0,0.4933769204705164,-0.0106930080801248,0.1437134891748428,0.0394088669950738,0.99125,0.9910734008088824,0.9914689985206308,0.9912633023252824,0.9920358330194397,0.9910734008088824,0.9898129896703808,0.9897804624340748,0.0576634164561262,0.9439676179386156,0.9992932059497192,0.9966875066165048,0.5,0.5039965986394558,0.4933769204705164,0.4924165438648197,0.5003270538984824,0.5039965986394558,0.4196981467547431,0.4172494172494173,2.3572738918591987,0.0946779741042117,0.8147717845066146,0.5238164693415611,0.49,0.4860544217687074,0.4848762654172919,0.4856912144766837,0.5021762386818249,0.4860544217687074,0.406108681689785,0.4029501287754624,2.072662527701969,0.1258502554378585,0.8255336389312598,0.5400933662631526,0.4848762654172919,0.4860544217687074,0.7030543408448925,0.1258502554378585,0.1355460428690897,0.3493302225482021,0.4075519263062357,0.9792255107862606,0.4946534959599376,0.02,0.5163360174280189,0.4963360174280189,0.5065927331033389,0.5065927331033389,google-bert_bert-base-uncased_ISEAR_dd0fdc,/Volumes/Amirali/hidden_states/master_runs/ISEAR__google-bert/bert-base-uncased/dd0fdc4dbc4f8bf70821,1.0.0,dd0fdc4dbc4f8bf70821,0.1428571428571428,0.3990223096535072
0,329182183,layer_6,6,0.5,linear_logistic,logistic,linear,single_label,768,13,7,800,100,100,5383,[],,,-0.0096814855933189,0.1441816240549087,0.0394088669950738,0.9925,0.9923376233120428,0.9927041237749966,0.9925304492389944,0.9932184932184932,0.9923376233120428,0.9912694938253308,0.9912405402396808,0.0330379034063914,0.9675018872768156,0.999953744607584,0.9995188372694864,0.44,0.4443877551020407,0.4369088669950738,0.4344370026525199,0.4403628117913832,0.4443877551020407,0.3484380043923766,0.3470149253731344,2.880294815158913,0.0561182158943724,0.7746180676287429,0.4696984209491548,0.53,0.5215136054421768,0.5254702992387721,0.5283614724045759,0.6030014876764104,0.5215136054421768,0.4530129393522867,0.448938914292414,2.2906118677037823,0.1012045191287077,0.8150953817044788,0.536342674821637,0.5254702992387721,0.5215136054421768,0.7265064696761434,0.1012045191287077,0.1538645629922877,0.3716057362464843,0.4335400256208983,0.9645474203430732,0.4951592572033405,0.0152743030116885,0.5366117480089658,0.5213374449972773,0.4672338245362245,0.4672338245362245,google-bert_bert-base-uncased_ISEAR_dd0fdc,/Volumes/Amirali/hidden_states/master_runs/ISEAR__google-bert/bert-base-uncased/dd0fdc4dbc4f8bf70821,1.0.0,dd0fdc4dbc4f8bf70821,0.1428571428571428,0.4463820157785674
0,3129717426,layer_6,6,0.5,mlp_1_hidden,mlp,1_hidden,single_label,768,13,7,800,100,100,297991,[384],19.0,0.4853819853819854,-0.0096814855933189,0.1441816240549087,0.0394088669950738,0.8725,0.8717910069878344,0.8721664597070788,0.8724437311675655,0.8745410876297607,0.8717910069878344,0.8514233515369882,0.8510829336662068,0.51482654625499,0.5976042423228011,0.9858482496704316,0.940547061302343,0.49,0.4927721088435374,0.4853819853819854,0.4806493206493206,0.4949874686716792,0.4927721088435374,0.4057008753781105,0.4035087719298246,1.499392862789528,0.2232656719043866,0.8072196679940475,0.5400435875043655,0.51,0.5055272108843537,0.5100255286818788,0.512696977742535,0.5188725490196078,0.5055272108843537,0.4275189829890682,0.4269676061279381,1.4054627566896585,0.2452535374739901,0.8290337260697092,0.5654279666526956,0.5100255286818788,0.5055272108843537,0.7137594914945341,0.2452535374739901,0.145452835679697,0.3645726930021817,0.4253348085025453,0.9705740068305804,0.4951592572033405,0.02,0.541807066518436,0.521807066518436,0.3621409310252,0.3621409310252,google-bert_bert-base-uncased_ISEAR_dd0fdc,/Volumes/Amirali/hidden_states/master_runs/ISEAR__google-bert/bert-base-uncased/dd0fdc4dbc4f8bf70821,1.0.0,dd0fdc4dbc4f8bf70821,0.1428571428571428,0.4283631167955252
0,3280948893,layer_6,6,0.5,mlp_2_hidden,mlp,2_hidden,single_label,768,13,7,800,100,100,370567,"[384, 192]",24.0,0.4886054421768707,-0.0096814855933189,0.1441816240549087,0.0394088669950738,0.99,0.9900217633397352,0.9902043961154212,0.9899910088037238,0.9906511265150408,0.9900217633397352,0.9883680268682058,0.9883211252595812,0.0773657499640501,0.9255512713478232,0.9996090794068024,0.9981966916034148,0.5,0.5023809523809523,0.4886054421768707,0.487,0.4834467120181405,0.5023809523809523,0.4177999811846057,0.4164332399626518,2.180284680438936,0.1130093545080641,0.8089642162361772,0.5338459425940696,0.52,0.5167517006802721,0.5214569160997733,0.5221825396825398,0.5438797313797313,0.5167517006802721,0.4404446288197854,0.4385308223183999,1.8614275350033864,0.1554505607828428,0.834476233410912,0.5420082593660706,0.5214569160997733,0.5167517006802721,0.7202223144098927,0.1554505607828428,0.1086022838278538,0.4128546322719195,0.4816637376505727,0.9889301809457032,0.4951592572033405,0.02,0.5514391158516042,0.5314391158516042,0.4687474800156478,0.4687474800156478,google-bert_bert-base-uncased_ISEAR_dd0fdc,/Volumes/Amirali/hidden_states/master_runs/ISEAR__google-bert/bert-base-uncased/dd0fdc4dbc4f8bf70821,1.0.0,dd0fdc4dbc4f8bf70821,0.1428571428571428,0.4416997354497355
0,329183180,layer_7,7,0.5833333333333334,linear_logistic,logistic,linear,single_label,768,13,7,800,100,100,5383,[],,,-0.0085280183702707,0.1426521986722946,0.0394088669950738,0.9925,0.9923376233120428,0.9927041237749966,0.9925304492389944,0.9932184932184932,0.9923376233120428,0.9912694938253308,0.9912405402396808,0.0322400976895526,0.9682740737999912,0.999953744607584,0.9995188372694864,0.48,0.481547619047619,0.4701920864964343,0.4704520933977456,0.4750233426704015,0.481547619047619,0.3958741433410904,0.3935152787497085,2.51640782231955,0.0807491516901615,0.8029108667780009,0.5121294973588049,0.56,0.5533163265306122,0.5563935578973173,0.5596663129294709,0.5768316896136445,0.5533163265306122,0.4875960955664654,0.4848981503160852,2.266412516163733,0.1036834764709161,0.8185052149823989,0.548385090545297,0.5563935578973173,0.5533163265306122,0.7437980477832327,0.1036834764709161,0.1578428599360869,0.3985506979612303,0.464975814288102,0.9915169929287048,0.4957359908148646,0.0152743030116885,0.5609675549597318,0.5456932519480433,0.4363105658776793,0.4363105658776793,google-bert_bert-base-uncased_ISEAR_dd0fdc,/Volumes/Amirali/hidden_states/master_runs/ISEAR__google-bert/bert-base-uncased/dd0fdc4dbc4f8bf70821,1.0.0,dd0fdc4dbc4f8bf70821,0.1428571428571428,0.4824591508802034
0,3129718423,layer_7,7,0.5833333333333334,mlp_1_hidden,mlp,1_hidden,single_label,768,13,7,800,100,100,297991,[384],27.0,0.5110985309956388,-0.0085280183702707,0.1426521986722946,0.0394088669950738,0.99125,0.9910734008088824,0.991504975393671,0.9912873464240176,0.9921582234559334,0.9910734008088824,0.9898237751963944,0.989780406484332,0.1095252167344402,0.8962595633377499,0.9997699180866908,0.9986642050544212,0.52,0.5203231292517007,0.5110985309956388,0.5102089358546533,0.513453714819261,0.5203231292517007,0.4404621696201236,0.439121290021033,1.6568473142186582,0.1907393744906944,0.8198397133694915,0.5432184321406623,0.57,0.564795918367347,0.5670944239764871,0.5680102385781899,0.600715157858015,0.564795918367347,0.4987782639553107,0.4964281531795292,1.4699384086523477,0.2299396470433355,0.8451984646924309,0.6073524222443112,0.5670944239764871,0.564795918367347,0.7493891319776553,0.2299396470433355,0.1509894821667604,0.4161049418097267,0.4854557654446811,0.9662045540240708,0.4957359908148646,0.02,0.5803937362822923,0.5603937362822923,0.4244105514171838,0.4244105514171838,google-bert_bert-base-uncased_ISEAR_dd0fdc,/Volumes/Amirali/hidden_states/master_runs/ISEAR__google-bert/bert-base-uncased/dd0fdc4dbc4f8bf70821,1.0.0,dd0fdc4dbc4f8bf70821,0.1428571428571428,0.494943494639235
0,3280949890,layer_7,7,0.5833333333333334,mlp_2_hidden,mlp,2_hidden,single_label,768,13,7,800,100,100,370567,"[384, 192]",23.0,0.5443254002208396,-0.0085280183702707,0.1426521986722946,0.0394088669950738,0.98125,0.9812976066067892,0.981668122422751,0.9812742798464024,0.9822446941972856,0.9812976066067892,0.9781422988282324,0.978101230710834,0.1195429436480138,0.8873259019896461,0.999250436843817,0.9957193208683262,0.55,0.551360544217687,0.5443254002208396,0.5421922078662902,0.5521367637964276,0.551360544217687,0.4759653212363811,0.4742376445846478,1.955736677266444,0.1414602277660397,0.8169519081416922,0.5313790532205027,0.55,0.5413265306122449,0.5392512312922209,0.5422093683339864,0.5844155844155844,0.5413265306122449,0.4764956333780311,0.4722645713615574,1.5713211009661343,0.207770515137122,0.8613271259878159,0.6301883509384769,0.5392512312922209,0.5413265306122449,0.7382478166890156,0.207770515137122,0.1557281191046845,0.3835231121875363,0.447443630885459,0.9996937081866974,0.4957359908148646,0.02,0.5617709079684613,0.5417709079684613,0.4424168911305302,0.4424168911305302,google-bert_bert-base-uncased_ISEAR_dd0fdc,/Volumes/Amirali/hidden_states/master_runs/ISEAR__google-bert/bert-base-uncased/dd0fdc4dbc4f8bf70821,1.0.0,dd0fdc4dbc4f8bf70821,0.1428571428571428,0.4624597698409243
0,329184177,layer_8,8,0.6666666666666666,linear_logistic,logistic,linear,single_label,768,13,7,800,100,100,5383,[],,,-0.0068230219185352,0.1458887308835983,0.0394088669950738,0.9925,0.9925614960469776,0.9926888923154406,0.9925142362157986,0.9930327404554208,0.9925614960469776,0.991280882993556,0.9912410836969195,0.031979867086424,0.968526081134798,0.999953744607584,0.9995188372694864,0.44,0.4461734693877551,0.4362611104546588,0.4308113224887418,0.4310559538500715,0.4461734693877551,0.3469772488519493,0.3463289366172523,2.607115795518701,0.0737469385715017,0.7994597738672636,0.5046036163306171,0.59,0.583078231292517,0.5797160878870604,0.5824161417743141,0.6136151891586674,0.583078231292517,0.5237341295013593,0.5199063231850116,2.297023354058548,0.1005577234118893,0.8345015136075571,0.5830920403145415,0.5797160878870604,0.583078231292517,0.7618670647506797,0.1005577234118893,0.1444338882159271,0.4352821996711332,0.5078292329496554,0.9738005996341976,0.4965884890407324,0.0152743030116885,0.580501919724821,0.5652276167131325,0.4129728044283801,0.4129728044283801,google-bert_bert-base-uncased_ISEAR_dd0fdc,/Volumes/Amirali/hidden_states/master_runs/ISEAR__google-bert/bert-base-uncased/dd0fdc4dbc4f8bf70821,1.0.0,dd0fdc4dbc4f8bf70821,0.1428571428571428,0.5096687692015704
0,3129719420,layer_8,8,0.6666666666666666,mlp_1_hidden,mlp,1_hidden,single_label,768,13,7,800,100,100,297991,[384],26.0,0.4874857285571571,-0.0068230219185352,0.1458887308835983,0.0394088669950738,0.99,0.9901798821065972,0.9903068795470196,0.9900280742690284,0.9906854694058598,0.9901798821065972,0.988370188087512,0.9883214875505232,0.138601752535473,0.8705746635828437,0.999601187719794,0.9979113817477134,0.5,0.5012755102040816,0.4874857285571571,0.4865759240759241,0.4835567210567211,0.5012755102040816,0.4175277100378951,0.4161606725829052,1.591211318155967,0.2036787424870395,0.8273634834483475,0.5443725529940374,0.54,0.5330782312925171,0.5359880916705025,0.5395032887779339,0.5653061224489796,0.5330782312925171,0.4651986353488135,0.4613583138173303,1.4784784442960557,0.2279843154463239,0.8445946528717194,0.5994371961746511,0.5359880916705025,0.5330782312925171,0.7325993176744068,0.2279843154463239,0.1364377623212057,0.3995503293492968,0.4661420509075129,0.9874554792373078,0.4965884890407324,0.02,0.5634504693645666,0.5434504693645665,0.4543187878765171,0.4543187878765171,google-bert_bert-base-uncased_ISEAR_dd0fdc,/Volumes/Amirali/hidden_states/master_runs/ISEAR__google-bert/bert-base-uncased/dd0fdc4dbc4f8bf70821,1.0.0,dd0fdc4dbc4f8bf70821,0.1428571428571428,0.4586527736155862
0,3280950887,layer_8,8,0.6666666666666666,mlp_2_hidden,mlp,2_hidden,single_label,768,13,7,800,100,100,370567,"[384, 192]",37.0,0.507251537990057,-0.0068230219185352,0.1458887308835983,0.0394088669950738,0.9925,0.9925614960469776,0.9926888923154406,0.9925142362157986,0.9930327404554208,0.9925614960469776,0.991280882993556,0.9912410836969195,0.0190312444810896,0.981148706281694,0.9999500641927276,0.9994956314754768,0.51,0.516156462585034,0.507251537990057,0.5012690688066105,0.5111942212782549,0.516156462585034,0.4296447977355117,0.4280378195400957,2.7334369795723403,0.0649955170730169,0.8074550079016809,0.5148366208667235,0.58,0.573639455782313,0.5826882826374324,0.5869816988350915,0.608935112506541,0.573639455782313,0.5120856628611684,0.5087144695285999,2.1377370688725352,0.1179213893025425,0.8470357545766721,0.5880165600246513,0.5826882826374324,0.573639455782313,0.7560428314305843,0.1179213893025425,0.1145560027837212,0.4681322798537112,0.5461543264959964,0.9841298457063592,0.4965884890407324,0.02,0.5893898269934188,0.5693898269934188,0.4100006096780081,0.4100006096780081,google-bert_bert-base-uncased_ISEAR_dd0fdc,/Volumes/Amirali/hidden_states/master_runs/ISEAR__google-bert/bert-base-uncased/dd0fdc4dbc4f8bf70821,1.0.0,dd0fdc4dbc4f8bf70821,0.1428571428571428,0.5131363297436712
0,329185174,layer_9,9,0.75,linear_logistic,logistic,linear,single_label,768,13,7,800,100,100,5383,[],,,-0.0048731840215623,0.157291829586029,0.0394088669950738,0.9925,0.9925614960469776,0.9926888923154406,0.9925142362157986,0.9930327404554208,0.9925614960469776,0.991280882993556,0.9912410836969195,0.0327122627885352,0.9678169964925608,0.999953744607584,0.9995188372694864,0.47,0.4694727891156462,0.4611918254159634,0.4629445985049433,0.46443072382922,0.4694727891156462,0.3831031148594703,0.3814914225697281,2.5211680594540664,0.0803656800118843,0.8156017137298893,0.5292422830112757,0.59,0.5851190476190476,0.5808880416354985,0.5836070585760988,0.592609513441004,0.5851190476190476,0.522380241884248,0.5203556387459055,2.1904004856941466,0.1118719365344702,0.8462631358040046,0.6122514894079207,0.5808880416354985,0.5851190476190476,0.761190120942124,0.1118719365344702,0.1231629805302566,0.4577250611052418,0.5340125712894488,0.9364480184260012,0.4975634079892188,0.0152743030116885,0.5836810658464482,0.5684067628347597,0.4118008506799421,0.4118008506799421,google-bert_bert-base-uncased_ISEAR_dd0fdc,/Volumes/Amirali/hidden_states/master_runs/ISEAR__google-bert/bert-base-uncased/dd0fdc4dbc4f8bf70821,1.0.0,dd0fdc4dbc4f8bf70821,0.1428571428571428,0.5110360485747482
0,3129720417,layer_9,9,0.75,mlp_1_hidden,mlp,1_hidden,single_label,768,13,7,800,100,100,297991,[384],36.0,0.5479968523628146,-0.0048731840215623,0.157291829586029,0.0394088669950738,0.99,0.9903038848057596,0.9903587314971132,0.9900547723952948,0.9907753079654302,0.9903038848057596,0.9883904928064852,0.98832195636426,0.0469957497590774,0.9540914527002896,0.9994635767528806,0.9971801464474026,0.55,0.5529761904761904,0.5479968523628146,0.5453950657857777,0.5519084556899683,0.5529761904761904,0.4758293402235108,0.4746059544658494,1.912202639383392,0.1477545778553456,0.8228419739989018,0.5357574179520463,0.6,0.5988945578231293,0.5942053589112412,0.5929352346999406,0.6256722809354389,0.5988945578231293,0.53623356263648,0.532327838185432,1.5616117384113122,0.2097976596119441,0.8600862480298673,0.6076481280555699,0.5942053589112412,0.5988945578231293,0.76811678131824,0.2097976596119441,0.1303935738160806,0.4638117850951605,0.5411137492776872,0.997695107677493,0.4975634079892188,0.02,0.6074532375829578,0.5874532375829578,0.3961533725858721,0.3961533725858721,google-bert_bert-base-uncased_ISEAR_dd0fdc,/Volumes/Amirali/hidden_states/master_runs/ISEAR__google-bert/bert-base-uncased/dd0fdc4dbc4f8bf70821,1.0.0,dd0fdc4dbc4f8bf70821,0.1428571428571428,0.5265729187297813
0,3280951884,layer_9,9,0.75,mlp_2_hidden,mlp,2_hidden,single_label,768,13,7,800,100,100,370567,"[384, 192]",20.0,0.54358362789368,-0.0048731840215623,0.157291829586029,0.0394088669950738,0.89625,0.8951670239012746,0.8961785158046468,0.8956429517404579,0.8995826499541375,0.8951670239012746,0.8791162698319916,0.8787772568607691,0.3408992739909663,0.7111305339396478,0.992255723079522,0.9652476929873764,0.55,0.5494897959183673,0.54358362789368,0.5434977992559515,0.5540152295736108,0.5494897959183673,0.4762457462422898,0.4742376445846478,1.613732158484822,0.1991429922079929,0.8287613052620625,0.5530517403993336,0.54,0.5343537414965986,0.5287597048745056,0.5316991639501127,0.5515676783533926,0.5343537414965986,0.4645006241791131,0.4615474657614421,1.391240379738684,0.2487665481975952,0.8559788291638009,0.6061388939261848,0.5287597048745056,0.5343537414965986,0.7322503120895565,0.2487665481975952,0.1190111087821043,0.4097485960924013,0.4780400287744681,0.9825757181762826,0.4975634079892188,0.02,0.565800937048292,0.545800937048292,0.3674188109301411,0.3674188109301411,google-bert_bert-base-uncased_ISEAR_dd0fdc,/Volumes/Amirali/hidden_states/master_runs/ISEAR__google-bert/bert-base-uncased/dd0fdc4dbc4f8bf70821,1.0.0,dd0fdc4dbc4f8bf70821,0.1428571428571428,0.4502196556869232
0,329186171,layer_10,10,0.8333333333333334,linear_logistic,logistic,linear,single_label,768,13,7,800,100,100,5383,[],,,-0.0041400459595024,0.1527076959609985,0.0394088669950738,0.9925,0.9929255921278878,0.9926022002648232,0.992540450862992,0.9924222398449204,0.9929255921278878,0.9912679417621688,0.991242617800474,0.0341055708880538,0.9664694682115272,0.999953744607584,0.9995188372694864,0.48,0.4832482993197278,0.4713505747126437,0.4699051724137931,0.4682670504099075,0.4832482993197278,0.3947127427766044,0.3935152787497084,2.469721936242313,0.0846083822556327,0.8216656292538157,0.5237025783934056,0.57,0.5689625850340135,0.5696078431372549,0.5699586056644881,0.5874147782042519,0.5689625850340135,0.4999471088366431,0.4976635514018691,2.0701336083798854,0.1261689233534141,0.8537139078675869,0.6229899154937353,0.5696078431372549,0.5689625850340135,0.7499735544183216,0.1261689233534141,0.1387921251825224,0.4308157179547325,0.5026183376138545,0.939951964922262,0.4979299770202487,0.0152743030116885,0.5722746369035149,0.5570003338918263,0.4229943571275684,0.4229943571275684,google-bert_bert-base-uncased_ISEAR_dd0fdc,/Volumes/Amirali/hidden_states/master_runs/ISEAR__google-bert/bert-base-uncased/dd0fdc4dbc4f8bf70821,1.0.0,dd0fdc4dbc4f8bf70821,0.1428571428571428,0.497875816993464
0,3129721414,layer_10,10,0.8333333333333334,mlp_1_hidden,mlp,1_hidden,single_label,768,13,7,800,100,100,297991,[384],24.0,0.5399245306253092,-0.0041400459595024,0.1527076959609985,0.0394088669950738,0.96125,0.9602406275972584,0.9615269226945744,0.961352729463352,0.9635693962044088,0.9602406275972584,0.9548457219349978,0.9547305647179514,0.221612123844998,0.8012260805624716,0.9983283050268608,0.9928202339535714,0.54,0.5454081632653062,0.5399245306253092,0.5358783973329024,0.5411541889483066,0.5454081632653062,0.4639936562745811,0.4631812346831602,1.42153395811646,0.2413435219534667,0.8477150030202357,0.5710547214879654,0.65,0.6453231292517005,0.6420283875716812,0.6437971345293079,0.6596333270150164,0.6453231292517005,0.5931027416673637,0.5905953912738331,1.2685478218819914,0.2812397355696099,0.8756316601693532,0.6824169009126564,0.6420283875716812,0.6453231292517005,0.7965513708336818,0.2812397355696099,0.1475653025325615,0.4944630850391197,0.5768735992123063,0.962750981587614,0.4979299770202487,0.02,0.6414585623149237,0.6214585623149237,0.319498535122893,0.319498535122893,google-bert_bert-base-uncased_ISEAR_dd0fdc,/Volumes/Amirali/hidden_states/master_runs/ISEAR__google-bert/bert-base-uncased/dd0fdc4dbc4f8bf70821,1.0.0,dd0fdc4dbc4f8bf70821,0.1428571428571428,0.5823664521669614
0,3280952881,layer_10,10,0.8333333333333334,mlp_2_hidden,mlp,2_hidden,single_label,768,13,7,800,100,100,370567,"[384, 192]",27.0,0.5747317198930102,-0.0041400459595024,0.1527076959609985,0.0394088669950738,0.9925,0.9923376233120428,0.9927041237749966,0.9925304492389944,0.9932184932184932,0.9923376233120428,0.9912694938253308,0.9912405402396808,0.0446202889685327,0.9563605535498124,0.9999172664985118,0.9993256101980778,0.58,0.5812925170068027,0.5747317198930102,0.5750269026075476,0.580756086019244,0.5812925170068027,0.5120087551022005,0.5099754987749388,1.8666364718690085,0.1546429338908576,0.8608289816983877,0.6264044873171041,0.62,0.6185374149659862,0.6296490283101973,0.6280664182450261,0.6635620847529295,0.6185374149659862,0.5580309497116238,0.555607531282891,1.6142233723726491,0.1990451944263376,0.8797401767260816,0.6735349790799171,0.6296490283101973,0.6185374149659862,0.7790154748558119,0.1990451944263376,0.1290361445856231,0.5006128837245741,0.5840483643453365,0.941066371034376,0.4979299770202487,0.02,0.6227625188169702,0.6027625188169702,0.3630550954647993,0.3630550954647993,google-bert_bert-base-uncased_ISEAR_dd0fdc,/Volumes/Amirali/hidden_states/master_runs/ISEAR__google-bert/bert-base-uncased/dd0fdc4dbc4f8bf70821,1.0.0,dd0fdc4dbc4f8bf70821,0.1428571428571428,0.5679238663618968
0,329187168,layer_11,11,0.9166666666666666,linear_logistic,logistic,linear,single_label,768,13,7,800,100,100,5383,[],,,-0.0036718172486871,0.1596336215734481,0.0394088669950738,0.9925,0.9929255921278878,0.9926022002648232,0.992540450862992,0.9924222398449204,0.9929255921278878,0.9912679417621688,0.991242617800474,0.0336234339317666,0.9669355512081652,0.999953744607584,0.9995188372694864,0.51,0.5132653061224489,0.4965641184435013,0.4943429810021675,0.4916362717335737,0.5132653061224489,0.4306198916170852,0.4283047485707618,2.309955005640033,0.0992657178566074,0.8283953761208501,0.5548767763772505,0.56,0.5581632653061225,0.5617998421939309,0.5644647260785192,0.5800768154151613,0.5581632653061225,0.4886871235914514,0.4864013073421267,2.199396985781766,0.1108699943917643,0.8415758068555117,0.6126637438611898,0.5617998421939309,0.5581632653061225,0.7443435617957257,0.1108699943917643,0.1644742469375533,0.3973255952563775,0.4635465277991071,0.9954721991019408,0.4981640913756564,0.0152743030116885,0.5640777140917348,0.5488034110800463,0.4308023580708924,0.4308023580708924,google-bert_bert-base-uncased_ISEAR_dd0fdc,/Volumes/Amirali/hidden_states/master_runs/ISEAR__google-bert/bert-base-uncased/dd0fdc4dbc4f8bf70821,1.0.0,dd0fdc4dbc4f8bf70821,0.1428571428571428,0.488766482559586
0,3129722411,layer_11,11,0.9166666666666666,mlp_1_hidden,mlp,1_hidden,single_label,768,13,7,800,100,100,297991,[384],20.0,0.5241357228559193,-0.0036718172486871,0.1596336215734481,0.0394088669950738,0.89875,0.8995322210855436,0.8999248717423376,0.898782796999927,0.9007451443361438,0.8995322210855436,0.8818177871339684,0.8817453510228662,0.4262425002556914,0.6529579804428648,0.9910025161162848,0.960595036596254,0.54,0.5423469387755102,0.5241357228559193,0.521318522232793,0.5228328173374613,0.5423469387755102,0.4652960902642953,0.4626795935054316,1.3396679746659106,0.2619326224105547,0.849819473243843,0.5958977482777774,0.56,0.558843537414966,0.5705955850686419,0.5686752787247489,0.5987244897959184,0.558843537414966,0.4871453891254816,0.4851994851994852,1.286663940674784,0.276190636241872,0.8594425185507608,0.6434587321420492,0.5705955850686419,0.558843537414966,0.7435726945627408,0.276190636241872,0.1277417622881344,0.4428538227805075,0.5166627932439254,0.9790788262028736,0.4981640913756564,0.02,0.591779040525859,0.5717790405258589,0.3293292866736956,0.3293292866736956,google-bert_bert-base-uncased_ISEAR_dd0fdc,/Volumes/Amirali/hidden_states/master_runs/ISEAR__google-bert/bert-base-uncased/dd0fdc4dbc4f8bf70821,1.0.0,dd0fdc4dbc4f8bf70821,0.1428571428571428,0.4990281825800822
0,3280953878,layer_11,11,0.9166666666666666,mlp_2_hidden,mlp,2_hidden,single_label,768,13,7,800,100,100,370567,"[384, 192]",46.0,0.5847577894852645,-0.0036718172486871,0.1596336215734481,0.0394088669950738,0.9925,0.9923376233120428,0.9927041237749966,0.9925304492389944,0.9932184932184932,0.9923376233120428,0.9912694938253308,0.9912405402396808,0.0165908055436826,0.9835460639004936,0.999953744607584,0.9995188372694864,0.59,0.5972789115646258,0.5847577894852645,0.5804158609280967,0.5855925703614779,0.5972789115646258,0.5238717348977131,0.5219773813687769,2.250361841202772,0.1053610936787559,0.8615678924846895,0.618195648974466,0.59,0.5886054421768707,0.5961642995756297,0.5953086542767577,0.6124999999999999,0.5886054421768707,0.5214356510739137,0.5205799812909261,2.086903371118665,0.1240707426118787,0.8607065786145325,0.6313153571678908,0.5961642995756297,0.5886054421768707,0.7607178255369569,0.1240707426118787,0.1241856634813388,0.4719786360942908,0.5506417421100059,0.9788638842297512,0.4981640913756564,0.02,0.5967695807259286,0.5767695807259285,0.3965398241993669,0.3965398241993669,google-bert_bert-base-uncased_ISEAR_dd0fdc,/Volumes/Amirali/hidden_states/master_runs/ISEAR__google-bert/bert-base-uncased/dd0fdc4dbc4f8bf70821,1.0.0,dd0fdc4dbc4f8bf70821,0.1428571428571428,0.5288583495049013
0,329188165,layer_12,12,1.0,linear_logistic,logistic,linear,single_label,768,13,7,800,100,100,5383,[],,,-0.0055252956226468,0.1573382914066314,0.0394088669950738,0.9925,0.9929255921278878,0.9926022002648232,0.992540450862992,0.9924222398449204,0.9929255921278878,0.9912679417621688,0.991242617800474,0.0338483359429099,0.9667181099104618,0.999953744607584,0.9995188372694864,0.43,0.435969387755102,0.4247961562247276,0.4203543123543124,0.4232032286598849,0.435969387755102,0.3368515900713771,0.3351994401679495,2.429004670892728,0.0881245018269916,0.8260469864478562,0.5217847063942058,0.57,0.5628401360544217,0.5738995207512858,0.5795139185648963,0.5987776689623218,0.5628401360544217,0.499125599502874,0.4972524260493394,2.017619742418582,0.1329715953430664,0.8549304378199482,0.65425318490674,0.5738995207512858,0.5628401360544217,0.749562799751437,0.1329715953430664,0.1471165872533494,0.4267829334979363,0.497913422414259,0.951937958832867,0.4972373521886766,0.0152743030116885,0.5732708280685793,0.5579965250568908,0.4187026795135374,0.4187026795135374,google-bert_bert-base-uncased_ISEAR_dd0fdc,/Volumes/Amirali/hidden_states/master_runs/ISEAR__google-bert/bert-base-uncased/dd0fdc4dbc4f8bf70821,1.0.0,dd0fdc4dbc4f8bf70821,0.1428571428571428,0.5028827742098334
0,3129723408,layer_12,12,1.0,mlp_1_hidden,mlp,1_hidden,single_label,768,13,7,800,100,100,297991,[384],22.0,0.5143402592663676,-0.0055252956226468,0.1573382914066314,0.0394088669950738,0.9475,0.9472445196952264,0.9479516505277916,0.947456889446431,0.9490031059953734,0.9472445196952264,0.9387320847914236,0.9386755003148356,0.3037784919982613,0.7380243266398814,0.9961974902855688,0.981755676014806,0.52,0.5232993197278911,0.5143402592663676,0.510002371829958,0.518006932867614,0.5232993197278911,0.4407598936459245,0.4390557438354563,1.3975627616749322,0.2471987125174438,0.8514253174842876,0.6014167754313708,0.61,0.6029761904761904,0.5987411020853803,0.6019471181683963,0.6157766952935021,0.6029761904761904,0.5462087558968856,0.54337899543379,1.2885078587044108,0.2756818325883691,0.8609838829823683,0.6394923420128847,0.5987411020853803,0.6029761904761904,0.7731043779484428,0.2756818325883691,0.1424025563572049,0.4563385457281754,0.5323949700162046,0.9503225226801107,0.4972373521886766,0.02,0.6100386579245629,0.5900386579245629,0.3492105484424112,0.3492105484424112,google-bert_bert-base-uncased_ISEAR_dd0fdc,/Volumes/Amirali/hidden_states/master_runs/ISEAR__google-bert/bert-base-uncased/dd0fdc4dbc4f8bf70821,1.0.0,dd0fdc4dbc4f8bf70821,0.1428571428571428,0.5318646190996104
0,3280954875,layer_12,12,1.0,mlp_2_hidden,mlp,2_hidden,single_label,768,13,7,800,100,100,370567,"[384, 192]",32.0,0.5838450318948493,-0.0055252956226468,0.1573382914066314,0.0394088669950738,0.9925,0.9925614960469776,0.9926888923154406,0.9925142362157986,0.9930327404554208,0.9925614960469776,0.991280882993556,0.9912410836969195,0.0311616546733206,0.9693188654855664,0.9995490141296324,0.9983656223892236,0.59,0.5960884353741497,0.5838450318948493,0.5800439933259177,0.5840602907829799,0.5960884353741497,0.5236991054428144,0.5218658892128281,2.217216196652912,0.1089118764528708,0.8506082480560934,0.6045765643278279,0.63,0.625,0.6257679102506689,0.628207097500201,0.6360644257703081,0.625,0.5682512323472135,0.5672514619883041,1.7131550194652356,0.1802960567572865,0.88002675065798,0.6822063071198744,0.6257679102506689,0.625,0.7841256161736068,0.1802960567572865,0.1207282243811517,0.5050396858695172,0.58921296684777,0.98568124856582,0.4972373521886766,0.02,0.6271130115000068,0.6071130115000067,0.3669209820647716,0.3669209820647716,google-bert_bert-base-uncased_ISEAR_dd0fdc,/Volumes/Amirali/hidden_states/master_runs/ISEAR__google-bert/bert-base-uncased/dd0fdc4dbc4f8bf70821,1.0.0,dd0fdc4dbc4f8bf70821,0.1428571428571428,0.563395895292447
1,329176202,layer_0,0,0.0,linear_logistic,logistic,linear,single_label,768,13,7,800,100,100,5383,[],,,-0.0235143583267927,0.1976158022880554,0.0372670807453416,0.99125,0.9911381018092396,0.9914171982775558,0.9913398177062974,0.992,0.9911381018092396,0.9898449367450728,0.9897889782961088,0.0374024511055915,0.9632883808542962,0.99994148627646,0.9993356165200128,0.42,0.4197278911564625,0.4155581031077614,0.4156340378197997,0.4140306122448979,0.4197278911564625,0.3234403740551103,0.3230625583566761,2.8363033643923954,0.0586420440507698,0.7581232492997199,0.4419188308866992,0.47,0.4698587127158555,0.4614092090704993,0.4625402755846304,0.4814255845879022,0.4698587127158555,0.3852989195650789,0.3817800069987169,2.2861585901005825,0.1016562159662992,0.8124949169106913,0.5397071823783823,0.4614092090704993,0.4698587127158555,0.6926494597825394,0.1016562159662992,0.1317059815237368,0.3297032275467625,0.3846537654712229,0.9701094645307716,0.4882428208366036,0.0152743030116885,0.4982479903281659,0.4829736873164774,0.5300079892070564,0.5300079892070564,google-bert_bert-base-uncased_ISEAR_dd0fdc,/Volumes/Amirali/hidden_states/master_runs/ISEAR__google-bert/bert-base-uncased/dd0fdc4dbc4f8bf70821,1.0.0,dd0fdc4dbc4f8bf70821,0.1428571428571428,0.3716440772489159
1,3129711445,layer_0,0,0.0,mlp_1_hidden,mlp,1_hidden,single_label,768,13,7,800,100,100,297991,[384],25.0,0.4705689833999066,-0.0235143583267927,0.1976158022880554,0.0372670807453416,0.97125,0.9712039495779904,0.9716868547732354,0.971746980220106,0.9735108008692916,0.9712039495779904,0.9667074898196863,0.9664518858051364,0.1941390339205271,0.8235433958414354,0.9991904712515716,0.9953444579096534,0.48,0.4782312925170067,0.4705689833999066,0.4720742703985752,0.4674511762747057,0.4782312925170067,0.3937346144207724,0.3930905695611577,1.5951811900941906,0.2028717668176797,0.7955380291651544,0.4810796151170279,0.45,0.450915750915751,0.4407993625993084,0.4411139186812811,0.459806961408792,0.450915750915751,0.3629393655996376,0.358600583090379,1.5518856631754323,0.2118481227491442,0.8130346294337858,0.5657206158312901,0.4407993625993084,0.450915750915751,0.6814696827998188,0.2118481227491442,0.1428493105552864,0.2979500520440219,0.3476083940513589,0.9019236042616372,0.4882428208366036,0.02,0.4853686482603427,0.4653686482603427,0.530887492173927,0.530887492173927,google-bert_bert-base-uncased_ISEAR_dd0fdc,/Volumes/Amirali/hidden_states/master_runs/ISEAR__google-bert/bert-base-uncased/dd0fdc4dbc4f8bf70821,1.0.0,dd0fdc4dbc4f8bf70821,0.1428571428571428,0.3475992563658598
1,3280942912,layer_0,0,0.0,mlp_2_hidden,mlp,2_hidden,single_label,768,13,7,800,100,100,370567,"[384, 192]",25.0,0.4861798930804174,-0.0235143583267927,0.1976158022880554,0.0372670807453416,0.9875,0.9877303356896092,0.9874639373402302,0.9876574852593148,0.9877578561789088,0.9877303356896092,0.9855092556397036,0.9854158311153244,0.0695564747924633,0.9328074517897308,0.99974620230441,0.9983990232726908,0.49,0.4904761904761904,0.4861798930804174,0.4865885703510842,0.4889427565898154,0.4904761904761904,0.4062909931198045,0.4052478134110787,2.2821445664761244,0.1020650864777173,0.7748330960291093,0.4480495705838069,0.51,0.5110936682365254,0.5102172106780402,0.5094607901059515,0.5357611576098971,0.5110936682365254,0.4313022503666457,0.4281713152059749,1.9677818755733536,0.1397665321972459,0.8227274160543249,0.5699800993855219,0.5102172106780402,0.5110936682365254,0.7156511251833229,0.1397665321972459,0.1223019770519362,0.3879152336261039,0.4525677725637879,0.9748148907611334,0.4882428208366036,0.02,0.537949859532913,0.517949859532913,0.47724672666219,0.47724672666219,google-bert_bert-base-uncased_ISEAR_dd0fdc,/Volumes/Amirali/hidden_states/master_runs/ISEAR__google-bert/bert-base-uncased/dd0fdc4dbc4f8bf70821,1.0.0,dd0fdc4dbc4f8bf70821,0.1428571428571428,0.4285867457910468
1,329177199,layer_1,1,0.0833333333333333,linear_logistic,logistic,linear,single_label,768,13,7,800,100,100,5383,[],,,-0.0178199373185634,0.1343795657157898,0.0372670807453416,0.99125,0.9911381018092396,0.9914171982775558,0.9913398177062974,0.992,0.9911381018092396,0.9898449367450728,0.9897889782961088,0.0380895340403103,0.9626267491705466,0.99994148627646,0.9993356165200128,0.47,0.4693877551020408,0.4616263525746285,0.4625777335691128,0.4579452293738008,0.4693877551020408,0.3821711299695505,0.3816357484540894,2.639750659869345,0.0713790650031282,0.7820301143713299,0.4671619437305988,0.51,0.5073783359497644,0.5053526112639413,0.5079102851171817,0.5128266691291901,0.5073783359497644,0.4291248140192359,0.4279710483306094,2.088937509135292,0.1238186221084648,0.8474330745190556,0.6022678433935198,0.5053526112639413,0.5073783359497644,0.7145624070096179,0.1238186221084648,0.1395243023437601,0.3658283089201811,0.4267996937402113,0.9689863416250708,0.4910900313407182,0.0152743030116885,0.5288242009483244,0.5135498979366359,0.4860645870136145,0.4860645870136145,google-bert_bert-base-uncased_ISEAR_dd0fdc,/Volumes/Amirali/hidden_states/master_runs/ISEAR__google-bert/bert-base-uncased/dd0fdc4dbc4f8bf70821,1.0.0,dd0fdc4dbc4f8bf70821,0.1428571428571428,0.4229113798079315
1,3129712442,layer_1,1,0.0833333333333333,mlp_1_hidden,mlp,1_hidden,single_label,768,13,7,800,100,100,297991,[384],44.0,0.5236716755667785,-0.0178199373185634,0.1343795657157898,0.0372670807453416,0.99125,0.991201266352876,0.991345146943383,0.9913432894605928,0.9918032786885246,0.991201266352876,0.9898454320344368,0.9897894809774384,0.0304945076808455,0.9699657594141003,0.99994148627646,0.9993356165200128,0.54,0.5380952380952381,0.5236716755667785,0.5258649087221096,0.5192949907235621,0.5380952380952381,0.4649286991678384,0.4632438739789964,1.9075038899031056,0.1484504732399463,0.8141776710684273,0.5196918124869744,0.52,0.517687074829932,0.5123604148910045,0.5156445292749521,0.5169657606632397,0.517687074829932,0.4411815122854611,0.4398412883650368,1.6297848864411133,0.1959717257684232,0.8475244599104215,0.6049641274527244,0.5123604148910045,0.517687074829932,0.7205907561427305,0.1959717257684232,0.1549403927967043,0.3574200220943002,0.4169900257766835,0.9681831005848412,0.4910900313407182,0.02,0.5381997677263495,0.5181997677263495,0.4789847320523785,0.4789847320523785,google-bert_bert-base-uncased_ISEAR_dd0fdc,/Volumes/Amirali/hidden_states/master_runs/ISEAR__google-bert/bert-base-uncased/dd0fdc4dbc4f8bf70821,1.0.0,dd0fdc4dbc4f8bf70821,0.1428571428571428,0.4310871507061719
1,3280943909,layer_1,1,0.0833333333333333,mlp_2_hidden,mlp,2_hidden,single_label,768,13,7,800,100,100,370567,"[384, 192]",16.0,0.5049894228248328,-0.0178199373185634,0.1343795657157898,0.0372670807453416,0.66625,0.6652789559401092,0.662345585207548,0.6629199159149812,0.6679755518772567,0.6652789559401092,0.6117538780110979,0.6104805532051469,0.9589637796521292,0.3832898530117544,0.9248898687661976,0.7447484944266524,0.51,0.5108843537414965,0.5049894228248328,0.5034386539761794,0.5058002148227713,0.5108843537414965,0.4289239819507794,0.4279710483306094,1.5450832598040554,0.2132941116576537,0.7859475883376607,0.4822504357027076,0.46,0.4578231292517007,0.4324350110234175,0.4350914773964009,0.430000985901607,0.4578231292517007,0.373619743065275,0.3696743317380647,1.4473884983062346,0.2351836693729844,0.8153069708544699,0.5528679884221691,0.4324350110234175,0.4578231292517007,0.6868098715326375,0.2351836693729844,0.1245552124640981,0.3078797985593194,0.3591930983192059,0.9534122966262774,0.4910900313407182,0.02,0.4950564207043084,0.4750564207043084,0.2299105741841305,0.2299105741841305,google-bert_bert-base-uncased_ISEAR_dd0fdc,/Volumes/Amirali/hidden_states/master_runs/ISEAR__google-bert/bert-base-uncased/dd0fdc4dbc4f8bf70821,1.0.0,dd0fdc4dbc4f8bf70821,0.1428571428571428,0.3378408461939871
1,329178196,layer_2,2,0.1666666666666666,linear_logistic,logistic,linear,single_label,768,13,7,800,100,100,5383,[],,,-0.0184945296496152,0.127858430147171,0.0372670807453416,0.99125,0.9911381018092396,0.9914171982775558,0.9913398177062974,0.992,0.9911381018092396,0.9898449367450728,0.9897889782961088,0.0369650811159558,0.9637097864318056,0.99994148627646,0.9993356165200128,0.49,0.489795918367347,0.4855798035442084,0.486213035059531,0.4879836550004617,0.489795918367347,0.4058926904005113,0.4050396640223985,2.421931189831858,0.0887500586455537,0.8067758266097137,0.5330597695550293,0.47,0.469178440607012,0.4562207140920885,0.4575014118550646,0.4637373977931253,0.469178440607012,0.3844706169835568,0.3816357484540893,2.053833919426102,0.1282422892653406,0.8422759905269862,0.580967684547933,0.4562207140920885,0.469178440607012,0.6922353084917784,0.1282422892653406,0.143612648983771,0.3126080651083174,0.364709409293037,0.9903128350385516,0.4907527351751923,0.0152743030116885,0.4976022719355969,0.4823279689239084,0.5351964841854673,0.5351964841854673,google-bert_bert-base-uncased_ISEAR_dd0fdc,/Volumes/Amirali/hidden_states/master_runs/ISEAR__google-bert/bert-base-uncased/dd0fdc4dbc4f8bf70821,1.0.0,dd0fdc4dbc4f8bf70821,0.1428571428571428,0.3655908331074365
1,3129713439,layer_2,2,0.1666666666666666,mlp_1_hidden,mlp,1_hidden,single_label,768,13,7,800,100,100,297991,[384],22.0,0.5629501863170744,-0.0184945296496152,0.127858430147171,0.0372670807453416,0.93875,0.9387690179846984,0.9388868892577422,0.9391554550829369,0.9413937413629244,0.9387690179846984,0.9289346886658008,0.928534966819806,0.320276560188103,0.7259482409267969,0.9964826304049844,0.9843940729325216,0.57,0.5707482993197279,0.5629501863170744,0.5633049392044894,0.5778003397568615,0.5707482993197279,0.5023032219800859,0.4985422740524781,1.42507624864557,0.2404901254628973,0.8273488930455903,0.5441232658571288,0.56,0.5601779173207745,0.5514888337468983,0.5513966087675766,0.5533539173245056,0.5601779173207745,0.4879986920022122,0.4864013073421267,1.3022867046272,0.2719093053158453,0.8570306116401282,0.6293429713648975,0.5514888337468983,0.5601779173207745,0.7439993460011061,0.2719093053158453,0.1295916708274616,0.4218971629194366,0.4922133567393426,0.9333320874182384,0.4907527351751923,0.02,0.5770032453150432,0.5570032453150432,0.3873980555108439,0.3873980555108439,google-bert_bert-base-uncased_ISEAR_dd0fdc,/Volumes/Amirali/hidden_states/master_runs/ISEAR__google-bert/bert-base-uncased/dd0fdc4dbc4f8bf70821,1.0.0,dd0fdc4dbc4f8bf70821,0.1428571428571428,0.4767369727047146
1,3280944906,layer_2,2,0.1666666666666666,mlp_2_hidden,mlp,2_hidden,single_label,768,13,7,800,100,100,370567,"[384, 192]",28.0,0.5825324675324675,-0.0184945296496152,0.127858430147171,0.0372670807453416,0.99125,0.9911381018092396,0.9914171982775558,0.9913398177062974,0.992,0.9911381018092396,0.9898449367450728,0.9897889782961088,0.0297046510429364,0.9707321959553664,0.99994148627646,0.9993356165200128,0.59,0.5891156462585034,0.5825324675324675,0.5840722943722944,0.5887283977509542,0.5891156462585034,0.5238413273218778,0.5216985534297713,2.139433568029666,0.11772150536439,0.8283625077938152,0.5726475576837637,0.54,0.5374149659863946,0.5231788947463044,0.5247691714366907,0.5235588972431078,0.5374149659863946,0.4650927431760867,0.4628050916734789,1.9677406047366643,0.1397723005980034,0.8394072708967616,0.5809804083570331,0.5231788947463044,0.5374149659863946,0.7325463715880434,0.1397723005980034,0.1367358075038455,0.3864430872424588,0.4508502684495353,0.9736105565095176,0.4907527351751923,0.02,0.5473349004821606,0.5273349004821606,0.4682383035312514,0.4682383035312514,google-bert_bert-base-uncased_ISEAR_dd0fdc,/Volumes/Amirali/hidden_states/master_runs/ISEAR__google-bert/bert-base-uncased/dd0fdc4dbc4f8bf70821,1.0.0,dd0fdc4dbc4f8bf70821,0.1428571428571428,0.4437087105373551
1,329179193,layer_3,3,0.25,linear_logistic,logistic,linear,single_label,768,13,7,800,100,100,5383,[],,,-0.0195687562227249,0.145456001162529,0.0372670807453416,0.99125,0.991201266352876,0.991345146943383,0.9913432894605928,0.9918032786885246,0.991201266352876,0.9898454320344368,0.9897894809774384,0.0362486165112402,0.9644004977885752,0.99994148627646,0.9993356165200128,0.53,0.529251700680272,0.525175526149157,0.5252805348959506,0.5266152393971942,0.529251700680272,0.4521759314253759,0.451383214660908,2.374575930054651,0.0930539422248472,0.8055835357398774,0.5388468436225653,0.57,0.5701726844583987,0.5656391679162077,0.5665506473286358,0.5785277587909167,0.5701726844583987,0.5007675222622868,0.4982497082847141,1.811912168209032,0.1633415015658734,0.8582139583364033,0.6095639180593756,0.5656391679162077,0.5701726844583987,0.7503837611311435,0.1633415015658734,0.1245864519275179,0.4410527159886898,0.5145615019868047,0.9512898471966096,0.4902156218886375,0.0152743030116885,0.5783794751855243,0.5631051721738358,0.4257059790271753,0.4257059790271753,google-bert_bert-base-uncased_ISEAR_dd0fdc,/Volumes/Amirali/hidden_states/master_runs/ISEAR__google-bert/bert-base-uncased/dd0fdc4dbc4f8bf70821,1.0.0,dd0fdc4dbc4f8bf70821,0.1428571428571428,0.4932456959022423
1,3129714436,layer_3,3,0.25,mlp_1_hidden,mlp,1_hidden,single_label,768,13,7,800,100,100,297991,[384],28.0,0.5536547745649129,-0.0195687562227249,0.145456001162529,0.0372670807453416,0.98875,0.9887167943031864,0.9889661713487884,0.9888414550568072,0.9893854466494976,0.9887167943031864,0.9869022820339384,0.9868716871523048,0.1024025543479882,0.9026661063546444,0.9997793144616104,0.998531059861801,0.56,0.5585034013605442,0.5536547745649129,0.5546986145574855,0.5553421368547419,0.5585034013605442,0.4873697544418348,0.4864013073421267,1.5168435090547834,0.2194033397511364,0.8292795257637939,0.5341421894357313,0.61,0.6106227106227106,0.6006461962683162,0.6009234284234285,0.6024253524253523,0.6106227106227106,0.5468938075066896,0.5449772488624431,1.307524659491062,0.2704887802185208,0.8695386794530285,0.6599547830033704,0.6006461962683162,0.6106227106227106,0.7734469037533448,0.2704887802185208,0.1319402781268093,0.4687059181415068,0.5468235711650913,0.9127353600452636,0.4902156218886375,0.02,0.6099699005773158,0.5899699005773158,0.3883199750804721,0.3883199750804721,google-bert_bert-base-uncased_ISEAR_dd0fdc,/Volumes/Amirali/hidden_states/master_runs/ISEAR__google-bert/bert-base-uncased/dd0fdc4dbc4f8bf70821,1.0.0,dd0fdc4dbc4f8bf70821,0.1428571428571428,0.5340872289797022
1,3280945903,layer_3,3,0.25,mlp_2_hidden,mlp,2_hidden,single_label,768,13,7,800,100,100,370567,"[384, 192]",25.0,0.532967032967033,-0.0195687562227249,0.145456001162529,0.0372670807453416,0.9875,0.9874745582783416,0.987673249810629,0.9875807700813556,0.9880285395503804,0.9874745582783416,0.9854419232151292,0.985413171905769,0.0624325214588889,0.939476455175243,0.9998393740617952,0.9987759339323624,0.53,0.5285714285714286,0.532967032967033,0.5345398351648352,0.5436482285221781,0.5285714285714286,0.4524207119383578,0.4515752625437573,1.9558927056919555,0.1414381576712547,0.8103216170189006,0.5360459445287283,0.61,0.61287284144427,0.6017041820613249,0.6021956515706516,0.6276310524209684,0.61287284144427,0.5499930389243279,0.5455604754136565,1.562861681729525,0.2095355882504298,0.8636111151634795,0.6850724269124587,0.6017041820613249,0.61287284144427,0.774996519462164,0.2095355882504298,0.1386034098546791,0.4631007722066458,0.5402842342410867,0.8905719871052389,0.4902156218886375,0.02,0.6011848351295124,0.5811848351295124,0.385969067749304,0.385969067749304,google-bert_bert-base-uncased_ISEAR_dd0fdc,/Volumes/Amirali/hidden_states/master_runs/ISEAR__google-bert/bert-base-uncased/dd0fdc4dbc4f8bf70821,1.0.0,dd0fdc4dbc4f8bf70821,0.1428571428571428,0.5353215457382123
1,329180190,layer_4,4,0.3333333333333333,linear_logistic,logistic,linear,single_label,768,13,7,800,100,100,5383,[],,,-0.0198971107602119,0.1548065692186355,0.0372670807453416,0.99125,0.9911381018092396,0.9914171982775558,0.9913398177062974,0.992,0.9911381018092396,0.9898449367450728,0.9897889782961088,0.0363804391194944,0.9642733763784772,0.99994148627646,0.9993356165200128,0.55,0.5496598639455782,0.548380940189696,0.5483716547192353,0.552466301205797,0.5496598639455782,0.4754564569726907,0.4747899159663866,2.48873201438526,0.083015161899093,0.8041602687586663,0.5296074175288863,0.59,0.5914704343275771,0.5855275823546124,0.5846197921933461,0.5960421888053468,0.5914704343275771,0.5240930287718686,0.5216427488041069,1.7333599965643427,0.1766897345745794,0.8655560542642818,0.6478217136968335,0.5855275823546124,0.5914704343275771,0.7620465143859343,0.1766897345745794,0.1344692576416745,0.4510583247129379,0.5262347121650942,0.9430283811714004,0.490051444619894,0.0152743030116885,0.5911307641342913,0.5758564611226028,0.4058896159229433,0.4058896159229433,google-bert_bert-base-uncased_ISEAR_dd0fdc,/Volumes/Amirali/hidden_states/master_runs/ISEAR__google-bert/bert-base-uncased/dd0fdc4dbc4f8bf70821,1.0.0,dd0fdc4dbc4f8bf70821,0.1428571428571428,0.5164488460803811
1,3129715433,layer_4,4,0.3333333333333333,mlp_1_hidden,mlp,1_hidden,single_label,768,13,7,800,100,100,297991,[384],31.0,0.5777000209572634,-0.0198971107602119,0.1548065692186355,0.0372670807453416,0.99125,0.991201266352876,0.991345146943383,0.9913432894605928,0.9918032786885246,0.991201266352876,0.9898454320344368,0.9897894809774384,0.067530056085969,0.9346996267814964,0.9999360392775688,0.9993071284624692,0.59,0.58843537414966,0.5777000209572634,0.5788073108606986,0.5804279999326438,0.58843537414966,0.5234403264379518,0.5214194000233454,1.671294261762556,0.1880035822593795,0.8259704812157421,0.5485392224039266,0.58,0.5805860805860805,0.5697126299003796,0.5701654395710167,0.5820414860828395,0.5805860805860805,0.5138204368770435,0.5100326644890341,1.389208953215211,0.2492724128011808,0.8687174041783762,0.6430041680192901,0.5697126299003796,0.5805860805860805,0.7569102184385217,0.2492724128011808,0.15156036636336,0.4181522635370195,0.4878443074598561,0.930448665945106,0.490051444619894,0.02,0.5830961439263799,0.5630961439263799,0.4216325170430034,0.4216325170430034,google-bert_bert-base-uncased_ISEAR_dd0fdc,/Volumes/Amirali/hidden_states/master_runs/ISEAR__google-bert/bert-base-uncased/dd0fdc4dbc4f8bf70821,1.0.0,dd0fdc4dbc4f8bf70821,0.1428571428571428,0.4979980682171095
1,3280946900,layer_4,4,0.3333333333333333,mlp_2_hidden,mlp,2_hidden,single_label,768,13,7,800,100,100,370567,"[384, 192]",27.0,0.5546361003734275,-0.0198971107602119,0.1548065692186355,0.0372670807453416,0.99125,0.991201266352876,0.991345146943383,0.9913432894605928,0.9918032786885246,0.991201266352876,0.9898454320344368,0.9897894809774384,0.037073003897193,0.9636057858034678,0.9999343090057032,0.9992984359273972,0.56,0.5591836734693877,0.5546361003734275,0.5560195688421495,0.5573547367665015,0.5591836734693877,0.4877830282865681,0.4867008866075595,2.144184952100326,0.1171634919967332,0.8216923978893883,0.5298285556205727,0.56,0.5572475143903716,0.5496598639455782,0.5508571428571429,0.5587992772866722,0.5572475143903716,0.4875681040166854,0.4856808883693747,1.813483788716289,0.1630849923327098,0.8510695440967085,0.6193451290253035,0.5496598639455782,0.5572475143903716,0.7437840520083427,0.1630849923327098,0.1189039041092084,0.4307559598363698,0.502548619809098,0.9313264012457462,0.490051444619894,0.02,0.5670231364968616,0.5470231364968616,0.4416852829978048,0.4416852829978048,google-bert_bert-base-uncased_ISEAR_dd0fdc,/Volumes/Amirali/hidden_states/master_runs/ISEAR__google-bert/bert-base-uncased/dd0fdc4dbc4f8bf70821,1.0.0,dd0fdc4dbc4f8bf70821,0.1428571428571428,0.4746031746031745
1,329181187,layer_5,5,0.4166666666666667,linear_logistic,logistic,linear,single_label,768,13,7,800,100,100,5383,[],,,-0.0173514857888221,0.1473863124847412,0.0372670807453416,0.99125,0.991362296948689,0.991162231945914,0.991352119220585,0.9913043478260868,0.991362296948689,0.9898465968497836,0.9897906537080892,0.0364541605177186,0.9642022914171736,0.99994148627646,0.9993356165200128,0.51,0.5088435374149659,0.5117814137149113,0.5118493568691844,0.5247284927957196,0.5088435374149659,0.4291775980482714,0.4277706411304449,2.359037699676497,0.0945111275392537,0.816545222740259,0.5247115219414277,0.63,0.6295656724228152,0.6260973597576898,0.6261642752932289,0.6293417366946779,0.6295656724228152,0.5689401807022931,0.5680093403385873,1.814461726881434,0.162925583253361,0.861396195514786,0.6248539531154813,0.6260973597576898,0.6295656724228152,0.7844700903511466,0.162925583253361,0.1511009985110206,0.4749963612466691,0.5541624214544473,0.9105843216490128,0.4913242571055889,0.0152743030116885,0.611379391991923,0.5961050889802345,0.3650648721882242,0.3650648721882242,google-bert_bert-base-uncased_ISEAR_dd0fdc,/Volumes/Amirali/hidden_states/master_runs/ISEAR__google-bert/bert-base-uncased/dd0fdc4dbc4f8bf70821,1.0.0,dd0fdc4dbc4f8bf70821,0.1428571428571428,0.5637802530506381
1,3129716430,layer_5,5,0.4166666666666667,mlp_1_hidden,mlp,1_hidden,single_label,768,13,7,800,100,100,297991,[384],50.0,0.5881219718143098,-0.0173514857888221,0.1473863124847412,0.0372670807453416,0.99125,0.9911381018092396,0.9914171982775558,0.9913398177062974,0.992,0.9911381018092396,0.9898449367450728,0.9897889782961088,0.027804696352475,0.9725782963424564,0.99994148627646,0.9993356165200128,0.59,0.5904761904761904,0.5881219718143098,0.5866441623590481,0.602400888585099,0.5904761904761904,0.5233907699167365,0.5213076474022184,1.6831540213290292,0.1857870745801998,0.8480656448625962,0.5743951023816315,0.58,0.5805860805860805,0.5755952380952382,0.575323717948718,0.5804558186911128,0.5805860805860805,0.5112376498483002,0.5098039215686274,1.6201871205321154,0.1978616716381429,0.8684960364998506,0.6698812168979538,0.5755952380952382,0.5805860805860805,0.7556188249241501,0.1978616716381429,0.1529094886071912,0.4226857494880469,0.4931333744027213,0.9643440097183384,0.4913242571055889,0.02,0.583743001221816,0.563743001221816,0.4158219601823176,0.4158219601823176,google-bert_bert-base-uncased_ISEAR_dd0fdc,/Volumes/Amirali/hidden_states/master_runs/ISEAR__google-bert/bert-base-uncased/dd0fdc4dbc4f8bf70821,1.0.0,dd0fdc4dbc4f8bf70821,0.1428571428571428,0.5048611111111112
1,3280947897,layer_5,5,0.4166666666666667,mlp_2_hidden,mlp,2_hidden,single_label,768,13,7,800,100,100,370567,"[384, 192]",18.0,0.5549913795881538,-0.0173514857888221,0.1473863124847412,0.0372670807453416,0.79625,0.79605999011028,0.7974416000616984,0.7978323040375785,0.8080774890762896,0.79605999011028,0.7638378862771251,0.7622641784623014,0.6426536124218436,0.5258950491822945,0.967251604533481,0.8752200525963586,0.55,0.5489795918367347,0.5549913795881538,0.5543562955861343,0.5884453781512605,0.5489795918367347,0.4785685534734591,0.4742376445846478,1.3949591857808905,0.2478431516855006,0.8280277692472338,0.5465251260169536,0.53,0.5298273155416012,0.5142558298147357,0.5165075295516979,0.5484144162715591,0.5298273155416012,0.4599250606732015,0.4521506003030655,1.3693036798930742,0.2542839609557128,0.8550251096675794,0.5911285795229736,0.5142558298147357,0.5298273155416012,0.7299625303366007,0.2542839609557128,0.1355460428690897,0.3787097869456459,0.4418280847699202,0.9792255107862606,0.4913242571055889,0.02,0.5538152113188751,0.5338152113188751,0.2831857702469627,0.2831857702469627,google-bert_bert-base-uncased_ISEAR_dd0fdc,/Volumes/Amirali/hidden_states/master_runs/ISEAR__google-bert/bert-base-uncased/dd0fdc4dbc4f8bf70821,1.0.0,dd0fdc4dbc4f8bf70821,0.1428571428571428,0.4332984681171916
1,329182184,layer_6,6,0.5,linear_logistic,logistic,linear,single_label,768,13,7,800,100,100,5383,[],,,-0.0164236258715391,0.1473589092493057,0.0372670807453416,0.99125,0.991362296948689,0.991162231945914,0.991352119220585,0.9913043478260868,0.991362296948689,0.9898465968497836,0.9897906537080892,0.0364483635296573,0.9642078809025468,0.99994148627646,0.9993356165200128,0.49,0.489795918367347,0.4918497228600242,0.4927662405356461,0.505205415499533,0.489795918367347,0.4065552800705985,0.4051784464660602,1.9097529256134709,0.1481169779863491,0.8509322798886995,0.5759880690852551,0.58,0.5798011512297228,0.5756078182107104,0.5759677419354838,0.5910147392290249,0.5798011512297228,0.5115472451081089,0.5096322241681261,2.131254304431236,0.1186883291512071,0.8412709719011904,0.6019557251459854,0.5756078182107104,0.5798011512297228,0.7557736225540544,0.1186883291512071,0.1538645629922877,0.4217432552184226,0.4920337977548263,0.9645474203430732,0.4917881870642304,0.0152743030116885,0.575557914473849,0.5602836114621604,0.4155544137352036,0.4155544137352036,google-bert_bert-base-uncased_ISEAR_dd0fdc,/Volumes/Amirali/hidden_states/master_runs/ISEAR__google-bert/bert-base-uncased/dd0fdc4dbc4f8bf70821,1.0.0,dd0fdc4dbc4f8bf70821,0.1428571428571428,0.5048757879124954
1,3129717427,layer_6,6,0.5,mlp_1_hidden,mlp,1_hidden,single_label,768,13,7,800,100,100,297991,[384],32.0,0.5729441745956178,-0.0164236258715391,0.1473589092493057,0.0372670807453416,0.99125,0.991362296948689,0.991162231945914,0.991352119220585,0.9913043478260868,0.991362296948689,0.9898465968497836,0.9897906537080892,0.0594517925891234,0.9422809574216142,0.9999080881264087,0.9991651280130256,0.58,0.5782312925170068,0.5729441745956178,0.5733747741696591,0.5808971208407299,0.5782312925170068,0.5114342506487617,0.5095176923975242,1.3928403394233848,0.2483688499849683,0.8645241352354897,0.606024013629235,0.56,0.5572475143903716,0.5516401673083701,0.5536464180980311,0.5613286223580342,0.5572475143903716,0.4883340934072318,0.4861613920355015,1.6044520389866106,0.2009996647195062,0.8520790165427716,0.6268324938707449,0.5516401673083701,0.5572475143903716,0.7441670467036159,0.2009996647195062,0.145452835679697,0.406187331628673,0.4738852202334518,0.9705740068305804,0.4917881870642304,0.02,0.5696460465461012,0.5496460465461012,0.4395220646375439,0.4395220646375439,google-bert_bert-base-uncased_ISEAR_dd0fdc,/Volumes/Amirali/hidden_states/master_runs/ISEAR__google-bert/bert-base-uncased/dd0fdc4dbc4f8bf70821,1.0.0,dd0fdc4dbc4f8bf70821,0.1428571428571428,0.4769135285264317
1,3280948894,layer_6,6,0.5,mlp_2_hidden,mlp,2_hidden,single_label,768,13,7,800,100,100,370567,"[384, 192]",20.0,0.6441891441891442,-0.0164236258715391,0.1473589092493057,0.0372670807453416,0.9025,0.9022770174854776,0.9016410107607488,0.901762227890508,0.9018688882737848,0.9022770174854776,0.8863651873926183,0.8862229483207856,0.3547613060777067,0.7013408290241334,0.9921691234289096,0.9647730172501114,0.65,0.6476190476190476,0.6441891441891442,0.6452447552447552,0.6492063492063492,0.6476190476190476,0.5926298037643958,0.5913124708080335,1.2343519000629346,0.2910233134524118,0.8641222070223437,0.6341900659895613,0.52,0.5176870748299319,0.5058018278601707,0.50913834852723,0.5382965895388255,0.5176870748299319,0.4460809172987295,0.4401679496151155,1.532449763267805,0.2160058554138801,0.8488502056797057,0.5983119727244045,0.5058018278601707,0.5176870748299319,0.7230404586493648,0.2160058554138801,0.1086022838278538,0.3971995440323169,0.463399468037703,0.9889301809457032,0.4917881870642304,0.02,0.5503224935836476,0.5303224935836476,0.3958391829005779,0.3958391829005779,google-bert_bert-base-uncased_ISEAR_dd0fdc,/Volumes/Amirali/hidden_states/master_runs/ISEAR__google-bert/bert-base-uncased/dd0fdc4dbc4f8bf70821,1.0.0,dd0fdc4dbc4f8bf70821,0.1428571428571428,0.4234354658368658
1,329183181,layer_7,7,0.5833333333333334,linear_logistic,logistic,linear,single_label,768,13,7,800,100,100,5383,[],,,-0.0147223118692636,0.1470870971679687,0.0372670807453416,0.99125,0.991362296948689,0.991162231945914,0.991352119220585,0.9913043478260868,0.991362296948689,0.9898465968497836,0.9897906537080892,0.0361816242512197,0.964465107321632,0.99994148627646,0.9993356165200128,0.47,0.4687074829931972,0.4708487097649659,0.4719646509301682,0.4749869178440607,0.4687074829931972,0.3817759614486606,0.3814192343604109,1.9680203740203728,0.1397332020711212,0.8291545455391457,0.5433505825790694,0.55,0.5519099947671376,0.5443967742473846,0.5446477394419673,0.5542386185243329,0.5519099947671376,0.4783069294030267,0.4754021916530659,2.198553864549481,0.1109635106552933,0.8388644004884663,0.5654004301392264,0.5443967742473846,0.5519099947671376,0.7391534647015134,0.1109635106552933,0.1578428599360869,0.3865539143112977,0.4509795666965139,0.9915169929287048,0.4926388440653682,0.0152743030116885,0.5548346183831148,0.5395603153714262,0.4467654576985294,0.4467654576985294,google-bert_bert-base-uncased_ISEAR_dd0fdc,/Volumes/Amirali/hidden_states/master_runs/ISEAR__google-bert/bert-base-uncased/dd0fdc4dbc4f8bf70821,1.0.0,dd0fdc4dbc4f8bf70821,0.1428571428571428,0.4684629032886154
1,3129718424,layer_7,7,0.5833333333333334,mlp_1_hidden,mlp,1_hidden,single_label,768,13,7,800,100,100,297991,[384],21.0,0.5183385182029802,-0.0147223118692636,0.1470870971679687,0.0372670807453416,0.92875,0.9284063679887932,0.9295179177604294,0.9296459506182292,0.9334275096018464,0.9284063679887932,0.9174114358062662,0.9168525025390984,0.3575097314127011,0.6994158926049109,0.995139750127786,0.97814084345372,0.52,0.5197278911564626,0.5183385182029802,0.5176681425258276,0.5238959348921756,0.5197278911564626,0.4404553661239367,0.4395796847635727,1.288177154900614,0.2757730166956783,0.8553950882678654,0.5775739087210069,0.53,0.5293563579277863,0.5193004459308808,0.5207044314381271,0.523719658394581,0.5293563579277863,0.4537503126010391,0.4515752625437573,1.308827778500352,0.2701365307085815,0.862959889772947,0.6383202905708492,0.5193004459308808,0.5293563579277863,0.7268751563005196,0.2701365307085815,0.1509894821667604,0.3683109637641203,0.4296961243914736,0.9662045540240708,0.4926388440653682,0.02,0.5524651141717943,0.5324651141717943,0.4102174718295486,0.4102174718295486,google-bert_bert-base-uncased_ISEAR_dd0fdc,/Volumes/Amirali/hidden_states/master_runs/ISEAR__google-bert/bert-base-uncased/dd0fdc4dbc4f8bf70821,1.0.0,dd0fdc4dbc4f8bf70821,0.1428571428571428,0.4391838535860275
1,3280949891,layer_7,7,0.5833333333333334,mlp_2_hidden,mlp,2_hidden,single_label,768,13,7,800,100,100,370567,"[384, 192]",18.0,0.5184069830005791,-0.0147223118692636,0.1470870971679687,0.0372670807453416,0.80625,0.8057528884149938,0.8080436719078475,0.8085256279924401,0.8149742131805903,0.8057528884149938,0.7748721198389127,0.7739136459524161,0.6069054691194146,0.5450348894004298,0.9710428446824132,0.8898199543731667,0.52,0.5190476190476191,0.5184069830005791,0.5185502069769311,0.5237294917967187,0.5190476190476191,0.4404553661239367,0.4395796847635727,1.3223422566366354,0.2665103347344867,0.8483359855570135,0.568391527581381,0.55,0.550654107796965,0.5388180692558046,0.5416382193301069,0.5563095238095238,0.550654107796965,0.4810489516365934,0.4756467024003729,1.3599953904154476,0.2566619600558353,0.8574636882079956,0.6343240600819023,0.5388180692558046,0.550654107796965,0.7405244758182967,0.2566619600558353,0.1557281191046845,0.38308995015112,0.4469382751763066,0.9996937081866974,0.4926388440653682,0.02,0.5680364689190234,0.5480364689190234,0.269225602652043,0.269225602652043,google-bert_bert-base-uncased_ISEAR_dd0fdc,/Volumes/Amirali/hidden_states/master_runs/ISEAR__google-bert/bert-base-uncased/dd0fdc4dbc4f8bf70821,1.0.0,dd0fdc4dbc4f8bf70821,0.1428571428571428,0.4619544141317719
1,329184178,layer_8,8,0.6666666666666666,linear_logistic,logistic,linear,single_label,768,13,7,800,100,100,5383,[],,,-0.0140737034380435,0.149450808763504,0.0372670807453416,0.99125,0.991201266352876,0.991345146943383,0.9913432894605928,0.9918032786885246,0.991201266352876,0.9898454320344368,0.9897894809774384,0.0360840967637494,0.9645591737672594,0.99994148627646,0.9993356165200128,0.52,0.5210884353741496,0.5169544740973312,0.5152820512820513,0.5175427746856319,0.5210884353741496,0.4403795405353473,0.4397105171005019,2.0389938823375893,0.1301596008953988,0.8271446252919771,0.5399287575585114,0.54,0.5417059131344846,0.5426645405637002,0.5454721585603939,0.5720987450310758,0.5417059131344846,0.4684758134087496,0.464431249272325,2.451090193247044,0.0861995610763589,0.8234958769147038,0.5630961125273417,0.5426645405637002,0.5417059131344846,0.7342379067043748,0.0861995610763589,0.1444338882159271,0.398230652347773,0.4646024277390684,0.9738005996341976,0.4929631482809782,0.0152743030116885,0.5506263671496722,0.5353520641379836,0.4486806063796829,0.4486806063796829,google-bert_bert-base-uncased_ISEAR_dd0fdc,/Volumes/Amirali/hidden_states/master_runs/ISEAR__google-bert/bert-base-uncased/dd0fdc4dbc4f8bf70821,1.0.0,dd0fdc4dbc4f8bf70821,0.1428571428571428,0.4664419639909835
1,3129719421,layer_8,8,0.6666666666666666,mlp_1_hidden,mlp,1_hidden,single_label,768,13,7,800,100,100,297991,[384],19.0,0.5532266594885191,-0.0140737034380435,0.149450808763504,0.0372670807453416,0.86625,0.865649886711254,0.8665582715826902,0.8667430322966915,0.8710180754095418,0.865649886711254,0.8445291725416988,0.8439035776351757,0.5231027948937733,0.5926787315167013,0.9838130530959688,0.9370007371204788,0.56,0.5591836734693877,0.5532266594885191,0.553091917570096,0.5636149196520713,0.5591836734693877,0.488167054637709,0.4862813776999416,1.2476286124329237,0.2871850169873814,0.8610840615315895,0.6026716975904228,0.53,0.5271062271062271,0.5182474602744324,0.5214622526429927,0.5364756901411036,0.5271062271062271,0.4550185947363586,0.4514472455648927,1.310295728872508,0.2697402746011021,0.8548785058406807,0.6217757143437829,0.5182474602744324,0.5271062271062271,0.7275092973681794,0.2697402746011021,0.1364377623212057,0.3818096979532266,0.4454446476120977,0.9874554792373078,0.4929631482809782,0.02,0.5572108560600785,0.5372108560600785,0.3483108113082578,0.3483108113082578,google-bert_bert-base-uncased_ISEAR_dd0fdc,/Volumes/Amirali/hidden_states/master_runs/ISEAR__google-bert/bert-base-uncased/dd0fdc4dbc4f8bf70821,1.0.0,dd0fdc4dbc4f8bf70821,0.1428571428571428,0.437955370320171
1,3280950888,layer_8,8,0.6666666666666666,mlp_2_hidden,mlp,2_hidden,single_label,768,13,7,800,100,100,370567,"[384, 192]",23.0,0.5268323416376809,-0.0140737034380435,0.149450808763504,0.0372670807453416,0.97125,0.9713735303051496,0.9714020543412702,0.9713611952679436,0.9718374363420692,0.9713735303051496,0.966523108368764,0.9664526197951422,0.1363986868401419,0.8724947109781036,0.9991316954377564,0.9952032258030112,0.53,0.5299319727891156,0.5268323416376809,0.5264106373336629,0.5346139388156195,0.5299319727891156,0.4528769812208046,0.4514472455648926,1.506779611209592,0.2216225407248324,0.8553212913072205,0.5635853727164064,0.57,0.571847200418629,0.5602444951984122,0.5614459091475221,0.5835608719012081,0.571847200418629,0.5050365672447955,0.4990096702784574,1.8418962362295213,0.1585165561001145,0.8499342681986741,0.6139269731013055,0.5602444951984122,0.571847200418629,0.7525182836223978,0.1585165561001145,0.1145560027837212,0.445688492414691,0.5199699078171395,0.9841298457063592,0.4929631482809782,0.02,0.5816227255638813,0.5616227255638813,0.411157559142858,0.411157559142858,google-bert_bert-base-uncased_ISEAR_dd0fdc,/Volumes/Amirali/hidden_states/master_runs/ISEAR__google-bert/bert-base-uncased/dd0fdc4dbc4f8bf70821,1.0.0,dd0fdc4dbc4f8bf70821,0.1428571428571428,0.4869519110648143
1,329185175,layer_9,9,0.75,linear_logistic,logistic,linear,single_label,768,13,7,800,100,100,5383,[],,,-0.0075847753323614,0.1610742956399917,0.0372670807453416,0.99125,0.991201266352876,0.991345146943383,0.9913432894605928,0.9918032786885246,0.991201266352876,0.9898454320344368,0.9897894809774384,0.0366280357232445,0.964034655119905,0.99994148627646,0.9993356165200128,0.48,0.4795918367346938,0.4726344968836626,0.4729482140650106,0.4673861852433281,0.4795918367346938,0.3934618300326005,0.3932322053675613,1.978982652290944,0.1382097732079774,0.8430684832072364,0.5394132741529155,0.49,0.4912611198325484,0.4910119673778642,0.4922798332989395,0.507315653534141,0.4912611198325484,0.4082850468984639,0.4056636755622888,2.341961241472612,0.0961389016109768,0.8364513044746614,0.5967797040834465,0.4910119673778642,0.4912611198325484,0.704142523449232,0.0961389016109768,0.1231629805302566,0.3678489868476076,0.4291571513222088,0.9364480184260012,0.4962076123338192,0.0152743030116885,0.5159640412215637,0.5006897382098752,0.5003331795655188,0.5003331795655188,google-bert_bert-base-uncased_ISEAR_dd0fdc,/Volumes/Amirali/hidden_states/master_runs/ISEAR__google-bert/bert-base-uncased/dd0fdc4dbc4f8bf70821,1.0.0,dd0fdc4dbc4f8bf70821,0.1428571428571428,0.4061806286075082
1,3129720418,layer_9,9,0.75,mlp_1_hidden,mlp,1_hidden,single_label,768,13,7,800,100,100,297991,[384],21.0,0.5577607016110114,-0.0075847753323614,0.1610742956399917,0.0372670807453416,0.92125,0.921114504504794,0.9211440424643048,0.9210735514391089,0.9218305639981302,0.921114504504794,0.9082023221268698,0.9080996316691587,0.3694733836007413,0.6910981784591055,0.9943323345736343,0.9740277182360018,0.57,0.5700680272108845,0.5577607016110114,0.5579188516340907,0.568416232889917,0.5700680272108845,0.5014773625886302,0.4983082487457706,1.261568797815926,0.2832093795542917,0.8633706505858157,0.5974926219573957,0.6,0.604814233385662,0.5974649688935402,0.5966503866503866,0.6116978259835403,0.604814233385662,0.5379629653710395,0.5340710541642399,1.2707269944474917,0.2806275329433805,0.8710464204187628,0.6827816099196903,0.5974649688935402,0.604814233385662,0.7689814826855197,0.2806275329433805,0.1303935738160806,0.4670713950774595,0.5449166275903694,0.997695107677493,0.4962076123338192,0.02,0.6170615698309144,0.5970615698309144,0.3236790735707646,0.3236790735707646,google-bert_bert-base-uncased_ISEAR_dd0fdc,/Volumes/Amirali/hidden_states/master_runs/ISEAR__google-bert/bert-base-uncased/dd0fdc4dbc4f8bf70821,1.0.0,dd0fdc4dbc4f8bf70821,0.1428571428571428,0.5303757970424635
1,3280951885,layer_9,9,0.75,mlp_2_hidden,mlp,2_hidden,single_label,768,13,7,800,100,100,370567,"[384, 192]",22.0,0.5582533868248153,-0.0075847753323614,0.1610742956399917,0.0372670807453416,0.9375,0.937463225723074,0.9377936734973156,0.9380779934809252,0.9401202560039622,0.937463225723074,0.9274020451758234,0.9270756990705796,0.2254735115275802,0.798138201629632,0.9970645101339178,0.9857285796687668,0.56,0.5605442176870749,0.5582533868248153,0.5570883190883191,0.5739357281374089,0.5605442176870749,0.4890332968525606,0.4863413495213635,1.5111671709444314,0.2206522886647516,0.851499111272416,0.5749782034800017,0.55,0.5535845107273678,0.5534013605442177,0.5548919413919414,0.5830954759526188,0.5535845107273678,0.483441794667716,0.476378868978357,1.6894061285675506,0.1846291374119353,0.844805388690545,0.6371808103922806,0.5534013605442177,0.5535845107273678,0.741720897333858,0.1846291374119353,0.1190111087821043,0.4343902517621134,0.506788627055799,0.9825757181762826,0.4962076123338192,0.02,0.5755347429319109,0.5555347429319109,0.3843923129530978,0.3843923129530978,google-bert_bert-base-uncased_ISEAR_dd0fdc,/Volumes/Amirali/hidden_states/master_runs/ISEAR__google-bert/bert-base-uncased/dd0fdc4dbc4f8bf70821,1.0.0,dd0fdc4dbc4f8bf70821,0.1428571428571428,0.478968253968254
1,329186172,layer_10,10,0.8333333333333334,linear_logistic,logistic,linear,single_label,768,13,7,800,100,100,5383,[],,,-0.0064774858765304,0.1545556783676147,0.0372670807453416,0.99125,0.9911381018092396,0.9914171982775558,0.9913398177062974,0.992,0.9911381018092396,0.9898449367450728,0.9897889782961088,0.0372106678548902,0.9634731411477376,0.99994148627646,0.9993356165200128,0.51,0.5108843537414965,0.5028914114371386,0.5023738130934533,0.5047022317699009,0.5108843537414965,0.4296097965282577,0.4283047485707618,2.1439616756586224,0.11718965476498,0.8372286589054225,0.552375833674412,0.48,0.4803767660910517,0.4846870975364624,0.4875982384221948,0.5204040404040403,0.4803767660910517,0.3988641720687187,0.3941512291739484,2.4318776855278044,0.0878716821946879,0.822454947804796,0.6101981866374195,0.4846870975364624,0.4803767660910517,0.6994320860343594,0.0878716821946879,0.1387921251825224,0.3458949723539399,0.4035441344129299,0.939951964922262,0.4967612570617348,0.0152743030116885,0.506472356650295,0.4911980536386064,0.5067301007410934,0.5067301007410934,google-bert_bert-base-uncased_ISEAR_dd0fdc,/Volumes/Amirali/hidden_states/master_runs/ISEAR__google-bert/bert-base-uncased/dd0fdc4dbc4f8bf70821,1.0.0,dd0fdc4dbc4f8bf70821,0.1428571428571428,0.3988016137925394
1,3129721415,layer_10,10,0.8333333333333334,mlp_1_hidden,mlp,1_hidden,single_label,768,13,7,800,100,100,297991,[384],30.0,0.601761866355376,-0.0064774858765304,0.1545556783676147,0.0372670807453416,0.99125,0.9911381018092396,0.9914171982775558,0.9913398177062974,0.992,0.9911381018092396,0.9898449367450728,0.9897889782961088,0.0878519954169322,0.915896423560604,0.9996844159512523,0.9982000438159602,0.61,0.6115646258503401,0.601761866355376,0.5999623192639587,0.6067316670257847,0.6115646258503401,0.5467775342040222,0.544924154025671,1.430729223525394,0.2391344761606419,0.8618488325562783,0.6255262235312279,0.6,0.600523286237572,0.5893503205477996,0.5919881956279016,0.6026553278654119,0.600523286237572,0.5378204489578344,0.5337995337995338,1.5189821353251027,0.2189346193924348,0.8603686801967718,0.6584515762877501,0.5893503205477996,0.600523286237572,0.7689102244789172,0.2189346193924348,0.1475653025325615,0.441785018015238,0.515415854351111,0.962750981587614,0.4967612570617348,0.02,0.5988424005657371,0.5788424005657371,0.4020668777297562,0.4020668777297562,google-bert_bert-base-uncased_ISEAR_dd0fdc,/Volumes/Amirali/hidden_states/master_runs/ISEAR__google-bert/bert-base-uncased/dd0fdc4dbc4f8bf70821,1.0.0,dd0fdc4dbc4f8bf70821,0.1428571428571428,0.5209087073057661
1,3280952882,layer_10,10,0.8333333333333334,mlp_2_hidden,mlp,2_hidden,single_label,768,13,7,800,100,100,370567,"[384, 192]",23.0,0.5949147055074276,-0.0064774858765304,0.1545556783676147,0.0372670807453416,0.96,0.9601777598184448,0.960544874377488,0.9605875633622156,0.9631186437627318,0.9601777598184448,0.9537434007032844,0.9533277666971738,0.1575885736186794,0.8542011505706683,0.9988657292424802,0.9939533647460576,0.6,0.6006802721088436,0.5949147055074276,0.5941131855908275,0.5942454254429045,0.6006802721088436,0.5339494300257408,0.5332010736375306,1.577172561828715,0.2065583041607407,0.8621450440641374,0.621376547022143,0.55,0.5514390371533228,0.546304290947148,0.547018772893773,0.5509392568216097,0.5514390371533228,0.4766142962667872,0.4752798507462685,1.6228617536523424,0.1973331713452091,0.8562433147955375,0.6408962840496975,0.546304290947148,0.5514390371533228,0.7383071481333936,0.1973331713452091,0.1290361445856231,0.4172681463615248,0.486812837421779,0.941066371034376,0.4967612570617348,0.02,0.5660785851051956,0.5460785851051956,0.4142405834303398,0.4142405834303398,google-bert_bert-base-uncased_ISEAR_dd0fdc,/Volumes/Amirali/hidden_states/master_runs/ISEAR__google-bert/bert-base-uncased/dd0fdc4dbc4f8bf70821,1.0.0,dd0fdc4dbc4f8bf70821,0.1428571428571428,0.4706883394383394
1,329187169,layer_11,11,0.9166666666666666,linear_logistic,logistic,linear,single_label,768,13,7,800,100,100,5383,[],,,-0.0063077886588871,0.161522164940834,0.0372670807453416,0.99125,0.9911381018092396,0.9914171982775558,0.9913398177062974,0.992,0.9911381018092396,0.9898449367450728,0.9897889782961088,0.0374986647389713,0.9631957038376494,0.99994148627646,0.9993356165200128,0.5,0.501360544217687,0.4907936354618475,0.4897872865621344,0.4901883830455259,0.501360544217687,0.4181221865690333,0.4167055529631358,2.2442381804385434,0.1060082687922388,0.8251988237155328,0.5461965764585547,0.56,0.5645735217163789,0.5553965647561706,0.5544044882320744,0.5622353836639551,0.5645735217163789,0.4903912372570539,0.4873587323779564,2.1714881541140105,0.1140078293868382,0.8471948856033684,0.6311805258012428,0.5553965647561706,0.5645735217163789,0.745195618628527,0.1140078293868382,0.1644742469375533,0.3909223178186173,0.4560760374550535,0.9954721991019408,0.4968461056705564,0.0152743030116885,0.5623200278641949,0.5470457248525064,0.4360206335213852,0.4360206335213852,google-bert_bert-base-uncased_ISEAR_dd0fdc,/Volumes/Amirali/hidden_states/master_runs/ISEAR__google-bert/bert-base-uncased/dd0fdc4dbc4f8bf70821,1.0.0,dd0fdc4dbc4f8bf70821,0.1428571428571428,0.4812959922155324
1,3129722412,layer_11,11,0.9166666666666666,mlp_1_hidden,mlp,1_hidden,single_label,768,13,7,800,100,100,297991,[384],28.0,0.6149474408095098,-0.0063077886588871,0.161522164940834,0.0372670807453416,0.99125,0.9911381018092396,0.9914171982775558,0.9913398177062974,0.992,0.9911381018092396,0.9898449367450728,0.9897889782961088,0.1187778946917185,0.8880050094869746,0.999801369766352,0.9986588720669493,0.62,0.619047619047619,0.6149474408095098,0.6151484919933196,0.6188456151691446,0.619047619047619,0.5574937863112405,0.5563857109502686,1.3837845498688843,0.2506282408659664,0.8587696473938412,0.6062822906538858,0.55,0.5492935635792778,0.541008577343981,0.5442003105590062,0.5471024847185838,0.5492935635792778,0.4776271297536705,0.4753410283315845,1.4998783367004471,0.2231573085513919,0.8545118248397378,0.642804360513235,0.541008577343981,0.5492935635792778,0.7388135648768352,0.2231573085513919,0.1277417622881344,0.4132668150558466,0.4821446175651543,0.9790788262028736,0.4968461056705564,0.02,0.5699630558763975,0.5499630558763975,0.4504086209335748,0.4504086209335748,google-bert_bert-base-uncased_ISEAR_dd0fdc,/Volumes/Amirali/hidden_states/master_runs/ISEAR__google-bert/bert-base-uncased/dd0fdc4dbc4f8bf70821,1.0.0,dd0fdc4dbc4f8bf70821,0.1428571428571428,0.4645100069013111
1,3280953879,layer_11,11,0.9166666666666666,mlp_2_hidden,mlp,2_hidden,single_label,768,13,7,800,100,100,370567,"[384, 192]",23.0,0.5792086783779726,-0.0063077886588871,0.161522164940834,0.0372670807453416,0.965,0.964420993104764,0.9648095454742848,0.9650512012532816,0.9655633778388006,0.964420993104764,0.95921156319027,0.9591538277786794,0.1649823655659505,0.8479086563453584,0.9986043930101578,0.992920157211144,0.59,0.5897959183673469,0.5792086783779726,0.5792374080362196,0.6004317111459968,0.5897959183673469,0.5250424272835073,0.5214752567693745,1.4940728729545256,0.2244566080847591,0.8627049889723332,0.6187264078840519,0.57,0.5690214547357405,0.566273317997456,0.569961239271584,0.5745207173778603,0.5690214547357405,0.5009379902359719,0.4988344988344988,1.7072261073221568,0.1813681913929364,0.8466970048768382,0.6176378752473223,0.566273317997456,0.5690214547357405,0.7504689951179859,0.1813681913929364,0.1241856634813388,0.4420876545161171,0.5157689302688033,0.9788638842297512,0.4968461056705564,0.02,0.5835111958769802,0.5635111958769802,0.3985362274768289,0.3985362274768289,google-bert_bert-base-uncased_ISEAR_dd0fdc,/Volumes/Amirali/hidden_states/master_runs/ISEAR__google-bert/bert-base-uncased/dd0fdc4dbc4f8bf70821,1.0.0,dd0fdc4dbc4f8bf70821,0.1428571428571428,0.4939855376636985
1,329188166,layer_12,12,1.0,linear_logistic,logistic,linear,single_label,768,13,7,800,100,100,5383,[],,,-0.0071125533431768,0.1621045023202896,0.0372670807453416,0.99125,0.9911381018092396,0.9914171982775558,0.9913398177062974,0.992,0.9911381018092396,0.9898449367450728,0.9897889782961088,0.0377094235655023,0.9629927232321174,0.99994148627646,0.9993356165200128,0.5,0.4986394557823129,0.4913160080085545,0.4921146878483835,0.4928920286063143,0.4986394557823129,0.4176160557260736,0.4162969880924585,2.2012943024123786,0.1106598383369013,0.8337406590543194,0.5475642044897487,0.5,0.5023547880690737,0.5059295302973924,0.5061949509116409,0.5336217095533866,0.5023547880690737,0.4207902197496586,0.4172494172494173,2.342893378331824,0.096049328750749,0.8299453036411654,0.5820710932044985,0.5059295302973924,0.5023547880690737,0.7103951098748293,0.096049328750749,0.1471165872533494,0.3588129430440429,0.41861510021805,0.951937958832867,0.4964437233284116,0.0152743030116885,0.5217388022343258,0.5064644992226373,0.4854876679801634,0.4854876679801634,google-bert_bert-base-uncased_ISEAR_dd0fdc,/Volumes/Amirali/hidden_states/master_runs/ISEAR__google-bert/bert-base-uncased/dd0fdc4dbc4f8bf70821,1.0.0,dd0fdc4dbc4f8bf70821,0.1428571428571428,0.4235844520136244
1,3129723409,layer_12,12,1.0,mlp_1_hidden,mlp,1_hidden,single_label,768,13,7,800,100,100,297991,[384],20.0,0.5656171256044131,-0.0071125533431768,0.1621045023202896,0.0372670807453416,0.89125,0.8916775547664723,0.8910637490636132,0.8915407852258057,0.8930608810267543,0.8916775547664723,0.8735828694394473,0.8731434008139966,0.427896146928261,0.6518791109315181,0.9898650364232796,0.9574230362278588,0.57,0.5700680272108843,0.5656171256044131,0.5654949944382648,0.5808623449379752,0.5700680272108843,0.5001794426798789,0.498249708284714,1.3005820553642575,0.2723732105983023,0.8534047107214979,0.6100514555565067,0.53,0.5323914181057038,0.5284865399151114,0.529859015059015,0.5439268805728433,0.5323914181057038,0.4561002212794873,0.452533488642982,1.3279357697675953,0.2650237671212448,0.8571575631671459,0.6568157332822506,0.5284865399151114,0.5323914181057038,0.7280501106397437,0.2650237671212448,0.1424025563572049,0.3860839835579065,0.4504313141508909,0.9503225226801107,0.4964437233284116,0.02,0.5576309422673293,0.5376309422673293,0.3625772091485018,0.3625772091485018,google-bert_bert-base-uncased_ISEAR_dd0fdc,/Volumes/Amirali/hidden_states/master_runs/ISEAR__google-bert/bert-base-uncased/dd0fdc4dbc4f8bf70821,1.0.0,dd0fdc4dbc4f8bf70821,0.1428571428571428,0.4499009632342966
1,3280954876,layer_12,12,1.0,mlp_2_hidden,mlp,2_hidden,single_label,768,13,7,800,100,100,370567,"[384, 192]",20.0,0.5446527604537021,-0.0071125533431768,0.1621045023202896,0.0372670807453416,0.8775,0.8770131815596486,0.8771353571051376,0.8780423657374528,0.8814889174002296,0.8770131815596486,0.8578701178403353,0.8570769687920998,0.3937547129670601,0.6745194868342107,0.987696123772818,0.9473930992775348,0.55,0.5482993197278911,0.5446527604537021,0.5458766407284991,0.5532509900046387,0.5482993197278911,0.4764004199950977,0.4747286097817205,1.5557901736683937,0.2110225722650266,0.8393646761029994,0.5623754438740239,0.6,0.6033490319204605,0.6055181377762023,0.6057940446650124,0.6377423904597818,0.6033490319204605,0.5389909356571361,0.5340167753960858,1.465507798290225,0.230960680256089,0.8536562443125421,0.6617630357875312,0.6055181377762023,0.6033490319204605,0.769495467828568,0.230960680256089,0.1207282243811517,0.4847899133950506,0.5655882322942257,0.98568124856582,0.4964437233284116,0.02,0.6169102349138615,0.5969102349138615,0.2716172193289352,0.2716172193289352,google-bert_bert-base-uncased_ISEAR_dd0fdc,/Volumes/Amirali/hidden_states/master_runs/ISEAR__google-bert/bert-base-uncased/dd0fdc4dbc4f8bf70821,1.0.0,dd0fdc4dbc4f8bf70821,0.1428571428571428,0.5397711607389027
0,329176201,layer_0,0,0.0,linear_logistic,logistic,linear,single_label,768,13,7,800,100,100,5383,[],,,-0.0176020730286836,0.1931867897510528,0.0394088669950738,0.9925,0.9927017193929532,0.9926265763522862,0.9925657056370304,0.9927971188475392,0.9927017193929532,0.9912854826891188,0.9912420745335948,0.0358320573229581,0.9648023113608704,0.999953744607584,0.9995188372694864,0.39,0.3994047619047619,0.3881155881155881,0.3815213675213675,0.3924054120482692,0.3994047619047619,0.2914900540370286,0.2892099743649499,2.850761286073421,0.0578003015567028,0.7678190604994641,0.4700907802173694,0.42,0.4203231292517007,0.4191376084233227,0.4197977855477856,0.4254768574096305,0.4203231292517007,0.3238537149451752,0.3229835414964398,2.4617643657194983,0.085284345369334,0.7876604568888866,0.490258972140777,0.4191376084233227,0.4203231292517007,0.6619268574725876,0.085284345369334,0.1317059815237368,0.2874316268995859,0.3353368980495169,0.9701094645307716,0.4911989634856581,0.0152743030116885,0.4642886088886708,0.4490143058769822,0.5734889679289634,0.5734889679289634,google-bert_bert-base-uncased_ISEAR_51c193,/Volumes/Amirali/hidden_states/experiments/baseline_v5_001/models/google-bert/bert-base-uncased/datasets/ISEAR/analysis/probes/probe_run__google-bert_bert-base-uncased__datasets__max1000__rep2__probes=linear_logistic+mlp_1_hidden+mlp_2_hidden__hash51c193a1dd14,,,,
0,3129711444,layer_0,0,0.0,mlp_1_hidden,mlp,1_hidden,single_label,768,13,7,800,100,100,297991,[384],33.0,0.4219852397192299,-0.0176020730286836,0.1931867897510528,0.0394088669950738,0.9925,0.9923376233120428,0.9927041237749966,0.9925304492389944,0.9932184932184932,0.9923376233120428,0.9912694938253308,0.9912405402396808,0.0577998641967666,0.9438388244768984,0.9998838893782988,0.9992145645981502,0.43,0.4383503401360544,0.4219852397192299,0.4162410003789314,0.4162393162393162,0.4383503401360544,0.3373564892917725,0.3356643356643356,1.8239019422913267,0.1613947676348057,0.8089364027852157,0.5075432525657572,0.57,0.5668367346938775,0.5795003316011719,0.5771183718242542,0.6237758261199217,0.5668367346938775,0.4989557335442589,0.4964281531795292,1.5208842437080616,0.2185185778210859,0.8378212225693661,0.5968386393810462,0.5795003316011719,0.5668367346938775,0.7494778667721295,0.2185185778210859,0.1428493105552864,0.4366510210458854,0.5094261912201996,0.9019236042616372,0.4911989634856581,0.02,0.5808116777467891,0.5608116777467891,0.4132037921738247,0.4132037921738247,google-bert_bert-base-uncased_ISEAR_51c193,/Volumes/Amirali/hidden_states/experiments/baseline_v5_001/models/google-bert/bert-base-uncased/datasets/ISEAR/analysis/probes/probe_run__google-bert_bert-base-uncased__datasets__max1000__rep2__probes=linear_logistic+mlp_1_hidden+mlp_2_hidden__hash51c193a1dd14,,,,
0,3280942911,layer_0,0,0.0,mlp_2_hidden,mlp,2_hidden,single_label,768,13,7,800,100,100,370567,"[384, 192]",30.0,0.45942366336455,-0.0176020730286836,0.1931867897510528,0.0394088669950738,0.9925,0.9923376233120428,0.9927041237749966,0.9925304492389944,0.9932184932184932,0.9923376233120428,0.9912694938253308,0.9912405402396808,0.0237323307079373,0.9765470664397096,0.999953744607584,0.9995188372694864,0.46,0.466156462585034,0.45942366336455,0.4555611974232663,0.4576465201465201,0.466156462585034,0.3709847005802051,0.3703358208955223,2.716833025082153,0.0660837088234115,0.7993135557605706,0.5198208673704617,0.54,0.5375,0.5458343337334933,0.5453546218487394,0.5702665755297335,0.5375,0.4638316607895605,0.4619253713884665,2.0706278272863825,0.126106583692069,0.8426809238494551,0.5942553962263809,0.5458343337334933,0.5375,0.7319158303947803,0.126106583692069,0.1223019770519362,0.4235323566815571,0.4941210827951499,0.9748148907611334,0.4911989634856581,0.02,0.5603472701712234,0.5403472701712234,0.4468697900415033,0.4468697900415033,google-bert_bert-base-uncased_ISEAR_51c193,/Volumes/Amirali/hidden_states/experiments/baseline_v5_001/models/google-bert/bert-base-uncased/datasets/ISEAR/analysis/probes/probe_run__google-bert_bert-base-uncased__datasets__max1000__rep2__probes=linear_logistic+mlp_1_hidden+mlp_2_hidden__hash51c193a1dd14,,,,
0,329177198,layer_1,1,0.0833333333333333,linear_logistic,logistic,linear,single_label,768,13,7,800,100,100,5383,[],,,-0.0098753562197089,0.1321167647838592,0.0394088669950738,0.9925,0.9925614960469776,0.9926888923154406,0.9925142362157986,0.9930327404554208,0.9925614960469776,0.991280882993556,0.9912410836969195,0.0369996295096385,0.9636764923818392,0.999953744607584,0.9995188372694864,0.47,0.4777210884353741,0.4672644637792421,0.4642777951933124,0.4823591717388709,0.4777210884353741,0.3859728640125344,0.3830034924330617,2.980000380583976,0.0507928145339635,0.7941995053835488,0.5149144994698057,0.46,0.4575680272108843,0.4614926749713103,0.4608222623432506,0.4732331160902589,0.4575680272108843,0.3691056522744293,0.3679775280898876,2.502943528688608,0.0818437343339246,0.796267418172343,0.5278948879306208,0.4614926749713103,0.4575680272108843,0.6845528261372147,0.0818437343339246,0.1395243023437601,0.3219683726275502,0.3756297680654751,0.9689863416250708,0.4950623218901455,0.0152743030116885,0.4916533740485442,0.4763790710368557,0.5311962173441303,0.5311962173441303,google-bert_bert-base-uncased_ISEAR_51c193,/Volumes/Amirali/hidden_states/experiments/baseline_v5_001/models/google-bert/bert-base-uncased/datasets/ISEAR/analysis/probes/probe_run__google-bert_bert-base-uncased__datasets__max1000__rep2__probes=linear_logistic+mlp_1_hidden+mlp_2_hidden__hash51c193a1dd14,,,,
0,3129712441,layer_1,1,0.0833333333333333,mlp_1_hidden,mlp,1_hidden,single_label,768,13,7,800,100,100,297991,[384],37.0,0.5028081262452787,-0.0098753562197089,0.1321167647838592,0.0394088669950738,0.9925,0.9925614960469776,0.9926888923154406,0.9925142362157986,0.9930327404554208,0.9925614960469776,0.991280882993556,0.9912410836969195,0.0396272079244127,0.961147680612187,0.999948563367817,0.9994936686396666,0.51,0.5148809523809524,0.5028081262452787,0.5007148284418584,0.507775231304643,0.5148809523809524,0.4311521442545094,0.4288378598904301,2.052648306087046,0.1283944252035023,0.8156640319975771,0.5521548501493091,0.47,0.465391156462585,0.4673645242254264,0.4690848174729753,0.480284421460892,0.465391156462585,0.3806487464716539,0.379754242246928,1.6796591865894812,0.1864375056150666,0.8330736633977059,0.5683411015116058,0.4673645242254264,0.465391156462585,0.690324373235827,0.1864375056150666,0.1549403927967043,0.3124241314287221,0.3644948200001758,0.9681831005848412,0.4950623218901455,0.02,0.5033126012256517,0.4833126012256517,0.5253243680900141,0.5253243680900141,google-bert_bert-base-uncased_ISEAR_51c193,/Volumes/Amirali/hidden_states/experiments/baseline_v5_001/models/google-bert/bert-base-uncased/datasets/ISEAR/analysis/probes/probe_run__google-bert_bert-base-uncased__datasets__max1000__rep2__probes=linear_logistic+mlp_1_hidden+mlp_2_hidden__hash51c193a1dd14,,,,
0,3280943908,layer_1,1,0.0833333333333333,mlp_2_hidden,mlp,2_hidden,single_label,768,13,7,800,100,100,370567,"[384, 192]",26.0,0.4989659050389053,-0.0098753562197089,0.1321167647838592,0.0394088669950738,0.9925,0.9925614960469776,0.9926888923154406,0.9925142362157986,0.9930327404554208,0.9925614960469776,0.991280882993556,0.9912410836969195,0.0427884733999369,0.9581140352381996,0.9999182896371815,0.9993595250055228,0.51,0.516156462585034,0.4989659050389053,0.4944963961360923,0.4973844083087781,0.516156462585034,0.431139901290597,0.4285714285714286,2.327559779498888,0.0975334600843547,0.8261387149997421,0.5648401276576464,0.5,0.5004251700680272,0.4983199729743508,0.4936900620771588,0.5109345020059306,0.5004251700680272,0.4169266004245858,0.414519906323185,1.9294627335720336,0.1452262026903931,0.8298235948713523,0.5678071126531448,0.4983199729743508,0.5004251700680272,0.7084633002122929,0.1452262026903931,0.1245552124640981,0.3737647605102527,0.4360588872619614,0.9534122966262774,0.4950623218901455,0.02,0.5277420072642023,0.5077420072642023,0.4943689193410897,0.4943689193410897,google-bert_bert-base-uncased_ISEAR_51c193,/Volumes/Amirali/hidden_states/experiments/baseline_v5_001/models/google-bert/bert-base-uncased/datasets/ISEAR/analysis/probes/probe_run__google-bert_bert-base-uncased__datasets__max1000__rep2__probes=linear_logistic+mlp_1_hidden+mlp_2_hidden__hash51c193a1dd14,,,,
0,329178195,layer_2,2,0.1666666666666666,linear_logistic,logistic,linear,single_label,768,13,7,800,100,100,5383,[],,,-0.010774333961308,0.1267221868038177,0.0394088669950738,0.9925,0.9929255921278878,0.9926022002648232,0.992540450862992,0.9924222398449204,0.9929255921278878,0.9912679417621688,0.991242617800474,0.0355286657902805,0.9650950686206362,0.999953744607584,0.9995188372694864,0.45,0.4598639455782312,0.4461213792534307,0.4392679171856035,0.4502679393435696,0.4598639455782312,0.3616456349374758,0.3591984154724454,3.03127915814317,0.0482538742953915,0.7837282291352059,0.508234567886503,0.44,0.4373299319727891,0.4425209940226625,0.4435515530076153,0.4595761381475666,0.4373299319727891,0.3466822490987244,0.3452589734596049,2.583635234558153,0.0754990478127642,0.7858429275515704,0.5206274138856776,0.4425209940226625,0.4373299319727891,0.6733411245493622,0.0754990478127642,0.143612648983771,0.2989083450388915,0.3487264025453734,0.9903128350385516,0.494612833019346,0.0152743030116885,0.4782880174291619,0.4630137144174733,0.5500812062421607,0.5500812062421607,google-bert_bert-base-uncased_ISEAR_51c193,/Volumes/Amirali/hidden_states/experiments/baseline_v5_001/models/google-bert/bert-base-uncased/datasets/ISEAR/analysis/probes/probe_run__google-bert_bert-base-uncased__datasets__max1000__rep2__probes=linear_logistic+mlp_1_hidden+mlp_2_hidden__hash51c193a1dd14,,,,
0,3129713438,layer_2,2,0.1666666666666666,mlp_1_hidden,mlp,1_hidden,single_label,768,13,7,800,100,100,297991,[384],27.0,0.4846794344978135,-0.010774333961308,0.1267221868038177,0.0394088669950738,0.9875,0.987581662895778,0.9877116531381503,0.9875559036018428,0.9882256902761104,0.987581662895778,0.9854689809965356,0.9854024454553252,0.1310333312323114,0.8771885361288939,0.9998189291019308,0.9988637703095424,0.49,0.496343537414966,0.4846794344978135,0.4806916659136772,0.4915966386554621,0.496343537414966,0.407932325139948,0.4054558172068081,1.7507455184787666,0.1736444400440641,0.8130348740976306,0.5338920154764698,0.45,0.4518707482993198,0.4572061675986672,0.4539432703003336,0.4742089143349647,0.4518707482993198,0.3586147338750537,0.3571011104617182,1.5892283741824484,0.2040830267260129,0.8191203347089363,0.5431471107646427,0.4572061675986672,0.4518707482993198,0.6793073669375269,0.2040830267260129,0.1295916708274616,0.3276144967712056,0.3822169128997398,0.9333320874182384,0.494612833019346,0.02,0.4988937948305342,0.4788937948305342,0.5305054855394833,0.5305054855394833,google-bert_bert-base-uncased_ISEAR_51c193,/Volumes/Amirali/hidden_states/experiments/baseline_v5_001/models/google-bert/bert-base-uncased/datasets/ISEAR/analysis/probes/probe_run__google-bert_bert-base-uncased__datasets__max1000__rep2__probes=linear_logistic+mlp_1_hidden+mlp_2_hidden__hash51c193a1dd14,,,,
0,3280944905,layer_2,2,0.1666666666666666,mlp_2_hidden,mlp,2_hidden,single_label,768,13,7,800,100,100,370567,"[384, 192]",27.0,0.5062017894530209,-0.010774333961308,0.1267221868038177,0.0394088669950738,0.9925,0.9923376233120428,0.9927041237749966,0.9925304492389944,0.9932184932184932,0.9923376233120428,0.9912694938253308,0.9912405402396808,0.0301341208951621,0.9703153852528406,0.99994338212805,0.9994696186156166,0.51,0.5191326530612245,0.5062017894530209,0.50064226322847,0.5076708379339958,0.5191326530612245,0.4312819126583907,0.4291705498602051,2.4004433603086484,0.0906777414644644,0.8206643397316642,0.5430411087248911,0.48,0.4791666666666667,0.4858585858585859,0.4842626262626263,0.5037284144427002,0.4791666666666667,0.3933119222280455,0.3917417241782666,2.1085354427385883,0.121415656464332,0.8151961598592925,0.5470571213724458,0.4858585858585859,0.4791666666666667,0.6966559611140227,0.121415656464332,0.1367358075038455,0.3491227783547403,0.4073099080805303,0.9736105565095176,0.494612833019346,0.02,0.5135332851962082,0.4935332851962082,0.5068455379164107,0.5068455379164107,google-bert_bert-base-uncased_ISEAR_51c193,/Volumes/Amirali/hidden_states/experiments/baseline_v5_001/models/google-bert/bert-base-uncased/datasets/ISEAR/analysis/probes/probe_run__google-bert_bert-base-uncased__datasets__max1000__rep2__probes=linear_logistic+mlp_1_hidden+mlp_2_hidden__hash51c193a1dd14,,,,
0,329179192,layer_3,3,0.25,linear_logistic,logistic,linear,single_label,768,13,7,800,100,100,5383,[],,,-0.0121042113751173,0.1424783021211624,0.0394088669950738,0.9925,0.9929255921278878,0.9926022002648232,0.992540450862992,0.9924222398449204,0.9929255921278878,0.9912679417621688,0.991242617800474,0.0349020278499176,0.965700023330682,0.999953744607584,0.9995188372694864,0.44,0.4509353741496599,0.4348600209314495,0.4266661172161171,0.4389320996463853,0.4509353741496599,0.3509293601064697,0.3477754484043792,3.0389568834867737,0.047884812890771,0.7868660397562831,0.495758207892709,0.51,0.5061224489795919,0.4967526091963873,0.4995675097624124,0.5149350649350649,0.5061224489795919,0.4315635402212107,0.4273024777933614,2.397617120074826,0.0909343810374182,0.8158315033201442,0.5485659831266358,0.4967526091963873,0.5061224489795919,0.7157817701106053,0.0909343810374182,0.1245864519275179,0.3721661572688694,0.4341938501470143,0.9512898471966096,0.4939478943124413,0.0152743030116885,0.5232323727310542,0.5079580697193656,0.4958495910684359,0.4958495910684359,google-bert_bert-base-uncased_ISEAR_51c193,/Volumes/Amirali/hidden_states/experiments/baseline_v5_001/models/google-bert/bert-base-uncased/datasets/ISEAR/analysis/probes/probe_run__google-bert_bert-base-uncased__datasets__max1000__rep2__probes=linear_logistic+mlp_1_hidden+mlp_2_hidden__hash51c193a1dd14,,,,
0,3129714435,layer_3,3,0.25,mlp_1_hidden,mlp,1_hidden,single_label,768,13,7,800,100,100,297991,[384],22.0,0.4835526920616796,-0.0121042113751173,0.1424783021211624,0.0394088669950738,0.93875,0.9381102420026908,0.9390391475730306,0.93858036341411,0.9415057864263306,0.9381102420026908,0.9287231996720416,0.9284449555519048,0.3454084668094266,0.7079311280331645,0.9958868403696876,0.9837394717237186,0.49,0.4964285714285714,0.4835526920616796,0.4792662536050614,0.4850159644277291,0.4964285714285714,0.4072662440492606,0.4053171641791044,1.579096484877219,0.2061612839191662,0.81260061265521,0.5383787215593624,0.49,0.4860544217687074,0.4772353589287227,0.4799248241376387,0.4785926126810306,0.4860544217687074,0.4061712532046359,0.4037877016600421,1.4012321666552052,0.2462933025045305,0.8302791280359924,0.5774404864205136,0.4772353589287227,0.4860544217687074,0.703085626602318,0.2462933025045305,0.1319402781268093,0.3452950808019134,0.4028442609355656,0.9127353600452636,0.4939478943124413,0.02,0.518848960145549,0.498848960145549,0.4618037886443079,0.4618037886443079,google-bert_bert-base-uncased_ISEAR_51c193,/Volumes/Amirali/hidden_states/experiments/baseline_v5_001/models/google-bert/bert-base-uncased/datasets/ISEAR/analysis/probes/probe_run__google-bert_bert-base-uncased__datasets__max1000__rep2__probes=linear_logistic+mlp_1_hidden+mlp_2_hidden__hash51c193a1dd14,,,,
0,3280945902,layer_3,3,0.25,mlp_2_hidden,mlp,2_hidden,single_label,768,13,7,800,100,100,370567,"[384, 192]",19.0,0.4642185763194167,-0.0121042113751173,0.1424783021211624,0.0394088669950738,0.85625,0.8572260929847628,0.8562230856128011,0.8554898281911825,0.858091448020267,0.8572260929847628,0.8326798591937511,0.8321403744364386,0.4677925570945199,0.6263834489836483,0.9847242154017286,0.9374597409107398,0.48,0.4864795918367346,0.4642185763194167,0.4608082788671023,0.4675275121703693,0.4864795918367346,0.398387554128627,0.3942923704135119,1.6994865706990487,0.1827773432094754,0.7982677346837256,0.5104216610626379,0.45,0.4479591836734694,0.4469496021220159,0.4460498257658501,0.4550623353254932,0.4479591836734694,0.3573054181055956,0.3564240580388486,1.5417438163499897,0.2140075859230539,0.8160061011719699,0.5523800853347567,0.4469496021220159,0.4479591836734694,0.6786527090527978,0.2140075859230539,0.1386034098546791,0.3083461922673368,0.359737224311893,0.8905719871052389,0.4939478943124413,0.02,0.4878319813202739,0.4678319813202739,0.4092734834907852,0.4092734834907852,google-bert_bert-base-uncased_ISEAR_51c193,/Volumes/Amirali/hidden_states/experiments/baseline_v5_001/models/google-bert/bert-base-uncased/datasets/ISEAR/analysis/probes/probe_run__google-bert_bert-base-uncased__datasets__max1000__rep2__probes=linear_logistic+mlp_1_hidden+mlp_2_hidden__hash51c193a1dd14,,,,
0,329180189,layer_4,4,0.3333333333333333,linear_logistic,logistic,linear,single_label,768,13,7,800,100,100,5383,[],,,-0.0125775951892137,0.1507843136787414,0.0394088669950738,0.9925,0.9929255921278878,0.9926022002648232,0.992540450862992,0.9924222398449204,0.9929255921278878,0.9912679417621688,0.991242617800474,0.0343129784858647,0.96626903588708,0.999953744607584,0.9995188372694864,0.41,0.4162414965986394,0.4018380316648233,0.3953513875816434,0.40147937963064,0.4162414965986394,0.3133584508921869,0.3112304459491011,3.2077219070254186,0.0404486541882809,0.7689119241777049,0.4315338655301939,0.51,0.5052721088435373,0.5049575463368566,0.507075289420117,0.5326406050090261,0.5052721088435373,0.4306498222451235,0.4269005847953216,2.3507918731523016,0.0952936718297832,0.8150540866452288,0.549037532606843,0.5049575463368566,0.5052721088435373,0.7153249111225618,0.0952936718297832,0.1344692576416745,0.3704882886951821,0.4322363368110457,0.9430283811714004,0.4937112024053931,0.0152743030116885,0.5242939723617261,0.5090196693500376,0.4876446539279666,0.4876446539279666,google-bert_bert-base-uncased_ISEAR_51c193,/Volumes/Amirali/hidden_states/experiments/baseline_v5_001/models/google-bert/bert-base-uncased/datasets/ISEAR/analysis/probes/probe_run__google-bert_bert-base-uncased__datasets__max1000__rep2__probes=linear_logistic+mlp_1_hidden+mlp_2_hidden__hash51c193a1dd14,,,,
0,3129715432,layer_4,4,0.3333333333333333,mlp_1_hidden,mlp,1_hidden,single_label,768,13,7,800,100,100,297991,[384],21.0,0.4839088125671725,-0.0125775951892137,0.1507843136787414,0.0394088669950738,0.9275,0.9269169067714934,0.9283293750411148,0.9275703936195084,0.930844408418282,0.9269169067714934,0.9154394704935636,0.9152989454353616,0.3926198510440264,0.6752854078412533,0.993415341213656,0.9729118731422792,0.49,0.4927721088435374,0.4839088125671725,0.4811410541227985,0.486422902494331,0.4927721088435374,0.4060034474625087,0.4044838860345633,1.5655367239981604,0.2089758207297669,0.8101546532989518,0.5136841327393201,0.47,0.4670068027210884,0.4713521899988065,0.4695959899749373,0.5082546852733187,0.4670068027210884,0.3825603939940283,0.3791730115965797,1.472991930389246,0.229238592220703,0.8121825342187616,0.5601605126203382,0.4713521899988065,0.4670068027210884,0.6912801969970142,0.229238592220703,0.15156036636336,0.3197918236354465,0.3730904609080209,0.930448665945106,0.4937112024053931,0.02,0.5068534755758718,0.4868534755758718,0.4569771850423081,0.4569771850423081,google-bert_bert-base-uncased_ISEAR_51c193,/Volumes/Amirali/hidden_states/experiments/baseline_v5_001/models/google-bert/bert-base-uncased/datasets/ISEAR/analysis/probes/probe_run__google-bert_bert-base-uncased__datasets__max1000__rep2__probes=linear_logistic+mlp_1_hidden+mlp_2_hidden__hash51c193a1dd14,,,,
0,3280946899,layer_4,4,0.3333333333333333,mlp_2_hidden,mlp,2_hidden,single_label,768,13,7,800,100,100,370567,"[384, 192]",21.0,0.4476656772346427,-0.0125775951892137,0.1507843136787414,0.0394088669950738,0.94375,0.942726059590296,0.943653471176021,0.9436274042728412,0.9452201454519736,0.942726059590296,0.9343857765430956,0.934288462696838,0.2404474791027488,0.786275940281557,0.9969661678848052,0.9841919332488208,0.46,0.4642006802721088,0.4476656772346427,0.4446059534335397,0.4454004329004329,0.4642006802721088,0.3722754527233509,0.3699684984249213,1.9833772289216884,0.1376037323902413,0.8007432359836112,0.515515603199758,0.46,0.4587585034013606,0.4525407292103444,0.4501207162290754,0.4655550497711047,0.4587585034013606,0.3698461869503173,0.3677555321390937,1.651783578469657,0.1917076778271001,0.8153940704188651,0.5207257869938244,0.4525407292103444,0.4587585034013606,0.6849230934751587,0.1917076778271001,0.1189039041092084,0.333636825101136,0.3892429626179919,0.9313264012457462,0.4937112024053931,0.02,0.4995249823852167,0.4795249823852167,0.4911127419656766,0.4911127419656766,google-bert_bert-base-uncased_ISEAR_51c193,/Volumes/Amirali/hidden_states/experiments/baseline_v5_001/models/google-bert/bert-base-uncased/datasets/ISEAR/analysis/probes/probe_run__google-bert_bert-base-uncased__datasets__max1000__rep2__probes=linear_logistic+mlp_1_hidden+mlp_2_hidden__hash51c193a1dd14,,,,
0,329181186,layer_5,5,0.4166666666666667,linear_logistic,logistic,linear,single_label,768,13,7,800,100,100,5383,[],,,-0.0106930080801248,0.1437134891748428,0.0394088669950738,0.9925,0.9927017193929532,0.9926265763522862,0.9925657056370304,0.9927971188475392,0.9927017193929532,0.9912854826891188,0.9912420745335948,0.0334436905694266,0.967109367075962,0.999953744607584,0.9995188372694864,0.42,0.4293367346938775,0.4191451664277751,0.4105541620215533,0.4240362811791383,0.4293367346938775,0.3254691142182507,0.3232994983082486,2.8225891358438604,0.0594518144417765,0.7870764066726056,0.4737538597429889,0.5,0.496938775510204,0.4996444947449331,0.5024447737304899,0.5092968435073698,0.496938775510204,0.4168039132690762,0.416024293389395,2.5853916941418102,0.0753665531814728,0.7936193785125044,0.495519701170192,0.4996444947449331,0.496938775510204,0.7084019566345381,0.0753665531814728,0.1511009985110206,0.3485434962339124,0.4066340789395645,0.9105843216490128,0.4946534959599376,0.0152743030116885,0.510366811576903,0.4950925085652145,0.4929820816073531,0.4929820816073531,google-bert_bert-base-uncased_ISEAR_51c193,/Volumes/Amirali/hidden_states/experiments/baseline_v5_001/models/google-bert/bert-base-uncased/datasets/ISEAR/analysis/probes/probe_run__google-bert_bert-base-uncased__datasets__max1000__rep2__probes=linear_logistic+mlp_1_hidden+mlp_2_hidden__hash51c193a1dd14,,,,
0,3129716429,layer_5,5,0.4166666666666667,mlp_1_hidden,mlp,1_hidden,single_label,768,13,7,800,100,100,297991,[384],23.0,0.471630137466127,-0.0106930080801248,0.1437134891748428,0.0394088669950738,0.965,0.9643406192007932,0.9650259049674008,0.9650439065893937,0.9663675048363436,0.9643406192007932,0.9592420358926812,0.9591176717514064,0.2519467387908974,0.7772861361659108,0.9975320568822206,0.9903689846236108,0.48,0.4832482993197278,0.471630137466127,0.4701581258498094,0.4697017268445839,0.4832482993197278,0.3947345436108632,0.3934445351685524,1.63278862274064,0.1953839615683052,0.8155013517034722,0.5388837758695798,0.53,0.5256802721088435,0.525170053059069,0.5259316041509977,0.5364570070452424,0.5256802721088435,0.4520015218820928,0.4497131483432853,1.4661033888935917,0.2308231632011792,0.8274424764620437,0.5736110901637222,0.525170053059069,0.5256802721088435,0.7260007609410464,0.2308231632011792,0.1529094886071912,0.3722605644518778,0.4343039918605241,0.9643440097183384,0.4946534959599376,0.02,0.5501548586843042,0.5301548586843042,0.4398558519083316,0.4398558519083316,google-bert_bert-base-uncased_ISEAR_51c193,/Volumes/Amirali/hidden_states/experiments/baseline_v5_001/models/google-bert/bert-base-uncased/datasets/ISEAR/analysis/probes/probe_run__google-bert_bert-base-uncased__datasets__max1000__rep2__probes=linear_logistic+mlp_1_hidden+mlp_2_hidden__hash51c193a1dd14,,,,
0,3280947896,layer_5,5,0.4166666666666667,mlp_2_hidden,mlp,2_hidden,single_label,768,13,7,800,100,100,370567,"[384, 192]",26.0,0.4933769204705164,-0.0106930080801248,0.1437134891748428,0.0394088669950738,0.99125,0.9910734008088824,0.9914689985206308,0.9912633023252824,0.9920358330194397,0.9910734008088824,0.9898129896703808,0.9897804624340748,0.0576634164561262,0.9439676179386156,0.9992932059497192,0.9966875066165048,0.5,0.5039965986394558,0.4933769204705164,0.4924165438648197,0.5003270538984824,0.5039965986394558,0.4196981467547431,0.4172494172494173,2.3572738918591987,0.0946779741042117,0.8147717845066146,0.5238164693415611,0.49,0.4860544217687074,0.4848762654172919,0.4856912144766837,0.5021762386818249,0.4860544217687074,0.406108681689785,0.4029501287754624,2.072662527701969,0.1258502554378585,0.8255336389312598,0.5400933662631526,0.4848762654172919,0.4860544217687074,0.7030543408448925,0.1258502554378585,0.1355460428690897,0.3493302225482021,0.4075519263062357,0.9792255107862606,0.4946534959599376,0.02,0.5163360174280189,0.4963360174280189,0.5065927331033389,0.5065927331033389,google-bert_bert-base-uncased_ISEAR_51c193,/Volumes/Amirali/hidden_states/experiments/baseline_v5_001/models/google-bert/bert-base-uncased/datasets/ISEAR/analysis/probes/probe_run__google-bert_bert-base-uncased__datasets__max1000__rep2__probes=linear_logistic+mlp_1_hidden+mlp_2_hidden__hash51c193a1dd14,,,,
0,329182183,layer_6,6,0.5,linear_logistic,logistic,linear,single_label,768,13,7,800,100,100,5383,[],,,-0.0096814855933189,0.1441816240549087,0.0394088669950738,0.9925,0.9923376233120428,0.9927041237749966,0.9925304492389944,0.9932184932184932,0.9923376233120428,0.9912694938253308,0.9912405402396808,0.0330379034063914,0.9675018872768156,0.999953744607584,0.9995188372694864,0.44,0.4443877551020407,0.4369088669950738,0.4344370026525199,0.4403628117913832,0.4443877551020407,0.3484380043923766,0.3470149253731344,2.880294815158913,0.0561182158943724,0.7746180676287429,0.4696984209491548,0.53,0.5215136054421768,0.5254702992387721,0.5283614724045759,0.6030014876764104,0.5215136054421768,0.4530129393522867,0.448938914292414,2.2906118677037823,0.1012045191287077,0.8150953817044788,0.536342674821637,0.5254702992387721,0.5215136054421768,0.7265064696761434,0.1012045191287077,0.1538645629922877,0.3716057362464843,0.4335400256208983,0.9645474203430732,0.4951592572033405,0.0152743030116885,0.5366117480089658,0.5213374449972773,0.4672338245362245,0.4672338245362245,google-bert_bert-base-uncased_ISEAR_51c193,/Volumes/Amirali/hidden_states/experiments/baseline_v5_001/models/google-bert/bert-base-uncased/datasets/ISEAR/analysis/probes/probe_run__google-bert_bert-base-uncased__datasets__max1000__rep2__probes=linear_logistic+mlp_1_hidden+mlp_2_hidden__hash51c193a1dd14,,,,
0,3129717426,layer_6,6,0.5,mlp_1_hidden,mlp,1_hidden,single_label,768,13,7,800,100,100,297991,[384],19.0,0.4853819853819854,-0.0096814855933189,0.1441816240549087,0.0394088669950738,0.8725,0.8717910069878344,0.8721664597070788,0.8724437311675655,0.8745410876297607,0.8717910069878344,0.8514233515369882,0.8510829336662068,0.51482654625499,0.5976042423228011,0.9858482496704316,0.940547061302343,0.49,0.4927721088435374,0.4853819853819854,0.4806493206493206,0.4949874686716792,0.4927721088435374,0.4057008753781105,0.4035087719298246,1.499392862789528,0.2232656719043866,0.8072196679940475,0.5400435875043655,0.51,0.5055272108843537,0.5100255286818788,0.512696977742535,0.5188725490196078,0.5055272108843537,0.4275189829890682,0.4269676061279381,1.4054627566896585,0.2452535374739901,0.8290337260697092,0.5654279666526956,0.5100255286818788,0.5055272108843537,0.7137594914945341,0.2452535374739901,0.145452835679697,0.3645726930021817,0.4253348085025453,0.9705740068305804,0.4951592572033405,0.02,0.541807066518436,0.521807066518436,0.3621409310252,0.3621409310252,google-bert_bert-base-uncased_ISEAR_51c193,/Volumes/Amirali/hidden_states/experiments/baseline_v5_001/models/google-bert/bert-base-uncased/datasets/ISEAR/analysis/probes/probe_run__google-bert_bert-base-uncased__datasets__max1000__rep2__probes=linear_logistic+mlp_1_hidden+mlp_2_hidden__hash51c193a1dd14,,,,
0,3280948893,layer_6,6,0.5,mlp_2_hidden,mlp,2_hidden,single_label,768,13,7,800,100,100,370567,"[384, 192]",24.0,0.4886054421768707,-0.0096814855933189,0.1441816240549087,0.0394088669950738,0.99,0.9900217633397352,0.9902043961154212,0.9899910088037238,0.9906511265150408,0.9900217633397352,0.9883680268682058,0.9883211252595812,0.0773657499640501,0.9255512713478232,0.9996090794068024,0.9981966916034148,0.5,0.5023809523809523,0.4886054421768707,0.487,0.4834467120181405,0.5023809523809523,0.4177999811846057,0.4164332399626518,2.180284680438936,0.1130093545080641,0.8089642162361772,0.5338459425940696,0.52,0.5167517006802721,0.5214569160997733,0.5221825396825398,0.5438797313797313,0.5167517006802721,0.4404446288197854,0.4385308223183999,1.8614275350033864,0.1554505607828428,0.834476233410912,0.5420082593660706,0.5214569160997733,0.5167517006802721,0.7202223144098927,0.1554505607828428,0.1086022838278538,0.4128546322719195,0.4816637376505727,0.9889301809457032,0.4951592572033405,0.02,0.5514391158516042,0.5314391158516042,0.4687474800156478,0.4687474800156478,google-bert_bert-base-uncased_ISEAR_51c193,/Volumes/Amirali/hidden_states/experiments/baseline_v5_001/models/google-bert/bert-base-uncased/datasets/ISEAR/analysis/probes/probe_run__google-bert_bert-base-uncased__datasets__max1000__rep2__probes=linear_logistic+mlp_1_hidden+mlp_2_hidden__hash51c193a1dd14,,,,
0,329183180,layer_7,7,0.5833333333333334,linear_logistic,logistic,linear,single_label,768,13,7,800,100,100,5383,[],,,-0.0085280183702707,0.1426521986722946,0.0394088669950738,0.9925,0.9923376233120428,0.9927041237749966,0.9925304492389944,0.9932184932184932,0.9923376233120428,0.9912694938253308,0.9912405402396808,0.0322400976895526,0.9682740737999912,0.999953744607584,0.9995188372694864,0.48,0.481547619047619,0.4701920864964343,0.4704520933977456,0.4750233426704015,0.481547619047619,0.3958741433410904,0.3935152787497085,2.51640782231955,0.0807491516901615,0.8029108667780009,0.5121294973588049,0.56,0.5533163265306122,0.5563935578973173,0.5596663129294709,0.5768316896136445,0.5533163265306122,0.4875960955664654,0.4848981503160852,2.266412516163733,0.1036834764709161,0.8185052149823989,0.548385090545297,0.5563935578973173,0.5533163265306122,0.7437980477832327,0.1036834764709161,0.1578428599360869,0.3985506979612303,0.464975814288102,0.9915169929287048,0.4957359908148646,0.0152743030116885,0.5609675549597318,0.5456932519480433,0.4363105658776793,0.4363105658776793,google-bert_bert-base-uncased_ISEAR_51c193,/Volumes/Amirali/hidden_states/experiments/baseline_v5_001/models/google-bert/bert-base-uncased/datasets/ISEAR/analysis/probes/probe_run__google-bert_bert-base-uncased__datasets__max1000__rep2__probes=linear_logistic+mlp_1_hidden+mlp_2_hidden__hash51c193a1dd14,,,,
0,3129718423,layer_7,7,0.5833333333333334,mlp_1_hidden,mlp,1_hidden,single_label,768,13,7,800,100,100,297991,[384],27.0,0.5110985309956388,-0.0085280183702707,0.1426521986722946,0.0394088669950738,0.99125,0.9910734008088824,0.991504975393671,0.9912873464240176,0.9921582234559334,0.9910734008088824,0.9898237751963944,0.989780406484332,0.1095252167344402,0.8962595633377499,0.9997699180866908,0.9986642050544212,0.52,0.5203231292517007,0.5110985309956388,0.5102089358546533,0.513453714819261,0.5203231292517007,0.4404621696201236,0.439121290021033,1.6568473142186582,0.1907393744906944,0.8198397133694915,0.5432184321406623,0.57,0.564795918367347,0.5670944239764871,0.5680102385781899,0.600715157858015,0.564795918367347,0.4987782639553107,0.4964281531795292,1.4699384086523477,0.2299396470433355,0.8451984646924309,0.6073524222443112,0.5670944239764871,0.564795918367347,0.7493891319776553,0.2299396470433355,0.1509894821667604,0.4161049418097267,0.4854557654446811,0.9662045540240708,0.4957359908148646,0.02,0.5803937362822923,0.5603937362822923,0.4244105514171838,0.4244105514171838,google-bert_bert-base-uncased_ISEAR_51c193,/Volumes/Amirali/hidden_states/experiments/baseline_v5_001/models/google-bert/bert-base-uncased/datasets/ISEAR/analysis/probes/probe_run__google-bert_bert-base-uncased__datasets__max1000__rep2__probes=linear_logistic+mlp_1_hidden+mlp_2_hidden__hash51c193a1dd14,,,,
0,3280949890,layer_7,7,0.5833333333333334,mlp_2_hidden,mlp,2_hidden,single_label,768,13,7,800,100,100,370567,"[384, 192]",23.0,0.5443254002208396,-0.0085280183702707,0.1426521986722946,0.0394088669950738,0.98125,0.9812976066067892,0.981668122422751,0.9812742798464024,0.9822446941972856,0.9812976066067892,0.9781422988282324,0.978101230710834,0.1195429436480138,0.8873259019896461,0.999250436843817,0.9957193208683262,0.55,0.551360544217687,0.5443254002208396,0.5421922078662902,0.5521367637964276,0.551360544217687,0.4759653212363811,0.4742376445846478,1.955736677266444,0.1414602277660397,0.8169519081416922,0.5313790532205027,0.55,0.5413265306122449,0.5392512312922209,0.5422093683339864,0.5844155844155844,0.5413265306122449,0.4764956333780311,0.4722645713615574,1.5713211009661343,0.207770515137122,0.8613271259878159,0.6301883509384769,0.5392512312922209,0.5413265306122449,0.7382478166890156,0.207770515137122,0.1557281191046845,0.3835231121875363,0.447443630885459,0.9996937081866974,0.4957359908148646,0.02,0.5617709079684613,0.5417709079684613,0.4424168911305302,0.4424168911305302,google-bert_bert-base-uncased_ISEAR_51c193,/Volumes/Amirali/hidden_states/experiments/baseline_v5_001/models/google-bert/bert-base-uncased/datasets/ISEAR/analysis/probes/probe_run__google-bert_bert-base-uncased__datasets__max1000__rep2__probes=linear_logistic+mlp_1_hidden+mlp_2_hidden__hash51c193a1dd14,,,,
0,329184177,layer_8,8,0.6666666666666666,linear_logistic,logistic,linear,single_label,768,13,7,800,100,100,5383,[],,,-0.0068230219185352,0.1458887308835983,0.0394088669950738,0.9925,0.9925614960469776,0.9926888923154406,0.9925142362157986,0.9930327404554208,0.9925614960469776,0.991280882993556,0.9912410836969195,0.031979867086424,0.968526081134798,0.999953744607584,0.9995188372694864,0.44,0.4461734693877551,0.4362611104546588,0.4308113224887418,0.4310559538500715,0.4461734693877551,0.3469772488519493,0.3463289366172523,2.607115795518701,0.0737469385715017,0.7994597738672636,0.5046036163306171,0.59,0.583078231292517,0.5797160878870604,0.5824161417743141,0.6136151891586674,0.583078231292517,0.5237341295013593,0.5199063231850116,2.297023354058548,0.1005577234118893,0.8345015136075571,0.5830920403145415,0.5797160878870604,0.583078231292517,0.7618670647506797,0.1005577234118893,0.1444338882159271,0.4352821996711332,0.5078292329496554,0.9738005996341976,0.4965884890407324,0.0152743030116885,0.580501919724821,0.5652276167131325,0.4129728044283801,0.4129728044283801,google-bert_bert-base-uncased_ISEAR_51c193,/Volumes/Amirali/hidden_states/experiments/baseline_v5_001/models/google-bert/bert-base-uncased/datasets/ISEAR/analysis/probes/probe_run__google-bert_bert-base-uncased__datasets__max1000__rep2__probes=linear_logistic+mlp_1_hidden+mlp_2_hidden__hash51c193a1dd14,,,,
0,3129719420,layer_8,8,0.6666666666666666,mlp_1_hidden,mlp,1_hidden,single_label,768,13,7,800,100,100,297991,[384],26.0,0.4874857285571571,-0.0068230219185352,0.1458887308835983,0.0394088669950738,0.99,0.9901798821065972,0.9903068795470196,0.9900280742690284,0.9906854694058598,0.9901798821065972,0.988370188087512,0.9883214875505232,0.138601752535473,0.8705746635828437,0.999601187719794,0.9979113817477134,0.5,0.5012755102040816,0.4874857285571571,0.4865759240759241,0.4835567210567211,0.5012755102040816,0.4175277100378951,0.4161606725829052,1.591211318155967,0.2036787424870395,0.8273634834483475,0.5443725529940374,0.54,0.5330782312925171,0.5359880916705025,0.5395032887779339,0.5653061224489796,0.5330782312925171,0.4651986353488135,0.4613583138173303,1.4784784442960557,0.2279843154463239,0.8445946528717194,0.5994371961746511,0.5359880916705025,0.5330782312925171,0.7325993176744068,0.2279843154463239,0.1364377623212057,0.3995503293492968,0.4661420509075129,0.9874554792373078,0.4965884890407324,0.02,0.5634504693645666,0.5434504693645665,0.4543187878765171,0.4543187878765171,google-bert_bert-base-uncased_ISEAR_51c193,/Volumes/Amirali/hidden_states/experiments/baseline_v5_001/models/google-bert/bert-base-uncased/datasets/ISEAR/analysis/probes/probe_run__google-bert_bert-base-uncased__datasets__max1000__rep2__probes=linear_logistic+mlp_1_hidden+mlp_2_hidden__hash51c193a1dd14,,,,
0,3280950887,layer_8,8,0.6666666666666666,mlp_2_hidden,mlp,2_hidden,single_label,768,13,7,800,100,100,370567,"[384, 192]",37.0,0.507251537990057,-0.0068230219185352,0.1458887308835983,0.0394088669950738,0.9925,0.9925614960469776,0.9926888923154406,0.9925142362157986,0.9930327404554208,0.9925614960469776,0.991280882993556,0.9912410836969195,0.0190312444810896,0.981148706281694,0.9999500641927276,0.9994956314754768,0.51,0.516156462585034,0.507251537990057,0.5012690688066105,0.5111942212782549,0.516156462585034,0.4296447977355117,0.4280378195400957,2.7334369795723403,0.0649955170730169,0.8074550079016809,0.5148366208667235,0.58,0.573639455782313,0.5826882826374324,0.5869816988350915,0.608935112506541,0.573639455782313,0.5120856628611684,0.5087144695285999,2.1377370688725352,0.1179213893025425,0.8470357545766721,0.5880165600246513,0.5826882826374324,0.573639455782313,0.7560428314305843,0.1179213893025425,0.1145560027837212,0.4681322798537112,0.5461543264959964,0.9841298457063592,0.4965884890407324,0.02,0.5893898269934188,0.5693898269934188,0.4100006096780081,0.4100006096780081,google-bert_bert-base-uncased_ISEAR_51c193,/Volumes/Amirali/hidden_states/experiments/baseline_v5_001/models/google-bert/bert-base-uncased/datasets/ISEAR/analysis/probes/probe_run__google-bert_bert-base-uncased__datasets__max1000__rep2__probes=linear_logistic+mlp_1_hidden+mlp_2_hidden__hash51c193a1dd14,,,,
0,329185174,layer_9,9,0.75,linear_logistic,logistic,linear,single_label,768,13,7,800,100,100,5383,[],,,-0.0048731840215623,0.157291829586029,0.0394088669950738,0.9925,0.9925614960469776,0.9926888923154406,0.9925142362157986,0.9930327404554208,0.9925614960469776,0.991280882993556,0.9912410836969195,0.0327122627885352,0.9678169964925608,0.999953744607584,0.9995188372694864,0.47,0.4694727891156462,0.4611918254159634,0.4629445985049433,0.46443072382922,0.4694727891156462,0.3831031148594703,0.3814914225697281,2.5211680594540664,0.0803656800118843,0.8156017137298893,0.5292422830112757,0.59,0.5851190476190476,0.5808880416354985,0.5836070585760988,0.592609513441004,0.5851190476190476,0.522380241884248,0.5203556387459055,2.1904004856941466,0.1118719365344702,0.8462631358040046,0.6122514894079207,0.5808880416354985,0.5851190476190476,0.761190120942124,0.1118719365344702,0.1231629805302566,0.4577250611052418,0.5340125712894488,0.9364480184260012,0.4975634079892188,0.0152743030116885,0.5836810658464482,0.5684067628347597,0.4118008506799421,0.4118008506799421,google-bert_bert-base-uncased_ISEAR_51c193,/Volumes/Amirali/hidden_states/experiments/baseline_v5_001/models/google-bert/bert-base-uncased/datasets/ISEAR/analysis/probes/probe_run__google-bert_bert-base-uncased__datasets__max1000__rep2__probes=linear_logistic+mlp_1_hidden+mlp_2_hidden__hash51c193a1dd14,,,,
0,3129720417,layer_9,9,0.75,mlp_1_hidden,mlp,1_hidden,single_label,768,13,7,800,100,100,297991,[384],36.0,0.5479968523628146,-0.0048731840215623,0.157291829586029,0.0394088669950738,0.99,0.9903038848057596,0.9903587314971132,0.9900547723952948,0.9907753079654302,0.9903038848057596,0.9883904928064852,0.98832195636426,0.0469957497590774,0.9540914527002896,0.9994635767528806,0.9971801464474026,0.55,0.5529761904761904,0.5479968523628146,0.5453950657857777,0.5519084556899683,0.5529761904761904,0.4758293402235108,0.4746059544658494,1.912202639383392,0.1477545778553456,0.8228419739989018,0.5357574179520463,0.6,0.5988945578231293,0.5942053589112412,0.5929352346999406,0.6256722809354389,0.5988945578231293,0.53623356263648,0.532327838185432,1.5616117384113122,0.2097976596119441,0.8600862480298673,0.6076481280555699,0.5942053589112412,0.5988945578231293,0.76811678131824,0.2097976596119441,0.1303935738160806,0.4638117850951605,0.5411137492776872,0.997695107677493,0.4975634079892188,0.02,0.6074532375829578,0.5874532375829578,0.3961533725858721,0.3961533725858721,google-bert_bert-base-uncased_ISEAR_51c193,/Volumes/Amirali/hidden_states/experiments/baseline_v5_001/models/google-bert/bert-base-uncased/datasets/ISEAR/analysis/probes/probe_run__google-bert_bert-base-uncased__datasets__max1000__rep2__probes=linear_logistic+mlp_1_hidden+mlp_2_hidden__hash51c193a1dd14,,,,
0,3280951884,layer_9,9,0.75,mlp_2_hidden,mlp,2_hidden,single_label,768,13,7,800,100,100,370567,"[384, 192]",20.0,0.54358362789368,-0.0048731840215623,0.157291829586029,0.0394088669950738,0.89625,0.8951670239012746,0.8961785158046468,0.8956429517404579,0.8995826499541375,0.8951670239012746,0.8791162698319916,0.8787772568607691,0.3408992739909663,0.7111305339396478,0.992255723079522,0.9652476929873764,0.55,0.5494897959183673,0.54358362789368,0.5434977992559515,0.5540152295736108,0.5494897959183673,0.4762457462422898,0.4742376445846478,1.613732158484822,0.1991429922079929,0.8287613052620625,0.5530517403993336,0.54,0.5343537414965986,0.5287597048745056,0.5316991639501127,0.5515676783533926,0.5343537414965986,0.4645006241791131,0.4615474657614421,1.391240379738684,0.2487665481975952,0.8559788291638009,0.6061388939261848,0.5287597048745056,0.5343537414965986,0.7322503120895565,0.2487665481975952,0.1190111087821043,0.4097485960924013,0.4780400287744681,0.9825757181762826,0.4975634079892188,0.02,0.565800937048292,0.545800937048292,0.3674188109301411,0.3674188109301411,google-bert_bert-base-uncased_ISEAR_51c193,/Volumes/Amirali/hidden_states/experiments/baseline_v5_001/models/google-bert/bert-base-uncased/datasets/ISEAR/analysis/probes/probe_run__google-bert_bert-base-uncased__datasets__max1000__rep2__probes=linear_logistic+mlp_1_hidden+mlp_2_hidden__hash51c193a1dd14,,,,
0,329186171,layer_10,10,0.8333333333333334,linear_logistic,logistic,linear,single_label,768,13,7,800,100,100,5383,[],,,-0.0041400459595024,0.1527076959609985,0.0394088669950738,0.9925,0.9929255921278878,0.9926022002648232,0.992540450862992,0.9924222398449204,0.9929255921278878,0.9912679417621688,0.991242617800474,0.0341055708880538,0.9664694682115272,0.999953744607584,0.9995188372694864,0.48,0.4832482993197278,0.4713505747126437,0.4699051724137931,0.4682670504099075,0.4832482993197278,0.3947127427766044,0.3935152787497084,2.469721936242313,0.0846083822556327,0.8216656292538157,0.5237025783934056,0.57,0.5689625850340135,0.5696078431372549,0.5699586056644881,0.5874147782042519,0.5689625850340135,0.4999471088366431,0.4976635514018691,2.0701336083798854,0.1261689233534141,0.8537139078675869,0.6229899154937353,0.5696078431372549,0.5689625850340135,0.7499735544183216,0.1261689233534141,0.1387921251825224,0.4308157179547325,0.5026183376138545,0.939951964922262,0.4979299770202487,0.0152743030116885,0.5722746369035149,0.5570003338918263,0.4229943571275684,0.4229943571275684,google-bert_bert-base-uncased_ISEAR_51c193,/Volumes/Amirali/hidden_states/experiments/baseline_v5_001/models/google-bert/bert-base-uncased/datasets/ISEAR/analysis/probes/probe_run__google-bert_bert-base-uncased__datasets__max1000__rep2__probes=linear_logistic+mlp_1_hidden+mlp_2_hidden__hash51c193a1dd14,,,,
0,3129721414,layer_10,10,0.8333333333333334,mlp_1_hidden,mlp,1_hidden,single_label,768,13,7,800,100,100,297991,[384],24.0,0.5399245306253092,-0.0041400459595024,0.1527076959609985,0.0394088669950738,0.96125,0.9602406275972584,0.9615269226945744,0.961352729463352,0.9635693962044088,0.9602406275972584,0.9548457219349978,0.9547305647179514,0.221612123844998,0.8012260805624716,0.9983283050268608,0.9928202339535714,0.54,0.5454081632653062,0.5399245306253092,0.5358783973329024,0.5411541889483066,0.5454081632653062,0.4639936562745811,0.4631812346831602,1.42153395811646,0.2413435219534667,0.8477150030202357,0.5710547214879654,0.65,0.6453231292517005,0.6420283875716812,0.6437971345293079,0.6596333270150164,0.6453231292517005,0.5931027416673637,0.5905953912738331,1.2685478218819914,0.2812397355696099,0.8756316601693532,0.6824169009126564,0.6420283875716812,0.6453231292517005,0.7965513708336818,0.2812397355696099,0.1475653025325615,0.4944630850391197,0.5768735992123063,0.962750981587614,0.4979299770202487,0.02,0.6414585623149237,0.6214585623149237,0.319498535122893,0.319498535122893,google-bert_bert-base-uncased_ISEAR_51c193,/Volumes/Amirali/hidden_states/experiments/baseline_v5_001/models/google-bert/bert-base-uncased/datasets/ISEAR/analysis/probes/probe_run__google-bert_bert-base-uncased__datasets__max1000__rep2__probes=linear_logistic+mlp_1_hidden+mlp_2_hidden__hash51c193a1dd14,,,,
0,3280952881,layer_10,10,0.8333333333333334,mlp_2_hidden,mlp,2_hidden,single_label,768,13,7,800,100,100,370567,"[384, 192]",27.0,0.5747317198930102,-0.0041400459595024,0.1527076959609985,0.0394088669950738,0.9925,0.9923376233120428,0.9927041237749966,0.9925304492389944,0.9932184932184932,0.9923376233120428,0.9912694938253308,0.9912405402396808,0.0446202889685327,0.9563605535498124,0.9999172664985118,0.9993256101980778,0.58,0.5812925170068027,0.5747317198930102,0.5750269026075476,0.580756086019244,0.5812925170068027,0.5120087551022005,0.5099754987749388,1.8666364718690085,0.1546429338908576,0.8608289816983877,0.6264044873171041,0.62,0.6185374149659862,0.6296490283101973,0.6280664182450261,0.6635620847529295,0.6185374149659862,0.5580309497116238,0.555607531282891,1.6142233723726491,0.1990451944263376,0.8797401767260816,0.6735349790799171,0.6296490283101973,0.6185374149659862,0.7790154748558119,0.1990451944263376,0.1290361445856231,0.5006128837245741,0.5840483643453365,0.941066371034376,0.4979299770202487,0.02,0.6227625188169702,0.6027625188169702,0.3630550954647993,0.3630550954647993,google-bert_bert-base-uncased_ISEAR_51c193,/Volumes/Amirali/hidden_states/experiments/baseline_v5_001/models/google-bert/bert-base-uncased/datasets/ISEAR/analysis/probes/probe_run__google-bert_bert-base-uncased__datasets__max1000__rep2__probes=linear_logistic+mlp_1_hidden+mlp_2_hidden__hash51c193a1dd14,,,,
0,329187168,layer_11,11,0.9166666666666666,linear_logistic,logistic,linear,single_label,768,13,7,800,100,100,5383,[],,,-0.0036718172486871,0.1596336215734481,0.0394088669950738,0.9925,0.9929255921278878,0.9926022002648232,0.992540450862992,0.9924222398449204,0.9929255921278878,0.9912679417621688,0.991242617800474,0.0336234339317666,0.9669355512081652,0.999953744607584,0.9995188372694864,0.51,0.5132653061224489,0.4965641184435013,0.4943429810021675,0.4916362717335737,0.5132653061224489,0.4306198916170852,0.4283047485707618,2.309955005640033,0.0992657178566074,0.8283953761208501,0.5548767763772505,0.56,0.5581632653061225,0.5617998421939309,0.5644647260785192,0.5800768154151613,0.5581632653061225,0.4886871235914514,0.4864013073421267,2.199396985781766,0.1108699943917643,0.8415758068555117,0.6126637438611898,0.5617998421939309,0.5581632653061225,0.7443435617957257,0.1108699943917643,0.1644742469375533,0.3973255952563775,0.4635465277991071,0.9954721991019408,0.4981640913756564,0.0152743030116885,0.5640777140917348,0.5488034110800463,0.4308023580708924,0.4308023580708924,google-bert_bert-base-uncased_ISEAR_51c193,/Volumes/Amirali/hidden_states/experiments/baseline_v5_001/models/google-bert/bert-base-uncased/datasets/ISEAR/analysis/probes/probe_run__google-bert_bert-base-uncased__datasets__max1000__rep2__probes=linear_logistic+mlp_1_hidden+mlp_2_hidden__hash51c193a1dd14,,,,
0,3129722411,layer_11,11,0.9166666666666666,mlp_1_hidden,mlp,1_hidden,single_label,768,13,7,800,100,100,297991,[384],20.0,0.5241357228559193,-0.0036718172486871,0.1596336215734481,0.0394088669950738,0.89875,0.8995322210855436,0.8999248717423376,0.898782796999927,0.9007451443361438,0.8995322210855436,0.8818177871339684,0.8817453510228662,0.4262425002556914,0.6529579804428648,0.9910025161162848,0.960595036596254,0.54,0.5423469387755102,0.5241357228559193,0.521318522232793,0.5228328173374613,0.5423469387755102,0.4652960902642953,0.4626795935054316,1.3396679746659106,0.2619326224105547,0.849819473243843,0.5958977482777774,0.56,0.558843537414966,0.5705955850686419,0.5686752787247489,0.5987244897959184,0.558843537414966,0.4871453891254816,0.4851994851994852,1.286663940674784,0.276190636241872,0.8594425185507608,0.6434587321420492,0.5705955850686419,0.558843537414966,0.7435726945627408,0.276190636241872,0.1277417622881344,0.4428538227805075,0.5166627932439254,0.9790788262028736,0.4981640913756564,0.02,0.591779040525859,0.5717790405258589,0.3293292866736956,0.3293292866736956,google-bert_bert-base-uncased_ISEAR_51c193,/Volumes/Amirali/hidden_states/experiments/baseline_v5_001/models/google-bert/bert-base-uncased/datasets/ISEAR/analysis/probes/probe_run__google-bert_bert-base-uncased__datasets__max1000__rep2__probes=linear_logistic+mlp_1_hidden+mlp_2_hidden__hash51c193a1dd14,,,,
0,3280953878,layer_11,11,0.9166666666666666,mlp_2_hidden,mlp,2_hidden,single_label,768,13,7,800,100,100,370567,"[384, 192]",46.0,0.5847577894852645,-0.0036718172486871,0.1596336215734481,0.0394088669950738,0.9925,0.9923376233120428,0.9927041237749966,0.9925304492389944,0.9932184932184932,0.9923376233120428,0.9912694938253308,0.9912405402396808,0.0165908055436826,0.9835460639004936,0.999953744607584,0.9995188372694864,0.59,0.5972789115646258,0.5847577894852645,0.5804158609280967,0.5855925703614779,0.5972789115646258,0.5238717348977131,0.5219773813687769,2.250361841202772,0.1053610936787559,0.8615678924846895,0.618195648974466,0.59,0.5886054421768707,0.5961642995756297,0.5953086542767577,0.6124999999999999,0.5886054421768707,0.5214356510739137,0.5205799812909261,2.086903371118665,0.1240707426118787,0.8607065786145325,0.6313153571678908,0.5961642995756297,0.5886054421768707,0.7607178255369569,0.1240707426118787,0.1241856634813388,0.4719786360942908,0.5506417421100059,0.9788638842297512,0.4981640913756564,0.02,0.5967695807259286,0.5767695807259285,0.3965398241993669,0.3965398241993669,google-bert_bert-base-uncased_ISEAR_51c193,/Volumes/Amirali/hidden_states/experiments/baseline_v5_001/models/google-bert/bert-base-uncased/datasets/ISEAR/analysis/probes/probe_run__google-bert_bert-base-uncased__datasets__max1000__rep2__probes=linear_logistic+mlp_1_hidden+mlp_2_hidden__hash51c193a1dd14,,,,
0,329188165,layer_12,12,1.0,linear_logistic,logistic,linear,single_label,768,13,7,800,100,100,5383,[],,,-0.0055252956226468,0.1573382914066314,0.0394088669950738,0.9925,0.9929255921278878,0.9926022002648232,0.992540450862992,0.9924222398449204,0.9929255921278878,0.9912679417621688,0.991242617800474,0.0338483359429099,0.9667181099104618,0.999953744607584,0.9995188372694864,0.43,0.435969387755102,0.4247961562247276,0.4203543123543124,0.4232032286598849,0.435969387755102,0.3368515900713771,0.3351994401679495,2.429004670892728,0.0881245018269916,0.8260469864478562,0.5217847063942058,0.57,0.5628401360544217,0.5738995207512858,0.5795139185648963,0.5987776689623218,0.5628401360544217,0.499125599502874,0.4972524260493394,2.017619742418582,0.1329715953430664,0.8549304378199482,0.65425318490674,0.5738995207512858,0.5628401360544217,0.749562799751437,0.1329715953430664,0.1471165872533494,0.4267829334979363,0.497913422414259,0.951937958832867,0.4972373521886766,0.0152743030116885,0.5732708280685793,0.5579965250568908,0.4187026795135374,0.4187026795135374,google-bert_bert-base-uncased_ISEAR_51c193,/Volumes/Amirali/hidden_states/experiments/baseline_v5_001/models/google-bert/bert-base-uncased/datasets/ISEAR/analysis/probes/probe_run__google-bert_bert-base-uncased__datasets__max1000__rep2__probes=linear_logistic+mlp_1_hidden+mlp_2_hidden__hash51c193a1dd14,,,,
0,3129723408,layer_12,12,1.0,mlp_1_hidden,mlp,1_hidden,single_label,768,13,7,800,100,100,297991,[384],22.0,0.5143402592663676,-0.0055252956226468,0.1573382914066314,0.0394088669950738,0.9475,0.9472445196952264,0.9479516505277916,0.947456889446431,0.9490031059953734,0.9472445196952264,0.9387320847914236,0.9386755003148356,0.3037784919982613,0.7380243266398814,0.9961974902855688,0.981755676014806,0.52,0.5232993197278911,0.5143402592663676,0.510002371829958,0.518006932867614,0.5232993197278911,0.4407598936459245,0.4390557438354563,1.3975627616749322,0.2471987125174438,0.8514253174842876,0.6014167754313708,0.61,0.6029761904761904,0.5987411020853803,0.6019471181683963,0.6157766952935021,0.6029761904761904,0.5462087558968856,0.54337899543379,1.2885078587044108,0.2756818325883691,0.8609838829823683,0.6394923420128847,0.5987411020853803,0.6029761904761904,0.7731043779484428,0.2756818325883691,0.1424025563572049,0.4563385457281754,0.5323949700162046,0.9503225226801107,0.4972373521886766,0.02,0.6100386579245629,0.5900386579245629,0.3492105484424112,0.3492105484424112,google-bert_bert-base-uncased_ISEAR_51c193,/Volumes/Amirali/hidden_states/experiments/baseline_v5_001/models/google-bert/bert-base-uncased/datasets/ISEAR/analysis/probes/probe_run__google-bert_bert-base-uncased__datasets__max1000__rep2__probes=linear_logistic+mlp_1_hidden+mlp_2_hidden__hash51c193a1dd14,,,,
0,3280954875,layer_12,12,1.0,mlp_2_hidden,mlp,2_hidden,single_label,768,13,7,800,100,100,370567,"[384, 192]",32.0,0.5838450318948493,-0.0055252956226468,0.1573382914066314,0.0394088669950738,0.9925,0.9925614960469776,0.9926888923154406,0.9925142362157986,0.9930327404554208,0.9925614960469776,0.991280882993556,0.9912410836969195,0.0311616546733206,0.9693188654855664,0.9995490141296324,0.9983656223892236,0.59,0.5960884353741497,0.5838450318948493,0.5800439933259177,0.5840602907829799,0.5960884353741497,0.5236991054428144,0.5218658892128281,2.217216196652912,0.1089118764528708,0.8506082480560934,0.6045765643278279,0.63,0.625,0.6257679102506689,0.628207097500201,0.6360644257703081,0.625,0.5682512323472135,0.5672514619883041,1.7131550194652356,0.1802960567572865,0.88002675065798,0.6822063071198744,0.6257679102506689,0.625,0.7841256161736068,0.1802960567572865,0.1207282243811517,0.5050396858695172,0.58921296684777,0.98568124856582,0.4972373521886766,0.02,0.6271130115000068,0.6071130115000067,0.3669209820647716,0.3669209820647716,google-bert_bert-base-uncased_ISEAR_51c193,/Volumes/Amirali/hidden_states/experiments/baseline_v5_001/models/google-bert/bert-base-uncased/datasets/ISEAR/analysis/probes/probe_run__google-bert_bert-base-uncased__datasets__max1000__rep2__probes=linear_logistic+mlp_1_hidden+mlp_2_hidden__hash51c193a1dd14,,,,
1,329176202,layer_0,0,0.0,linear_logistic,logistic,linear,single_label,768,13,7,800,100,100,5383,[],,,-0.0235143583267927,0.1976158022880554,0.0372670807453416,0.99125,0.9911381018092396,0.9914171982775558,0.9913398177062974,0.992,0.9911381018092396,0.9898449367450728,0.9897889782961088,0.0374024511055915,0.9632883808542962,0.99994148627646,0.9993356165200128,0.42,0.4197278911564625,0.4155581031077614,0.4156340378197997,0.4140306122448979,0.4197278911564625,0.3234403740551103,0.3230625583566761,2.8363033643923954,0.0586420440507698,0.7581232492997199,0.4419188308866992,0.47,0.4698587127158555,0.4614092090704993,0.4625402755846304,0.4814255845879022,0.4698587127158555,0.3852989195650789,0.3817800069987169,2.2861585901005825,0.1016562159662992,0.8124949169106913,0.5397071823783823,0.4614092090704993,0.4698587127158555,0.6926494597825394,0.1016562159662992,0.1317059815237368,0.3297032275467625,0.3846537654712229,0.9701094645307716,0.4882428208366036,0.0152743030116885,0.4982479903281659,0.4829736873164774,0.5300079892070564,0.5300079892070564,google-bert_bert-base-uncased_ISEAR_51c193,/Volumes/Amirali/hidden_states/experiments/baseline_v5_001/models/google-bert/bert-base-uncased/datasets/ISEAR/analysis/probes/probe_run__google-bert_bert-base-uncased__datasets__max1000__rep2__probes=linear_logistic+mlp_1_hidden+mlp_2_hidden__hash51c193a1dd14,,,,
1,3129711445,layer_0,0,0.0,mlp_1_hidden,mlp,1_hidden,single_label,768,13,7,800,100,100,297991,[384],25.0,0.4705689833999066,-0.0235143583267927,0.1976158022880554,0.0372670807453416,0.97125,0.9712039495779904,0.9716868547732354,0.971746980220106,0.9735108008692916,0.9712039495779904,0.9667074898196863,0.9664518858051364,0.1941390339205271,0.8235433958414354,0.9991904712515716,0.9953444579096534,0.48,0.4782312925170067,0.4705689833999066,0.4720742703985752,0.4674511762747057,0.4782312925170067,0.3937346144207724,0.3930905695611577,1.5951811900941906,0.2028717668176797,0.7955380291651544,0.4810796151170279,0.45,0.450915750915751,0.4407993625993084,0.4411139186812811,0.459806961408792,0.450915750915751,0.3629393655996376,0.358600583090379,1.5518856631754323,0.2118481227491442,0.8130346294337858,0.5657206158312901,0.4407993625993084,0.450915750915751,0.6814696827998188,0.2118481227491442,0.1428493105552864,0.2979500520440219,0.3476083940513589,0.9019236042616372,0.4882428208366036,0.02,0.4853686482603427,0.4653686482603427,0.530887492173927,0.530887492173927,google-bert_bert-base-uncased_ISEAR_51c193,/Volumes/Amirali/hidden_states/experiments/baseline_v5_001/models/google-bert/bert-base-uncased/datasets/ISEAR/analysis/probes/probe_run__google-bert_bert-base-uncased__datasets__max1000__rep2__probes=linear_logistic+mlp_1_hidden+mlp_2_hidden__hash51c193a1dd14,,,,
1,3280942912,layer_0,0,0.0,mlp_2_hidden,mlp,2_hidden,single_label,768,13,7,800,100,100,370567,"[384, 192]",25.0,0.4861798930804174,-0.0235143583267927,0.1976158022880554,0.0372670807453416,0.9875,0.9877303356896092,0.9874639373402302,0.9876574852593148,0.9877578561789088,0.9877303356896092,0.9855092556397036,0.9854158311153244,0.0695564747924633,0.9328074517897308,0.99974620230441,0.9983990232726908,0.49,0.4904761904761904,0.4861798930804174,0.4865885703510842,0.4889427565898154,0.4904761904761904,0.4062909931198045,0.4052478134110787,2.2821445664761244,0.1020650864777173,0.7748330960291093,0.4480495705838069,0.51,0.5110936682365254,0.5102172106780402,0.5094607901059515,0.5357611576098971,0.5110936682365254,0.4313022503666457,0.4281713152059749,1.9677818755733536,0.1397665321972459,0.8227274160543249,0.5699800993855219,0.5102172106780402,0.5110936682365254,0.7156511251833229,0.1397665321972459,0.1223019770519362,0.3879152336261039,0.4525677725637879,0.9748148907611334,0.4882428208366036,0.02,0.537949859532913,0.517949859532913,0.47724672666219,0.47724672666219,google-bert_bert-base-uncased_ISEAR_51c193,/Volumes/Amirali/hidden_states/experiments/baseline_v5_001/models/google-bert/bert-base-uncased/datasets/ISEAR/analysis/probes/probe_run__google-bert_bert-base-uncased__datasets__max1000__rep2__probes=linear_logistic+mlp_1_hidden+mlp_2_hidden__hash51c193a1dd14,,,,
1,329177199,layer_1,1,0.0833333333333333,linear_logistic,logistic,linear,single_label,768,13,7,800,100,100,5383,[],,,-0.0178199373185634,0.1343795657157898,0.0372670807453416,0.99125,0.9911381018092396,0.9914171982775558,0.9913398177062974,0.992,0.9911381018092396,0.9898449367450728,0.9897889782961088,0.0380895340403103,0.9626267491705466,0.99994148627646,0.9993356165200128,0.47,0.4693877551020408,0.4616263525746285,0.4625777335691128,0.4579452293738008,0.4693877551020408,0.3821711299695505,0.3816357484540894,2.639750659869345,0.0713790650031282,0.7820301143713299,0.4671619437305988,0.51,0.5073783359497644,0.5053526112639413,0.5079102851171817,0.5128266691291901,0.5073783359497644,0.4291248140192359,0.4279710483306094,2.088937509135292,0.1238186221084648,0.8474330745190556,0.6022678433935198,0.5053526112639413,0.5073783359497644,0.7145624070096179,0.1238186221084648,0.1395243023437601,0.3658283089201811,0.4267996937402113,0.9689863416250708,0.4910900313407182,0.0152743030116885,0.5288242009483244,0.5135498979366359,0.4860645870136145,0.4860645870136145,google-bert_bert-base-uncased_ISEAR_51c193,/Volumes/Amirali/hidden_states/experiments/baseline_v5_001/models/google-bert/bert-base-uncased/datasets/ISEAR/analysis/probes/probe_run__google-bert_bert-base-uncased__datasets__max1000__rep2__probes=linear_logistic+mlp_1_hidden+mlp_2_hidden__hash51c193a1dd14,,,,
1,3129712442,layer_1,1,0.0833333333333333,mlp_1_hidden,mlp,1_hidden,single_label,768,13,7,800,100,100,297991,[384],44.0,0.5236716755667785,-0.0178199373185634,0.1343795657157898,0.0372670807453416,0.99125,0.991201266352876,0.991345146943383,0.9913432894605928,0.9918032786885246,0.991201266352876,0.9898454320344368,0.9897894809774384,0.0304945076808455,0.9699657594141003,0.99994148627646,0.9993356165200128,0.54,0.5380952380952381,0.5236716755667785,0.5258649087221096,0.5192949907235621,0.5380952380952381,0.4649286991678384,0.4632438739789964,1.9075038899031056,0.1484504732399463,0.8141776710684273,0.5196918124869744,0.52,0.517687074829932,0.5123604148910045,0.5156445292749521,0.5169657606632397,0.517687074829932,0.4411815122854611,0.4398412883650368,1.6297848864411133,0.1959717257684232,0.8475244599104215,0.6049641274527244,0.5123604148910045,0.517687074829932,0.7205907561427305,0.1959717257684232,0.1549403927967043,0.3574200220943002,0.4169900257766835,0.9681831005848412,0.4910900313407182,0.02,0.5381997677263495,0.5181997677263495,0.4789847320523785,0.4789847320523785,google-bert_bert-base-uncased_ISEAR_51c193,/Volumes/Amirali/hidden_states/experiments/baseline_v5_001/models/google-bert/bert-base-uncased/datasets/ISEAR/analysis/probes/probe_run__google-bert_bert-base-uncased__datasets__max1000__rep2__probes=linear_logistic+mlp_1_hidden+mlp_2_hidden__hash51c193a1dd14,,,,
1,3280943909,layer_1,1,0.0833333333333333,mlp_2_hidden,mlp,2_hidden,single_label,768,13,7,800,100,100,370567,"[384, 192]",16.0,0.5049894228248328,-0.0178199373185634,0.1343795657157898,0.0372670807453416,0.66625,0.6652789559401092,0.662345585207548,0.6629199159149812,0.6679755518772567,0.6652789559401092,0.6117538780110979,0.6104805532051469,0.9589637796521292,0.3832898530117544,0.9248898687661976,0.7447484944266524,0.51,0.5108843537414965,0.5049894228248328,0.5034386539761794,0.5058002148227713,0.5108843537414965,0.4289239819507794,0.4279710483306094,1.5450832598040554,0.2132941116576537,0.7859475883376607,0.4822504357027076,0.46,0.4578231292517007,0.4324350110234175,0.4350914773964009,0.430000985901607,0.4578231292517007,0.373619743065275,0.3696743317380647,1.4473884983062346,0.2351836693729844,0.8153069708544699,0.5528679884221691,0.4324350110234175,0.4578231292517007,0.6868098715326375,0.2351836693729844,0.1245552124640981,0.3078797985593194,0.3591930983192059,0.9534122966262774,0.4910900313407182,0.02,0.4950564207043084,0.4750564207043084,0.2299105741841305,0.2299105741841305,google-bert_bert-base-uncased_ISEAR_51c193,/Volumes/Amirali/hidden_states/experiments/baseline_v5_001/models/google-bert/bert-base-uncased/datasets/ISEAR/analysis/probes/probe_run__google-bert_bert-base-uncased__datasets__max1000__rep2__probes=linear_logistic+mlp_1_hidden+mlp_2_hidden__hash51c193a1dd14,,,,
1,329178196,layer_2,2,0.1666666666666666,linear_logistic,logistic,linear,single_label,768,13,7,800,100,100,5383,[],,,-0.0184945296496152,0.127858430147171,0.0372670807453416,0.99125,0.9911381018092396,0.9914171982775558,0.9913398177062974,0.992,0.9911381018092396,0.9898449367450728,0.9897889782961088,0.0369650811159558,0.9637097864318056,0.99994148627646,0.9993356165200128,0.49,0.489795918367347,0.4855798035442084,0.486213035059531,0.4879836550004617,0.489795918367347,0.4058926904005113,0.4050396640223985,2.421931189831858,0.0887500586455537,0.8067758266097137,0.5330597695550293,0.47,0.469178440607012,0.4562207140920885,0.4575014118550646,0.4637373977931253,0.469178440607012,0.3844706169835568,0.3816357484540893,2.053833919426102,0.1282422892653406,0.8422759905269862,0.580967684547933,0.4562207140920885,0.469178440607012,0.6922353084917784,0.1282422892653406,0.143612648983771,0.3126080651083174,0.364709409293037,0.9903128350385516,0.4907527351751923,0.0152743030116885,0.4976022719355969,0.4823279689239084,0.5351964841854673,0.5351964841854673,google-bert_bert-base-uncased_ISEAR_51c193,/Volumes/Amirali/hidden_states/experiments/baseline_v5_001/models/google-bert/bert-base-uncased/datasets/ISEAR/analysis/probes/probe_run__google-bert_bert-base-uncased__datasets__max1000__rep2__probes=linear_logistic+mlp_1_hidden+mlp_2_hidden__hash51c193a1dd14,,,,
1,3129713439,layer_2,2,0.1666666666666666,mlp_1_hidden,mlp,1_hidden,single_label,768,13,7,800,100,100,297991,[384],22.0,0.5629501863170744,-0.0184945296496152,0.127858430147171,0.0372670807453416,0.93875,0.9387690179846984,0.9388868892577422,0.9391554550829369,0.9413937413629244,0.9387690179846984,0.9289346886658008,0.928534966819806,0.320276560188103,0.7259482409267969,0.9964826304049844,0.9843940729325216,0.57,0.5707482993197279,0.5629501863170744,0.5633049392044894,0.5778003397568615,0.5707482993197279,0.5023032219800859,0.4985422740524781,1.42507624864557,0.2404901254628973,0.8273488930455903,0.5441232658571288,0.56,0.5601779173207745,0.5514888337468983,0.5513966087675766,0.5533539173245056,0.5601779173207745,0.4879986920022122,0.4864013073421267,1.3022867046272,0.2719093053158453,0.8570306116401282,0.6293429713648975,0.5514888337468983,0.5601779173207745,0.7439993460011061,0.2719093053158453,0.1295916708274616,0.4218971629194366,0.4922133567393426,0.9333320874182384,0.4907527351751923,0.02,0.5770032453150432,0.5570032453150432,0.3873980555108439,0.3873980555108439,google-bert_bert-base-uncased_ISEAR_51c193,/Volumes/Amirali/hidden_states/experiments/baseline_v5_001/models/google-bert/bert-base-uncased/datasets/ISEAR/analysis/probes/probe_run__google-bert_bert-base-uncased__datasets__max1000__rep2__probes=linear_logistic+mlp_1_hidden+mlp_2_hidden__hash51c193a1dd14,,,,
1,3280944906,layer_2,2,0.1666666666666666,mlp_2_hidden,mlp,2_hidden,single_label,768,13,7,800,100,100,370567,"[384, 192]",28.0,0.5825324675324675,-0.0184945296496152,0.127858430147171,0.0372670807453416,0.99125,0.9911381018092396,0.9914171982775558,0.9913398177062974,0.992,0.9911381018092396,0.9898449367450728,0.9897889782961088,0.0297046510429364,0.9707321959553664,0.99994148627646,0.9993356165200128,0.59,0.5891156462585034,0.5825324675324675,0.5840722943722944,0.5887283977509542,0.5891156462585034,0.5238413273218778,0.5216985534297713,2.139433568029666,0.11772150536439,0.8283625077938152,0.5726475576837637,0.54,0.5374149659863946,0.5231788947463044,0.5247691714366907,0.5235588972431078,0.5374149659863946,0.4650927431760867,0.4628050916734789,1.9677406047366643,0.1397723005980034,0.8394072708967616,0.5809804083570331,0.5231788947463044,0.5374149659863946,0.7325463715880434,0.1397723005980034,0.1367358075038455,0.3864430872424588,0.4508502684495353,0.9736105565095176,0.4907527351751923,0.02,0.5473349004821606,0.5273349004821606,0.4682383035312514,0.4682383035312514,google-bert_bert-base-uncased_ISEAR_51c193,/Volumes/Amirali/hidden_states/experiments/baseline_v5_001/models/google-bert/bert-base-uncased/datasets/ISEAR/analysis/probes/probe_run__google-bert_bert-base-uncased__datasets__max1000__rep2__probes=linear_logistic+mlp_1_hidden+mlp_2_hidden__hash51c193a1dd14,,,,
1,329179193,layer_3,3,0.25,linear_logistic,logistic,linear,single_label,768,13,7,800,100,100,5383,[],,,-0.0195687562227249,0.145456001162529,0.0372670807453416,0.99125,0.991201266352876,0.991345146943383,0.9913432894605928,0.9918032786885246,0.991201266352876,0.9898454320344368,0.9897894809774384,0.0362486165112402,0.9644004977885752,0.99994148627646,0.9993356165200128,0.53,0.529251700680272,0.525175526149157,0.5252805348959506,0.5266152393971942,0.529251700680272,0.4521759314253759,0.451383214660908,2.374575930054651,0.0930539422248472,0.8055835357398774,0.5388468436225653,0.57,0.5701726844583987,0.5656391679162077,0.5665506473286358,0.5785277587909167,0.5701726844583987,0.5007675222622868,0.4982497082847141,1.811912168209032,0.1633415015658734,0.8582139583364033,0.6095639180593756,0.5656391679162077,0.5701726844583987,0.7503837611311435,0.1633415015658734,0.1245864519275179,0.4410527159886898,0.5145615019868047,0.9512898471966096,0.4902156218886375,0.0152743030116885,0.5783794751855243,0.5631051721738358,0.4257059790271753,0.4257059790271753,google-bert_bert-base-uncased_ISEAR_51c193,/Volumes/Amirali/hidden_states/experiments/baseline_v5_001/models/google-bert/bert-base-uncased/datasets/ISEAR/analysis/probes/probe_run__google-bert_bert-base-uncased__datasets__max1000__rep2__probes=linear_logistic+mlp_1_hidden+mlp_2_hidden__hash51c193a1dd14,,,,
1,3129714436,layer_3,3,0.25,mlp_1_hidden,mlp,1_hidden,single_label,768,13,7,800,100,100,297991,[384],28.0,0.5536547745649129,-0.0195687562227249,0.145456001162529,0.0372670807453416,0.98875,0.9887167943031864,0.9889661713487884,0.9888414550568072,0.9893854466494976,0.9887167943031864,0.9869022820339384,0.9868716871523048,0.1024025543479882,0.9026661063546444,0.9997793144616104,0.998531059861801,0.56,0.5585034013605442,0.5536547745649129,0.5546986145574855,0.5553421368547419,0.5585034013605442,0.4873697544418348,0.4864013073421267,1.5168435090547834,0.2194033397511364,0.8292795257637939,0.5341421894357313,0.61,0.6106227106227106,0.6006461962683162,0.6009234284234285,0.6024253524253523,0.6106227106227106,0.5468938075066896,0.5449772488624431,1.307524659491062,0.2704887802185208,0.8695386794530285,0.6599547830033704,0.6006461962683162,0.6106227106227106,0.7734469037533448,0.2704887802185208,0.1319402781268093,0.4687059181415068,0.5468235711650913,0.9127353600452636,0.4902156218886375,0.02,0.6099699005773158,0.5899699005773158,0.3883199750804721,0.3883199750804721,google-bert_bert-base-uncased_ISEAR_51c193,/Volumes/Amirali/hidden_states/experiments/baseline_v5_001/models/google-bert/bert-base-uncased/datasets/ISEAR/analysis/probes/probe_run__google-bert_bert-base-uncased__datasets__max1000__rep2__probes=linear_logistic+mlp_1_hidden+mlp_2_hidden__hash51c193a1dd14,,,,
1,3280945903,layer_3,3,0.25,mlp_2_hidden,mlp,2_hidden,single_label,768,13,7,800,100,100,370567,"[384, 192]",25.0,0.532967032967033,-0.0195687562227249,0.145456001162529,0.0372670807453416,0.9875,0.9874745582783416,0.987673249810629,0.9875807700813556,0.9880285395503804,0.9874745582783416,0.9854419232151292,0.985413171905769,0.0624325214588889,0.939476455175243,0.9998393740617952,0.9987759339323624,0.53,0.5285714285714286,0.532967032967033,0.5345398351648352,0.5436482285221781,0.5285714285714286,0.4524207119383578,0.4515752625437573,1.9558927056919555,0.1414381576712547,0.8103216170189006,0.5360459445287283,0.61,0.61287284144427,0.6017041820613249,0.6021956515706516,0.6276310524209684,0.61287284144427,0.5499930389243279,0.5455604754136565,1.562861681729525,0.2095355882504298,0.8636111151634795,0.6850724269124587,0.6017041820613249,0.61287284144427,0.774996519462164,0.2095355882504298,0.1386034098546791,0.4631007722066458,0.5402842342410867,0.8905719871052389,0.4902156218886375,0.02,0.6011848351295124,0.5811848351295124,0.385969067749304,0.385969067749304,google-bert_bert-base-uncased_ISEAR_51c193,/Volumes/Amirali/hidden_states/experiments/baseline_v5_001/models/google-bert/bert-base-uncased/datasets/ISEAR/analysis/probes/probe_run__google-bert_bert-base-uncased__datasets__max1000__rep2__probes=linear_logistic+mlp_1_hidden+mlp_2_hidden__hash51c193a1dd14,,,,
1,329180190,layer_4,4,0.3333333333333333,linear_logistic,logistic,linear,single_label,768,13,7,800,100,100,5383,[],,,-0.0198971107602119,0.1548065692186355,0.0372670807453416,0.99125,0.9911381018092396,0.9914171982775558,0.9913398177062974,0.992,0.9911381018092396,0.9898449367450728,0.9897889782961088,0.0363804391194944,0.9642733763784772,0.99994148627646,0.9993356165200128,0.55,0.5496598639455782,0.548380940189696,0.5483716547192353,0.552466301205797,0.5496598639455782,0.4754564569726907,0.4747899159663866,2.48873201438526,0.083015161899093,0.8041602687586663,0.5296074175288863,0.59,0.5914704343275771,0.5855275823546124,0.5846197921933461,0.5960421888053468,0.5914704343275771,0.5240930287718686,0.5216427488041069,1.7333599965643427,0.1766897345745794,0.8655560542642818,0.6478217136968335,0.5855275823546124,0.5914704343275771,0.7620465143859343,0.1766897345745794,0.1344692576416745,0.4510583247129379,0.5262347121650942,0.9430283811714004,0.490051444619894,0.0152743030116885,0.5911307641342913,0.5758564611226028,0.4058896159229433,0.4058896159229433,google-bert_bert-base-uncased_ISEAR_51c193,/Volumes/Amirali/hidden_states/experiments/baseline_v5_001/models/google-bert/bert-base-uncased/datasets/ISEAR/analysis/probes/probe_run__google-bert_bert-base-uncased__datasets__max1000__rep2__probes=linear_logistic+mlp_1_hidden+mlp_2_hidden__hash51c193a1dd14,,,,
1,3129715433,layer_4,4,0.3333333333333333,mlp_1_hidden,mlp,1_hidden,single_label,768,13,7,800,100,100,297991,[384],31.0,0.5777000209572634,-0.0198971107602119,0.1548065692186355,0.0372670807453416,0.99125,0.991201266352876,0.991345146943383,0.9913432894605928,0.9918032786885246,0.991201266352876,0.9898454320344368,0.9897894809774384,0.067530056085969,0.9346996267814964,0.9999360392775688,0.9993071284624692,0.59,0.58843537414966,0.5777000209572634,0.5788073108606986,0.5804279999326438,0.58843537414966,0.5234403264379518,0.5214194000233454,1.671294261762556,0.1880035822593795,0.8259704812157421,0.5485392224039266,0.58,0.5805860805860805,0.5697126299003796,0.5701654395710167,0.5820414860828395,0.5805860805860805,0.5138204368770435,0.5100326644890341,1.389208953215211,0.2492724128011808,0.8687174041783762,0.6430041680192901,0.5697126299003796,0.5805860805860805,0.7569102184385217,0.2492724128011808,0.15156036636336,0.4181522635370195,0.4878443074598561,0.930448665945106,0.490051444619894,0.02,0.5830961439263799,0.5630961439263799,0.4216325170430034,0.4216325170430034,google-bert_bert-base-uncased_ISEAR_51c193,/Volumes/Amirali/hidden_states/experiments/baseline_v5_001/models/google-bert/bert-base-uncased/datasets/ISEAR/analysis/probes/probe_run__google-bert_bert-base-uncased__datasets__max1000__rep2__probes=linear_logistic+mlp_1_hidden+mlp_2_hidden__hash51c193a1dd14,,,,
1,3280946900,layer_4,4,0.3333333333333333,mlp_2_hidden,mlp,2_hidden,single_label,768,13,7,800,100,100,370567,"[384, 192]",27.0,0.5546361003734275,-0.0198971107602119,0.1548065692186355,0.0372670807453416,0.99125,0.991201266352876,0.991345146943383,0.9913432894605928,0.9918032786885246,0.991201266352876,0.9898454320344368,0.9897894809774384,0.037073003897193,0.9636057858034678,0.9999343090057032,0.9992984359273972,0.56,0.5591836734693877,0.5546361003734275,0.5560195688421495,0.5573547367665015,0.5591836734693877,0.4877830282865681,0.4867008866075595,2.144184952100326,0.1171634919967332,0.8216923978893883,0.5298285556205727,0.56,0.5572475143903716,0.5496598639455782,0.5508571428571429,0.5587992772866722,0.5572475143903716,0.4875681040166854,0.4856808883693747,1.813483788716289,0.1630849923327098,0.8510695440967085,0.6193451290253035,0.5496598639455782,0.5572475143903716,0.7437840520083427,0.1630849923327098,0.1189039041092084,0.4307559598363698,0.502548619809098,0.9313264012457462,0.490051444619894,0.02,0.5670231364968616,0.5470231364968616,0.4416852829978048,0.4416852829978048,google-bert_bert-base-uncased_ISEAR_51c193,/Volumes/Amirali/hidden_states/experiments/baseline_v5_001/models/google-bert/bert-base-uncased/datasets/ISEAR/analysis/probes/probe_run__google-bert_bert-base-uncased__datasets__max1000__rep2__probes=linear_logistic+mlp_1_hidden+mlp_2_hidden__hash51c193a1dd14,,,,
1,329181187,layer_5,5,0.4166666666666667,linear_logistic,logistic,linear,single_label,768,13,7,800,100,100,5383,[],,,-0.0173514857888221,0.1473863124847412,0.0372670807453416,0.99125,0.991362296948689,0.991162231945914,0.991352119220585,0.9913043478260868,0.991362296948689,0.9898465968497836,0.9897906537080892,0.0364541605177186,0.9642022914171736,0.99994148627646,0.9993356165200128,0.51,0.5088435374149659,0.5117814137149113,0.5118493568691844,0.5247284927957196,0.5088435374149659,0.4291775980482714,0.4277706411304449,2.359037699676497,0.0945111275392537,0.816545222740259,0.5247115219414277,0.63,0.6295656724228152,0.6260973597576898,0.6261642752932289,0.6293417366946779,0.6295656724228152,0.5689401807022931,0.5680093403385873,1.814461726881434,0.162925583253361,0.861396195514786,0.6248539531154813,0.6260973597576898,0.6295656724228152,0.7844700903511466,0.162925583253361,0.1511009985110206,0.4749963612466691,0.5541624214544473,0.9105843216490128,0.4913242571055889,0.0152743030116885,0.611379391991923,0.5961050889802345,0.3650648721882242,0.3650648721882242,google-bert_bert-base-uncased_ISEAR_51c193,/Volumes/Amirali/hidden_states/experiments/baseline_v5_001/models/google-bert/bert-base-uncased/datasets/ISEAR/analysis/probes/probe_run__google-bert_bert-base-uncased__datasets__max1000__rep2__probes=linear_logistic+mlp_1_hidden+mlp_2_hidden__hash51c193a1dd14,,,,
1,3129716430,layer_5,5,0.4166666666666667,mlp_1_hidden,mlp,1_hidden,single_label,768,13,7,800,100,100,297991,[384],50.0,0.5881219718143098,-0.0173514857888221,0.1473863124847412,0.0372670807453416,0.99125,0.9911381018092396,0.9914171982775558,0.9913398177062974,0.992,0.9911381018092396,0.9898449367450728,0.9897889782961088,0.027804696352475,0.9725782963424564,0.99994148627646,0.9993356165200128,0.59,0.5904761904761904,0.5881219718143098,0.5866441623590481,0.602400888585099,0.5904761904761904,0.5233907699167365,0.5213076474022184,1.6831540213290292,0.1857870745801998,0.8480656448625962,0.5743951023816315,0.58,0.5805860805860805,0.5755952380952382,0.575323717948718,0.5804558186911128,0.5805860805860805,0.5112376498483002,0.5098039215686274,1.6201871205321154,0.1978616716381429,0.8684960364998506,0.6698812168979538,0.5755952380952382,0.5805860805860805,0.7556188249241501,0.1978616716381429,0.1529094886071912,0.4226857494880469,0.4931333744027213,0.9643440097183384,0.4913242571055889,0.02,0.583743001221816,0.563743001221816,0.4158219601823176,0.4158219601823176,google-bert_bert-base-uncased_ISEAR_51c193,/Volumes/Amirali/hidden_states/experiments/baseline_v5_001/models/google-bert/bert-base-uncased/datasets/ISEAR/analysis/probes/probe_run__google-bert_bert-base-uncased__datasets__max1000__rep2__probes=linear_logistic+mlp_1_hidden+mlp_2_hidden__hash51c193a1dd14,,,,
1,3280947897,layer_5,5,0.4166666666666667,mlp_2_hidden,mlp,2_hidden,single_label,768,13,7,800,100,100,370567,"[384, 192]",18.0,0.5549913795881538,-0.0173514857888221,0.1473863124847412,0.0372670807453416,0.79625,0.79605999011028,0.7974416000616984,0.7978323040375785,0.8080774890762896,0.79605999011028,0.7638378862771251,0.7622641784623014,0.6426536124218436,0.5258950491822945,0.967251604533481,0.8752200525963586,0.55,0.5489795918367347,0.5549913795881538,0.5543562955861343,0.5884453781512605,0.5489795918367347,0.4785685534734591,0.4742376445846478,1.3949591857808905,0.2478431516855006,0.8280277692472338,0.5465251260169536,0.53,0.5298273155416012,0.5142558298147357,0.5165075295516979,0.5484144162715591,0.5298273155416012,0.4599250606732015,0.4521506003030655,1.3693036798930742,0.2542839609557128,0.8550251096675794,0.5911285795229736,0.5142558298147357,0.5298273155416012,0.7299625303366007,0.2542839609557128,0.1355460428690897,0.3787097869456459,0.4418280847699202,0.9792255107862606,0.4913242571055889,0.02,0.5538152113188751,0.5338152113188751,0.2831857702469627,0.2831857702469627,google-bert_bert-base-uncased_ISEAR_51c193,/Volumes/Amirali/hidden_states/experiments/baseline_v5_001/models/google-bert/bert-base-uncased/datasets/ISEAR/analysis/probes/probe_run__google-bert_bert-base-uncased__datasets__max1000__rep2__probes=linear_logistic+mlp_1_hidden+mlp_2_hidden__hash51c193a1dd14,,,,
1,329182184,layer_6,6,0.5,linear_logistic,logistic,linear,single_label,768,13,7,800,100,100,5383,[],,,-0.0164236258715391,0.1473589092493057,0.0372670807453416,0.99125,0.991362296948689,0.991162231945914,0.991352119220585,0.9913043478260868,0.991362296948689,0.9898465968497836,0.9897906537080892,0.0364483635296573,0.9642078809025468,0.99994148627646,0.9993356165200128,0.49,0.489795918367347,0.4918497228600242,0.4927662405356461,0.505205415499533,0.489795918367347,0.4065552800705985,0.4051784464660602,1.9097529256134709,0.1481169779863491,0.8509322798886995,0.5759880690852551,0.58,0.5798011512297228,0.5756078182107104,0.5759677419354838,0.5910147392290249,0.5798011512297228,0.5115472451081089,0.5096322241681261,2.131254304431236,0.1186883291512071,0.8412709719011904,0.6019557251459854,0.5756078182107104,0.5798011512297228,0.7557736225540544,0.1186883291512071,0.1538645629922877,0.4217432552184226,0.4920337977548263,0.9645474203430732,0.4917881870642304,0.0152743030116885,0.575557914473849,0.5602836114621604,0.4155544137352036,0.4155544137352036,google-bert_bert-base-uncased_ISEAR_51c193,/Volumes/Amirali/hidden_states/experiments/baseline_v5_001/models/google-bert/bert-base-uncased/datasets/ISEAR/analysis/probes/probe_run__google-bert_bert-base-uncased__datasets__max1000__rep2__probes=linear_logistic+mlp_1_hidden+mlp_2_hidden__hash51c193a1dd14,,,,
1,3129717427,layer_6,6,0.5,mlp_1_hidden,mlp,1_hidden,single_label,768,13,7,800,100,100,297991,[384],32.0,0.5729441745956178,-0.0164236258715391,0.1473589092493057,0.0372670807453416,0.99125,0.991362296948689,0.991162231945914,0.991352119220585,0.9913043478260868,0.991362296948689,0.9898465968497836,0.9897906537080892,0.0594517925891234,0.9422809574216142,0.9999080881264087,0.9991651280130256,0.58,0.5782312925170068,0.5729441745956178,0.5733747741696591,0.5808971208407299,0.5782312925170068,0.5114342506487617,0.5095176923975242,1.3928403394233848,0.2483688499849683,0.8645241352354897,0.606024013629235,0.56,0.5572475143903716,0.5516401673083701,0.5536464180980311,0.5613286223580342,0.5572475143903716,0.4883340934072318,0.4861613920355015,1.6044520389866106,0.2009996647195062,0.8520790165427716,0.6268324938707449,0.5516401673083701,0.5572475143903716,0.7441670467036159,0.2009996647195062,0.145452835679697,0.406187331628673,0.4738852202334518,0.9705740068305804,0.4917881870642304,0.02,0.5696460465461012,0.5496460465461012,0.4395220646375439,0.4395220646375439,google-bert_bert-base-uncased_ISEAR_51c193,/Volumes/Amirali/hidden_states/experiments/baseline_v5_001/models/google-bert/bert-base-uncased/datasets/ISEAR/analysis/probes/probe_run__google-bert_bert-base-uncased__datasets__max1000__rep2__probes=linear_logistic+mlp_1_hidden+mlp_2_hidden__hash51c193a1dd14,,,,
1,3280948894,layer_6,6,0.5,mlp_2_hidden,mlp,2_hidden,single_label,768,13,7,800,100,100,370567,"[384, 192]",20.0,0.6441891441891442,-0.0164236258715391,0.1473589092493057,0.0372670807453416,0.9025,0.9022770174854776,0.9016410107607488,0.901762227890508,0.9018688882737848,0.9022770174854776,0.8863651873926183,0.8862229483207856,0.3547613060777067,0.7013408290241334,0.9921691234289096,0.9647730172501114,0.65,0.6476190476190476,0.6441891441891442,0.6452447552447552,0.6492063492063492,0.6476190476190476,0.5926298037643958,0.5913124708080335,1.2343519000629346,0.2910233134524118,0.8641222070223437,0.6341900659895613,0.52,0.5176870748299319,0.5058018278601707,0.50913834852723,0.5382965895388255,0.5176870748299319,0.4460809172987295,0.4401679496151155,1.532449763267805,0.2160058554138801,0.8488502056797057,0.5983119727244045,0.5058018278601707,0.5176870748299319,0.7230404586493648,0.2160058554138801,0.1086022838278538,0.3971995440323169,0.463399468037703,0.9889301809457032,0.4917881870642304,0.02,0.5503224935836476,0.5303224935836476,0.3958391829005779,0.3958391829005779,google-bert_bert-base-uncased_ISEAR_51c193,/Volumes/Amirali/hidden_states/experiments/baseline_v5_001/models/google-bert/bert-base-uncased/datasets/ISEAR/analysis/probes/probe_run__google-bert_bert-base-uncased__datasets__max1000__rep2__probes=linear_logistic+mlp_1_hidden+mlp_2_hidden__hash51c193a1dd14,,,,
1,329183181,layer_7,7,0.5833333333333334,linear_logistic,logistic,linear,single_label,768,13,7,800,100,100,5383,[],,,-0.0147223118692636,0.1470870971679687,0.0372670807453416,0.99125,0.991362296948689,0.991162231945914,0.991352119220585,0.9913043478260868,0.991362296948689,0.9898465968497836,0.9897906537080892,0.0361816242512197,0.964465107321632,0.99994148627646,0.9993356165200128,0.47,0.4687074829931972,0.4708487097649659,0.4719646509301682,0.4749869178440607,0.4687074829931972,0.3817759614486606,0.3814192343604109,1.9680203740203728,0.1397332020711212,0.8291545455391457,0.5433505825790694,0.55,0.5519099947671376,0.5443967742473846,0.5446477394419673,0.5542386185243329,0.5519099947671376,0.4783069294030267,0.4754021916530659,2.198553864549481,0.1109635106552933,0.8388644004884663,0.5654004301392264,0.5443967742473846,0.5519099947671376,0.7391534647015134,0.1109635106552933,0.1578428599360869,0.3865539143112977,0.4509795666965139,0.9915169929287048,0.4926388440653682,0.0152743030116885,0.5548346183831148,0.5395603153714262,0.4467654576985294,0.4467654576985294,google-bert_bert-base-uncased_ISEAR_51c193,/Volumes/Amirali/hidden_states/experiments/baseline_v5_001/models/google-bert/bert-base-uncased/datasets/ISEAR/analysis/probes/probe_run__google-bert_bert-base-uncased__datasets__max1000__rep2__probes=linear_logistic+mlp_1_hidden+mlp_2_hidden__hash51c193a1dd14,,,,
1,3129718424,layer_7,7,0.5833333333333334,mlp_1_hidden,mlp,1_hidden,single_label,768,13,7,800,100,100,297991,[384],21.0,0.5183385182029802,-0.0147223118692636,0.1470870971679687,0.0372670807453416,0.92875,0.9284063679887932,0.9295179177604294,0.9296459506182292,0.9334275096018464,0.9284063679887932,0.9174114358062662,0.9168525025390984,0.3575097314127011,0.6994158926049109,0.995139750127786,0.97814084345372,0.52,0.5197278911564626,0.5183385182029802,0.5176681425258276,0.5238959348921756,0.5197278911564626,0.4404553661239367,0.4395796847635727,1.288177154900614,0.2757730166956783,0.8553950882678654,0.5775739087210069,0.53,0.5293563579277863,0.5193004459308808,0.5207044314381271,0.523719658394581,0.5293563579277863,0.4537503126010391,0.4515752625437573,1.308827778500352,0.2701365307085815,0.862959889772947,0.6383202905708492,0.5193004459308808,0.5293563579277863,0.7268751563005196,0.2701365307085815,0.1509894821667604,0.3683109637641203,0.4296961243914736,0.9662045540240708,0.4926388440653682,0.02,0.5524651141717943,0.5324651141717943,0.4102174718295486,0.4102174718295486,google-bert_bert-base-uncased_ISEAR_51c193,/Volumes/Amirali/hidden_states/experiments/baseline_v5_001/models/google-bert/bert-base-uncased/datasets/ISEAR/analysis/probes/probe_run__google-bert_bert-base-uncased__datasets__max1000__rep2__probes=linear_logistic+mlp_1_hidden+mlp_2_hidden__hash51c193a1dd14,,,,
1,3280949891,layer_7,7,0.5833333333333334,mlp_2_hidden,mlp,2_hidden,single_label,768,13,7,800,100,100,370567,"[384, 192]",18.0,0.5184069830005791,-0.0147223118692636,0.1470870971679687,0.0372670807453416,0.80625,0.8057528884149938,0.8080436719078475,0.8085256279924401,0.8149742131805903,0.8057528884149938,0.7748721198389127,0.7739136459524161,0.6069054691194146,0.5450348894004298,0.9710428446824132,0.8898199543731667,0.52,0.5190476190476191,0.5184069830005791,0.5185502069769311,0.5237294917967187,0.5190476190476191,0.4404553661239367,0.4395796847635727,1.3223422566366354,0.2665103347344867,0.8483359855570135,0.568391527581381,0.55,0.550654107796965,0.5388180692558046,0.5416382193301069,0.5563095238095238,0.550654107796965,0.4810489516365934,0.4756467024003729,1.3599953904154476,0.2566619600558353,0.8574636882079956,0.6343240600819023,0.5388180692558046,0.550654107796965,0.7405244758182967,0.2566619600558353,0.1557281191046845,0.38308995015112,0.4469382751763066,0.9996937081866974,0.4926388440653682,0.02,0.5680364689190234,0.5480364689190234,0.269225602652043,0.269225602652043,google-bert_bert-base-uncased_ISEAR_51c193,/Volumes/Amirali/hidden_states/experiments/baseline_v5_001/models/google-bert/bert-base-uncased/datasets/ISEAR/analysis/probes/probe_run__google-bert_bert-base-uncased__datasets__max1000__rep2__probes=linear_logistic+mlp_1_hidden+mlp_2_hidden__hash51c193a1dd14,,,,
1,329184178,layer_8,8,0.6666666666666666,linear_logistic,logistic,linear,single_label,768,13,7,800,100,100,5383,[],,,-0.0140737034380435,0.149450808763504,0.0372670807453416,0.99125,0.991201266352876,0.991345146943383,0.9913432894605928,0.9918032786885246,0.991201266352876,0.9898454320344368,0.9897894809774384,0.0360840967637494,0.9645591737672594,0.99994148627646,0.9993356165200128,0.52,0.5210884353741496,0.5169544740973312,0.5152820512820513,0.5175427746856319,0.5210884353741496,0.4403795405353473,0.4397105171005019,2.0389938823375893,0.1301596008953988,0.8271446252919771,0.5399287575585114,0.54,0.5417059131344846,0.5426645405637002,0.5454721585603939,0.5720987450310758,0.5417059131344846,0.4684758134087496,0.464431249272325,2.451090193247044,0.0861995610763589,0.8234958769147038,0.5630961125273417,0.5426645405637002,0.5417059131344846,0.7342379067043748,0.0861995610763589,0.1444338882159271,0.398230652347773,0.4646024277390684,0.9738005996341976,0.4929631482809782,0.0152743030116885,0.5506263671496722,0.5353520641379836,0.4486806063796829,0.4486806063796829,google-bert_bert-base-uncased_ISEAR_51c193,/Volumes/Amirali/hidden_states/experiments/baseline_v5_001/models/google-bert/bert-base-uncased/datasets/ISEAR/analysis/probes/probe_run__google-bert_bert-base-uncased__datasets__max1000__rep2__probes=linear_logistic+mlp_1_hidden+mlp_2_hidden__hash51c193a1dd14,,,,
1,3129719421,layer_8,8,0.6666666666666666,mlp_1_hidden,mlp,1_hidden,single_label,768,13,7,800,100,100,297991,[384],19.0,0.5532266594885191,-0.0140737034380435,0.149450808763504,0.0372670807453416,0.86625,0.865649886711254,0.8665582715826902,0.8667430322966915,0.8710180754095418,0.865649886711254,0.8445291725416988,0.8439035776351757,0.5231027948937733,0.5926787315167013,0.9838130530959688,0.9370007371204788,0.56,0.5591836734693877,0.5532266594885191,0.553091917570096,0.5636149196520713,0.5591836734693877,0.488167054637709,0.4862813776999416,1.2476286124329237,0.2871850169873814,0.8610840615315895,0.6026716975904228,0.53,0.5271062271062271,0.5182474602744324,0.5214622526429927,0.5364756901411036,0.5271062271062271,0.4550185947363586,0.4514472455648927,1.310295728872508,0.2697402746011021,0.8548785058406807,0.6217757143437829,0.5182474602744324,0.5271062271062271,0.7275092973681794,0.2697402746011021,0.1364377623212057,0.3818096979532266,0.4454446476120977,0.9874554792373078,0.4929631482809782,0.02,0.5572108560600785,0.5372108560600785,0.3483108113082578,0.3483108113082578,google-bert_bert-base-uncased_ISEAR_51c193,/Volumes/Amirali/hidden_states/experiments/baseline_v5_001/models/google-bert/bert-base-uncased/datasets/ISEAR/analysis/probes/probe_run__google-bert_bert-base-uncased__datasets__max1000__rep2__probes=linear_logistic+mlp_1_hidden+mlp_2_hidden__hash51c193a1dd14,,,,
1,3280950888,layer_8,8,0.6666666666666666,mlp_2_hidden,mlp,2_hidden,single_label,768,13,7,800,100,100,370567,"[384, 192]",23.0,0.5268323416376809,-0.0140737034380435,0.149450808763504,0.0372670807453416,0.97125,0.9713735303051496,0.9714020543412702,0.9713611952679436,0.9718374363420692,0.9713735303051496,0.966523108368764,0.9664526197951422,0.1363986868401419,0.8724947109781036,0.9991316954377564,0.9952032258030112,0.53,0.5299319727891156,0.5268323416376809,0.5264106373336629,0.5346139388156195,0.5299319727891156,0.4528769812208046,0.4514472455648926,1.506779611209592,0.2216225407248324,0.8553212913072205,0.5635853727164064,0.57,0.571847200418629,0.5602444951984122,0.5614459091475221,0.5835608719012081,0.571847200418629,0.5050365672447955,0.4990096702784574,1.8418962362295213,0.1585165561001145,0.8499342681986741,0.6139269731013055,0.5602444951984122,0.571847200418629,0.7525182836223978,0.1585165561001145,0.1145560027837212,0.445688492414691,0.5199699078171395,0.9841298457063592,0.4929631482809782,0.02,0.5816227255638813,0.5616227255638813,0.411157559142858,0.411157559142858,google-bert_bert-base-uncased_ISEAR_51c193,/Volumes/Amirali/hidden_states/experiments/baseline_v5_001/models/google-bert/bert-base-uncased/datasets/ISEAR/analysis/probes/probe_run__google-bert_bert-base-uncased__datasets__max1000__rep2__probes=linear_logistic+mlp_1_hidden+mlp_2_hidden__hash51c193a1dd14,,,,
1,329185175,layer_9,9,0.75,linear_logistic,logistic,linear,single_label,768,13,7,800,100,100,5383,[],,,-0.0075847753323614,0.1610742956399917,0.0372670807453416,0.99125,0.991201266352876,0.991345146943383,0.9913432894605928,0.9918032786885246,0.991201266352876,0.9898454320344368,0.9897894809774384,0.0366280357232445,0.964034655119905,0.99994148627646,0.9993356165200128,0.48,0.4795918367346938,0.4726344968836626,0.4729482140650106,0.4673861852433281,0.4795918367346938,0.3934618300326005,0.3932322053675613,1.978982652290944,0.1382097732079774,0.8430684832072364,0.5394132741529155,0.49,0.4912611198325484,0.4910119673778642,0.4922798332989395,0.507315653534141,0.4912611198325484,0.4082850468984639,0.4056636755622888,2.341961241472612,0.0961389016109768,0.8364513044746614,0.5967797040834465,0.4910119673778642,0.4912611198325484,0.704142523449232,0.0961389016109768,0.1231629805302566,0.3678489868476076,0.4291571513222088,0.9364480184260012,0.4962076123338192,0.0152743030116885,0.5159640412215637,0.5006897382098752,0.5003331795655188,0.5003331795655188,google-bert_bert-base-uncased_ISEAR_51c193,/Volumes/Amirali/hidden_states/experiments/baseline_v5_001/models/google-bert/bert-base-uncased/datasets/ISEAR/analysis/probes/probe_run__google-bert_bert-base-uncased__datasets__max1000__rep2__probes=linear_logistic+mlp_1_hidden+mlp_2_hidden__hash51c193a1dd14,,,,
1,3129720418,layer_9,9,0.75,mlp_1_hidden,mlp,1_hidden,single_label,768,13,7,800,100,100,297991,[384],21.0,0.5577607016110114,-0.0075847753323614,0.1610742956399917,0.0372670807453416,0.92125,0.921114504504794,0.9211440424643048,0.9210735514391089,0.9218305639981302,0.921114504504794,0.9082023221268698,0.9080996316691587,0.3694733836007413,0.6910981784591055,0.9943323345736343,0.9740277182360018,0.57,0.5700680272108845,0.5577607016110114,0.5579188516340907,0.568416232889917,0.5700680272108845,0.5014773625886302,0.4983082487457706,1.261568797815926,0.2832093795542917,0.8633706505858157,0.5974926219573957,0.6,0.604814233385662,0.5974649688935402,0.5966503866503866,0.6116978259835403,0.604814233385662,0.5379629653710395,0.5340710541642399,1.2707269944474917,0.2806275329433805,0.8710464204187628,0.6827816099196903,0.5974649688935402,0.604814233385662,0.7689814826855197,0.2806275329433805,0.1303935738160806,0.4670713950774595,0.5449166275903694,0.997695107677493,0.4962076123338192,0.02,0.6170615698309144,0.5970615698309144,0.3236790735707646,0.3236790735707646,google-bert_bert-base-uncased_ISEAR_51c193,/Volumes/Amirali/hidden_states/experiments/baseline_v5_001/models/google-bert/bert-base-uncased/datasets/ISEAR/analysis/probes/probe_run__google-bert_bert-base-uncased__datasets__max1000__rep2__probes=linear_logistic+mlp_1_hidden+mlp_2_hidden__hash51c193a1dd14,,,,
1,3280951885,layer_9,9,0.75,mlp_2_hidden,mlp,2_hidden,single_label,768,13,7,800,100,100,370567,"[384, 192]",22.0,0.5582533868248153,-0.0075847753323614,0.1610742956399917,0.0372670807453416,0.9375,0.937463225723074,0.9377936734973156,0.9380779934809252,0.9401202560039622,0.937463225723074,0.9274020451758234,0.9270756990705796,0.2254735115275802,0.798138201629632,0.9970645101339178,0.9857285796687668,0.56,0.5605442176870749,0.5582533868248153,0.5570883190883191,0.5739357281374089,0.5605442176870749,0.4890332968525606,0.4863413495213635,1.5111671709444314,0.2206522886647516,0.851499111272416,0.5749782034800017,0.55,0.5535845107273678,0.5534013605442177,0.5548919413919414,0.5830954759526188,0.5535845107273678,0.483441794667716,0.476378868978357,1.6894061285675506,0.1846291374119353,0.844805388690545,0.6371808103922806,0.5534013605442177,0.5535845107273678,0.741720897333858,0.1846291374119353,0.1190111087821043,0.4343902517621134,0.506788627055799,0.9825757181762826,0.4962076123338192,0.02,0.5755347429319109,0.5555347429319109,0.3843923129530978,0.3843923129530978,google-bert_bert-base-uncased_ISEAR_51c193,/Volumes/Amirali/hidden_states/experiments/baseline_v5_001/models/google-bert/bert-base-uncased/datasets/ISEAR/analysis/probes/probe_run__google-bert_bert-base-uncased__datasets__max1000__rep2__probes=linear_logistic+mlp_1_hidden+mlp_2_hidden__hash51c193a1dd14,,,,
1,329186172,layer_10,10,0.8333333333333334,linear_logistic,logistic,linear,single_label,768,13,7,800,100,100,5383,[],,,-0.0064774858765304,0.1545556783676147,0.0372670807453416,0.99125,0.9911381018092396,0.9914171982775558,0.9913398177062974,0.992,0.9911381018092396,0.9898449367450728,0.9897889782961088,0.0372106678548902,0.9634731411477376,0.99994148627646,0.9993356165200128,0.51,0.5108843537414965,0.5028914114371386,0.5023738130934533,0.5047022317699009,0.5108843537414965,0.4296097965282577,0.4283047485707618,2.1439616756586224,0.11718965476498,0.8372286589054225,0.552375833674412,0.48,0.4803767660910517,0.4846870975364624,0.4875982384221948,0.5204040404040403,0.4803767660910517,0.3988641720687187,0.3941512291739484,2.4318776855278044,0.0878716821946879,0.822454947804796,0.6101981866374195,0.4846870975364624,0.4803767660910517,0.6994320860343594,0.0878716821946879,0.1387921251825224,0.3458949723539399,0.4035441344129299,0.939951964922262,0.4967612570617348,0.0152743030116885,0.506472356650295,0.4911980536386064,0.5067301007410934,0.5067301007410934,google-bert_bert-base-uncased_ISEAR_51c193,/Volumes/Amirali/hidden_states/experiments/baseline_v5_001/models/google-bert/bert-base-uncased/datasets/ISEAR/analysis/probes/probe_run__google-bert_bert-base-uncased__datasets__max1000__rep2__probes=linear_logistic+mlp_1_hidden+mlp_2_hidden__hash51c193a1dd14,,,,
1,3129721415,layer_10,10,0.8333333333333334,mlp_1_hidden,mlp,1_hidden,single_label,768,13,7,800,100,100,297991,[384],30.0,0.601761866355376,-0.0064774858765304,0.1545556783676147,0.0372670807453416,0.99125,0.9911381018092396,0.9914171982775558,0.9913398177062974,0.992,0.9911381018092396,0.9898449367450728,0.9897889782961088,0.0878519954169322,0.915896423560604,0.9996844159512523,0.9982000438159602,0.61,0.6115646258503401,0.601761866355376,0.5999623192639587,0.6067316670257847,0.6115646258503401,0.5467775342040222,0.544924154025671,1.430729223525394,0.2391344761606419,0.8618488325562783,0.6255262235312279,0.6,0.600523286237572,0.5893503205477996,0.5919881956279016,0.6026553278654119,0.600523286237572,0.5378204489578344,0.5337995337995338,1.5189821353251027,0.2189346193924348,0.8603686801967718,0.6584515762877501,0.5893503205477996,0.600523286237572,0.7689102244789172,0.2189346193924348,0.1475653025325615,0.441785018015238,0.515415854351111,0.962750981587614,0.4967612570617348,0.02,0.5988424005657371,0.5788424005657371,0.4020668777297562,0.4020668777297562,google-bert_bert-base-uncased_ISEAR_51c193,/Volumes/Amirali/hidden_states/experiments/baseline_v5_001/models/google-bert/bert-base-uncased/datasets/ISEAR/analysis/probes/probe_run__google-bert_bert-base-uncased__datasets__max1000__rep2__probes=linear_logistic+mlp_1_hidden+mlp_2_hidden__hash51c193a1dd14,,,,
1,3280952882,layer_10,10,0.8333333333333334,mlp_2_hidden,mlp,2_hidden,single_label,768,13,7,800,100,100,370567,"[384, 192]",23.0,0.5949147055074276,-0.0064774858765304,0.1545556783676147,0.0372670807453416,0.96,0.9601777598184448,0.960544874377488,0.9605875633622156,0.9631186437627318,0.9601777598184448,0.9537434007032844,0.9533277666971738,0.1575885736186794,0.8542011505706683,0.9988657292424802,0.9939533647460576,0.6,0.6006802721088436,0.5949147055074276,0.5941131855908275,0.5942454254429045,0.6006802721088436,0.5339494300257408,0.5332010736375306,1.577172561828715,0.2065583041607407,0.8621450440641374,0.621376547022143,0.55,0.5514390371533228,0.546304290947148,0.547018772893773,0.5509392568216097,0.5514390371533228,0.4766142962667872,0.4752798507462685,1.6228617536523424,0.1973331713452091,0.8562433147955375,0.6408962840496975,0.546304290947148,0.5514390371533228,0.7383071481333936,0.1973331713452091,0.1290361445856231,0.4172681463615248,0.486812837421779,0.941066371034376,0.4967612570617348,0.02,0.5660785851051956,0.5460785851051956,0.4142405834303398,0.4142405834303398,google-bert_bert-base-uncased_ISEAR_51c193,/Volumes/Amirali/hidden_states/experiments/baseline_v5_001/models/google-bert/bert-base-uncased/datasets/ISEAR/analysis/probes/probe_run__google-bert_bert-base-uncased__datasets__max1000__rep2__probes=linear_logistic+mlp_1_hidden+mlp_2_hidden__hash51c193a1dd14,,,,
1,329187169,layer_11,11,0.9166666666666666,linear_logistic,logistic,linear,single_label,768,13,7,800,100,100,5383,[],,,-0.0063077886588871,0.161522164940834,0.0372670807453416,0.99125,0.9911381018092396,0.9914171982775558,0.9913398177062974,0.992,0.9911381018092396,0.9898449367450728,0.9897889782961088,0.0374986647389713,0.9631957038376494,0.99994148627646,0.9993356165200128,0.5,0.501360544217687,0.4907936354618475,0.4897872865621344,0.4901883830455259,0.501360544217687,0.4181221865690333,0.4167055529631358,2.2442381804385434,0.1060082687922388,0.8251988237155328,0.5461965764585547,0.56,0.5645735217163789,0.5553965647561706,0.5544044882320744,0.5622353836639551,0.5645735217163789,0.4903912372570539,0.4873587323779564,2.1714881541140105,0.1140078293868382,0.8471948856033684,0.6311805258012428,0.5553965647561706,0.5645735217163789,0.745195618628527,0.1140078293868382,0.1644742469375533,0.3909223178186173,0.4560760374550535,0.9954721991019408,0.4968461056705564,0.0152743030116885,0.5623200278641949,0.5470457248525064,0.4360206335213852,0.4360206335213852,google-bert_bert-base-uncased_ISEAR_51c193,/Volumes/Amirali/hidden_states/experiments/baseline_v5_001/models/google-bert/bert-base-uncased/datasets/ISEAR/analysis/probes/probe_run__google-bert_bert-base-uncased__datasets__max1000__rep2__probes=linear_logistic+mlp_1_hidden+mlp_2_hidden__hash51c193a1dd14,,,,
1,3129722412,layer_11,11,0.9166666666666666,mlp_1_hidden,mlp,1_hidden,single_label,768,13,7,800,100,100,297991,[384],28.0,0.6149474408095098,-0.0063077886588871,0.161522164940834,0.0372670807453416,0.99125,0.9911381018092396,0.9914171982775558,0.9913398177062974,0.992,0.9911381018092396,0.9898449367450728,0.9897889782961088,0.1187778946917185,0.8880050094869746,0.999801369766352,0.9986588720669493,0.62,0.619047619047619,0.6149474408095098,0.6151484919933196,0.6188456151691446,0.619047619047619,0.5574937863112405,0.5563857109502686,1.3837845498688843,0.2506282408659664,0.8587696473938412,0.6062822906538858,0.55,0.5492935635792778,0.541008577343981,0.5442003105590062,0.5471024847185838,0.5492935635792778,0.4776271297536705,0.4753410283315845,1.4998783367004471,0.2231573085513919,0.8545118248397378,0.642804360513235,0.541008577343981,0.5492935635792778,0.7388135648768352,0.2231573085513919,0.1277417622881344,0.4132668150558466,0.4821446175651543,0.9790788262028736,0.4968461056705564,0.02,0.5699630558763975,0.5499630558763975,0.4504086209335748,0.4504086209335748,google-bert_bert-base-uncased_ISEAR_51c193,/Volumes/Amirali/hidden_states/experiments/baseline_v5_001/models/google-bert/bert-base-uncased/datasets/ISEAR/analysis/probes/probe_run__google-bert_bert-base-uncased__datasets__max1000__rep2__probes=linear_logistic+mlp_1_hidden+mlp_2_hidden__hash51c193a1dd14,,,,
1,3280953879,layer_11,11,0.9166666666666666,mlp_2_hidden,mlp,2_hidden,single_label,768,13,7,800,100,100,370567,"[384, 192]",23.0,0.5792086783779726,-0.0063077886588871,0.161522164940834,0.0372670807453416,0.965,0.964420993104764,0.9648095454742848,0.9650512012532816,0.9655633778388006,0.964420993104764,0.95921156319027,0.9591538277786794,0.1649823655659505,0.8479086563453584,0.9986043930101578,0.992920157211144,0.59,0.5897959183673469,0.5792086783779726,0.5792374080362196,0.6004317111459968,0.5897959183673469,0.5250424272835073,0.5214752567693745,1.4940728729545256,0.2244566080847591,0.8627049889723332,0.6187264078840519,0.57,0.5690214547357405,0.566273317997456,0.569961239271584,0.5745207173778603,0.5690214547357405,0.5009379902359719,0.4988344988344988,1.7072261073221568,0.1813681913929364,0.8466970048768382,0.6176378752473223,0.566273317997456,0.5690214547357405,0.7504689951179859,0.1813681913929364,0.1241856634813388,0.4420876545161171,0.5157689302688033,0.9788638842297512,0.4968461056705564,0.02,0.5835111958769802,0.5635111958769802,0.3985362274768289,0.3985362274768289,google-bert_bert-base-uncased_ISEAR_51c193,/Volumes/Amirali/hidden_states/experiments/baseline_v5_001/models/google-bert/bert-base-uncased/datasets/ISEAR/analysis/probes/probe_run__google-bert_bert-base-uncased__datasets__max1000__rep2__probes=linear_logistic+mlp_1_hidden+mlp_2_hidden__hash51c193a1dd14,,,,
1,329188166,layer_12,12,1.0,linear_logistic,logistic,linear,single_label,768,13,7,800,100,100,5383,[],,,-0.0071125533431768,0.1621045023202896,0.0372670807453416,0.99125,0.9911381018092396,0.9914171982775558,0.9913398177062974,0.992,0.9911381018092396,0.9898449367450728,0.9897889782961088,0.0377094235655023,0.9629927232321174,0.99994148627646,0.9993356165200128,0.5,0.4986394557823129,0.4913160080085545,0.4921146878483835,0.4928920286063143,0.4986394557823129,0.4176160557260736,0.4162969880924585,2.2012943024123786,0.1106598383369013,0.8337406590543194,0.5475642044897487,0.5,0.5023547880690737,0.5059295302973924,0.5061949509116409,0.5336217095533866,0.5023547880690737,0.4207902197496586,0.4172494172494173,2.342893378331824,0.096049328750749,0.8299453036411654,0.5820710932044985,0.5059295302973924,0.5023547880690737,0.7103951098748293,0.096049328750749,0.1471165872533494,0.3588129430440429,0.41861510021805,0.951937958832867,0.4964437233284116,0.0152743030116885,0.5217388022343258,0.5064644992226373,0.4854876679801634,0.4854876679801634,google-bert_bert-base-uncased_ISEAR_51c193,/Volumes/Amirali/hidden_states/experiments/baseline_v5_001/models/google-bert/bert-base-uncased/datasets/ISEAR/analysis/probes/probe_run__google-bert_bert-base-uncased__datasets__max1000__rep2__probes=linear_logistic+mlp_1_hidden+mlp_2_hidden__hash51c193a1dd14,,,,
1,3129723409,layer_12,12,1.0,mlp_1_hidden,mlp,1_hidden,single_label,768,13,7,800,100,100,297991,[384],20.0,0.5656171256044131,-0.0071125533431768,0.1621045023202896,0.0372670807453416,0.89125,0.8916775547664723,0.8910637490636132,0.8915407852258057,0.8930608810267543,0.8916775547664723,0.8735828694394473,0.8731434008139966,0.427896146928261,0.6518791109315181,0.9898650364232796,0.9574230362278588,0.57,0.5700680272108843,0.5656171256044131,0.5654949944382648,0.5808623449379752,0.5700680272108843,0.5001794426798789,0.498249708284714,1.3005820553642575,0.2723732105983023,0.8534047107214979,0.6100514555565067,0.53,0.5323914181057038,0.5284865399151114,0.529859015059015,0.5439268805728433,0.5323914181057038,0.4561002212794873,0.452533488642982,1.3279357697675953,0.2650237671212448,0.8571575631671459,0.6568157332822506,0.5284865399151114,0.5323914181057038,0.7280501106397437,0.2650237671212448,0.1424025563572049,0.3860839835579065,0.4504313141508909,0.9503225226801107,0.4964437233284116,0.02,0.5576309422673293,0.5376309422673293,0.3625772091485018,0.3625772091485018,google-bert_bert-base-uncased_ISEAR_51c193,/Volumes/Amirali/hidden_states/experiments/baseline_v5_001/models/google-bert/bert-base-uncased/datasets/ISEAR/analysis/probes/probe_run__google-bert_bert-base-uncased__datasets__max1000__rep2__probes=linear_logistic+mlp_1_hidden+mlp_2_hidden__hash51c193a1dd14,,,,
1,3280954876,layer_12,12,1.0,mlp_2_hidden,mlp,2_hidden,single_label,768,13,7,800,100,100,370567,"[384, 192]",20.0,0.5446527604537021,-0.0071125533431768,0.1621045023202896,0.0372670807453416,0.8775,0.8770131815596486,0.8771353571051376,0.8780423657374528,0.8814889174002296,0.8770131815596486,0.8578701178403353,0.8570769687920998,0.3937547129670601,0.6745194868342107,0.987696123772818,0.9473930992775348,0.55,0.5482993197278911,0.5446527604537021,0.5458766407284991,0.5532509900046387,0.5482993197278911,0.4764004199950977,0.4747286097817205,1.5557901736683937,0.2110225722650266,0.8393646761029994,0.5623754438740239,0.6,0.6033490319204605,0.6055181377762023,0.6057940446650124,0.6377423904597818,0.6033490319204605,0.5389909356571361,0.5340167753960858,1.465507798290225,0.230960680256089,0.8536562443125421,0.6617630357875312,0.6055181377762023,0.6033490319204605,0.769495467828568,0.230960680256089,0.1207282243811517,0.4847899133950506,0.5655882322942257,0.98568124856582,0.4964437233284116,0.02,0.6169102349138615,0.5969102349138615,0.2716172193289352,0.2716172193289352,google-bert_bert-base-uncased_ISEAR_51c193,/Volumes/Amirali/hidden_states/experiments/baseline_v5_001/models/google-bert/bert-base-uncased/datasets/ISEAR/analysis/probes/probe_run__google-bert_bert-base-uncased__datasets__max1000__rep2__probes=linear_logistic+mlp_1_hidden+mlp_2_hidden__hash51c193a1dd14,,,,
0,329176201,layer_0,0,0.0,linear_logistic,logistic,linear,single_label,768,13,7,6132,767,767,5383,[],,,-0.0163333434611558,0.1964705288410186,0.0358364554487701,0.8209393346379648,0.8209509082889316,0.8208218659467266,0.8208062444841352,0.8208540281240683,0.8209509082889316,0.7911229342729715,0.791095417245183,0.5189347015869511,0.5951542272353015,0.9751620657307862,0.8991496291217744,0.5228161668839635,0.5225545097104731,0.5213996546181284,0.5216684193345849,0.5224534484871463,0.5225545097104731,0.4435991251980634,0.4432814272455398,2.4920973004721803,0.0827362616824753,0.8299067003250166,0.5418133916760989,0.5110821382007823,0.5112593828190158,0.5093835935539456,0.5091891777621639,0.5086162940939403,0.5112593828190158,0.4297473594866244,0.4295871013802951,2.690329557977865,0.0678585723524637,0.8179317711809031,0.5211613751524412,0.5093835935539456,0.5112593828190158,0.7148736797433122,0.0678585723524637,,,0.0,0.9903681080353918,0.491833328269422,0.0152743030116885,0.4416801922250922,0.4264058892134037,0.311438272392781,0.311438272392781,google-bert_bert-base-uncased_ISEAR_3ee76d,/Volumes/Amirali/hidden_states/experiments/baseline_v5_001/models/google-bert/bert-base-uncased/datasets/ISEAR/analysis/probes/probe_run__google-bert_bert-base-uncased__datasets__maxfull__rep5__probes=linear_logistic+mlp_1_hidden+mlp_2_hidden+mlp_3_hidden__hash3ee76dd13b29,,,,
0,3129711444,layer_0,0,0.0,mlp_1_hidden,mlp,1_hidden,single_label,768,13,7,6132,767,767,297991,[384],15.0,0.5934136526324725,-0.0163333434611558,0.1964705288410186,0.0358364554487701,0.7658186562296151,0.7658137636911376,0.7664977463571495,0.7664785858633433,0.7699564955311098,0.7658137636911376,0.7273016967718163,0.7267852787918616,0.7233628441913035,0.4851181331535927,0.9593356716909982,0.8502733133004741,0.5919165580182529,0.5916716311211724,0.5934136526324725,0.59371367249709,0.5975156373256347,0.5916716311211724,0.5243063738108606,0.5239142505850156,1.182050034174577,0.3066494519358514,0.8769616027432644,0.6470084892424195,0.5919165580182529,0.5921243893720958,0.5945149148974729,0.5942351917150909,0.5983461475125885,0.5921243893720958,0.5241224248804216,0.5238812038276562,1.1488077887363402,0.3170144924200875,0.8827118109143876,0.65708745680889,0.5945149148974729,0.5921243893720958,0.7620612124402109,0.3170144924200875,,,0.0,0.9866570907649904,0.491833328269422,0.02,0.5067153937281931,0.486715393728193,0.1719828314596766,0.1719828314596766,google-bert_bert-base-uncased_ISEAR_3ee76d,/Volumes/Amirali/hidden_states/experiments/baseline_v5_001/models/google-bert/bert-base-uncased/datasets/ISEAR/analysis/probes/probe_run__google-bert_bert-base-uncased__datasets__maxfull__rep5__probes=linear_logistic+mlp_1_hidden+mlp_2_hidden+mlp_3_hidden__hash3ee76dd13b29,,,,
0,3280942911,layer_0,0,0.0,mlp_2_hidden,mlp,2_hidden,single_label,768,13,7,6132,767,767,370567,"[384, 192]",16.0,0.5989884453097112,-0.0163333434611558,0.1964705288410186,0.0358364554487701,0.860078277886497,0.8600852674471975,0.8596213160529954,0.8596029704874409,0.8603988190574343,0.8600852674471975,0.836960820827863,0.8367572007328907,0.4397736763972211,0.6441821982220631,0.984595119108219,0.9346706614175772,0.5997392438070405,0.5994876682950078,0.5989884453097112,0.5992520775956817,0.6019667284257878,0.5994876682950078,0.5336119973661109,0.5330275302134276,1.3340315322816625,0.2634131591055614,0.8791477050080952,0.6464292367633568,0.5853976531942634,0.5856547122602168,0.5816831402234987,0.5814586452226356,0.5811206241513471,0.5856547122602168,0.5168211974102166,0.5163023323609379,1.3279447511572444,0.2650213868502151,0.8786746056884219,0.6490221422463509,0.5816831402234987,0.5856547122602168,0.7584105987051083,0.2650213868502151,,,0.0,0.9832633717127778,0.491833328269422,0.02,0.4964507239704437,0.4764507239704437,0.2779381758294967,0.2779381758294967,google-bert_bert-base-uncased_ISEAR_3ee76d,/Volumes/Amirali/hidden_states/experiments/baseline_v5_001/models/google-bert/bert-base-uncased/datasets/ISEAR/analysis/probes/probe_run__google-bert_bert-base-uncased__datasets__maxfull__rep5__probes=linear_logistic+mlp_1_hidden+mlp_2_hidden+mlp_3_hidden__hash3ee76dd13b29,,,,
0,3349341881,layer_0,0,0.0,mlp_3_hidden,mlp,3_hidden,single_label,768,13,7,6132,767,767,388423,"[384, 192, 96]",16.0,0.5836814848270031,-0.0163333434611558,0.1964705288410186,0.0358364554487701,0.827136333985649,0.8271483340386008,0.8293604487987184,0.8293433455382931,0.8349194339400372,0.8271483340386008,0.7988684170641255,0.7983252787078113,0.5203417865080439,0.5943173835895431,0.9778692512992304,0.9114262995935304,0.5788787483702738,0.5786488740617182,0.5836814848270031,0.5839546425270966,0.6009681090431132,0.5786488740617182,0.5103391001439941,0.508698971750404,1.3769265874636865,0.2523529471452748,0.871698425039579,0.6290117292586862,0.5827900912646675,0.582914333373049,0.5874896276116891,0.587246714015965,0.5965894585194217,0.582914333373049,0.5138631344026713,0.5132206294177846,1.4023400078950767,0.2460205997105035,0.8682070774994253,0.6249147153529232,0.5874896276116891,0.582914333373049,0.7569315672013357,0.2460205997105035,,,0.0,0.9876516651408148,0.491833328269422,0.02,0.4958081848876829,0.4758081848876829,0.2418708211870293,0.2418708211870293,google-bert_bert-base-uncased_ISEAR_3ee76d,/Volumes/Amirali/hidden_states/experiments/baseline_v5_001/models/google-bert/bert-base-uncased/datasets/ISEAR/analysis/probes/probe_run__google-bert_bert-base-uncased__datasets__maxfull__rep5__probes=linear_logistic+mlp_1_hidden+mlp_2_hidden+mlp_3_hidden__hash3ee76dd13b29,,,,
0,329177198,layer_1,1,0.0833333333333333,linear_logistic,logistic,linear,single_label,768,13,7,6132,767,767,5383,[],,,-0.0087093980982899,0.1339097768068313,0.0358364554487701,0.8217547292889759,0.8217653808506346,0.8216919448206783,0.8216732017463082,0.8218845247729601,0.8217653808506346,0.792093092713514,0.7920463711910636,0.5254443008924822,0.5912925941693136,0.9749052573884108,0.8989567003946999,0.5110821382007823,0.5106636482783271,0.5085665300232537,0.5089179322141615,0.5075144330375186,0.5106636482783271,0.4297287067535948,0.42956673846044,2.304279612771462,0.0998306915110625,0.8350606972641901,0.543963566454612,0.4941329856584094,0.4943643512450851,0.4929616147201156,0.492754039370546,0.4931296297241933,0.4943643512450851,0.4100640008596432,0.4098256622198072,2.365968601195533,0.0938583450206632,0.827793104796397,0.5454868172583542,0.4929616147201156,0.4943643512450851,0.7050320004298216,0.0938583450206632,,,0.0,0.989985617414202,0.495645300950855,0.0152743030116885,0.4363165177222942,0.4210422147106056,0.3287303301005627,0.3287303301005627,google-bert_bert-base-uncased_ISEAR_3ee76d,/Volumes/Amirali/hidden_states/experiments/baseline_v5_001/models/google-bert/bert-base-uncased/datasets/ISEAR/analysis/probes/probe_run__google-bert_bert-base-uncased__datasets__maxfull__rep5__probes=linear_logistic+mlp_1_hidden+mlp_2_hidden+mlp_3_hidden__hash3ee76dd13b29,,,,
0,3129712441,layer_1,1,0.0833333333333333,mlp_1_hidden,mlp,1_hidden,single_label,768,13,7,6132,767,767,297991,[384],18.0,0.6114867937149594,-0.0087093980982899,0.1339097768068313,0.0358364554487701,0.9127527723418134,0.9127744154225044,0.9130688204970072,0.913067043510044,0.9145710843818644,0.9127744154225044,0.8984248339145278,0.8982123162222411,0.3621852080187429,0.6961534227051426,0.9930573792641,0.9688175235615556,0.6127770534550195,0.6124151078279519,0.6114867937149594,0.6118324944920748,0.6121942352769728,0.6124151078279519,0.5484934111461872,0.5482311924131065,1.2798321900870002,0.2780839617834013,0.8774693107965833,0.6508649390076865,0.5997392438070405,0.5999642559275588,0.5985089890387046,0.5983038931421768,0.5981276998483614,0.5999642559275588,0.5331917170856219,0.5330330866312876,1.2444612158463972,0.2880960879296995,0.8811065291148015,0.660670971440137,0.5985089890387046,0.5999642559275588,0.766595858542811,0.2880960879296995,,,0.0,0.9828677887033664,0.495645300950855,0.02,0.5064899171410809,0.4864899171410809,0.3145598314583026,0.3145598314583026,google-bert_bert-base-uncased_ISEAR_3ee76d,/Volumes/Amirali/hidden_states/experiments/baseline_v5_001/models/google-bert/bert-base-uncased/datasets/ISEAR/analysis/probes/probe_run__google-bert_bert-base-uncased__datasets__maxfull__rep5__probes=linear_logistic+mlp_1_hidden+mlp_2_hidden+mlp_3_hidden__hash3ee76dd13b29,,,,
0,3280943908,layer_1,1,0.0833333333333333,mlp_2_hidden,mlp,2_hidden,single_label,768,13,7,6132,767,767,370567,"[384, 192]",32.0,0.5962210230137586,-0.0087093980982899,0.1339097768068313,0.0358364554487701,0.9889106327462492,0.98890595418977,0.9890204923865422,0.9890176499542086,0.9894347273718908,0.98890595418977,0.9871154780120296,0.9870623683415491,0.0272837094430029,0.9730851289183922,0.9999112279210228,0.9991313374660676,0.5958279009126467,0.5955796497080901,0.5962210230137586,0.5964946166990902,0.5987011531337368,0.5955796497080901,0.5287675493576667,0.528471762246804,2.5737395629080506,0.0762498704198357,0.8731166858037428,0.6325265738683788,0.5867014341590613,0.5869057547956631,0.5851451649956021,0.584918822117294,0.5851674733197171,0.5869057547956631,0.5180640627798244,0.5178071379274785,2.5330254320133845,0.0794183815374088,0.8755288986142283,0.6493231512949861,0.5851451649956021,0.5869057547956631,0.7590320313899122,0.0794183815374088,,,0.0,0.9819943658223548,0.495645300950855,0.02,0.4791004989602559,0.4591004989602559,0.4038753273909401,0.4038753273909401,google-bert_bert-base-uncased_ISEAR_3ee76d,/Volumes/Amirali/hidden_states/experiments/baseline_v5_001/models/google-bert/bert-base-uncased/datasets/ISEAR/analysis/probes/probe_run__google-bert_bert-base-uncased__datasets__maxfull__rep5__probes=linear_logistic+mlp_1_hidden+mlp_2_hidden+mlp_3_hidden__hash3ee76dd13b29,,,,
0,3349342878,layer_1,1,0.0833333333333333,mlp_3_hidden,mlp,3_hidden,single_label,768,13,7,6132,767,767,388423,"[384, 192, 96]",16.0,0.6045690299568756,-0.0087093980982899,0.1339097768068313,0.0358364554487701,0.8284409654272668,0.8284665624144888,0.829249462440191,0.8292306419549119,0.8339415518500404,0.8284665624144888,0.8005665522550284,0.799848252549359,0.517572812642019,0.595965313377165,0.9766413223090316,0.9071667069066526,0.6036505867014341,0.6033480281186704,0.6045690299568756,0.6048828349157908,0.6096619000702911,0.6033480281186704,0.5382899920153283,0.5375935301805259,1.321010984397206,0.2668653688157128,0.8773243552017992,0.6426062483656112,0.590612777053455,0.5909090909090909,0.5897148719176967,0.5894651135112065,0.591588705393846,0.5909090909090909,0.5228477248759301,0.522391315556719,1.2807884867773789,0.2778181581249364,0.8814942950212197,0.6600562593277379,0.5897148719176967,0.5909090909090909,0.761423862437965,0.2778181581249364,,,0.0,0.9808722940269452,0.495645300950855,0.02,0.5009299712442136,0.4809299712442135,0.2395345905224943,0.2395345905224943,google-bert_bert-base-uncased_ISEAR_3ee76d,/Volumes/Amirali/hidden_states/experiments/baseline_v5_001/models/google-bert/bert-base-uncased/datasets/ISEAR/analysis/probes/probe_run__google-bert_bert-base-uncased__datasets__maxfull__rep5__probes=linear_logistic+mlp_1_hidden+mlp_2_hidden+mlp_3_hidden__hash3ee76dd13b29,,,,
0,329178195,layer_2,2,0.1666666666666666,linear_logistic,logistic,linear,single_label,768,13,7,6132,767,767,5383,[],,,-0.0105201583355665,0.1281297206878662,0.0358364554487701,0.8183300717547293,0.8183535764762778,0.8180861853483644,0.8180615108121556,0.8179092622376245,0.8183535764762778,0.788065679617632,0.78805154651938,0.53886484455566,0.5834101378257144,0.9734890873203196,0.895383406623049,0.5189048239895697,0.5185988323603002,0.5170077147079063,0.5173107871313181,0.5159339857690702,0.5185988323603002,0.4387967286414406,0.4387192733690964,2.4133195541869408,0.0895176421451096,0.8277161523960332,0.5338026514042831,0.5110821382007823,0.5113666150363398,0.5088451133616385,0.5085983380999344,0.5085599682247407,0.5113666150363398,0.4299298818471153,0.4296040693696641,2.393448751716577,0.0913142201386724,0.830016587031362,0.5394218171959441,0.5088451133616385,0.5113666150363398,0.7149649409235577,0.0913142201386724,,,0.0,0.9845332605468214,0.4947399208322167,0.0152743030116885,0.4434827558445545,0.4282084528328659,0.3092410719867259,0.3092410719867259,google-bert_bert-base-uncased_ISEAR_3ee76d,/Volumes/Amirali/hidden_states/experiments/baseline_v5_001/models/google-bert/bert-base-uncased/datasets/ISEAR/analysis/probes/probe_run__google-bert_bert-base-uncased__datasets__maxfull__rep5__probes=linear_logistic+mlp_1_hidden+mlp_2_hidden+mlp_3_hidden__hash3ee76dd13b29,,,,
0,3129713438,layer_2,2,0.1666666666666666,mlp_1_hidden,mlp,1_hidden,single_label,768,13,7,6132,767,767,297991,[384],22.0,0.6064442537666939,-0.0105201583355665,0.1281297206878662,0.0358364554487701,0.9859752120026092,0.9859714610739664,0.9861144547032746,0.9861110142081358,0.9866487872707,0.9859714610739664,0.983707661225472,0.9836377026608746,0.1196655049329952,0.887217156851009,0.9996580796389412,0.997949524839142,0.6075619295958279,0.607208387942333,0.6064442537666939,0.6067561451832286,0.6081940115496032,0.607208387942333,0.5425155371718896,0.5421431319585748,1.4979536909972688,0.223587220888185,0.8745656373987875,0.642995151798882,0.5827900912646675,0.5830692243536281,0.5804295303773265,0.5802239349441048,0.5812512553583983,0.5830692243536281,0.5137947332230237,0.5132717916175027,1.499480721208761,0.2232460569970641,0.874231494932199,0.6449226682701964,0.5804295303773265,0.5830692243536281,0.7568973666115119,0.2232460569970641,,,0.0,0.9807945300218858,0.4947399208322167,0.02,0.4912434259826084,0.4712434259826084,0.4056849243259481,0.4056849243259481,google-bert_bert-base-uncased_ISEAR_3ee76d,/Volumes/Amirali/hidden_states/experiments/baseline_v5_001/models/google-bert/bert-base-uncased/datasets/ISEAR/analysis/probes/probe_run__google-bert_bert-base-uncased__datasets__maxfull__rep5__probes=linear_logistic+mlp_1_hidden+mlp_2_hidden+mlp_3_hidden__hash3ee76dd13b29,,,,
0,3280944905,layer_2,2,0.1666666666666666,mlp_2_hidden,mlp,2_hidden,single_label,768,13,7,6132,767,767,370567,"[384, 192]",24.0,0.5973488701087925,-0.0105201583355665,0.1281297206878662,0.0358364554487701,0.9889106327462492,0.9889068864973196,0.9890151225818842,0.9890124489615504,0.9893992662823924,0.9889068864973196,0.987111255757112,0.987062373158582,0.0339657632157612,0.9666045975040556,0.9998595514862954,0.9988109917884922,0.5971316818774446,0.596949839151674,0.5973488701087925,0.5975655095041943,0.5988869861542535,0.596949839151674,0.5301763649820725,0.5299965493854337,2.370860803346205,0.0934002923799236,0.8713535421643555,0.6373831712174854,0.576271186440678,0.5765399737876802,0.5727579123368012,0.5725554332787438,0.572192755065605,0.5765399737876802,0.5061336891753893,0.5056627421117239,2.3499599880369977,0.0953729781992817,0.8706979193152405,0.6305756121602574,0.5727579123368012,0.5765399737876802,0.7530668445876947,0.0953729781992817,,,0.0,0.9874805027166332,0.4947399208322167,0.02,0.4756528449737088,0.4556528449737088,0.416257210245083,0.416257210245083,google-bert_bert-base-uncased_ISEAR_3ee76d,/Volumes/Amirali/hidden_states/experiments/baseline_v5_001/models/google-bert/bert-base-uncased/datasets/ISEAR/analysis/probes/probe_run__google-bert_bert-base-uncased__datasets__maxfull__rep5__probes=linear_logistic+mlp_1_hidden+mlp_2_hidden+mlp_3_hidden__hash3ee76dd13b29,,,,
0,3349343875,layer_2,2,0.1666666666666666,mlp_3_hidden,mlp,3_hidden,single_label,768,13,7,6132,767,767,388423,"[384, 192, 96]",21.0,0.5927510905928125,-0.0105201583355665,0.1281297206878662,0.0358364554487701,0.9801043705153294,0.9801000476919596,0.9802126724477436,0.9802082741077272,0.9805708754715564,0.9801000476919596,0.9768310622854812,0.976788356647708,0.0703187587484172,0.9320966585827848,0.9994864397352654,0.9967707213924176,0.5945241199478487,0.5943166924818301,0.5927510905928125,0.5929995248980663,0.5930093408024867,0.5943166924818301,0.5272178807206379,0.5269553939542972,2.3873918478084994,0.0918689799629712,0.8630168971689676,0.6179196261012875,0.5554106910039114,0.5556416061003216,0.5519308774717641,0.5517612439775736,0.5503376071992141,0.5556416061003216,0.4816251725082298,0.4813261386464549,2.429688537344141,0.0880642570386874,0.8622814497554219,0.614847040161239,0.5519308774717641,0.5556416061003216,0.740812586254115,0.0880642570386874,,,0.0,0.9837975539771922,0.4947399208322167,0.02,0.4643740253643053,0.4443740253643052,0.4282817949759795,0.4282817949759795,google-bert_bert-base-uncased_ISEAR_3ee76d,/Volumes/Amirali/hidden_states/experiments/baseline_v5_001/models/google-bert/bert-base-uncased/datasets/ISEAR/analysis/probes/probe_run__google-bert_bert-base-uncased__datasets__maxfull__rep5__probes=linear_logistic+mlp_1_hidden+mlp_2_hidden+mlp_3_hidden__hash3ee76dd13b29,,,,
0,329179192,layer_3,3,0.25,linear_logistic,logistic,linear,single_label,768,13,7,6132,767,767,5383,[],,,-0.0130511559545993,0.146016776561737,0.0358364554487701,0.8313763861709067,0.8313896652907306,0.8314284309607404,0.8314114171994881,0.8315812499589855,0.8313896652907306,0.8032920990231355,0.8032720598821064,0.5101073524107543,0.600431117624327,0.976102524740014,0.9040016761305184,0.5228161668839635,0.5225068509472178,0.5210391940155855,0.5212954280781743,0.5201678233808292,0.5225068509472178,0.4433525802564017,0.4432637616316428,2.676210899176474,0.0688234396707638,0.8186880274247672,0.5206157489766394,0.5149934810951761,0.51525080424163,0.513915779316045,0.513651087848163,0.5133251563603191,0.51525080424163,0.434266947933899,0.4341515267501056,2.4845723699516062,0.0833611946428437,0.8270845095757725,0.5354536797363106,0.513915779316045,0.51525080424163,0.7171334739669495,0.0833611946428437,,,0.0,0.9792730453040908,0.4934744220227003,0.0152743030116885,0.4442737316561266,0.4289994286444381,0.3175126516446953,0.3175126516446953,google-bert_bert-base-uncased_ISEAR_3ee76d,/Volumes/Amirali/hidden_states/experiments/baseline_v5_001/models/google-bert/bert-base-uncased/datasets/ISEAR/analysis/probes/probe_run__google-bert_bert-base-uncased__datasets__maxfull__rep5__probes=linear_logistic+mlp_1_hidden+mlp_2_hidden+mlp_3_hidden__hash3ee76dd13b29,,,,
0,3129714435,layer_3,3,0.25,mlp_1_hidden,mlp,1_hidden,single_label,768,13,7,6132,767,767,297991,[384],16.0,0.6054541418940117,-0.0130511559545993,0.146016776561737,0.0358364554487701,0.8268101761252447,0.8268391227947117,0.8269417295797467,0.8269319397744188,0.8284140488996006,0.8268391227947117,0.7981738974581635,0.7979467727656079,0.5810555481686356,0.5593076786745571,0.9759220907691876,0.9048261801658176,0.6075619295958279,0.6071964732515192,0.6054541418940117,0.6057688271350689,0.6058293936231688,0.6071964732515192,0.5424523198305042,0.5421413159022037,1.1859966328445812,0.3054416146090141,0.8809019562443073,0.6524116933608537,0.6127770534550195,0.613082330513523,0.6114835062959123,0.6112459476167146,0.6113795917415411,0.613082330513523,0.5484559214916673,0.548253589892576,1.1453924013085666,0.318099070805323,0.8872592113336342,0.6685246495134942,0.6114835062959123,0.613082330513523,0.7742279607458337,0.318099070805323,,,0.0,0.9809136814226828,0.4934744220227003,0.02,0.5155424165868172,0.4955424165868172,0.2154582232838343,0.2154582232838343,google-bert_bert-base-uncased_ISEAR_3ee76d,/Volumes/Amirali/hidden_states/experiments/baseline_v5_001/models/google-bert/bert-base-uncased/datasets/ISEAR/analysis/probes/probe_run__google-bert_bert-base-uncased__datasets__maxfull__rep5__probes=linear_logistic+mlp_1_hidden+mlp_2_hidden+mlp_3_hidden__hash3ee76dd13b29,,,,
0,3280945902,layer_3,3,0.25,mlp_2_hidden,mlp,2_hidden,single_label,768,13,7,6132,767,767,370567,"[384, 192]",17.0,0.5875473415703559,-0.0130511559545993,0.146016776561737,0.0358364554487701,0.9267775603392042,0.926795877156642,0.9272018446829996,0.9271980158667568,0.9283500764276382,0.926795877156642,0.9147061308254748,0.914574265683234,0.2740377660300978,0.7603033610790572,0.9950430357625812,0.9770031685399028,0.5867014341590613,0.5864172524722984,0.5875473415703559,0.5878377309428897,0.5920054508626915,0.5864172524722984,0.5182732529829092,0.5178167005786858,1.5068852123098424,0.2215991383763702,0.8698842682418919,0.624268403894631,0.6127770534550195,0.6130704158227094,0.6145669527517119,0.6143037784397166,0.6182694889494353,0.6130704158227094,0.5485743579465552,0.548244631167291,1.3458273773478595,0.2603242323595403,0.8840156593542289,0.6600231771849263,0.6145669527517119,0.6130704158227094,0.7742871789732776,0.2603242323595403,,,0.0,0.979239078383368,0.4934744220227003,0.02,0.5103754295827518,0.4903754295827518,0.3126348919312877,0.3126348919312877,google-bert_bert-base-uncased_ISEAR_3ee76d,/Volumes/Amirali/hidden_states/experiments/baseline_v5_001/models/google-bert/bert-base-uncased/datasets/ISEAR/analysis/probes/probe_run__google-bert_bert-base-uncased__datasets__maxfull__rep5__probes=linear_logistic+mlp_1_hidden+mlp_2_hidden+mlp_3_hidden__hash3ee76dd13b29,,,,
0,3349344872,layer_3,3,0.25,mlp_3_hidden,mlp,3_hidden,single_label,768,13,7,6132,767,767,388423,"[384, 192, 96]",15.0,0.5937992126945598,-0.0130511559545993,0.146016776561737,0.0358364554487701,0.7545662100456622,0.7545549419693302,0.75456868519226,0.7545494229951941,0.7595893104663579,0.7545549419693302,0.7144074783594864,0.7136561628170892,0.7115612226593584,0.4908772302586194,0.9564837232226436,0.8411757397712974,0.5932203389830508,0.593113308709639,0.5937992126945598,0.594021258096798,0.6002400625127061,0.593113308709639,0.5262895298516558,0.5254550538291152,1.2043842442989403,0.2998765933970442,0.8795820959280102,0.6445125899687262,0.6049543676662321,0.605039914214226,0.6055364379764406,0.6052841930384363,0.6133687361641604,0.605039914214226,0.5400388679375348,0.5390707277454825,1.1399425552974736,0.3198373942525689,0.8884464916724559,0.6631361135273925,0.6055364379764406,0.605039914214226,0.7700194339687674,0.3198373942525689,,,0.0,0.9836533000169176,0.4934744220227003,0.02,0.5126658022496429,0.4926658022496428,0.1490322472158193,0.1490322472158193,google-bert_bert-base-uncased_ISEAR_3ee76d,/Volumes/Amirali/hidden_states/experiments/baseline_v5_001/models/google-bert/bert-base-uncased/datasets/ISEAR/analysis/probes/probe_run__google-bert_bert-base-uncased__datasets__maxfull__rep5__probes=linear_logistic+mlp_1_hidden+mlp_2_hidden+mlp_3_hidden__hash3ee76dd13b29,,,,
0,329180189,layer_4,4,0.3333333333333333,linear_logistic,logistic,linear,single_label,768,13,7,6132,767,767,5383,[],,,-0.0123564722016453,0.1555746644735336,0.0358364554487701,0.8344748858447488,0.8344838787303077,0.834391260696692,0.8343744655678319,0.8347091300062449,0.8344838787303077,0.8069552791703005,0.806886647807027,0.4935031940912109,0.6104839998228443,0.9768859313021252,0.9053834312810538,0.5058670143415906,0.5054330990110807,0.5030554474284596,0.5034339059932982,0.5030187441193504,0.5054330990110807,0.423838209588276,0.4234866904919618,2.708806598525671,0.0666162592381971,0.8266991320866005,0.5379297717814416,0.5228161668839635,0.5229357798165137,0.5212285591485674,0.521102839774582,0.5236798999397274,0.5229357798165137,0.4438239487118647,0.443277010947168,2.491401450190426,0.0827938537688893,0.8380961022359527,0.5572576593201128,0.5212285591485674,0.5229357798165137,0.7219119743559324,0.0827938537688893,,,0.0,0.9873099911232056,0.4938217638991773,0.0152743030116885,0.4487357755971771,0.4334614725854885,0.3131627015481246,0.3131627015481246,google-bert_bert-base-uncased_ISEAR_3ee76d,/Volumes/Amirali/hidden_states/experiments/baseline_v5_001/models/google-bert/bert-base-uncased/datasets/ISEAR/analysis/probes/probe_run__google-bert_bert-base-uncased__datasets__maxfull__rep5__probes=linear_logistic+mlp_1_hidden+mlp_2_hidden+mlp_3_hidden__hash3ee76dd13b29,,,,
0,3129715432,layer_4,4,0.3333333333333333,mlp_1_hidden,mlp,1_hidden,single_label,768,13,7,6132,767,767,297991,[384],19.0,0.5905761009264502,-0.0123564722016453,0.1555746644735336,0.0358364554487701,0.9492824527071102,0.949289630335586,0.9494778096198776,0.9494683638999112,0.9499101728826777,0.949289630335586,0.9408695772214314,0.940829465737844,0.2649809368798951,0.7672205754544285,0.997112336757462,0.9864833817441648,0.5932203389830508,0.5928392708209224,0.5905761009264502,0.5908742970785948,0.5897657630552678,0.5928392708209224,0.5256342480639489,0.5253985851442126,1.296136313253031,0.2735868073208006,0.8815607161717124,0.6479699015435918,0.6127770534550195,0.6130108423686405,0.6124497443714852,0.6122152449099013,0.6139760790675387,0.6130108423686405,0.5485762989927926,0.5482356720866725,1.2288143711561936,0.2926393337131451,0.8894490592187904,0.6659922438446033,0.6124497443714852,0.6130108423686405,0.7742881494963962,0.2926393337131451,,,0.0,0.9798212929813066,0.4938217638991773,0.02,0.5131444357370308,0.4931444357370308,0.3370280652483923,0.3370280652483923,google-bert_bert-base-uncased_ISEAR_3ee76d,/Volumes/Amirali/hidden_states/experiments/baseline_v5_001/models/google-bert/bert-base-uncased/datasets/ISEAR/analysis/probes/probe_run__google-bert_bert-base-uncased__datasets__maxfull__rep5__probes=linear_logistic+mlp_1_hidden+mlp_2_hidden+mlp_3_hidden__hash3ee76dd13b29,,,,
0,3280946899,layer_4,4,0.3333333333333333,mlp_2_hidden,mlp,2_hidden,single_label,768,13,7,6132,767,767,370567,"[384, 192]",15.0,0.6004835809198811,-0.0123564722016453,0.1555746644735336,0.0358364554487701,0.7969667318982387,0.7969725270514528,0.7980433378761532,0.7980320101238544,0.8014239451410141,0.7969725270514528,0.7634771566198101,0.7631272659215819,0.6190679710665087,0.538446051097961,0.9678924879160652,0.877701558517048,0.5984354628422425,0.5981293935422377,0.6004835809198811,0.6008002128293249,0.6042937774910697,0.5981293935422377,0.5317274315784589,0.5315101636093209,1.2263606659114097,0.2933582660444186,0.8786559109353399,0.6373804894284217,0.5880052151238592,0.5882163707851781,0.5907933828598347,0.5905551035416112,0.5950600960186676,0.5882163707851781,0.5195587998994701,0.5193320640964619,1.1407032284528027,0.3195941950419728,0.8921164793178233,0.6705229438594202,0.5907933828598347,0.5882163707851781,0.7597793999497351,0.3195941950419728,,,0.0,0.974444802500938,0.4938217638991773,0.02,0.5039926992744457,0.4839926992744456,0.2072499550163185,0.2072499550163185,google-bert_bert-base-uncased_ISEAR_3ee76d,/Volumes/Amirali/hidden_states/experiments/baseline_v5_001/models/google-bert/bert-base-uncased/datasets/ISEAR/analysis/probes/probe_run__google-bert_bert-base-uncased__datasets__maxfull__rep5__probes=linear_logistic+mlp_1_hidden+mlp_2_hidden+mlp_3_hidden__hash3ee76dd13b29,,,,
0,3349345869,layer_4,4,0.3333333333333333,mlp_3_hidden,mlp,3_hidden,single_label,768,13,7,6132,767,767,388423,"[384, 192, 96]",17.0,0.5999759563633107,-0.0123564722016453,0.1555746644735336,0.0358364554487701,0.9075342465753424,0.907521404915594,0.9079258239066756,0.9079128556525408,0.9098610563866424,0.907521404915594,0.8923892781389282,0.8921222065433346,0.3098553430551389,0.7335530620944848,0.9921024948216776,0.9655998648608094,0.5984354628422425,0.5982127963779341,0.5999759563633107,0.6002440953198477,0.6047596329257405,0.5982127963779341,0.5319966459639193,0.5315185252023267,1.4060102432385553,0.245119301210781,0.8827370478802015,0.6540209215386802,0.5997392438070405,0.5997855355653521,0.5991951934315559,0.5990504519330665,0.6022542272982259,0.5997855355653521,0.5335652987651665,0.5329988199478397,1.3711196470078306,0.25382260867188,0.8867100925460198,0.6633786477999782,0.5991951934315559,0.5997855355653521,0.7667826493825832,0.25382260867188,,,0.0,0.9818215722964988,0.4938217638991773,0.02,0.503039532391876,0.483039532391876,0.3087306304751196,0.3087306304751196,google-bert_bert-base-uncased_ISEAR_3ee76d,/Volumes/Amirali/hidden_states/experiments/baseline_v5_001/models/google-bert/bert-base-uncased/datasets/ISEAR/analysis/probes/probe_run__google-bert_bert-base-uncased__datasets__maxfull__rep5__probes=linear_logistic+mlp_1_hidden+mlp_2_hidden+mlp_3_hidden__hash3ee76dd13b29,,,,
0,329181186,layer_5,5,0.4166666666666667,linear_logistic,logistic,linear,single_label,768,13,7,6132,767,767,5383,[],,,-0.008327042683959,0.1462157666683197,0.0358364554487701,0.8374103065883888,0.8374310475688541,0.8375037687622614,0.837482186832927,0.8377117561510042,0.8374310475688541,0.8103350262565029,0.8103118948723493,0.4815001148710248,0.6178558415280745,0.9781116447034228,0.9097635165100116,0.5176010430247718,0.5172643869891576,0.5158610039174009,0.5161620373838713,0.5158871675052592,0.5172643869891576,0.4374059338292429,0.4371881420604637,2.5391204396847886,0.0789357980616429,0.8373835685797817,0.5513971708777509,0.5371577574967406,0.5374597879185036,0.5339393340055849,0.5337076420428681,0.5328889417153,0.5374597879185036,0.460375473209107,0.4600348230292068,2.3195300476287826,0.0983197803627622,0.8495753354724809,0.5772158798012282,0.5339393340055849,0.5374597879185036,0.7301877366045535,0.0983197803627622,,,0.0,0.9832598367655768,0.4958364786580205,0.0152743030116885,0.4565817478255897,0.4413074448139012,0.3035644347566765,0.3035644347566765,google-bert_bert-base-uncased_ISEAR_3ee76d,/Volumes/Amirali/hidden_states/experiments/baseline_v5_001/models/google-bert/bert-base-uncased/datasets/ISEAR/analysis/probes/probe_run__google-bert_bert-base-uncased__datasets__maxfull__rep5__probes=linear_logistic+mlp_1_hidden+mlp_2_hidden+mlp_3_hidden__hash3ee76dd13b29,,,,
0,3129716429,layer_5,5,0.4166666666666667,mlp_1_hidden,mlp,1_hidden,single_label,768,13,7,6132,767,767,297991,[384],15.0,0.5995366056568713,-0.008327042683959,0.1462157666683197,0.0358364554487701,0.758969341161122,0.7590292778074555,0.7583701893918523,0.758351148432463,0.7607361413751269,0.7590292778074555,0.7193507713330021,0.7188028867899321,0.7130898331195956,0.4901274434017691,0.9597400869195988,0.847572626408932,0.6036505867014341,0.6031573930656499,0.5995366056568713,0.5998557406800813,0.6020089068178606,0.6031573930656499,0.5384892176952534,0.5375430885730492,1.149496404886566,0.3167962662664018,0.8846646271016548,0.6516581673698834,0.6114732724902217,0.6117955439056357,0.6094519681125714,0.6092091595591015,0.6096072469202328,0.6117955439056357,0.5471395366348634,0.5467379513711927,1.0801078128833086,0.339558914845754,0.8969460956810895,0.6765484074378219,0.6094519681125714,0.6117955439056357,0.7735697683174316,0.339558914845754,,,0.0,0.9838204231112512,0.4958364786580205,0.02,0.5172975465902045,0.4972975465902045,0.1489182212792809,0.1489182212792809,google-bert_bert-base-uncased_ISEAR_3ee76d,/Volumes/Amirali/hidden_states/experiments/baseline_v5_001/models/google-bert/bert-base-uncased/datasets/ISEAR/analysis/probes/probe_run__google-bert_bert-base-uncased__datasets__maxfull__rep5__probes=linear_logistic+mlp_1_hidden+mlp_2_hidden+mlp_3_hidden__hash3ee76dd13b29,,,,
0,3280947896,layer_5,5,0.4166666666666667,mlp_2_hidden,mlp,2_hidden,single_label,768,13,7,6132,767,767,370567,"[384, 192]",16.0,0.5765356675080946,-0.008327042683959,0.1462157666683197,0.0358364554487701,0.8494781474233529,0.849490911266514,0.8500573028950684,0.8500456623271584,0.853781659193948,0.849490911266514,0.8249233519972343,0.824391264620898,0.4586851892670783,0.6321142099174054,0.9834656862057456,0.9299795105838172,0.5775749674054759,0.5772429405456929,0.5765356675080946,0.5768735268532826,0.580812857469437,0.5772429405456929,0.5079192308891046,0.5071652103553452,1.2839152851303262,0.2769508334470227,0.8826923995810103,0.6432689754241264,0.6010430247718384,0.6012272131538188,0.6011288271715286,0.6008535196964757,0.6061324876541951,0.6012272131538188,0.5354338466691009,0.5345283048803706,1.2014645469141785,0.3007534217163258,0.8935278105576057,0.667528789959957,0.6011288271715286,0.6012272131538188,0.7677169233345504,0.3007534217163258,,,0.0,0.991272125590806,0.4958364786580205,0.02,0.5096182059297517,0.4896182059297517,0.2489284757235398,0.2489284757235398,google-bert_bert-base-uncased_ISEAR_3ee76d,/Volumes/Amirali/hidden_states/experiments/baseline_v5_001/models/google-bert/bert-base-uncased/datasets/ISEAR/analysis/probes/probe_run__google-bert_bert-base-uncased__datasets__maxfull__rep5__probes=linear_logistic+mlp_1_hidden+mlp_2_hidden+mlp_3_hidden__hash3ee76dd13b29,,,,
0,3349346866,layer_5,5,0.4166666666666667,mlp_3_hidden,mlp,3_hidden,single_label,768,13,7,6132,767,767,388423,"[384, 192, 96]",15.0,0.5928720917042966,-0.008327042683959,0.1462157666683197,0.0358364554487701,0.7504892367906066,0.7505243836869061,0.751555432059218,0.7515275439610561,0.7550334746040412,0.7505243836869061,0.7092984671417757,0.7089051301888727,0.7217741080784271,0.4858894704141823,0.9550844194191964,0.8313018095689388,0.590612777053455,0.590372929822471,0.5928720917042966,0.5931402368686293,0.5990300849451976,0.590372929822471,0.5228221295531802,0.5223875269209564,1.1845185122516464,0.3058934279845725,0.8811043724837203,0.6406262890237144,0.6023468057366362,0.6026093172882163,0.6044809541908128,0.604201192556362,0.6093437569270349,0.6026093172882163,0.5365910518929199,0.5360650958569415,1.1051671709745532,0.331155518023788,0.8947747076760433,0.6658411246420316,0.6044809541908128,0.6026093172882163,0.7682955259464599,0.331155518023788,,,0.0,0.9799110577810763,0.4958364786580205,0.02,0.5126544465462921,0.4926544465462921,0.1470744778684052,0.1470744778684052,google-bert_bert-base-uncased_ISEAR_3ee76d,/Volumes/Amirali/hidden_states/experiments/baseline_v5_001/models/google-bert/bert-base-uncased/datasets/ISEAR/analysis/probes/probe_run__google-bert_bert-base-uncased__datasets__maxfull__rep5__probes=linear_logistic+mlp_1_hidden+mlp_2_hidden+mlp_3_hidden__hash3ee76dd13b29,,,,
0,329182183,layer_6,6,0.5,linear_logistic,logistic,linear,single_label,768,13,7,6132,767,767,5383,[],,,-0.0090984115377068,0.1413418352603912,0.0358364554487701,0.83235485975212,0.8323795069778183,0.8324358193659686,0.8324074802954677,0.832672046448022,0.8323795069778183,0.804443060890321,0.8044136328658777,0.4852165383515528,0.6155638891418693,0.9775675368718671,0.9064933483399044,0.5280312907431551,0.5277016561420231,0.5239935889981023,0.5242960413019792,0.5223007336609742,0.5277016561420231,0.4496582726536249,0.4493603231800793,2.4346113948233805,0.0876317946011199,0.839583580825698,0.5455158730165841,0.5423728813559322,0.5426188490408674,0.5408080427579666,0.5405746809932301,0.5411730002641143,0.5426188490408674,0.4664099781472716,0.4661009386272996,2.3742324683928286,0.0930859081757079,0.844733221563013,0.5706742176979581,0.5408080427579666,0.5426188490408674,0.7332049890736358,0.0930859081757079,,,0.0,0.9801444320737146,0.4954507942311466,0.0152743030116885,0.4586711601431667,0.4433968571314782,0.291627776608002,0.291627776608002,google-bert_bert-base-uncased_ISEAR_3ee76d,/Volumes/Amirali/hidden_states/experiments/baseline_v5_001/models/google-bert/bert-base-uncased/datasets/ISEAR/analysis/probes/probe_run__google-bert_bert-base-uncased__datasets__maxfull__rep5__probes=linear_logistic+mlp_1_hidden+mlp_2_hidden+mlp_3_hidden__hash3ee76dd13b29,,,,
0,3129717426,layer_6,6,0.5,mlp_1_hidden,mlp,1_hidden,single_label,768,13,7,6132,767,767,297991,[384],20.0,0.5948000874508589,-0.0090984115377068,0.1413418352603912,0.0358364554487701,0.9675472928897586,0.9675544981700254,0.9676562883326328,0.9676534649312584,0.9679553651500996,0.9675544981700254,0.962171902201446,0.9621385553607602,0.2084489301077615,0.811842494352566,0.9985070659593538,0.9926803844537674,0.5971316818774446,0.5967115453353985,0.5948000874508589,0.5951564266367941,0.5942461885001113,0.5967115453353985,0.530199286629406,0.5299657890822549,1.3041460714852011,0.2714041959025342,0.8851419938774729,0.6566785595660425,0.5932203389830508,0.5934350053616109,0.5919025816993848,0.591696486023325,0.5910956277540785,0.5934350053616109,0.5255358315173851,0.5254211742307806,1.2668606595458871,0.2817146331608933,0.8895299148871448,0.6557748519751023,0.5919025816993848,0.5934350053616109,0.7627679157586926,0.2817146331608933,,,0.0,0.9733741312415728,0.4954507942311466,0.02,0.5016874997446956,0.4816874997446956,0.375753706633248,0.375753706633248,google-bert_bert-base-uncased_ISEAR_3ee76d,/Volumes/Amirali/hidden_states/experiments/baseline_v5_001/models/google-bert/bert-base-uncased/datasets/ISEAR/analysis/probes/probe_run__google-bert_bert-base-uncased__datasets__maxfull__rep5__probes=linear_logistic+mlp_1_hidden+mlp_2_hidden+mlp_3_hidden__hash3ee76dd13b29,,,,
0,3280948893,layer_6,6,0.5,mlp_2_hidden,mlp,2_hidden,single_label,768,13,7,6132,767,767,370567,"[384, 192]",20.0,0.5969914626995857,-0.0090984115377068,0.1413418352603912,0.0358364554487701,0.9843444227005872,0.9843399254152844,0.984433144550371,0.9844295770372348,0.9847862786177058,0.9843399254152844,0.9817805553127664,0.9817351048466328,0.0777535471962384,0.9251924147128484,0.9995521256894196,0.9976610185400848,0.5932203389830508,0.5930299058739426,0.5969914626995857,0.5972676962108903,0.6033021029788426,0.5930299058739426,0.525892998060134,0.5254475254475255,1.872960996774832,0.153667977122958,0.8798386016876131,0.6378983077714954,0.5958279009126467,0.5959370904325033,0.596509270075802,0.5963145172833201,0.6045829820346743,0.5959370904325033,0.529800877533842,0.5284362257445223,1.9066984996482828,0.1485700819638025,0.8774694159134003,0.6347700401334595,0.596509270075802,0.5959370904325033,0.7649004387669209,0.1485700819638025,,,0.0,0.98020592151622,0.4954507942311466,0.02,0.4909030869584237,0.4709030869584237,0.387923874474569,0.387923874474569,google-bert_bert-base-uncased_ISEAR_3ee76d,/Volumes/Amirali/hidden_states/experiments/baseline_v5_001/models/google-bert/bert-base-uncased/datasets/ISEAR/analysis/probes/probe_run__google-bert_bert-base-uncased__datasets__maxfull__rep5__probes=linear_logistic+mlp_1_hidden+mlp_2_hidden+mlp_3_hidden__hash3ee76dd13b29,,,,
0,3349347863,layer_6,6,0.5,mlp_3_hidden,mlp,3_hidden,single_label,768,13,7,6132,767,767,388423,"[384, 192, 96]",16.0,0.607527204685104,-0.0090984115377068,0.1413418352603912,0.0358364554487701,0.8238747553816047,0.8238880157884105,0.8237953082346714,0.8237811591195384,0.8243431273679427,0.8238880157884105,0.794631892883699,0.794520369432429,0.521673867141387,0.593526231968668,0.9763032596799848,0.9009202703366808,0.6075619295958279,0.6072798760872155,0.607527204685104,0.6077833176934121,0.6098370300005929,0.6072798760872155,0.5424836145511293,0.5421467640280979,1.209412705696624,0.2983724604297452,0.8892623843192115,0.6581008830154979,0.5853976531942634,0.5855713094245205,0.5846623509059955,0.5844568120127667,0.5860315983097774,0.5855713094245205,0.5166582442426011,0.5162841061887933,1.2393924058304329,0.2895600995295387,0.886947320090816,0.6500503549380244,0.5846623509059955,0.5855713094245205,0.7583291221213005,0.2895600995295387,,,0.0,0.9837873320109112,0.4954507942311466,0.02,0.4998579353239744,0.4798579353239743,0.2391329573286759,0.2391329573286759,google-bert_bert-base-uncased_ISEAR_3ee76d,/Volumes/Amirali/hidden_states/experiments/baseline_v5_001/models/google-bert/bert-base-uncased/datasets/ISEAR/analysis/probes/probe_run__google-bert_bert-base-uncased__datasets__maxfull__rep5__probes=linear_logistic+mlp_1_hidden+mlp_2_hidden+mlp_3_hidden__hash3ee76dd13b29,,,,
0,329183180,layer_7,7,0.5833333333333334,linear_logistic,logistic,linear,single_label,768,13,7,6132,767,767,5383,[],,,-0.0052528218366205,0.1433601975440979,0.0358364554487701,0.8333333333333334,0.8333555538322039,0.8333274197257563,0.8333041447125684,0.8333454166597163,0.8333555538322039,0.8055631969862399,0.8055553986957275,0.4789263339376173,0.6194481153155701,0.9780007565250924,0.9072150328464378,0.5071707953063885,0.506779459073037,0.5048082818143262,0.5051675055017253,0.5060397248656165,0.506779459073037,0.4254333814429919,0.4250146757841628,2.569934470185516,0.0765405609483359,0.8329651981441062,0.5261477349270579,0.5541069100391134,0.5543190754199928,0.5513237724893887,0.5511343025174736,0.5508297389680687,0.5543190754199928,0.4801232310566572,0.4797927214530916,2.339658626234479,0.0963605275725393,0.8507826602709319,0.5920740527736966,0.5513237724893887,0.5543190754199928,0.7400616155283286,0.0963605275725393,,,0.0,0.979290140590226,0.4973735890816897,0.0152743030116885,0.4644217930349564,0.4491474900232678,0.2820036472363676,0.2820036472363676,google-bert_bert-base-uncased_ISEAR_3ee76d,/Volumes/Amirali/hidden_states/experiments/baseline_v5_001/models/google-bert/bert-base-uncased/datasets/ISEAR/analysis/probes/probe_run__google-bert_bert-base-uncased__datasets__maxfull__rep5__probes=linear_logistic+mlp_1_hidden+mlp_2_hidden+mlp_3_hidden__hash3ee76dd13b29,,,,
0,3129718423,layer_7,7,0.5833333333333334,mlp_1_hidden,mlp,1_hidden,single_label,768,13,7,6132,767,767,297991,[384],16.0,0.6083872100624605,-0.0052528218366205,0.1433601975440979,0.0358364554487701,0.8199608610567515,0.8199842011139546,0.8203305366362459,0.8203072180963631,0.8211234951777627,0.8199842011139546,0.7900295949093484,0.7899542401425862,0.5784957252691625,0.5607412413287264,0.9755836484964484,0.8981885425563881,0.6101694915254238,0.6097938758489219,0.6083872100624605,0.6087280453209318,0.6082454081436091,0.6097938758489219,0.5454039124053887,0.5451853702844314,1.1179342432517465,0.3269545059654193,0.8913950747283254,0.6613212113457401,0.6140808344198174,0.6142380555224591,0.614438203546898,0.6142375103613333,0.616102637914765,0.6142380555224591,0.5499913313002343,0.5497469418838947,1.075701718545886,0.3410583443458073,0.8998073691606141,0.684767360544391,0.614438203546898,0.6142380555224591,0.7749956656501171,0.3410583443458073,,,0.0,0.971448077496426,0.4973735890816897,0.02,0.5181139307009187,0.4981139307009187,0.2058923330893478,0.2058923330893478,google-bert_bert-base-uncased_ISEAR_3ee76d,/Volumes/Amirali/hidden_states/experiments/baseline_v5_001/models/google-bert/bert-base-uncased/datasets/ISEAR/analysis/probes/probe_run__google-bert_bert-base-uncased__datasets__maxfull__rep5__probes=linear_logistic+mlp_1_hidden+mlp_2_hidden+mlp_3_hidden__hash3ee76dd13b29,,,,
0,3280949890,layer_7,7,0.5833333333333334,mlp_2_hidden,mlp,2_hidden,single_label,768,13,7,6132,767,767,370567,"[384, 192]",15.0,0.602683777521474,-0.0052528218366205,0.1433601975440979,0.0358364554487701,0.7620678408349641,0.7621343019427761,0.7615969767523728,0.7615667336593471,0.7678771737233621,0.7621343019427761,0.7235665809798378,0.7224174246113122,0.668452318982072,0.5125011526073907,0.9627553861252808,0.8524733730529441,0.6036505867014341,0.6031812224472775,0.602683777521474,0.6030364862413802,0.6119726031291378,0.6031812224472775,0.5393225419337716,0.537551343407318,1.1564070419225652,0.3146145494650029,0.8881471391516456,0.6522721114732278,0.6023468057366362,0.6026569760514714,0.6001297010406621,0.5997871800549941,0.6055734298983148,0.6026569760514714,0.5374165547457526,0.5360687760909875,1.1064175536961636,0.33074170565172,0.8968502003703751,0.6734353849268037,0.6001297010406621,0.6026569760514714,0.7687082773728763,0.33074170565172,,,0.0,0.983051246991561,0.4973735890816897,0.02,0.5119851879922303,0.4919851879922302,0.1614672757117107,0.1614672757117107,google-bert_bert-base-uncased_ISEAR_3ee76d,/Volumes/Amirali/hidden_states/experiments/baseline_v5_001/models/google-bert/bert-base-uncased/datasets/ISEAR/analysis/probes/probe_run__google-bert_bert-base-uncased__datasets__maxfull__rep5__probes=linear_logistic+mlp_1_hidden+mlp_2_hidden+mlp_3_hidden__hash3ee76dd13b29,,,,
0,3349348860,layer_7,7,0.5833333333333334,mlp_3_hidden,mlp,3_hidden,single_label,768,13,7,6132,767,767,388423,"[384, 192, 96]",16.0,0.5934220292493845,-0.0052528218366205,0.1433601975440979,0.0358364554487701,0.822570123939987,0.8226167495609958,0.8225703804026353,0.8225493411779288,0.8264196918387315,0.8226167495609958,0.7936870176869721,0.7930009313632622,0.5211405174230634,0.5938428734501225,0.9770347503351776,0.9014213168319608,0.5958279009126467,0.5953651852734422,0.5934220292493845,0.5938238297144912,0.5967612902307403,0.5953651852734422,0.5293583855445546,0.5284399666812105,1.2152757206361062,0.2966282164973535,0.886756531469126,0.6444950836843265,0.60625814863103,0.606517335875134,0.6052127889774193,0.604963855089789,0.6067913835184388,0.606517335875134,0.541095724961536,0.5406384109532535,1.1633433107021518,0.3124398492595743,0.8961913696668856,0.6666442212998458,0.6052127889774193,0.606517335875134,0.770547862480768,0.3124398492595743,,,0.0,0.9843382396487896,0.4973735890816897,0.02,0.512409465342661,0.4924094653426609,0.217357591425216,0.217357591425216,google-bert_bert-base-uncased_ISEAR_3ee76d,/Volumes/Amirali/hidden_states/experiments/baseline_v5_001/models/google-bert/bert-base-uncased/datasets/ISEAR/analysis/probes/probe_run__google-bert_bert-base-uncased__datasets__maxfull__rep5__probes=linear_logistic+mlp_1_hidden+mlp_2_hidden+mlp_3_hidden__hash3ee76dd13b29,,,,
0,329184177,layer_8,8,0.6666666666666666,linear_logistic,logistic,linear,single_label,768,13,7,6132,767,767,5383,[],,,-0.0111957332119345,0.1459842026233673,0.0358364554487701,0.8581213307240705,0.858134650686223,0.8584203152121351,0.8584013409563243,0.8589236483401155,0.858134650686223,0.8345121863170953,0.834474433894894,0.4434523415436849,0.6418168210043259,0.9812058928816068,0.9194950634530183,0.5384615384615384,0.5380793518408197,0.5355044540660291,0.5358468297198736,0.5338923198127071,0.5380793518408197,0.4616584271694374,0.4615238163233738,2.560505483497706,0.0772656740472523,0.8399626641491634,0.5477697728402368,0.5449804432855281,0.5451805075658286,0.5421602866786442,0.541981461689506,0.5427018694858875,0.5451805075658286,0.4696500466701088,0.4691430985211612,2.354309652657459,0.0949590386320357,0.8524271833855297,0.5724736438055479,0.5421602866786442,0.5451805075658286,0.7348250233350544,0.0949590386320357,,,0.0,0.98376459191318,0.4944021333940327,0.0152743030116885,0.4601333710290168,0.4448590680173283,0.3162600285334909,0.3162600285334909,google-bert_bert-base-uncased_ISEAR_3ee76d,/Volumes/Amirali/hidden_states/experiments/baseline_v5_001/models/google-bert/bert-base-uncased/datasets/ISEAR/analysis/probes/probe_run__google-bert_bert-base-uncased__datasets__maxfull__rep5__probes=linear_logistic+mlp_1_hidden+mlp_2_hidden+mlp_3_hidden__hash3ee76dd13b29,,,,
0,3129719420,layer_8,8,0.6666666666666666,mlp_1_hidden,mlp,1_hidden,single_label,768,13,7,6132,767,767,297991,[384],16.0,0.6077581657016884,-0.0111957332119345,0.1459842026233673,0.0358364554487701,0.8030006523157208,0.8030739029601621,0.8023278346957031,0.8023052834763407,0.8085363933585183,0.8030739029601621,0.7714442543559733,0.7701726831725287,0.5935696772602764,0.552352042816993,0.9737748045695834,0.8910795948093531,0.6127770534550195,0.6123078756106279,0.6077581657016884,0.6080785472786939,0.612446203351728,0.6123078756106279,0.549811294188402,0.5481926635527921,1.1361929989622617,0.3210388937177182,0.8905772115960006,0.6541366729385514,0.621903520208605,0.6221970689860598,0.6207225453276604,0.6204927200182132,0.6224706069523599,0.6221970689860598,0.559428166081688,0.5589043106132268,1.0585826614908969,0.3469472036448136,0.902834254654124,0.689252289017668,0.6207225453276604,0.6221970689860598,0.779714083040844,0.3469472036448136,,,0.0,0.9844257580076768,0.4944021333940327,0.02,0.5233247119709012,0.5033247119709012,0.1816052893680427,0.1816052893680427,google-bert_bert-base-uncased_ISEAR_3ee76d,/Volumes/Amirali/hidden_states/experiments/baseline_v5_001/models/google-bert/bert-base-uncased/datasets/ISEAR/analysis/probes/probe_run__google-bert_bert-base-uncased__datasets__maxfull__rep5__probes=linear_logistic+mlp_1_hidden+mlp_2_hidden+mlp_3_hidden__hash3ee76dd13b29,,,,
0,3280950887,layer_8,8,0.6666666666666666,mlp_2_hidden,mlp,2_hidden,single_label,768,13,7,6132,767,767,370567,"[384, 192]",16.0,0.597716458069058,-0.0111957332119345,0.1459842026233673,0.0358364554487701,0.8450750163078931,0.8451015536928352,0.8452906818284166,0.8452654105690335,0.8465883542593876,0.8451015536928352,0.8194515884406364,0.8192542137327145,0.4771260489907199,0.6205643028593071,0.9816846706575478,0.9206747140458784,0.5971316818774446,0.5967711187894675,0.597716458069058,0.5980111454686631,0.6011247201390517,0.5967711187894675,0.5303147324376281,0.5299685856398295,1.2366728926182384,0.2903486337745989,0.8858936551879967,0.6439342683786008,0.6284224250325945,0.6285356844989873,0.6277434555137656,0.6275650975586651,0.6315194195926391,0.6285356844989873,0.5673031406787384,0.5664733006098468,1.123828823450392,0.3250329154573511,0.9000763171243713,0.6892787617155909,0.6277434555137656,0.6285356844989873,0.7836515703393692,0.3250329154573511,,,0.0,0.9779506139856728,0.4944021333940327,0.02,0.5237824117181988,0.5037824117181988,0.2175472263146509,0.2175472263146509,google-bert_bert-base-uncased_ISEAR_3ee76d,/Volumes/Amirali/hidden_states/experiments/baseline_v5_001/models/google-bert/bert-base-uncased/datasets/ISEAR/analysis/probes/probe_run__google-bert_bert-base-uncased__datasets__maxfull__rep5__probes=linear_logistic+mlp_1_hidden+mlp_2_hidden+mlp_3_hidden__hash3ee76dd13b29,,,,
0,3349349857,layer_8,8,0.6666666666666666,mlp_3_hidden,mlp,3_hidden,single_label,768,13,7,6132,767,767,388423,"[384, 192, 96]",16.0,0.613295588795319,-0.0111957332119345,0.1459842026233673,0.0358364554487701,0.8238747553816047,0.8238856022594154,0.8244728054741809,0.8244515969490989,0.8268064020028951,0.8238856022594154,0.7948606472971994,0.7945195406190464,0.5245452412806975,0.5918244405044337,0.9765800466325708,0.9062535427324524,0.6114732724902217,0.6111998093649469,0.613295588795319,0.6135921245461967,0.6172218524237607,0.6111998093649469,0.5470771766392022,0.5467244682243473,1.205357292579447,0.2995849409124613,0.8873068519618956,0.6447047399015048,0.6179921773142112,0.6181699034910044,0.6173423526933222,0.6171256863134335,0.6208954459250495,0.6181699034910044,0.5551035466474303,0.5543103174729093,1.136944186734732,0.3207978237820001,0.897992677738905,0.6716650391240446,0.6173423526933222,0.6181699034910044,0.7775517733237152,0.3207978237820001,,,0.0,0.983602705877331,0.4944021333940327,0.02,0.5188539993311733,0.4988539993311732,0.2071304527808587,0.2071304527808587,google-bert_bert-base-uncased_ISEAR_3ee76d,/Volumes/Amirali/hidden_states/experiments/baseline_v5_001/models/google-bert/bert-base-uncased/datasets/ISEAR/analysis/probes/probe_run__google-bert_bert-base-uncased__datasets__maxfull__rep5__probes=linear_logistic+mlp_1_hidden+mlp_2_hidden+mlp_3_hidden__hash3ee76dd13b29,,,,
0,329185174,layer_9,9,0.75,linear_logistic,logistic,linear,single_label,768,13,7,6132,767,767,5383,[],,,-0.004692715127021,0.1583044528961181,0.0358364554487701,0.8569797782126549,0.8570046556376519,0.8572592602044214,0.8572359394730359,0.8575808032276205,0.8570046556376519,0.8331546040211428,0.8331431263524361,0.4312878374218325,0.6496718839792638,0.9822535425648652,0.9234043690522052,0.516297262059974,0.5158703681639462,0.5105796300073069,0.51095596871285,0.5093693798682338,0.5158703681639462,0.4362492818171218,0.4356535984007107,2.6154480218440987,0.0731350152705154,0.8387484595184187,0.5472771194558862,0.5567144719687093,0.5570951983796021,0.5550608085494483,0.5547171053712,0.5537511624506297,0.5570951983796021,0.4829454933869549,0.4828420484833101,2.322997391896472,0.0979794621770317,0.8545712798788124,0.573850781318669,0.5550608085494483,0.5570951983796021,0.7414727466934775,0.0979794621770317,,,0.0,0.974676318317382,0.4976536424364894,0.0152743030116885,0.4656986540695898,0.4504243510579013,0.3021984516549731,0.3021984516549731,google-bert_bert-base-uncased_ISEAR_3ee76d,/Volumes/Amirali/hidden_states/experiments/baseline_v5_001/models/google-bert/bert-base-uncased/datasets/ISEAR/analysis/probes/probe_run__google-bert_bert-base-uncased__datasets__maxfull__rep5__probes=linear_logistic+mlp_1_hidden+mlp_2_hidden+mlp_3_hidden__hash3ee76dd13b29,,,,
0,3129720417,layer_9,9,0.75,mlp_1_hidden,mlp,1_hidden,single_label,768,13,7,6132,767,767,297991,[384],16.0,0.6089775114003865,-0.004692715127021,0.1583044528961181,0.0358364554487701,0.8059360730593608,0.8059525001654414,0.8064565222115121,0.8064278656497483,0.8088514365986123,0.8059525001654414,0.7739162594759849,0.7735907224160847,0.5953570296860577,0.5513656768078079,0.9724457436493732,0.8867617006240565,0.6101694915254238,0.6098653639938043,0.6089775114003865,0.609266216282396,0.6094839574614415,0.6098653639938043,0.5454051684697682,0.5451952919711649,1.1163924884987702,0.3274589784154694,0.8935297769641791,0.660627707823189,0.636245110821382,0.6364470391993329,0.6370466420041412,0.6367705378074465,0.6401532084305194,0.6364470391993329,0.5760399665855147,0.5755976534145675,1.0316929784260973,0.3564030668207199,0.904568037986874,0.6917985593009013,0.6370466420041412,0.6364470391993329,0.7880199832927574,0.3564030668207199,,,0.0,0.9803540594859546,0.4976536424364894,0.02,0.5314901086273407,0.5114901086273407,0.1694098802073709,0.1694098802073709,google-bert_bert-base-uncased_ISEAR_3ee76d,/Volumes/Amirali/hidden_states/experiments/baseline_v5_001/models/google-bert/bert-base-uncased/datasets/ISEAR/analysis/probes/probe_run__google-bert_bert-base-uncased__datasets__maxfull__rep5__probes=linear_logistic+mlp_1_hidden+mlp_2_hidden+mlp_3_hidden__hash3ee76dd13b29,,,,
0,3280951884,layer_9,9,0.75,mlp_2_hidden,mlp,2_hidden,single_label,768,13,7,6132,767,767,370567,"[384, 192]",20.0,0.5918292187228983,-0.004692715127021,0.1583044528961181,0.0358364554487701,0.9776581865622962,0.9776702606075324,0.9778457493383168,0.9778517144800816,0.9787030736222748,0.9776702606075324,0.9740572359573872,0.97393470869225,0.0959875001745726,0.908475371781286,0.9992948348669384,0.9961141699917884,0.5919165580182529,0.5915405695222209,0.5918292187228983,0.592206928321876,0.5936818433848611,0.5915405695222209,0.5241496219307826,0.5239000882507511,1.86711131288378,0.1545695205144222,0.8787980245726728,0.6196567172838163,0.6036505867014341,0.6039318479685453,0.6064823087915115,0.6061873802900819,0.6106285588800712,0.6039318479685453,0.5378294489233088,0.5375926131586046,1.6578390810146253,0.1905502992871433,0.8891241810329895,0.6552366209564381,0.6064823087915115,0.6039318479685453,0.7689147244616543,0.1905502992871433,,,0.0,0.9836241557420402,0.4976536424364894,0.02,0.4998476906871507,0.4798476906871506,0.3713634405468051,0.3713634405468051,google-bert_bert-base-uncased_ISEAR_3ee76d,/Volumes/Amirali/hidden_states/experiments/baseline_v5_001/models/google-bert/bert-base-uncased/datasets/ISEAR/analysis/probes/probe_run__google-bert_bert-base-uncased__datasets__maxfull__rep5__probes=linear_logistic+mlp_1_hidden+mlp_2_hidden+mlp_3_hidden__hash3ee76dd13b29,,,,
0,3349350854,layer_9,9,0.75,mlp_3_hidden,mlp,3_hidden,single_label,768,13,7,6132,767,767,388423,"[384, 192, 96]",19.0,0.6010388488841547,-0.004692715127021,0.1583044528961181,0.0358364554487701,0.944553163731246,0.944540949272724,0.9450574216291932,0.9450491444549723,0.9480908034814236,0.944540949272724,0.93575762401446,0.9353115205705226,0.1807858334058165,0.8346140860126549,0.997769867364375,0.988490674635684,0.5958279009126467,0.5956511378529726,0.6010388488841547,0.6013497798182548,0.6119628009934132,0.5956511378529726,0.529524978269473,0.5285044884976671,1.7133347939189103,0.1802636470454897,0.8789708173826762,0.6330204122969849,0.5997392438070405,0.5998927677826761,0.6035089897033303,0.6032549228660065,0.6168148294096366,0.5998927677826761,0.5348042963570683,0.5329904840481867,1.608030259279425,0.2002817288726831,0.8845258898253091,0.6556494381514959,0.6035089897033303,0.5998927677826761,0.7674021481785341,0.2002817288726831,,,0.0,0.9911662629732888,0.4976536424364894,0.02,0.4999989661264357,0.4799989661264357,0.3415484319258629,0.3415484319258629,google-bert_bert-base-uncased_ISEAR_3ee76d,/Volumes/Amirali/hidden_states/experiments/baseline_v5_001/models/google-bert/bert-base-uncased/datasets/ISEAR/analysis/probes/probe_run__google-bert_bert-base-uncased__datasets__maxfull__rep5__probes=linear_logistic+mlp_1_hidden+mlp_2_hidden+mlp_3_hidden__hash3ee76dd13b29,,,,
0,329186171,layer_10,10,0.8333333333333334,linear_logistic,logistic,linear,single_label,768,13,7,6132,767,767,5383,[],,,-0.0033792685717344,0.1539868265390396,0.0358364554487701,0.851761252446184,0.8517827559461436,0.8519489849057215,0.8519290245052801,0.8522586930181132,0.8517827559461436,0.8270797352734749,0.827054842814574,0.4359107953771143,0.6466754097986283,0.9816963095005802,0.9206362222695542,0.5280312907431551,0.5276778267603955,0.5275324189110339,0.5278875755834697,0.5281776122728704,0.5276778267603955,0.4494595855417221,0.4493668752293033,2.467254871422422,0.0848173743114368,0.8423519674741956,0.5453588384439544,0.5267275097783573,0.5269391159299416,0.526017646821167,0.5258045380719717,0.5259580543486447,0.5269391159299416,0.4479795489170098,0.4478435992170441,2.3572021679640103,0.0946847650208355,0.8474067561314629,0.5607870385096145,0.526017646821167,0.5269391159299416,0.7239897744585049,0.0946847650208355,,,0.0,0.9891493093629458,0.4983103657141328,0.0152743030116885,0.4524426709876435,0.437168367975955,0.3259313380845544,0.3259313380845544,google-bert_bert-base-uncased_ISEAR_3ee76d,/Volumes/Amirali/hidden_states/experiments/baseline_v5_001/models/google-bert/bert-base-uncased/datasets/ISEAR/analysis/probes/probe_run__google-bert_bert-base-uncased__datasets__maxfull__rep5__probes=linear_logistic+mlp_1_hidden+mlp_2_hidden+mlp_3_hidden__hash3ee76dd13b29,,,,
0,3129721414,layer_10,10,0.8333333333333334,mlp_1_hidden,mlp,1_hidden,single_label,768,13,7,6132,767,767,297991,[384],16.0,0.6219788803208809,-0.0033792685717344,0.1539868265390396,0.0358364554487701,0.7945205479452054,0.7945443930885493,0.7950549184535417,0.7950368413255299,0.7969000518830277,0.7945443930885493,0.7604968773071311,0.7602743816934656,0.6110274312377676,0.5427929001050024,0.970505426877712,0.8806303995655218,0.6232073011734028,0.6227689741451209,0.6219788803208809,0.6223373053438548,0.6229446771114195,0.6227689741451209,0.5606583600769404,0.5603869716375491,1.1215750689627084,0.3257662859573118,0.8920958018421857,0.6612003366981496,0.621903520208605,0.6221017514595496,0.6214870977269394,0.6212575903203017,0.6238149281171249,0.6221017514595496,0.5592986189647844,0.5588780672580552,1.052001427485646,0.3492380744893866,0.9015557337448216,0.6787626221637806,0.6214870977269394,0.6221017514595496,0.7796493094823922,0.3492380744893866,,,0.0,0.9857272828722248,0.4983103657141328,0.02,0.5240464875948939,0.5040464875948939,0.1735678207266022,0.1735678207266022,google-bert_bert-base-uncased_ISEAR_3ee76d,/Volumes/Amirali/hidden_states/experiments/baseline_v5_001/models/google-bert/bert-base-uncased/datasets/ISEAR/analysis/probes/probe_run__google-bert_bert-base-uncased__datasets__maxfull__rep5__probes=linear_logistic+mlp_1_hidden+mlp_2_hidden+mlp_3_hidden__hash3ee76dd13b29,,,,
0,3280952881,layer_10,10,0.8333333333333334,mlp_2_hidden,mlp,2_hidden,single_label,768,13,7,6132,767,767,370567,"[384, 192]",15.0,0.6164072269662952,-0.0033792685717344,0.1539868265390396,0.0358364554487701,0.7565231572080887,0.7565571973232343,0.7582091433887916,0.7581769772049204,0.7613131312008053,0.7565571973232343,0.7162084381041197,0.7159438596787346,0.6864341006873386,0.5033678315496735,0.9591938889102508,0.8390871565843695,0.6140808344198174,0.6137376385082807,0.6164072269662952,0.6167294720345278,0.6210359188038677,0.6137376385082807,0.5500508805627168,0.5497540853561795,1.1172350648409834,0.3271831854318491,0.8935303412436009,0.6590413610226944,0.6205997392438071,0.6207553913975933,0.6226050824494325,0.622346434023962,0.6282896587494574,0.6207553913975933,0.5579463384274872,0.5573429111441213,1.0473577815608774,0.3508635836743504,0.9032532172695504,0.6805619916845195,0.6226050824494325,0.6207553913975933,0.7789731692137436,0.3508635836743504,,,0.0,0.986175670591716,0.4983103657141328,0.02,0.524229998416372,0.504229998416372,0.1356040609393591,0.1356040609393591,google-bert_bert-base-uncased_ISEAR_3ee76d,/Volumes/Amirali/hidden_states/experiments/baseline_v5_001/models/google-bert/bert-base-uncased/datasets/ISEAR/analysis/probes/probe_run__google-bert_bert-base-uncased__datasets__maxfull__rep5__probes=linear_logistic+mlp_1_hidden+mlp_2_hidden+mlp_3_hidden__hash3ee76dd13b29,,,,
0,3349351851,layer_10,10,0.8333333333333334,mlp_3_hidden,mlp,3_hidden,single_label,768,13,7,6132,767,767,388423,"[384, 192, 96]",17.0,0.5965648900852759,-0.0033792685717344,0.1539868265390396,0.0358364554487701,0.8723091976516634,0.8723175561036671,0.8736381679624058,0.8736270507043143,0.876930446810228,0.8723175561036671,0.8513370955201132,0.8510272216163983,0.4016778476972782,0.6691962940958908,0.986141906522648,0.9404033858632715,0.5932203389830508,0.5929584177290599,0.5965648900852759,0.5968415730659021,0.603180931902787,0.5929584177290599,0.5259615518301702,0.5254230565575997,1.359055897592914,0.2569032054315301,0.8848033632204478,0.6350745831809158,0.6245110821382008,0.6246991540569523,0.6294495983043357,0.6291816468886837,0.6393792014535811,0.6246991540569523,0.5625646863219664,0.5619115993391866,1.2328302184444568,0.2914664953844244,0.8961052798755679,0.6687843289545466,0.6294495983043357,0.6246991540569523,0.7812823431609832,0.2914664953844244,,,0.0,0.9761054792834912,0.4983103657141328,0.02,0.5199323399112724,0.4999323399112724,0.2441885696580701,0.2441885696580701,google-bert_bert-base-uncased_ISEAR_3ee76d,/Volumes/Amirali/hidden_states/experiments/baseline_v5_001/models/google-bert/bert-base-uncased/datasets/ISEAR/analysis/probes/probe_run__google-bert_bert-base-uncased__datasets__maxfull__rep5__probes=linear_logistic+mlp_1_hidden+mlp_2_hidden+mlp_3_hidden__hash3ee76dd13b29,,,,
0,329187168,layer_11,11,0.9166666666666666,linear_logistic,logistic,linear,single_label,768,13,7,6132,767,767,5383,[],,,-0.0019319872371852,0.1593880653381347,0.0358364554487701,0.8452380952380952,0.8452644432485604,0.845491396131031,0.8454624904680478,0.8458560705569129,0.8452644432485604,0.8194686976617426,0.8194441867459954,0.4499885416492955,0.637635457830612,0.9804009465476085,0.91505993417886,0.5371577574967406,0.5369117121410699,0.5357681489731952,0.5359956848236805,0.5360101422143785,0.5369117121410699,0.4601913754809885,0.4600069808304808,2.3773315488687965,0.092797874006159,0.8436843564252551,0.5565790603169342,0.5371577574967406,0.5374002144644346,0.5395469343515488,0.5392890912286838,0.5426771587983998,0.5374002144644346,0.460139038257738,0.4600112644325542,2.173176199185081,0.1138155413734551,0.8524304740876107,0.5760143157178916,0.5395469343515488,0.5374002144644346,0.7300695191288691,0.1138155413734551,,,0.0,0.9836942368719828,0.4990340063814074,0.0152743030116885,0.4597098717704969,0.4444355687588083,0.3059444617794822,0.3059444617794822,google-bert_bert-base-uncased_ISEAR_3ee76d,/Volumes/Amirali/hidden_states/experiments/baseline_v5_001/models/google-bert/bert-base-uncased/datasets/ISEAR/analysis/probes/probe_run__google-bert_bert-base-uncased__datasets__maxfull__rep5__probes=linear_logistic+mlp_1_hidden+mlp_2_hidden+mlp_3_hidden__hash3ee76dd13b29,,,,
0,3129722411,layer_11,11,0.9166666666666666,mlp_1_hidden,mlp,1_hidden,single_label,768,13,7,6132,767,767,297991,[384],17.0,0.6259967747717721,-0.0019319872371852,0.1593880653381347,0.0358364554487701,0.8421395955642531,0.8421350080873587,0.8422349289081141,0.8422196369970435,0.8444649325814239,0.8421350080873587,0.81620090172921,0.8158278824272319,0.5119898290523572,0.5993018832826172,0.9809901459085332,0.918898831745736,0.6271186440677966,0.6268318837126177,0.6259967747717721,0.6262784936927676,0.6263315609523533,0.6268318837126177,0.5651552335076803,0.5649702724463852,1.1279858386031425,0.3236845532254951,0.8937152927675696,0.6605835203453065,0.6101694915254238,0.6103419516263554,0.6080759436362293,0.6078356868862981,0.6121387386877526,0.6103419516263554,0.5462217300869706,0.5451709379673078,1.1131441194443423,0.3285244155572036,0.895948407219743,0.6680369560108617,0.6080759436362293,0.6103419516263554,0.7731108650434853,0.3285244155572036,,,0.0,0.9820345545239016,0.4990340063814074,0.02,0.5155445057367143,0.4955445057367142,0.2341589852718848,0.2341589852718848,google-bert_bert-base-uncased_ISEAR_3ee76d,/Volumes/Amirali/hidden_states/experiments/baseline_v5_001/models/google-bert/bert-base-uncased/datasets/ISEAR/analysis/probes/probe_run__google-bert_bert-base-uncased__datasets__maxfull__rep5__probes=linear_logistic+mlp_1_hidden+mlp_2_hidden+mlp_3_hidden__hash3ee76dd13b29,,,,
0,3280953878,layer_11,11,0.9166666666666666,mlp_2_hidden,mlp,2_hidden,single_label,768,13,7,6132,767,767,370567,"[384, 192]",14.0,0.6190520781847095,-0.0019319872371852,0.1593880653381347,0.0358364554487701,0.6922700587084148,0.692306221728883,0.6931775979077216,0.6931375031697447,0.6953961512008816,0.692306221728883,0.6411916340917275,0.6409804986900118,0.8417221900518774,0.4309676757064217,0.936812372839868,0.7664428355756602,0.6179921773142112,0.6176933158584534,0.6190520781847095,0.6193467981001962,0.6211840858973305,0.6176933158584534,0.5544425553634741,0.554322691702066,1.1141725595943774,0.3281867215367868,0.8903322742535639,0.6551999936171989,0.6192959582790091,0.6195162635529609,0.6204295667575108,0.6201911506906298,0.6233378530749093,0.6195162635529609,0.5561613260973606,0.5558358470322486,1.047378068388934,0.3508564658373564,0.9008463500653856,0.6709393538245728,0.6204295667575108,0.6195162635529609,0.7780806630486803,0.3508564658373564,,,0.0,0.9853292053558186,0.4990340063814074,0.02,0.5233171981180118,0.5033171981180118,0.0727480311502107,0.0727480311502107,google-bert_bert-base-uncased_ISEAR_3ee76d,/Volumes/Amirali/hidden_states/experiments/baseline_v5_001/models/google-bert/bert-base-uncased/datasets/ISEAR/analysis/probes/probe_run__google-bert_bert-base-uncased__datasets__maxfull__rep5__probes=linear_logistic+mlp_1_hidden+mlp_2_hidden+mlp_3_hidden__hash3ee76dd13b29,,,,
0,3349352848,layer_11,11,0.9166666666666666,mlp_3_hidden,mlp,3_hidden,single_label,768,13,7,6132,767,767,388423,"[384, 192, 96]",18.0,0.6084751193545813,-0.0019319872371852,0.1593880653381347,0.0358364554487701,0.8995433789954338,0.8995401918869089,0.9000294131221915,0.9000210003841407,0.9025340802005528,0.8995401918869089,0.8831549351465139,0.8828000342790117,0.3070891890035382,0.7355849918890511,0.9916864056102268,0.9601241151336938,0.6049543676662321,0.6046467294173716,0.6084751193545813,0.6087529175244184,0.6159856228591652,0.6046467294173716,0.5395995020114955,0.5391027217414068,1.4379167235167194,0.2374218592053194,0.8867515559214061,0.6432892518349412,0.6049543676662321,0.605099487668295,0.6087959134473727,0.6085372706227947,0.6175073925373641,0.605099487668295,0.5398973875133698,0.5390807834799647,1.4525229186739286,0.233979232240054,0.8838624291311666,0.6444790774947082,0.6087959134473727,0.605099487668295,0.7699486937566848,0.233979232240054,,,0.0,0.9921544045196866,0.4990340063814074,0.02,0.5060212695706345,0.4860212695706345,0.2912334996748188,0.2912334996748188,google-bert_bert-base-uncased_ISEAR_3ee76d,/Volumes/Amirali/hidden_states/experiments/baseline_v5_001/models/google-bert/bert-base-uncased/datasets/ISEAR/analysis/probes/probe_run__google-bert_bert-base-uncased__datasets__maxfull__rep5__probes=linear_logistic+mlp_1_hidden+mlp_2_hidden+mlp_3_hidden__hash3ee76dd13b29,,,,
0,329188165,layer_12,12,1.0,linear_logistic,logistic,linear,single_label,768,13,7,6132,767,767,5383,[],,,-0.003827104344964,0.1597937494516372,0.0358364554487701,0.8393672537508154,0.8393876287828478,0.8395814479395839,0.8395545525011956,0.8399741225899554,0.8393876287828478,0.8126305540108578,0.8125945479094246,0.460591383628888,0.6309104250628961,0.9796083293940692,0.9107670536873312,0.5202086049543677,0.5198975336590015,0.5190309858359254,0.5193107284419731,0.5192295170083085,0.5198975336590015,0.4403703639683988,0.4402314784516011,2.396900104269007,0.0909996058067152,0.8401109129816204,0.5461417949294771,0.5371577574967406,0.5374121291552484,0.5354439125656264,0.535170704763302,0.5354899821382442,0.5374121291552484,0.4603157802889222,0.4600016262323172,2.3285375570983127,0.0974381406600829,0.841100184986912,0.549100565836972,0.5354439125656264,0.5374121291552484,0.7301578901444611,0.0974381406600829,,,0.0,0.9781667641849124,0.498086447827518,0.0152743030116885,0.4564612939122384,0.4411869909005499,0.3041375353739575,0.3041375353739575,google-bert_bert-base-uncased_ISEAR_3ee76d,/Volumes/Amirali/hidden_states/experiments/baseline_v5_001/models/google-bert/bert-base-uncased/datasets/ISEAR/analysis/probes/probe_run__google-bert_bert-base-uncased__datasets__maxfull__rep5__probes=linear_logistic+mlp_1_hidden+mlp_2_hidden+mlp_3_hidden__hash3ee76dd13b29,,,,
0,3129723408,layer_12,12,1.0,mlp_1_hidden,mlp,1_hidden,single_label,768,13,7,6132,767,767,297991,[384],15.0,0.6126422488532569,-0.003827104344964,0.1597937494516372,0.0358364554487701,0.7467384213959556,0.7467869767415003,0.7467692486872564,0.7467451651415757,0.7482853768280695,0.7467869767415003,0.704796840200045,0.7045314952865882,0.7395235869221256,0.4773412729837585,0.955232565368786,0.8294593015674883,0.6153846153846154,0.6149886810437268,0.6126422488532569,0.6129553496952509,0.6151467736025632,0.6149886810437268,0.5520561688373595,0.5512573876482487,1.1080089813219174,0.3302157727674176,0.8903883810575286,0.65563845566972,0.6271186440677966,0.627391874180865,0.6281872394792779,0.6279979143958351,0.6313842658581165,0.627391874180865,0.5654048449523431,0.5649909770559423,1.0517306334886976,0.3493326588693273,0.8987732829953535,0.6683836763915222,0.6281872394792779,0.627391874180865,0.7827024224761716,0.3493326588693273,,,0.0,0.976651796015366,0.498086447827518,0.02,0.5260637222482202,0.5060637222482202,0.1185820092079784,0.1185820092079784,google-bert_bert-base-uncased_ISEAR_3ee76d,/Volumes/Amirali/hidden_states/experiments/baseline_v5_001/models/google-bert/bert-base-uncased/datasets/ISEAR/analysis/probes/probe_run__google-bert_bert-base-uncased__datasets__maxfull__rep5__probes=linear_logistic+mlp_1_hidden+mlp_2_hidden+mlp_3_hidden__hash3ee76dd13b29,,,,
0,3280954875,layer_12,12,1.0,mlp_2_hidden,mlp,2_hidden,single_label,768,13,7,6132,767,767,370567,"[384, 192]",16.0,0.6047489506093734,-0.003827104344964,0.1597937494516372,0.0358364554487701,0.822570123939987,0.8225914049160001,0.8228825405471654,0.822864312346757,0.8242025722607903,0.8225914049160001,0.793167005961812,0.7929986577647656,0.5190405545127066,0.5950912317532598,0.9772052598816932,0.9045157145292698,0.60625814863103,0.605838198498749,0.6047489506093734,0.605073607788618,0.606515884166399,0.605838198498749,0.5410184043904883,0.5406083467699552,1.1946526243888682,0.3028091244189489,0.8908270757035757,0.6574643485099505,0.6023468057366362,0.6025497438341476,0.6019565047215296,0.60171240259867,0.6037374125327563,0.6025497438341476,0.5364574446408849,0.5360540548044639,1.1868947979386264,0.3051674007755842,0.8903309221767897,0.6539061054463698,0.6019565047215296,0.6025497438341476,0.7682287223204425,0.3051674007755842,,,0.0,0.986452360828441,0.498086447827518,0.02,0.5101721946553494,0.4901721946553493,0.2209260358256357,0.2209260358256357,google-bert_bert-base-uncased_ISEAR_3ee76d,/Volumes/Amirali/hidden_states/experiments/baseline_v5_001/models/google-bert/bert-base-uncased/datasets/ISEAR/analysis/probes/probe_run__google-bert_bert-base-uncased__datasets__maxfull__rep5__probes=linear_logistic+mlp_1_hidden+mlp_2_hidden+mlp_3_hidden__hash3ee76dd13b29,,,,
0,3349353845,layer_12,12,1.0,mlp_3_hidden,mlp,3_hidden,single_label,768,13,7,6132,767,767,388423,"[384, 192, 96]",16.0,0.5971223206736722,-0.003827104344964,0.1597937494516372,0.0358364554487701,0.7891389432485323,0.789211956438976,0.7876601618617733,0.787622875265664,0.7894032676124144,0.789211956438976,0.7545238956946764,0.7539992348812251,0.6122032234890538,0.5421550634741732,0.9676282086095828,0.8679548210479673,0.6010430247718384,0.6005599904682474,0.5971223206736722,0.5974738979123136,0.5985264874046244,0.6005599904682474,0.5352325869141694,0.5345144572984615,1.2126127481234934,0.2974191819765936,0.8844190215756534,0.6345279673290627,0.6049543676662321,0.6053616108661981,0.6016170651924624,0.601315799882552,0.6008780085732222,0.6053616108661981,0.5395922277546652,0.5391383669624709,1.1186209251789818,0.3267300692822708,0.8953364739405055,0.6689210605079242,0.6016170651924624,0.6053616108661981,0.7697961138773326,0.3267300692822708,,,0.0,0.9780301977434602,0.498086447827518,0.02,0.5120582741035942,0.4920582741035941,0.1860430966693109,0.1860430966693109,google-bert_bert-base-uncased_ISEAR_3ee76d,/Volumes/Amirali/hidden_states/experiments/baseline_v5_001/models/google-bert/bert-base-uncased/datasets/ISEAR/analysis/probes/probe_run__google-bert_bert-base-uncased__datasets__maxfull__rep5__probes=linear_logistic+mlp_1_hidden+mlp_2_hidden+mlp_3_hidden__hash3ee76dd13b29,,,,
1,329176202,layer_0,0,0.0,linear_logistic,logistic,linear,single_label,768,13,7,6132,767,767,5383,[],,,-0.015579892322421,0.196332573890686,0.0355512067840834,0.8181669928245271,0.8181590207851588,0.8178087988686229,0.8178115056143803,0.8178322947214705,0.8181590207851588,0.7879238871712531,0.7878608597487237,0.5390799788653746,0.5832846397883836,0.9735204764113486,0.8937714092702826,0.5019556714471969,0.5019897533659001,0.500288228440469,0.5002417792135431,0.4998954125827883,0.5019897533659001,0.4191312590119682,0.418941698628833,2.420659524624372,0.0888629907980214,0.8195353886400711,0.5274508355307871,0.4980443285528031,0.4981889669963065,0.5003972798971922,0.5003328339124795,0.5070307794814347,0.4981889669963065,0.4150182377146822,0.4144120919108971,2.389636627935155,0.091662985595027,0.8258631284484913,0.5331724638684288,0.5003972798971922,0.4981889669963065,0.7075091188573411,0.091662985595027,,,0.0,0.9903681080353918,0.4922100538387894,0.0152743030116885,0.4387676449073265,0.423493341895638,0.3174115189714307,0.3174115189714307,google-bert_bert-base-uncased_ISEAR_3ee76d,/Volumes/Amirali/hidden_states/experiments/baseline_v5_001/models/google-bert/bert-base-uncased/datasets/ISEAR/analysis/probes/probe_run__google-bert_bert-base-uncased__datasets__maxfull__rep5__probes=linear_logistic+mlp_1_hidden+mlp_2_hidden+mlp_3_hidden__hash3ee76dd13b29,,,,
1,3129711445,layer_0,0,0.0,mlp_1_hidden,mlp,1_hidden,single_label,768,13,7,6132,767,767,297991,[384],16.0,0.6024035559492761,-0.015579892322421,0.196332573890686,0.0355512067840834,0.8168623613829094,0.8169024902029844,0.8168794573480695,0.8168757683321122,0.8202428986622754,0.8169024902029844,0.7868929048078379,0.7863425837370455,0.5818984209614549,0.5588364520693276,0.9748042989549198,0.8999977222483303,0.6023468057366362,0.6023233647086857,0.6024035559492761,0.6024123828781807,0.6083793584678149,0.6023233647086857,0.536970575764874,0.5360614155645063,1.1768024686375846,0.3082628445211082,0.8803537135036651,0.6510723175175205,0.6049543676662321,0.6049803407601572,0.6046846711068998,0.6046494349578307,0.6064458737857696,0.6049803407601572,0.5394157558805636,0.5391118620673243,1.135941307712301,0.321119706567681,0.8914438468368733,0.6840195617691389,0.6046846711068998,0.6049803407601572,0.7697078779402817,0.321119706567681,,,0.0,0.9866570907649904,0.4922100538387894,0.02,0.5127625830069974,0.4927625830069974,0.2121947862411697,0.2121947862411697,google-bert_bert-base-uncased_ISEAR_3ee76d,/Volumes/Amirali/hidden_states/experiments/baseline_v5_001/models/google-bert/bert-base-uncased/datasets/ISEAR/analysis/probes/probe_run__google-bert_bert-base-uncased__datasets__maxfull__rep5__probes=linear_logistic+mlp_1_hidden+mlp_2_hidden+mlp_3_hidden__hash3ee76dd13b29,,,,
1,3280942912,layer_0,0,0.0,mlp_2_hidden,mlp,2_hidden,single_label,768,13,7,6132,767,767,370567,"[384, 192]",18.0,0.5839823299555932,-0.015579892322421,0.196332573890686,0.0355512067840834,0.9463470319634704,0.9463618467704178,0.946441268806149,0.9464343584068649,0.947205207725937,0.9463618467704178,0.9375178705523224,0.9374050298800424,0.2043154132433436,0.815205204115054,0.9973939091673716,0.987320890209547,0.5827900912646675,0.5828071011557251,0.5839823299555932,0.5839601819673155,0.5862817567348174,0.5828071011557251,0.5134336543798712,0.5132544169821536,1.6127273131057214,0.1993432006959342,0.8690751004807218,0.6281301774864522,0.5840938722294654,0.5842845228166329,0.5828465198301246,0.5827451859208876,0.5849674450029336,0.5842845228166329,0.5153762025272653,0.5148005148005148,1.553213048585262,0.2115671051924711,0.8801823389438699,0.6526539385353214,0.5828465198301246,0.5842845228166329,0.7576881012636327,0.2115671051924711,,,0.0,0.9832633717127778,0.4922100538387894,0.02,0.4911010739520353,0.4711010739520353,0.3635947489760244,0.3635947489760244,google-bert_bert-base-uncased_ISEAR_3ee76d,/Volumes/Amirali/hidden_states/experiments/baseline_v5_001/models/google-bert/bert-base-uncased/datasets/ISEAR/analysis/probes/probe_run__google-bert_bert-base-uncased__datasets__maxfull__rep5__probes=linear_logistic+mlp_1_hidden+mlp_2_hidden+mlp_3_hidden__hash3ee76dd13b29,,,,
1,3349341882,layer_0,0,0.0,mlp_3_hidden,mlp,3_hidden,single_label,768,13,7,6132,767,767,388423,"[384, 192, 96]",17.0,0.592050040231394,-0.015579892322421,0.196332573890686,0.0355512067840834,0.9003587736464449,0.9003488952825666,0.9003618871833396,0.9003590146327882,0.9012364068198434,0.9003488952825666,0.8838922412300939,0.8837512930262945,0.3161193886052244,0.728972413972411,0.9918135844081029,0.9628572381500764,0.5945241199478487,0.5944477540807815,0.592050040231394,0.5920821541111636,0.5921104848973691,0.5944477540807815,0.5273070132910773,0.5269272493252075,1.5106398302315915,0.2207686782857414,0.869420387507232,0.6282205966618731,0.5775749674054759,0.5776480400333612,0.5773030371483551,0.5772491760741265,0.5800132862531628,0.5776480400333612,0.5076503497040603,0.5071759612734084,1.4490071520204637,0.2348032963821544,0.8806123309978376,0.6572989508410678,0.5773030371483551,0.5776480400333612,0.7538251748520302,0.2348032963821544,,,0.0,0.9876516651408148,0.4922100538387894,0.02,0.4909027403641339,0.4709027403641339,0.3230588500349846,0.3230588500349846,google-bert_bert-base-uncased_ISEAR_3ee76d,/Volumes/Amirali/hidden_states/experiments/baseline_v5_001/models/google-bert/bert-base-uncased/datasets/ISEAR/analysis/probes/probe_run__google-bert_bert-base-uncased__datasets__maxfull__rep5__probes=linear_logistic+mlp_1_hidden+mlp_2_hidden+mlp_3_hidden__hash3ee76dd13b29,,,,
1,329177199,layer_1,1,0.0833333333333333,linear_logistic,logistic,linear,single_label,768,13,7,6132,767,767,5383,[],,,-0.0098667237907648,0.1337990760803222,0.0355512067840834,0.8233855185909981,0.8233883699997497,0.8231085200499508,0.8231062170095521,0.8230428167840371,0.8233883699997497,0.7939835935859106,0.793949694971545,0.5232501104432634,0.5925914271544998,0.9751193374621184,0.8988151180214052,0.4915254237288136,0.4915524842130346,0.4939516840876303,0.4939115117419958,0.4982560355492252,0.4915524842130346,0.4070591819460488,0.406774114861287,2.3804408460274344,0.0925097859479708,0.8224142773169015,0.5281539919577403,0.5084745762711864,0.5086381508399856,0.5074209591342141,0.5073290282725937,0.5085257565963852,0.5086381508399856,0.4269401122346823,0.4265801523387227,2.406685867878148,0.0901134481122385,0.8279312265302694,0.5318807837866303,0.5074209591342141,0.5086381508399856,0.7134700561173412,0.0901134481122385,,,0.0,0.989985617414202,0.4950666381046176,0.0152743030116885,0.4429347092850275,0.427660406273339,0.3156875609157367,0.3156875609157367,google-bert_bert-base-uncased_ISEAR_3ee76d,/Volumes/Amirali/hidden_states/experiments/baseline_v5_001/models/google-bert/bert-base-uncased/datasets/ISEAR/analysis/probes/probe_run__google-bert_bert-base-uncased__datasets__maxfull__rep5__probes=linear_logistic+mlp_1_hidden+mlp_2_hidden+mlp_3_hidden__hash3ee76dd13b29,,,,
1,3129712442,layer_1,1,0.0833333333333333,mlp_1_hidden,mlp,1_hidden,single_label,768,13,7,6132,767,767,297991,[384],17.0,0.6018341744915529,-0.0098667237907648,0.1337990760803222,0.0355512067840834,0.8677429876060013,0.8677595393861053,0.8679472392200036,0.8679437577837968,0.8694062398585316,0.8677595393861053,0.8459083649629356,0.8457009182018018,0.4753299768568095,0.6216798826419593,0.9854643818124492,0.9385722556597073,0.6010430247718384,0.6010961515548672,0.6018341744915529,0.6017709863321163,0.6033542175489333,0.6010961515548672,0.5346776213774714,0.5345439978105708,1.2194331293342076,0.2953975716892429,0.8749725974871925,0.6438391364309017,0.6075619295958279,0.6076849755748839,0.6079292514849906,0.6078046671702771,0.609707766482007,0.6076849755748839,0.542403133770132,0.5421567519221654,1.1536169784203985,0.3154935697276678,0.8898885804677689,0.6819064218701537,0.6079292514849906,0.6076849755748839,0.771201566885066,0.3154935697276678,,,0.0,0.9828677887033664,0.4950666381046176,0.02,0.5134047619885744,0.4934047619885744,0.260017987735013,0.260017987735013,google-bert_bert-base-uncased_ISEAR_3ee76d,/Volumes/Amirali/hidden_states/experiments/baseline_v5_001/models/google-bert/bert-base-uncased/datasets/ISEAR/analysis/probes/probe_run__google-bert_bert-base-uncased__datasets__maxfull__rep5__probes=linear_logistic+mlp_1_hidden+mlp_2_hidden+mlp_3_hidden__hash3ee76dd13b29,,,,
1,3280943909,layer_1,1,0.0833333333333333,mlp_2_hidden,mlp,2_hidden,single_label,768,13,7,6132,767,767,370567,"[384, 192]",15.0,0.5931708675768543,-0.0098667237907648,0.1337990760803222,0.0355512067840834,0.776908023483366,0.7768947758999376,0.7767338769410325,0.7767264204287597,0.7802428967475191,0.7768947758999376,0.7402879550016908,0.7397233785830257,0.6518153669583702,0.5210989318026852,0.964214500931354,0.8652695267135481,0.5919165580182529,0.5920767306088407,0.5931708675768543,0.5930625137430883,0.597271152778241,0.5920767306088407,0.5244273032569766,0.5239133064556112,1.219844664802358,0.2952760301223355,0.8757627576804208,0.6471395634468876,0.6127770534550195,0.61272488978911,0.6109801393539025,0.6109514396139174,0.6120541809338592,0.61272488978911,0.5486455634334237,0.5482177528593499,1.1537078772586125,0.3154648930320745,0.8913809338981418,0.6823848160031922,0.6109801393539025,0.61272488978911,0.7743227817167119,0.3154648930320745,,,0.0,0.9819943658223548,0.4950666381046176,0.02,0.5153014433550227,0.4953014433550227,0.1657537375871299,0.1657537375871299,google-bert_bert-base-uncased_ISEAR_3ee76d,/Volumes/Amirali/hidden_states/experiments/baseline_v5_001/models/google-bert/bert-base-uncased/datasets/ISEAR/analysis/probes/probe_run__google-bert_bert-base-uncased__datasets__maxfull__rep5__probes=linear_logistic+mlp_1_hidden+mlp_2_hidden+mlp_3_hidden__hash3ee76dd13b29,,,,
1,3349342879,layer_1,1,0.0833333333333333,mlp_3_hidden,mlp,3_hidden,single_label,768,13,7,6132,767,767,388423,"[384, 192, 96]",15.0,0.5763072836051135,-0.0098667237907648,0.1337990760803222,0.0355512067840834,0.7561969993476843,0.7561980789200714,0.7543286406672584,0.7543310080162875,0.7567636889293843,0.7561980789200714,0.716268569693475,0.7155633512363226,0.705114520677027,0.4940519918476827,0.9571074783393648,0.8427491743523177,0.5775749674054759,0.5775884665792922,0.5763072836051135,0.5762593810726514,0.5769677720152442,0.5775884665792922,0.5074734218127883,0.5071603234193445,1.2064270051351218,0.2992646424838442,0.8741371850278271,0.6412380101446261,0.6036505867014341,0.6037531276063387,0.6021371928115398,0.6020939431387432,0.6023670609974497,0.6037531276063387,0.5378869688341871,0.5376063681055323,1.1729327033274974,0.3094580604943426,0.8837989192810491,0.6640409017225882,0.6021371928115398,0.6037531276063387,0.7689434844170935,0.3094580604943426,,,0.0,0.9808722940269452,0.4950666381046176,0.02,0.5102251573637594,0.4902251573637594,0.1521914478557186,0.1521914478557186,google-bert_bert-base-uncased_ISEAR_3ee76d,/Volumes/Amirali/hidden_states/experiments/baseline_v5_001/models/google-bert/bert-base-uncased/datasets/ISEAR/analysis/probes/probe_run__google-bert_bert-base-uncased__datasets__maxfull__rep5__probes=linear_logistic+mlp_1_hidden+mlp_2_hidden+mlp_3_hidden__hash3ee76dd13b29,,,,
1,329178196,layer_2,2,0.1666666666666666,linear_logistic,logistic,linear,single_label,768,13,7,6132,767,767,5383,[],,,-0.0108507210388779,0.1289940923452377,0.0355512067840834,0.8170254403131115,0.8170290248909032,0.8168699471076508,0.8168638010844206,0.8171618957752341,0.8170290248909032,0.7866050745848635,0.7865292895848688,0.5425769900956324,0.5812484492183143,0.9731615448152278,0.892954773502899,0.4980443285528031,0.4980102466340998,0.4995017104242207,0.499488826733633,0.5025672500152868,0.4980102466340998,0.4145946261725021,0.4143667994097955,2.393092101040545,0.0913467932252776,0.8214000445599393,0.5223394910347753,0.4980443285528031,0.4981174788514239,0.4970945720939556,0.4970503232351157,0.4974937074707096,0.4981174788514239,0.4146017692194623,0.4143969951889708,2.3648985604925845,0.0939588310226148,0.8295718868361031,0.5308526600539175,0.4970945720939556,0.4981174788514239,0.7073008846097312,0.0939588310226148,,,0.0,0.9845332605468214,0.494574639480561,0.0152743030116885,0.4376643386736338,0.4223900356619453,0.3197753750136952,0.3197753750136952,google-bert_bert-base-uncased_ISEAR_3ee76d,/Volumes/Amirali/hidden_states/experiments/baseline_v5_001/models/google-bert/bert-base-uncased/datasets/ISEAR/analysis/probes/probe_run__google-bert_bert-base-uncased__datasets__maxfull__rep5__probes=linear_logistic+mlp_1_hidden+mlp_2_hidden+mlp_3_hidden__hash3ee76dd13b29,,,,
1,3129713439,layer_2,2,0.1666666666666666,mlp_1_hidden,mlp,1_hidden,single_label,768,13,7,6132,767,767,297991,[384],20.0,0.589757109970454,-0.0108507210388779,0.1289940923452377,0.0355512067840834,0.9657534246575342,0.9657583976785232,0.9659114098739788,0.9659049076920568,0.9665525652806572,0.9657583976785232,0.9601302364951476,0.960045628629312,0.2095839013000343,0.8109215992024013,0.9986198291635096,0.9932102432662694,0.5880052151238592,0.588013821041344,0.589757109970454,0.5897319006281652,0.5945480880213155,0.588013821041344,0.5197755870533036,0.5193311108422791,1.374915886239699,0.2528608639883635,0.8690076221538072,0.6295884315182105,0.6127770534550195,0.6128440366972476,0.6122599367325636,0.6121497423880902,0.6136294738473386,0.6128440366972476,0.5485019283755184,0.548232088354927,1.27369663928919,0.279795405011477,0.886966797294459,0.6755857799259183,0.6122599367325636,0.6128440366972476,0.7742509641877592,0.279795405011477,,,0.0,0.9807945300218858,0.494574639480561,0.02,0.5119169597932562,0.4919169597932562,0.3536514731414151,0.3536514731414151,google-bert_bert-base-uncased_ISEAR_3ee76d,/Volumes/Amirali/hidden_states/experiments/baseline_v5_001/models/google-bert/bert-base-uncased/datasets/ISEAR/analysis/probes/probe_run__google-bert_bert-base-uncased__datasets__maxfull__rep5__probes=linear_logistic+mlp_1_hidden+mlp_2_hidden+mlp_3_hidden__hash3ee76dd13b29,,,,
1,3280944906,layer_2,2,0.1666666666666666,mlp_2_hidden,mlp,2_hidden,single_label,768,13,7,6132,767,767,370567,"[384, 192]",15.0,0.5809205884179659,-0.0108507210388779,0.1289940923452377,0.0355512067840834,0.7845727332028702,0.7846038563884135,0.7832780515550836,0.7832737764016334,0.7841361263173212,0.7846038563884135,0.7490296873767275,0.7486711052000167,0.6488433825288539,0.5226499333488367,0.9646424722894454,0.8673595854838753,0.5801825293350718,0.5802096985583224,0.5809205884179659,0.5808804783259481,0.584340135688618,0.5802096985583224,0.5106585303459157,0.5102015722796469,1.2363252863101435,0.2904495783347122,0.8726795122647373,0.6352432510487972,0.6036505867014341,0.6037769569879662,0.5989164887491389,0.598839841591949,0.5986812417609811,0.6037769569879662,0.5383407203069048,0.5376100359531757,1.1654087254240448,0.3117951973611387,0.8882341786874622,0.671777098351542,0.5989164887491389,0.6037769569879662,0.7691703601534524,0.3117951973611387,,,0.0,0.9874805027166332,0.494574639480561,0.02,0.5103275217403028,0.4903275217403028,0.1843615628059446,0.1843615628059446,google-bert_bert-base-uncased_ISEAR_3ee76d,/Volumes/Amirali/hidden_states/experiments/baseline_v5_001/models/google-bert/bert-base-uncased/datasets/ISEAR/analysis/probes/probe_run__google-bert_bert-base-uncased__datasets__maxfull__rep5__probes=linear_logistic+mlp_1_hidden+mlp_2_hidden+mlp_3_hidden__hash3ee76dd13b29,,,,
1,3349343876,layer_2,2,0.1666666666666666,mlp_3_hidden,mlp,3_hidden,single_label,768,13,7,6132,767,767,388423,"[384, 192, 96]",15.0,0.5808106847902673,-0.0108507210388779,0.1289940923452377,0.0355512067840834,0.7682648401826484,0.768285472686939,0.7687333595974596,0.768721284573131,0.7732669242650022,0.768285472686939,0.7303136810627955,0.7296431523878516,0.692492663367458,0.5003273657178022,0.9585515522299431,0.849344665648191,0.5814863102998696,0.5814845704753961,0.5808106847902673,0.5807473304829709,0.5833198312210258,0.5814845704753961,0.5122253249302767,0.511712033318459,1.228937929656893,0.2926031778695528,0.8699936770443022,0.6318660258264364,0.5958279009126467,0.5959370904325033,0.5943776624592461,0.5942703654579589,0.596719497994517,0.5959370904325033,0.528992112657141,0.5284652164514614,1.1582187727258,0.3140450686233532,0.887604340877844,0.6665499099803606,0.5943776624592461,0.5959370904325033,0.7644960563285705,0.3140450686233532,,,0.0,0.9837975539771922,0.494574639480561,0.02,0.5071723818630551,0.4871723818630551,0.1743556971382135,0.1743556971382135,google-bert_bert-base-uncased_ISEAR_3ee76d,/Volumes/Amirali/hidden_states/experiments/baseline_v5_001/models/google-bert/bert-base-uncased/datasets/ISEAR/analysis/probes/probe_run__google-bert_bert-base-uncased__datasets__maxfull__rep5__probes=linear_logistic+mlp_1_hidden+mlp_2_hidden+mlp_3_hidden__hash3ee76dd13b29,,,,
1,329179193,layer_3,3,0.25,linear_logistic,logistic,linear,single_label,768,13,7,6132,767,767,5383,[],,,-0.0118696950376033,0.1469747424125671,0.0355512067840834,0.8245270711024135,0.8245282510841474,0.8243529191522662,0.8243489574588535,0.8243619925737157,0.8245282510841474,0.7953124315217152,0.79528123995299,0.5237800688178275,0.5922774615666789,0.974973192863858,0.9003682083741708,0.530638852672751,0.530704158227094,0.5304553381381301,0.5304031954369468,0.53032041240592,0.530704158227094,0.4524297300569751,0.4524144769459594,2.351588312578184,0.0952178064076178,0.8273501951699312,0.5371530605346656,0.5097783572359843,0.5098534493029906,0.5113640331434083,0.5113352713115831,0.5174219647690702,0.5098534493029906,0.428779677700054,0.4280886844088366,2.385122533851702,0.0920776962532228,0.8280899925565993,0.5362397874895937,0.5113640331434083,0.5098534493029906,0.714389838850027,0.0920776962532228,,,0.0,0.9792730453040908,0.4940651524811983,0.0152743030116885,0.443315833288596,0.4280415302769074,0.3129888860088579,0.3129888860088579,google-bert_bert-base-uncased_ISEAR_3ee76d,/Volumes/Amirali/hidden_states/experiments/baseline_v5_001/models/google-bert/bert-base-uncased/datasets/ISEAR/analysis/probes/probe_run__google-bert_bert-base-uncased__datasets__maxfull__rep5__probes=linear_logistic+mlp_1_hidden+mlp_2_hidden+mlp_3_hidden__hash3ee76dd13b29,,,,
1,3129714436,layer_3,3,0.25,mlp_1_hidden,mlp,1_hidden,single_label,768,13,7,6132,767,767,297991,[384],26.0,0.5967733924058006,-0.0118696950376033,0.1469747424125671,0.0355512067840834,0.9898891063274624,0.9898881570011818,0.9899883672731394,0.9899851776460012,0.9903662073535472,0.9898881570011818,0.9882532139978488,0.9882039376181092,0.0584194839320805,0.9432541844602484,0.9997385531684138,0.9983772960263791,0.5958279009126467,0.595901346360062,0.5967733924058006,0.5967010229195051,0.5978488610168959,0.595901346360062,0.5284926935044735,0.5284633461908397,1.6114002352164511,0.1996079202628456,0.8740321194737085,0.6403886794753346,0.6049543676662321,0.6049326819969023,0.6050157873131069,0.6050120745507257,0.606175856509185,0.6049326819969023,0.5392518424470972,0.5391063779152785,1.5881611685114758,0.204300941548769,0.8787213618361127,0.6578184689819668,0.6050157873131069,0.6049326819969023,0.7696259212235486,0.204300941548769,,,0.0,0.9809136814226828,0.4940651524811983,0.02,0.5006624572325494,0.4806624572325494,0.3849725799600325,0.3849725799600325,google-bert_bert-base-uncased_ISEAR_3ee76d,/Volumes/Amirali/hidden_states/experiments/baseline_v5_001/models/google-bert/bert-base-uncased/datasets/ISEAR/analysis/probes/probe_run__google-bert_bert-base-uncased__datasets__maxfull__rep5__probes=linear_logistic+mlp_1_hidden+mlp_2_hidden+mlp_3_hidden__hash3ee76dd13b29,,,,
1,3280945903,layer_3,3,0.25,mlp_2_hidden,mlp,2_hidden,single_label,768,13,7,6132,767,767,370567,"[384, 192]",16.0,0.5803004647757282,-0.0118696950376033,0.1469747424125671,0.0355512067840834,0.8522504892367906,0.8522507947720347,0.8528870004353751,0.8528879703820995,0.8559860320810813,0.8522507947720347,0.8280588240772344,0.8276255119449927,0.4601718097406624,0.631175194144274,0.9835341356853065,0.9316691894160588,0.5775749674054759,0.5776956987966163,0.5803004647757282,0.5802377588346918,0.5870683291375133,0.5776956987966163,0.507892213424739,0.5071867117224311,1.3465199965302057,0.2601439892297088,0.86566782859004,0.6193649695144944,0.590612777053455,0.590587394257119,0.5905548148964067,0.5905583031768338,0.5919648993804424,0.590587394257119,0.5226094103725375,0.5223761606530197,1.2595587959076395,0.2837792034293327,0.8806881769155435,0.6505351052466409,0.5905548148964067,0.590587394257119,0.7613047051862687,0.2837792034293327,,,0.0,0.979239078383368,0.4940651524811983,0.02,0.5014276044459398,0.4814276044459398,0.2623321855389684,0.2623321855389684,google-bert_bert-base-uncased_ISEAR_3ee76d,/Volumes/Amirali/hidden_states/experiments/baseline_v5_001/models/google-bert/bert-base-uncased/datasets/ISEAR/analysis/probes/probe_run__google-bert_bert-base-uncased__datasets__maxfull__rep5__probes=linear_logistic+mlp_1_hidden+mlp_2_hidden+mlp_3_hidden__hash3ee76dd13b29,,,,
1,3349344873,layer_3,3,0.25,mlp_3_hidden,mlp,3_hidden,single_label,768,13,7,6132,767,767,388423,"[384, 192, 96]",17.0,0.590969019162029,-0.0118696950376033,0.1469747424125671,0.0355512067840834,0.9062296151337248,0.9062107975159526,0.9059195269632584,0.9059191740748588,0.9071567969546552,0.9062107975159526,0.8908397898286023,0.8906003894314621,0.3065504404849744,0.735981393984642,0.9924920476401694,0.9670175208799378,0.5932203389830508,0.5933039437626594,0.590969019162029,0.5908468731164873,0.5914734611529985,0.5933039437626594,0.5258400357637284,0.5254164683484055,1.4742914381119538,0.2289408883758871,0.8729994022524199,0.6335502806183623,0.5932203389830508,0.593220540926963,0.5922472075075824,0.592215862675495,0.5941825117616136,0.593220540926963,0.5258741960508717,0.5254098799562901,1.3654270070811296,0.2552716499101574,0.8856243451582647,0.6650873487675392,0.5922472075075824,0.593220540926963,0.7629370980254359,0.2552716499101574,,,0.0,0.9836533000169176,0.4940651524811983,0.02,0.5000812003365229,0.4800812003365229,0.313672319455676,0.313672319455676,google-bert_bert-base-uncased_ISEAR_3ee76d,/Volumes/Amirali/hidden_states/experiments/baseline_v5_001/models/google-bert/bert-base-uncased/datasets/ISEAR/analysis/probes/probe_run__google-bert_bert-base-uncased__datasets__maxfull__rep5__probes=linear_logistic+mlp_1_hidden+mlp_2_hidden+mlp_3_hidden__hash3ee76dd13b29,,,,
1,329180190,layer_4,4,0.3333333333333333,linear_logistic,logistic,linear,single_label,768,13,7,6132,767,767,5383,[],,,-0.0101332133635878,0.1539676040410995,0.0355512067840834,0.8409980430528375,0.840994024057295,0.8409123147576606,0.8409134455178994,0.8410072141382238,0.840994024057295,0.8145288458414739,0.8144974060912317,0.4793390403191117,0.6191925178723506,0.9781602693453788,0.9111271627824272,0.5019556714471969,0.5019659239842726,0.5015852497534813,0.5015696193266719,0.5022708603197212,0.5019659239842726,0.4191075834372891,0.4189463079528643,2.671594188302316,0.0691419121751653,0.8218528160400372,0.5361171276638768,0.500651890482399,0.5007625402120814,0.4990564037957878,0.4990215378618275,0.5005266948788544,0.5007625402120814,0.4178815824601586,0.4174529517916988,2.584519763771957,0.0754322962255761,0.8329782307001807,0.5493851194441951,0.4990564037957878,0.5007625402120814,0.7089407912300794,0.0754322962255761,,,0.0,0.9873099911232056,0.494933393318206,0.0152743030116885,0.4372404990660596,0.4219661960543711,0.3418559109618727,0.3418559109618727,google-bert_bert-base-uncased_ISEAR_3ee76d,/Volumes/Amirali/hidden_states/experiments/baseline_v5_001/models/google-bert/bert-base-uncased/datasets/ISEAR/analysis/probes/probe_run__google-bert_bert-base-uncased__datasets__maxfull__rep5__probes=linear_logistic+mlp_1_hidden+mlp_2_hidden+mlp_3_hidden__hash3ee76dd13b29,,,,
1,3129715433,layer_4,4,0.3333333333333333,mlp_1_hidden,mlp,1_hidden,single_label,768,13,7,6132,767,767,297991,[384],15.0,0.593698708252094,-0.0101332133635878,0.1539676040410995,0.0355512067840834,0.7650032615786041,0.7650142216570429,0.7638392421863512,0.7638345135901227,0.7634601912000287,0.7650142216570429,0.7259622624681903,0.7258376914300302,0.7117528384428535,0.4907831794446415,0.9606839106290362,0.8503860018718281,0.5958279009126467,0.5958775169784344,0.593698708252094,0.593673294809411,0.5925316446517127,0.5958775169784344,0.5286133005428097,0.528471762246804,1.1430815920440862,0.3188349870387147,0.880814305410377,0.6545069045779089,0.6166883963494133,0.6167520552841654,0.6134423495560372,0.6133932080371041,0.611212973185662,0.6167520552841654,0.552965072325737,0.552806043022225,1.0923625761644196,0.335423094235005,0.8918705247069749,0.6724694942893171,0.6134423495560372,0.6167520552841654,0.7764825361628684,0.335423094235005,,,0.0,0.9798212929813066,0.494933393318206,0.02,0.5186168844936058,0.4986168844936057,0.150396892630314,0.150396892630314,google-bert_bert-base-uncased_ISEAR_3ee76d,/Volumes/Amirali/hidden_states/experiments/baseline_v5_001/models/google-bert/bert-base-uncased/datasets/ISEAR/analysis/probes/probe_run__google-bert_bert-base-uncased__datasets__maxfull__rep5__probes=linear_logistic+mlp_1_hidden+mlp_2_hidden+mlp_3_hidden__hash3ee76dd13b29,,,,
1,3280946900,layer_4,4,0.3333333333333333,mlp_2_hidden,mlp,2_hidden,single_label,768,13,7,6132,767,767,370567,"[384, 192]",15.0,0.58780710131345,-0.0101332133635878,0.1539676040410995,0.0355512067840834,0.7883235485975212,0.78831850370162,0.787581396019581,0.7875762279479116,0.7892282281635932,0.78831850370162,0.7534433293764995,0.7530428604118106,0.6156985440097072,0.5402633657263616,0.9680326113660604,0.8759871635291822,0.5893089960886571,0.5893959251757417,0.58780710131345,0.5877138254476305,0.5899786997982019,0.5893959251757417,0.5214735227112038,0.5208588665056342,1.2028566770980424,0.300335025098906,0.8783015934537047,0.6493837181118722,0.6153846153846154,0.615453353985464,0.6144432504191741,0.6143983843179521,0.6169478780167157,0.615453353985464,0.5518061068849206,0.5512849751413482,1.1299682240594604,0.3230435212708881,0.8925148822523885,0.6672292179934866,0.6144432504191741,0.615453353985464,0.7759030534424602,0.3230435212708881,,,0.0,0.974444802500938,0.494933393318206,0.02,0.5168097757620751,0.4968097757620751,0.1731381456004068,0.1731381456004068,google-bert_bert-base-uncased_ISEAR_3ee76d,/Volumes/Amirali/hidden_states/experiments/baseline_v5_001/models/google-bert/bert-base-uncased/datasets/ISEAR/analysis/probes/probe_run__google-bert_bert-base-uncased__datasets__maxfull__rep5__probes=linear_logistic+mlp_1_hidden+mlp_2_hidden+mlp_3_hidden__hash3ee76dd13b29,,,,
1,3349345870,layer_4,4,0.3333333333333333,mlp_3_hidden,mlp,3_hidden,single_label,768,13,7,6132,767,767,388423,"[384, 192, 96]",14.0,0.5769933048960175,-0.0101332133635878,0.1539676040410995,0.0355512067840834,0.6572080887149381,0.6572607911682251,0.6514399699931157,0.6514199066421154,0.654291022593962,0.6572607911682251,0.6013728807711317,0.600083126597601,0.9469728986280972,0.3879135014467227,0.9242514518360034,0.7384512121307863,0.5801825293350718,0.5802216132491361,0.5769933048960175,0.5769159488097112,0.5821279008307296,0.5802216132491361,0.5115366720849016,0.5101957440057117,1.1900586346351818,0.3042034266868202,0.8710837413598034,0.6232582976233766,0.5788787483702738,0.5790420588585726,0.5725556103545474,0.5724749935610254,0.5742689054836498,0.5790420588585726,0.5101465181914531,0.5087243025218082,1.1458739058615508,0.317945941523612,0.8801652223486451,0.6360596634109253,0.5725556103545474,0.5790420588585726,0.7550732590957265,0.317945941523612,,,0.0,0.9818215722964988,0.494933393318206,0.02,0.4979796213297031,0.4779796213297031,0.0788843596385683,0.0788843596385683,google-bert_bert-base-uncased_ISEAR_3ee76d,/Volumes/Amirali/hidden_states/experiments/baseline_v5_001/models/google-bert/bert-base-uncased/datasets/ISEAR/analysis/probes/probe_run__google-bert_bert-base-uncased__datasets__maxfull__rep5__probes=linear_logistic+mlp_1_hidden+mlp_2_hidden+mlp_3_hidden__hash3ee76dd13b29,,,,
1,329181187,layer_5,5,0.4166666666666667,linear_logistic,logistic,linear,single_label,768,13,7,6132,767,767,5383,[],,,-0.0096227973699569,0.1413186639547348,0.0355512067840834,0.8396934116112198,0.8396974042548649,0.8396055448006792,0.839599371851974,0.839621627469524,0.8396974042548649,0.8129935711424754,0.8129754089629796,0.4799570915345688,0.618809943421558,0.978758812234035,0.914959055473976,0.5215123859191656,0.521613249136185,0.520850023265288,0.5207667765567444,0.5212078089636603,0.521613249136185,0.4419480647223708,0.4417736229216906,2.407957733480325,0.0899989087720546,0.836063957247576,0.5504277386547212,0.5202086049543677,0.520350291909925,0.5206136612068886,0.5204968161669546,0.5225707724192001,0.520350291909925,0.440508937516236,0.4402459097669806,2.348309370724805,0.0955305324833554,0.8403069003382314,0.5643210210533668,0.5206136612068886,0.520350291909925,0.720254468758118,0.0955305324833554,,,0.0,0.9832598367655768,0.4951886013150215,0.0152743030116885,0.4488825963925729,0.4336082933808844,0.3189918835937906,0.3189918835937906,google-bert_bert-base-uncased_ISEAR_3ee76d,/Volumes/Amirali/hidden_states/experiments/baseline_v5_001/models/google-bert/bert-base-uncased/datasets/ISEAR/analysis/probes/probe_run__google-bert_bert-base-uncased__datasets__maxfull__rep5__probes=linear_logistic+mlp_1_hidden+mlp_2_hidden+mlp_3_hidden__hash3ee76dd13b29,,,,
1,3129716430,layer_5,5,0.4166666666666667,mlp_1_hidden,mlp,1_hidden,single_label,768,13,7,6132,767,767,297991,[384],20.0,0.5987218375533108,-0.0096227973699569,0.1413186639547348,0.0355512067840834,0.969993476842792,0.9699960354832656,0.9701876217212864,0.9701853021476968,0.9709669510782524,0.9699960354832656,0.9650963240877376,0.9649923820466068,0.1997484791306092,0.8189367068485429,0.9986664577354084,0.993720901719777,0.5971316818774446,0.5971881329679495,0.5987218375533108,0.5986999678017677,0.6022124781515598,0.5971881329679495,0.5303554322749677,0.5299956173141871,1.3473620926734151,0.259925015191236,0.8759482522068885,0.6336157956249162,0.6088657105606258,0.6089598474919574,0.611552300156671,0.6114634723979666,0.6171212602190975,0.6089598474919574,0.5442254700972975,0.5436769208802019,1.2408166665786975,0.2891479839951701,0.8892213723342897,0.6623995532504722,0.611552300156671,0.6089598474919574,0.7721127350486487,0.2891479839951701,,,0.0,0.9838204231112512,0.4951886013150215,0.02,0.5121052331966518,0.4921052331966518,0.3586353215646153,0.3586353215646153,google-bert_bert-base-uncased_ISEAR_3ee76d,/Volumes/Amirali/hidden_states/experiments/baseline_v5_001/models/google-bert/bert-base-uncased/datasets/ISEAR/analysis/probes/probe_run__google-bert_bert-base-uncased__datasets__maxfull__rep5__probes=linear_logistic+mlp_1_hidden+mlp_2_hidden+mlp_3_hidden__hash3ee76dd13b29,,,,
1,3280947897,layer_5,5,0.4166666666666667,mlp_2_hidden,mlp,2_hidden,single_label,768,13,7,6132,767,767,370567,"[384, 192]",14.0,0.5896509831979211,-0.0096227973699569,0.1413186639547348,0.0355512067840834,0.7030332681017613,0.703026790957277,0.7036406837246736,0.7036274814937956,0.7068882537270256,0.703026790957277,0.6539403167748666,0.6535352975918154,0.8467593840921314,0.4288022662711964,0.9386830477825128,0.7807803147170862,0.5893089960886571,0.5893006076492314,0.5896509831979211,0.5895870264219573,0.595780659284238,0.5893006076492314,0.5216550568090473,0.5208474636775782,1.1562455973490098,0.3146653463771082,0.8795171693986485,0.641988939332168,0.5775749674054759,0.5776122959609199,0.5777708873725291,0.5777796495932924,0.5816244529848553,0.5776122959609199,0.5077028054274827,0.5071759612734084,1.1364109396514628,0.320968933903783,0.8840357927249362,0.6374361973631018,0.5777708873725291,0.5776122959609199,0.7538514027137413,0.320968933903783,,,0.0,0.991272125590806,0.4951886013150215,0.02,0.5001458126595414,0.4801458126595413,0.1258697963521444,0.1258697963521444,google-bert_bert-base-uncased_ISEAR_3ee76d,/Volumes/Amirali/hidden_states/experiments/baseline_v5_001/models/google-bert/bert-base-uncased/datasets/ISEAR/analysis/probes/probe_run__google-bert_bert-base-uncased__datasets__maxfull__rep5__probes=linear_logistic+mlp_1_hidden+mlp_2_hidden+mlp_3_hidden__hash3ee76dd13b29,,,,
1,3349346867,layer_5,5,0.4166666666666667,mlp_3_hidden,mlp,3_hidden,single_label,768,13,7,6132,767,767,388423,"[384, 192, 96]",14.0,0.5891493634492903,-0.0096227973699569,0.1413186639547348,0.0355512067840834,0.6741682974559687,0.6741518806692808,0.6740767668368861,0.6740646934801544,0.6844905550522643,0.6741518806692808,0.6213744868591263,0.6198568686210743,0.919894455182206,0.3985611049238639,0.9280697252844216,0.7487769328876498,0.5893089960886571,0.5892410341951626,0.5891493634492903,0.5891455166869835,0.6019677585599333,0.5892410341951626,0.5228223199058061,0.5208474636775782,1.1755827082700867,0.3086390807339904,0.8754852086584999,0.631317652775559,0.5567144719687093,0.5568449898725129,0.5553638131878972,0.5552891026637751,0.5670396357233634,0.5568449898725129,0.484674417630813,0.4828389717066631,1.1851829558706637,0.3056902465570255,0.8748015597476969,0.6153328290403604,0.5553638131878972,0.5568449898725129,0.7423372088154065,0.3056902465570255,,,0.0,0.9799110577810763,0.4951886013150215,0.02,0.4870378435997234,0.4670378435997234,0.1187129536489889,0.1187129536489889,google-bert_bert-base-uncased_ISEAR_3ee76d,/Volumes/Amirali/hidden_states/experiments/baseline_v5_001/models/google-bert/bert-base-uncased/datasets/ISEAR/analysis/probes/probe_run__google-bert_bert-base-uncased__datasets__maxfull__rep5__probes=linear_logistic+mlp_1_hidden+mlp_2_hidden+mlp_3_hidden__hash3ee76dd13b29,,,,
1,329182184,layer_6,6,0.5,linear_logistic,logistic,linear,single_label,768,13,7,6132,767,767,5383,[],,,-0.0062797293066978,0.1431705057621002,0.0355512067840834,0.8393672537508154,0.8393844731533343,0.8394908623926708,0.8394760793349451,0.8397047797665992,0.8393844731533343,0.8126123596924423,0.8125952398541835,0.4831358755648015,0.616846003380027,0.9781468278289986,0.9103660561374574,0.5189048239895697,0.5189920171571548,0.5193068319189742,0.5192276021142386,0.5207450037691358,0.5189920171571548,0.4388922252541674,0.4387259519564661,2.5426072533006283,0.0786610429345132,0.8289669789652028,0.5380696559772841,0.5254237288135594,0.5255570117955438,0.5234650302034637,0.5233638547758482,0.5235460743420254,0.5255570117955438,0.4466912519088643,0.446336781317426,2.308834216456501,0.0993770361700045,0.841035562397839,0.5448365856914975,0.5234650302034637,0.5255570117955438,0.7233456259544322,0.0993770361700045,,,0.0,0.9801444320737146,0.4968601353466511,0.0152743030116885,0.4509968068050667,0.4357225037933782,0.3160258321892071,0.3160258321892071,google-bert_bert-base-uncased_ISEAR_3ee76d,/Volumes/Amirali/hidden_states/experiments/baseline_v5_001/models/google-bert/bert-base-uncased/datasets/ISEAR/analysis/probes/probe_run__google-bert_bert-base-uncased__datasets__maxfull__rep5__probes=linear_logistic+mlp_1_hidden+mlp_2_hidden+mlp_3_hidden__hash3ee76dd13b29,,,,
1,3129717427,layer_6,6,0.5,mlp_1_hidden,mlp,1_hidden,single_label,768,13,7,6132,767,767,297991,[384],20.0,0.5915405904566603,-0.0062797293066978,0.1431705057621002,0.0355512067840834,0.968525766470972,0.9685240278147136,0.9686322166000184,0.9686296556253788,0.9690329367071016,0.9685240278147136,0.9633297632748984,0.963279995941636,0.2019810546825519,0.8171104082116706,0.9986808364634476,0.9935995649390328,0.5919165580182529,0.5918741808650065,0.5915405904566603,0.5915447317868341,0.5920962095034792,0.5918741808650065,0.5240225538340838,0.5238915904457437,1.3532981300010027,0.258386660979885,0.8765015497049343,0.6282780990201028,0.6101694915254238,0.6103419516263553,0.612175474032424,0.6120680508455392,0.6167544430892847,0.6103419516263553,0.5456197675438665,0.5452106246356061,1.233626941713345,0.2912343697276852,0.8892996875601323,0.6571111857342397,0.612175474032424,0.6103419516263553,0.7728098837719333,0.2912343697276852,,,0.0,0.9733741312415728,0.4968601353466511,0.02,0.5118205006821077,0.4918205006821077,0.3564567425675943,0.3564567425675943,google-bert_bert-base-uncased_ISEAR_3ee76d,/Volumes/Amirali/hidden_states/experiments/baseline_v5_001/models/google-bert/bert-base-uncased/datasets/ISEAR/analysis/probes/probe_run__google-bert_bert-base-uncased__datasets__maxfull__rep5__probes=linear_logistic+mlp_1_hidden+mlp_2_hidden+mlp_3_hidden__hash3ee76dd13b29,,,,
1,3280948894,layer_6,6,0.5,mlp_2_hidden,mlp,2_hidden,single_label,768,13,7,6132,767,767,370567,"[384, 192]",15.0,0.5854524002959608,-0.0062797293066978,0.1431705057621002,0.0355512067840834,0.7712002609262884,0.771205616944106,0.7689150854582586,0.7689077803495331,0.769763767804201,0.771205616944106,0.7335751398956447,0.7330666232285388,0.657450532905924,0.5181707111005012,0.9634859793496072,0.8576396961016978,0.5893089960886571,0.5892410341951626,0.5854524002959608,0.5854891903060966,0.5833084173430004,0.5892410341951626,0.5210972842945427,0.5208512646805675,1.2007395417115132,0.3009715485737881,0.8771336639247862,0.6342540169844295,0.5919165580182529,0.5920529012272132,0.5896285813699463,0.5896169566322926,0.5915650295421288,0.5920529012272132,0.5246201582708865,0.5239331323867692,1.149753726300779,0.3167147582904722,0.8874918765219328,0.6501129258022724,0.5896285813699463,0.5920529012272132,0.7623100791354432,0.3167147582904722,,,0.0,0.98020592151622,0.4968601353466511,0.02,0.5050966671448869,0.4850966671448868,0.1792865040883122,0.1792865040883122,google-bert_bert-base-uncased_ISEAR_3ee76d,/Volumes/Amirali/hidden_states/experiments/baseline_v5_001/models/google-bert/bert-base-uncased/datasets/ISEAR/analysis/probes/probe_run__google-bert_bert-base-uncased__datasets__maxfull__rep5__probes=linear_logistic+mlp_1_hidden+mlp_2_hidden+mlp_3_hidden__hash3ee76dd13b29,,,,
1,3349347864,layer_6,6,0.5,mlp_3_hidden,mlp,3_hidden,single_label,768,13,7,6132,767,767,388423,"[384, 192, 96]",18.0,0.5719566300794011,-0.0062797293066978,0.1431705057621002,0.0355512067840834,0.937866927592955,0.937886180963872,0.9381066622145507,0.93809922265777,0.939928232303818,0.937886180963872,0.9277794821177338,0.927511703410992,0.2082402478383633,0.8120119291650871,0.9969326240136313,0.9853517770327062,0.5736636245110821,0.5735017276301679,0.5719566300794011,0.5719907885277714,0.5765098840447934,0.5735017276301679,0.5035793078483757,0.502563451625635,1.815329414324196,0.1627842760847609,0.857506832307862,0.5885039062607923,0.5736636245110821,0.5737281067556296,0.5730376005921515,0.5730491821894663,0.5894443938063276,0.5737281067556296,0.504743962067012,0.502625598394498,1.537732084359247,0.2148678514253224,0.8821938936864795,0.6303887112513262,0.5730376005921515,0.5737281067556296,0.752371981033506,0.2148678514253224,,,0.0,0.9837873320109112,0.4968601353466511,0.02,0.4868829384273641,0.466882938427364,0.3650690616223994,0.3650690616223994,google-bert_bert-base-uncased_ISEAR_3ee76d,/Volumes/Amirali/hidden_states/experiments/baseline_v5_001/models/google-bert/bert-base-uncased/datasets/ISEAR/analysis/probes/probe_run__google-bert_bert-base-uncased__datasets__maxfull__rep5__probes=linear_logistic+mlp_1_hidden+mlp_2_hidden+mlp_3_hidden__hash3ee76dd13b29,,,,
1,329183181,layer_7,7,0.5833333333333334,linear_logistic,logistic,linear,single_label,768,13,7,6132,767,767,5383,[],,,-0.0120569840073585,0.1427106708288192,0.0355512067840834,0.8450750163078931,0.8450834934654982,0.8452069877851786,0.8451954703932041,0.8455368950181096,0.8450834934654982,0.8192910823263544,0.819253866033959,0.4637364974530002,0.6289292570957347,0.9795200388841714,0.9147499124909212,0.4980443285528031,0.4979983319432861,0.4966451220353217,0.496669128718715,0.4961165449830241,0.4979983319432861,0.4144918184583207,0.4143726065322457,2.6212329085063764,0.0727131588683172,0.8226090616454399,0.5265281608642305,0.516297262059974,0.5163946145597521,0.5176598397826898,0.5175852881167032,0.5215649990594022,0.5163946145597521,0.4361537345303188,0.4356838161947125,2.471745625121131,0.0844373343456584,0.8359879964840976,0.545596135622042,0.5176598397826898,0.5163946145597521,0.7180768672651594,0.0844373343456584,,,0.0,0.979290140590226,0.4939715079963207,0.0152743030116885,0.4456570051128136,0.4303827021011251,0.3275471480024887,0.3275471480024887,google-bert_bert-base-uncased_ISEAR_3ee76d,/Volumes/Amirali/hidden_states/experiments/baseline_v5_001/models/google-bert/bert-base-uncased/datasets/ISEAR/analysis/probes/probe_run__google-bert_bert-base-uncased__datasets__maxfull__rep5__probes=linear_logistic+mlp_1_hidden+mlp_2_hidden+mlp_3_hidden__hash3ee76dd13b29,,,,
1,3129718424,layer_7,7,0.5833333333333334,mlp_1_hidden,mlp,1_hidden,single_label,768,13,7,6132,767,767,297991,[384],17.0,0.6042907456096327,-0.0120569840073585,0.1427106708288192,0.0355512067840834,0.8763861709067189,0.8764047753779646,0.8769106825460055,0.8769101152827123,0.87828616366269,0.8764047753779646,0.8559345912726015,0.8557848504679427,0.4587408055685368,0.6320790550405516,0.9865871240045456,0.943985433949143,0.6049543676662321,0.6048850232336471,0.6042907456096327,0.6043089227461781,0.6064036959220112,0.6048850232336471,0.5395817959413982,0.5390935810529406,1.195990090659611,0.3024043981427688,0.8785175240667584,0.6352436126435261,0.6088657105606258,0.6089479328011438,0.610880392036873,0.6108331763515428,0.6147547630229838,0.6089479328011438,0.5440678666392763,0.5436868751970714,1.1247519440483964,0.3247330093241247,0.8917389475560619,0.657674659521595,0.610880392036873,0.6089479328011438,0.7720339333196382,0.3247330093241247,,,0.0,0.971448077496426,0.4939715079963207,0.02,0.5141840620092067,0.4941840620092067,0.2660302905091324,0.2660302905091324,google-bert_bert-base-uncased_ISEAR_3ee76d,/Volumes/Amirali/hidden_states/experiments/baseline_v5_001/models/google-bert/bert-base-uncased/datasets/ISEAR/analysis/probes/probe_run__google-bert_bert-base-uncased__datasets__maxfull__rep5__probes=linear_logistic+mlp_1_hidden+mlp_2_hidden+mlp_3_hidden__hash3ee76dd13b29,,,,
1,3280949891,layer_7,7,0.5833333333333334,mlp_2_hidden,mlp,2_hidden,single_label,768,13,7,6132,767,767,370567,"[384, 192]",21.0,0.5882937378084317,-0.0120569840073585,0.1427106708288192,0.0355512067840834,0.9882583170254404,0.988255499254408,0.9883484539216448,0.988344462377903,0.9886973444639948,0.988255499254408,0.9863462924590428,0.9863013345854286,0.0517666201110668,0.9495504469635606,0.9998075586988212,0.9986564258452628,0.5919165580182529,0.5918384367925652,0.5882937378084317,0.5883033289755896,0.5873615825223991,0.5918384367925652,0.5242868952910634,0.5238812038276563,2.124012402900058,0.1195509781833512,0.8653815305636856,0.6086178227632226,0.5814863102998696,0.5816990349100442,0.5824538743417885,0.582359916436526,0.5866416230037376,0.5816990349100442,0.5123801818398005,0.511768193653167,1.8528108207854148,0.1567958213796488,0.8812342877746856,0.6320945056659849,0.5824538743417885,0.5816990349100442,0.7561900909199002,0.1567958213796488,,,0.0,0.983051246991561,0.4939715079963207,0.02,0.4849801196968757,0.4649801196968757,0.4058945795798562,0.4058945795798562,google-bert_bert-base-uncased_ISEAR_3ee76d,/Volumes/Amirali/hidden_states/experiments/baseline_v5_001/models/google-bert/bert-base-uncased/datasets/ISEAR/analysis/probes/probe_run__google-bert_bert-base-uncased__datasets__maxfull__rep5__probes=linear_logistic+mlp_1_hidden+mlp_2_hidden+mlp_3_hidden__hash3ee76dd13b29,,,,
1,3349348861,layer_7,7,0.5833333333333334,mlp_3_hidden,mlp,3_hidden,single_label,768,13,7,6132,767,767,388423,"[384, 192, 96]",17.0,0.5827198879128618,-0.0120569840073585,0.1427106708288192,0.0355512067840834,0.8962818003913894,0.8963004286833149,0.8970946636099767,0.8970932387627726,0.8996838814549015,0.8963004286833149,0.8792844635047163,0.8789961884261036,0.3451900005600922,0.7080858039866156,0.9899424959241864,0.9553446331795048,0.5827900912646675,0.5826760395567735,0.5827198879128618,0.5827651242063832,0.5873438966777167,0.5826760395567735,0.5139495389651506,0.5132283527031851,1.4768716832672226,0.2283509262086384,0.8700822654408665,0.6107890453284176,0.590612777053455,0.5906588824020016,0.59371530537439,0.5937075548187036,0.6033692103332678,0.5906588824020016,0.5233747320997281,0.5223951041323756,1.3312739655187478,0.2641405409190535,0.8861431133803952,0.6409427773816601,0.59371530537439,0.5906588824020016,0.761687366049864,0.2641405409190535,,,0.0,0.9843382396487896,0.4939715079963207,0.02,0.5008272170679776,0.4808272170679776,0.3033793582355867,0.3033793582355867,google-bert_bert-base-uncased_ISEAR_3ee76d,/Volumes/Amirali/hidden_states/experiments/baseline_v5_001/models/google-bert/bert-base-uncased/datasets/ISEAR/analysis/probes/probe_run__google-bert_bert-base-uncased__datasets__maxfull__rep5__probes=linear_logistic+mlp_1_hidden+mlp_2_hidden+mlp_3_hidden__hash3ee76dd13b29,,,,
1,329184178,layer_8,8,0.6666666666666666,linear_logistic,logistic,linear,single_label,768,13,7,6132,767,767,5383,[],,,-0.0092986980453133,0.1482208967208862,0.0355512067840834,0.855512067840835,0.8555153409237143,0.8557522270099299,0.8557446633826111,0.8562284936799326,0.8555153409237143,0.8314730718893946,0.8314303744670951,0.4413995910235119,0.6431356639821928,0.9811276858127052,0.9201616959226878,0.485006518904824,0.4851423805552246,0.4854494959085435,0.4853385413873938,0.4871009334911149,0.4851423805552246,0.3993861637000275,0.3991865275315415,2.5818740271262044,0.0756321344590712,0.8220847133849888,0.5065743446628846,0.530638852672751,0.530656499463839,0.5337089360277493,0.5337252798971485,0.5405630889311589,0.530656499463839,0.4530009753727154,0.4524220784242956,2.2287139805815466,0.1076668027408433,0.8513914037756667,0.5609486848185762,0.5337089360277493,0.530656499463839,0.7265004876863577,0.1076668027408433,,,0.0,0.98376459191318,0.4953506509773433,0.0152743030116885,0.4559114540937363,0.4406371510820477,0.3220432909821806,0.3220432909821806,google-bert_bert-base-uncased_ISEAR_3ee76d,/Volumes/Amirali/hidden_states/experiments/baseline_v5_001/models/google-bert/bert-base-uncased/datasets/ISEAR/analysis/probes/probe_run__google-bert_bert-base-uncased__datasets__maxfull__rep5__probes=linear_logistic+mlp_1_hidden+mlp_2_hidden+mlp_3_hidden__hash3ee76dd13b29,,,,
1,3129719421,layer_8,8,0.6666666666666666,mlp_1_hidden,mlp,1_hidden,single_label,768,13,7,6132,767,767,297991,[384],16.0,0.5897266205066151,-0.0092986980453133,0.1482208967208862,0.0355512067840834,0.8145792563600783,0.8146076311304417,0.8140476122577438,0.8140366524651517,0.8146094310964677,0.8146076311304417,0.7838569747538701,0.7836773226847926,0.5792629068495339,0.56031121595189,0.9749450891916064,0.8967156760762897,0.5932203389830508,0.5931728821637078,0.5897266205066151,0.5896815344046206,0.5898445344080943,0.5931728821637078,0.525928125200691,0.525394820087383,1.171519125688335,0.3098958128144685,0.8801631937649507,0.6370446668897721,0.6205997392438071,0.6206958179435242,0.6203966235965332,0.6203699056145461,0.6245720965032675,0.6206958179435242,0.558070479100566,0.5573850464732117,1.0618018229017032,0.3458321203747366,0.901067305284349,0.6798385497536047,0.6203966235965332,0.6206958179435242,0.779035239550283,0.3458321203747366,,,0.0,0.9844257580076768,0.4953506509773433,0.02,0.5228521349103129,0.5028521349103129,0.1936509886612105,0.1936509886612105,google-bert_bert-base-uncased_ISEAR_3ee76d,/Volumes/Amirali/hidden_states/experiments/baseline_v5_001/models/google-bert/bert-base-uncased/datasets/ISEAR/analysis/probes/probe_run__google-bert_bert-base-uncased__datasets__maxfull__rep5__probes=linear_logistic+mlp_1_hidden+mlp_2_hidden+mlp_3_hidden__hash3ee76dd13b29,,,,
1,3280950888,layer_8,8,0.6666666666666666,mlp_2_hidden,mlp,2_hidden,single_label,768,13,7,6132,767,767,370567,"[384, 192]",20.0,0.5808765588524735,-0.0092986980453133,0.1482208967208862,0.0355512067840834,0.9799412915851272,0.9799390197556946,0.9801122638556488,0.9801095104831944,0.9806378434276132,0.9799390197556946,0.9766614014050868,0.9765981263198412,0.0855589791415088,0.9179989986646324,0.9994325225605476,0.9967340129894096,0.5814863102998696,0.5814845704753963,0.5808765588524735,0.5808445711769789,0.5822039202163879,0.5814845704753963,0.5120170557513146,0.5117265587815326,1.957742673876128,0.1411767434580785,0.8689358357461572,0.6175068301635331,0.5997392438070405,0.5997617061837246,0.6024925357780627,0.6025051848109477,0.6095114881113333,0.5997617061837246,0.5336407435396117,0.5330340126880753,1.785634346350421,0.1676906533001653,0.8829716449689763,0.639449912261432,0.6024925357780627,0.5997617061837246,0.7668203717698059,0.1676906533001653,,,0.0,0.9779506139856728,0.4953506509773433,0.02,0.4949421049149962,0.4749421049149961,0.377619728077586,0.377619728077586,google-bert_bert-base-uncased_ISEAR_3ee76d,/Volumes/Amirali/hidden_states/experiments/baseline_v5_001/models/google-bert/bert-base-uncased/datasets/ISEAR/analysis/probes/probe_run__google-bert_bert-base-uncased__datasets__maxfull__rep5__probes=linear_logistic+mlp_1_hidden+mlp_2_hidden+mlp_3_hidden__hash3ee76dd13b29,,,,
1,3349349858,layer_8,8,0.6666666666666666,mlp_3_hidden,mlp,3_hidden,single_label,768,13,7,6132,767,767,388423,"[384, 192, 96]",16.0,0.5780358221191946,-0.0092986980453133,0.1482208967208862,0.0355512067840834,0.8264840182648402,0.8265047503196629,0.8265098741898774,0.8264980789744717,0.828237336919723,0.8265047503196629,0.79784672233071,0.7975653097927015,0.5209470113150191,0.5939577967921795,0.9767426140351188,0.9044918814843942,0.5788787483702738,0.5789109972596211,0.5780358221191946,0.5779665530548728,0.578562153254395,0.5789109972596211,0.5088884426879912,0.5086794847640486,1.265330009271938,0.2821461699229945,0.8777913824405358,0.629512909425779,0.6010430247718384,0.6010008340283569,0.6006034175428722,0.6006711702279046,0.6019222064072978,0.6010008340283569,0.5347957359760205,0.5345559975726519,1.1311887131516356,0.3226494906808098,0.8971894949666047,0.6653316459918838,0.6006034175428722,0.6010008340283569,0.7673978679880102,0.3226494906808098,,,0.0,0.983602705877331,0.4953506509773433,0.02,0.5108034118928544,0.4908034118928543,0.2259064566470052,0.2259064566470052,google-bert_bert-base-uncased_ISEAR_3ee76d,/Volumes/Amirali/hidden_states/experiments/baseline_v5_001/models/google-bert/bert-base-uncased/datasets/ISEAR/analysis/probes/probe_run__google-bert_bert-base-uncased__datasets__maxfull__rep5__probes=linear_logistic+mlp_1_hidden+mlp_2_hidden+mlp_3_hidden__hash3ee76dd13b29,,,,
1,329185175,layer_9,9,0.75,linear_logistic,logistic,linear,single_label,768,13,7,6132,767,767,5383,[],,,-0.0039183064363896,0.1617967784404754,0.0355512067840834,0.8602413568166993,0.8602511666898621,0.860182785368596,0.8601736931205163,0.8601363303695605,0.8602511666898621,0.8369520511126946,0.8369482597375584,0.4183383386143748,0.6581395167388113,0.9831170648958522,0.926852695341271,0.5149934810951761,0.5151435720243059,0.512923494817064,0.5128226762739753,0.5134839521030309,0.5151435720243059,0.4345965474952356,0.4341818239507564,2.6260062762037166,0.0723668992941978,0.8273243481186785,0.5235694386075869,0.530638852672751,0.5307160729179078,0.5309419794525254,0.5309185025068711,0.5333083423715934,0.5307160729179078,0.4527594896883998,0.4524307655696905,2.518864582559703,0.0805510138730764,0.8423291582273007,0.5511870735409253,0.5309419794525254,0.5307160729179078,0.7263797448442,0.0805510138730764,,,0.0,0.974676318317382,0.4980408467818051,0.0152743030116885,0.4517246430855836,0.4364503400738951,0.3292408059160706,0.3292408059160706,google-bert_bert-base-uncased_ISEAR_3ee76d,/Volumes/Amirali/hidden_states/experiments/baseline_v5_001/models/google-bert/bert-base-uncased/datasets/ISEAR/analysis/probes/probe_run__google-bert_bert-base-uncased__datasets__maxfull__rep5__probes=linear_logistic+mlp_1_hidden+mlp_2_hidden+mlp_3_hidden__hash3ee76dd13b29,,,,
1,3129720418,layer_9,9,0.75,mlp_1_hidden,mlp,1_hidden,single_label,768,13,7,6132,767,767,297991,[384],17.0,0.6179910884544034,-0.0039183064363896,0.1617967784404754,0.0355512067840834,0.8571428571428571,0.8571699919491641,0.8571697379654399,0.8571538149655374,0.8585518269977833,0.8571699919491641,0.8335780828762109,0.8333340262711121,0.4731346311993349,0.6230461840758709,0.9845840214399432,0.934298170426553,0.621903520208605,0.6220064339330393,0.6179910884544034,0.6178561641417677,0.6168860427317748,0.6220064339330393,0.5592793348708894,0.5588754427507863,1.142471593480629,0.3190295352538215,0.8902773806751608,0.6592123685720253,0.6166883963494133,0.6168116287382341,0.6165773968644287,0.6164909579599253,0.6195420350475825,0.6168116287382341,0.5533431795087863,0.552814024511165,1.1135879506904345,0.3283786385090726,0.8958659174175858,0.6680171878537149,0.6165773968644287,0.6168116287382341,0.7766715897543932,0.3283786385090726,,,0.0,0.9803540594859546,0.4980408467818051,0.02,0.5189421441285942,0.4989421441285941,0.2405923411010112,0.2405923411010112,google-bert_bert-base-uncased_ISEAR_3ee76d,/Volumes/Amirali/hidden_states/experiments/baseline_v5_001/models/google-bert/bert-base-uncased/datasets/ISEAR/analysis/probes/probe_run__google-bert_bert-base-uncased__datasets__maxfull__rep5__probes=linear_logistic+mlp_1_hidden+mlp_2_hidden+mlp_3_hidden__hash3ee76dd13b29,,,,
1,3280951885,layer_9,9,0.75,mlp_2_hidden,mlp,2_hidden,single_label,768,13,7,6132,767,767,370567,"[384, 192]",14.0,0.6006627872440592,-0.0039183064363896,0.1617967784404754,0.0355512067840834,0.6917808219178082,0.6918272296809675,0.6895375244690805,0.6895137771239079,0.6928745188925112,0.6918272296809675,0.6411754416161769,0.6404144621801741,0.8434937457701922,0.4302048683334971,0.937708361834784,0.7708700809787625,0.6036505867014341,0.6037412129155247,0.6006627872440592,0.6005532917282609,0.6067919207141115,0.6037412129155247,0.5388357889848607,0.5375861939033122,1.1262291741264954,0.3242536580985941,0.8876163370934468,0.6457642553171168,0.621903520208605,0.6219468604789705,0.6209185084969465,0.6209210486625288,0.6243879595574224,0.6219468604789705,0.5595410136855461,0.5588981874429858,1.0729288749422103,0.3420053581482168,0.8967011837496924,0.6624289277243243,0.6209185084969465,0.6219468604789705,0.779770506842773,0.3420053581482168,,,0.0,0.9836241557420402,0.4980408467818051,0.02,0.5229522259506141,0.5029522259506141,0.0686190159721339,0.0686190159721339,google-bert_bert-base-uncased_ISEAR_3ee76d,/Volumes/Amirali/hidden_states/experiments/baseline_v5_001/models/google-bert/bert-base-uncased/datasets/ISEAR/analysis/probes/probe_run__google-bert_bert-base-uncased__datasets__maxfull__rep5__probes=linear_logistic+mlp_1_hidden+mlp_2_hidden+mlp_3_hidden__hash3ee76dd13b29,,,,
1,3349350855,layer_9,9,0.75,mlp_3_hidden,mlp,3_hidden,single_label,768,13,7,6132,767,767,388423,"[384, 192, 96]",16.0,0.6097514875639679,-0.0039183064363896,0.1617967784404754,0.0355512067840834,0.7953359425962165,0.7953667453626636,0.7952211596435399,0.7952058725360474,0.8027452950576579,0.7953667453626636,0.7623885110203226,0.7612267110129458,0.5703514636156425,0.5653267120087603,0.9712937518880576,0.883623278908056,0.6114732724902217,0.6116287382342428,0.6097514875639679,0.6096742411669301,0.6169736736879818,0.6116287382342428,0.5480257551062604,0.5467397490634995,1.248735253434202,0.286867382058964,0.8802828671391192,0.6394073740014535,0.6140808344198174,0.6141784820683903,0.6168471018059235,0.6167967450144598,0.6256456456591298,0.6141784820683903,0.5507759898799843,0.5497746215764393,1.1919403509728717,0.3036315403615104,0.8919395925192278,0.6596978888679456,0.6168471018059235,0.6141784820683903,0.7753879949399922,0.3036315403615104,,,0.0,0.9911662629732888,0.4980408467818051,0.02,0.5170285696753084,0.4970285696753084,0.1783740578376164,0.1783740578376164,google-bert_bert-base-uncased_ISEAR_3ee76d,/Volumes/Amirali/hidden_states/experiments/baseline_v5_001/models/google-bert/bert-base-uncased/datasets/ISEAR/analysis/probes/probe_run__google-bert_bert-base-uncased__datasets__maxfull__rep5__probes=linear_logistic+mlp_1_hidden+mlp_2_hidden+mlp_3_hidden__hash3ee76dd13b29,,,,
1,329186172,layer_10,10,0.8333333333333334,linear_logistic,logistic,linear,single_label,768,13,7,6132,767,767,5383,[],,,-0.0022089753765612,0.1528403759002685,0.0355512067840834,0.8507827788649707,0.8507890348170114,0.8507951613802339,0.8507839868774035,0.8509653901641068,0.8507890348170114,0.8259420411460857,0.8259128260985243,0.4406213719097948,0.6436363592486607,0.9811850708206092,0.9198436612560134,0.5332464146023468,0.5333611342785655,0.5341614094469858,0.5340761939439616,0.5372595275662261,0.5333611342785655,0.4558921375388053,0.4554706571769097,2.248579712439245,0.1055490281263101,0.8508086198804127,0.5633915357436654,0.5345501955671447,0.5346360061956392,0.5334732866729388,0.5334422599578454,0.5331499524265889,0.5346360061956392,0.4571149857480615,0.4569916888607731,2.3343507582487195,0.0968733563416224,0.8460882188428769,0.5561882585295423,0.5334732866729388,0.5346360061956392,0.7285574928740307,0.0968733563416224,,,0.0,0.9891493093629458,0.4988955123117193,0.0152743030116885,0.4563943887147279,0.4411200857030394,0.3173218747072951,0.3173218747072951,google-bert_bert-base-uncased_ISEAR_3ee76d,/Volumes/Amirali/hidden_states/experiments/baseline_v5_001/models/google-bert/bert-base-uncased/datasets/ISEAR/analysis/probes/probe_run__google-bert_bert-base-uncased__datasets__maxfull__rep5__probes=linear_logistic+mlp_1_hidden+mlp_2_hidden+mlp_3_hidden__hash3ee76dd13b29,,,,
1,3129721415,layer_10,10,0.8333333333333334,mlp_1_hidden,mlp,1_hidden,single_label,768,13,7,6132,767,767,297991,[384],20.0,0.6103996248283254,-0.0022089753765612,0.1528403759002685,0.0355512067840834,0.9504240052185258,0.950437141356887,0.9507363298856898,0.9507292557067644,0.9518445016201904,0.950437141356887,0.9422988681674622,0.9421614453011278,0.2493845343230412,0.7792802557569292,0.9973924039331852,0.9874010130881964,0.6101694915254238,0.61019897533659,0.6103996248283254,0.6103251084595265,0.6111042820025004,0.61019897533659,0.5452644980910009,0.5451844682914446,1.2524889542969448,0.285792586212498,0.8878083926290989,0.6527388780548558,0.6088657105606258,0.6088526152746336,0.6133253055053368,0.6133936680397863,0.6208471806942938,0.6088526152746336,0.5441840587039111,0.5436895899353908,1.254354711228953,0.2852598638334273,0.8873633247730266,0.6540593256051023,0.6133253055053368,0.6088526152746336,0.7720920293519555,0.2852598638334273,,,0.0,0.9857272828722248,0.4988955123117193,0.02,0.5125165133564737,0.4925165133564737,0.337411024380353,0.337411024380353,google-bert_bert-base-uncased_ISEAR_3ee76d,/Volumes/Amirali/hidden_states/experiments/baseline_v5_001/models/google-bert/bert-base-uncased/datasets/ISEAR/analysis/probes/probe_run__google-bert_bert-base-uncased__datasets__maxfull__rep5__probes=linear_logistic+mlp_1_hidden+mlp_2_hidden+mlp_3_hidden__hash3ee76dd13b29,,,,
1,3280952882,layer_10,10,0.8333333333333334,mlp_2_hidden,mlp,2_hidden,single_label,768,13,7,6132,767,767,370567,"[384, 192]",17.0,0.621813551883653,-0.0022089753765612,0.1528403759002685,0.0355512067840834,0.8886170906718852,0.8886142733370688,0.888821332541814,0.8888148177165727,0.8901500658107173,0.8886142733370688,0.8702393932539365,0.8700527402398909,0.3631694439124292,0.6954685805973806,0.9896973328669184,0.9531267510830446,0.6245110821382008,0.6246395806028834,0.621813551883653,0.6216820327576065,0.6228873282515632,0.6246395806028834,0.5625743165178797,0.5619324503074857,1.2513474082931124,0.2861190178801481,0.8900605722512454,0.663577431038462,0.5984354628422425,0.5984630048850234,0.5996633151112228,0.5996742154802088,0.602735553584705,0.5984630048850234,0.5317848491489829,0.5315148089756174,1.205834689036975,0.2994419542563181,0.8933916135584068,0.6540222012640585,0.5996633151112228,0.5984630048850234,0.7658924245744915,0.2994419542563181,,,0.0,0.986175670591716,0.4988955123117193,0.02,0.5080756812971223,0.4880756812971223,0.2891580174305911,0.2891580174305911,google-bert_bert-base-uncased_ISEAR_3ee76d,/Volumes/Amirali/hidden_states/experiments/baseline_v5_001/models/google-bert/bert-base-uncased/datasets/ISEAR/analysis/probes/probe_run__google-bert_bert-base-uncased__datasets__maxfull__rep5__probes=linear_logistic+mlp_1_hidden+mlp_2_hidden+mlp_3_hidden__hash3ee76dd13b29,,,,
1,3349351852,layer_10,10,0.8333333333333334,mlp_3_hidden,mlp,3_hidden,single_label,768,13,7,6132,767,767,388423,"[384, 192, 96]",15.0,0.6053221462886581,-0.0022089753765612,0.1528403759002685,0.0355512067840834,0.7327136333985649,0.7327707752576152,0.7317981660813383,0.7317756794413323,0.7366689742085858,0.7327707752576152,0.6891747926246551,0.6881711399010367,0.7401632953597518,0.4770360113934211,0.951755202683842,0.8168836923669175,0.60625814863103,0.6062909567496723,0.6053221462886581,0.605247643313309,0.6129563424779677,0.6062909567496723,0.5420555087677837,0.5406238348709731,1.144109619177351,0.3185073844420359,0.8869222947366754,0.6507644750539042,0.6271186440677966,0.6272608125819136,0.629509659727595,0.6294918584302656,0.6391411046203633,0.6272608125819136,0.5664256174286281,0.5650030538347439,1.091111644010273,0.3358429483185634,0.8960362356553434,0.6697725210969784,0.629509659727595,0.6272608125819136,0.783212808714314,0.3358429483185634,,,0.0,0.9761054792834912,0.4988955123117193,0.02,0.5250880765021243,0.5050880765021243,0.1022885063537433,0.1022885063537433,google-bert_bert-base-uncased_ISEAR_3ee76d,/Volumes/Amirali/hidden_states/experiments/baseline_v5_001/models/google-bert/bert-base-uncased/datasets/ISEAR/analysis/probes/probe_run__google-bert_bert-base-uncased__datasets__maxfull__rep5__probes=linear_logistic+mlp_1_hidden+mlp_2_hidden+mlp_3_hidden__hash3ee76dd13b29,,,,
1,329187169,layer_11,11,0.9166666666666666,linear_logistic,logistic,linear,single_label,768,13,7,6132,767,767,5383,[],,,-0.0039330311119556,0.1590984910726547,0.0355512067840834,0.8530658838878017,0.8530795948970766,0.85306121871079,0.8530472210636165,0.8531193482129125,0.8530795948970766,0.8285902101985744,0.8285767900728327,0.4376568130267813,0.6455472882661647,0.9813099461768386,0.9195940975183295,0.5254237288135594,0.5255093530322889,0.5248515329707149,0.5247883266734475,0.5258015279879447,0.5255093530322889,0.446584822093101,0.4463367813174259,2.368580401061088,0.0936135256565177,0.840019298686955,0.538057876617165,0.5332464146023468,0.5333492195877517,0.5352307084633597,0.5351943995320683,0.5386096544303183,0.5333492195877517,0.4556891873313991,0.4554749765501213,2.4337617300410894,0.0877062838917835,0.8428580143841466,0.5585928437277545,0.5352307084633597,0.5333492195877517,0.7278445936656995,0.0877062838917835,,,0.0,0.9836942368719828,0.4980334844440222,0.0152743030116885,0.4550284754024353,0.4397541723907468,0.3178305102474302,0.3178305102474302,google-bert_bert-base-uncased_ISEAR_3ee76d,/Volumes/Amirali/hidden_states/experiments/baseline_v5_001/models/google-bert/bert-base-uncased/datasets/ISEAR/analysis/probes/probe_run__google-bert_bert-base-uncased__datasets__maxfull__rep5__probes=linear_logistic+mlp_1_hidden+mlp_2_hidden+mlp_3_hidden__hash3ee76dd13b29,,,,
1,3129722412,layer_11,11,0.9166666666666666,mlp_1_hidden,mlp,1_hidden,single_label,768,13,7,6132,767,767,297991,[384],15.0,0.6107659027520091,-0.0039330311119556,0.1590984910726547,0.0355512067840834,0.7553816046966731,0.7553817485671015,0.7566018316906181,0.7565875768801721,0.7597405794347987,0.7553817485671015,0.7149728834828418,0.71460977354481,0.7255479856979381,0.4840592387236406,0.956694980581166,0.8349968575153577,0.6114732724902217,0.6117121410699393,0.6107659027520091,0.6106007239970375,0.6136395417169397,0.6117121410699393,0.5474508815990042,0.5467415467415467,1.1196349026556196,0.3263989402581354,0.886695400941197,0.6540622464789525,0.6297262059973925,0.6296914095079232,0.6321754214629968,0.6321867913276394,0.6370945802607022,0.6296914095079232,0.5684307450071009,0.5680055846643847,1.065330416672893,0.3446139697521844,0.8972719672401052,0.6739859813978111,0.6321754214629968,0.6296914095079232,0.7842153725035504,0.3446139697521844,,,0.0,0.9820345545239016,0.4980334844440222,0.02,0.52769639931728,0.50769639931728,0.1244264102276213,0.1244264102276213,google-bert_bert-base-uncased_ISEAR_3ee76d,/Volumes/Amirali/hidden_states/experiments/baseline_v5_001/models/google-bert/bert-base-uncased/datasets/ISEAR/analysis/probes/probe_run__google-bert_bert-base-uncased__datasets__maxfull__rep5__probes=linear_logistic+mlp_1_hidden+mlp_2_hidden+mlp_3_hidden__hash3ee76dd13b29,,,,
1,3280953879,layer_11,11,0.9166666666666666,mlp_2_hidden,mlp,2_hidden,single_label,768,13,7,6132,767,767,370567,"[384, 192]",14.0,0.6148149217715378,-0.0039330311119556,0.1590984910726547,0.0355512067840834,0.6935746901500326,0.6935960098631601,0.6931548450170139,0.6931303568080013,0.6965719085591503,0.6935960098631601,0.643103910390341,0.642502840159412,0.846243840422075,0.4290233895597366,0.9365079947694004,0.7708701253874854,0.6153846153846154,0.6156916478017396,0.6148149217715378,0.6146232885682753,0.6184294881939909,0.6156916478017396,0.5520633402873464,0.5513107797255493,1.1132872038741697,0.3284774121913243,0.88863417408393,0.6567187882409786,0.6245110821382008,0.6244608602406767,0.6263036003410475,0.6263206525931739,0.6340955843315725,0.6244608602406767,0.5628098301168798,0.5619228938600667,1.0791004166712423,0.3399011575684105,0.895869770580077,0.6569597592182129,0.6263036003410475,0.6244608602406767,0.7814049150584399,0.3399011575684105,,,0.0,0.9853292053558186,0.4980334844440222,0.02,0.5248804768947534,0.5048804768947533,0.0668512446759663,0.0668512446759663,google-bert_bert-base-uncased_ISEAR_3ee76d,/Volumes/Amirali/hidden_states/experiments/baseline_v5_001/models/google-bert/bert-base-uncased/datasets/ISEAR/analysis/probes/probe_run__google-bert_bert-base-uncased__datasets__maxfull__rep5__probes=linear_logistic+mlp_1_hidden+mlp_2_hidden+mlp_3_hidden__hash3ee76dd13b29,,,,
1,3349352849,layer_11,11,0.9166666666666666,mlp_3_hidden,mlp,3_hidden,single_label,768,13,7,6132,767,767,388423,"[384, 192, 96]",15.0,0.6048033255807378,-0.0039330311119556,0.1590984910726547,0.0355512067840834,0.7328767123287672,0.7329038611956117,0.7334984903793205,0.7334687875684083,0.7367564826149291,0.7329038611956117,0.6888437498041609,0.6883554391743496,0.7483406247466599,0.4731510368058525,0.9493392522905684,0.8114111164312975,0.60625814863103,0.6064458477302513,0.6048033255807378,0.6046730444602394,0.6056971973902695,0.6064458477302513,0.5410591929016287,0.5406502533390183,1.142273423716418,0.3190927635263582,0.8849054643921278,0.6444242514385118,0.6075619295958279,0.6075896580483737,0.6104897511587616,0.6104268416406619,0.6171764034898483,0.6075896580483737,0.5427840591846893,0.5421485800412502,1.1058861756474507,0.3309175012367181,0.8921108851959437,0.6606485687368606,0.6104897511587616,0.6075896580483737,0.7713920295923447,0.3309175012367181,,,0.0,0.9921544045196866,0.4980334844440222,0.02,0.5166785557336397,0.4966785557336397,0.1230087392205588,0.1230087392205588,google-bert_bert-base-uncased_ISEAR_3ee76d,/Volumes/Amirali/hidden_states/experiments/baseline_v5_001/models/google-bert/bert-base-uncased/datasets/ISEAR/analysis/probes/probe_run__google-bert_bert-base-uncased__datasets__maxfull__rep5__probes=linear_logistic+mlp_1_hidden+mlp_2_hidden+mlp_3_hidden__hash3ee76dd13b29,,,,
1,329188166,layer_12,12,1.0,linear_logistic,logistic,linear,single_label,768,13,7,6132,767,767,5383,[],,,-0.0023496958892792,0.1589605510234832,0.0355512067840834,0.8473581213307241,0.8473733135672802,0.8475016600998524,0.8474851641414585,0.8477031336001186,0.8473733135672802,0.821930965790194,0.8219176535081051,0.4527716864233566,0.6358632932775686,0.980408164202528,0.91557716905326,0.5189048239895697,0.519027761229596,0.519567649895585,0.5194535151336106,0.5212178331269443,0.519027761229596,0.4389249402970231,0.4387281781169373,2.3551370128026887,0.0948805057999897,0.8378282467264164,0.5382021897441865,0.5228161668839635,0.5228404622900037,0.5227081856655225,0.5227220176873776,0.5246217846103761,0.5228404622900037,0.4436480643811409,0.4433012997211767,2.3503385656956586,0.0953368789541105,0.8399617576199683,0.5502633995389633,0.5227081856655225,0.5228404622900037,0.7218240321905705,0.0953368789541105,,,0.0,0.9781667641849124,0.4988251520553604,0.0152743030116885,0.449668342505137,0.4343940394934484,0.3247934744343299,0.3247934744343299,google-bert_bert-base-uncased_ISEAR_3ee76d,/Volumes/Amirali/hidden_states/experiments/baseline_v5_001/models/google-bert/bert-base-uncased/datasets/ISEAR/analysis/probes/probe_run__google-bert_bert-base-uncased__datasets__maxfull__rep5__probes=linear_logistic+mlp_1_hidden+mlp_2_hidden+mlp_3_hidden__hash3ee76dd13b29,,,,
1,3129723409,layer_12,12,1.0,mlp_1_hidden,mlp,1_hidden,single_label,768,13,7,6132,767,767,297991,[384],15.0,0.6037097518078006,-0.0023496958892792,0.1589605510234832,0.0355512067840834,0.7509784735812133,0.7510020944917348,0.7502292877071236,0.7502122440663858,0.7499003176475622,0.7510020944917348,0.70954847900803,0.7094757151468494,0.7258228703259126,0.4839261965663461,0.9565575773951724,0.8341505928176873,0.60625814863103,0.6063147861313,0.6037097518078006,0.6036079016489531,0.6031681041185293,0.6063147861313,0.540939988661599,0.5406201907058655,1.1251548961233675,0.3246021838441755,0.8858515360865189,0.6515580275939007,0.6088657105606258,0.6089479328011438,0.6099707368113755,0.6099416369054509,0.6120161499379714,0.6089479328011438,0.5438825078780994,0.5436904948409857,1.0794774684342128,0.3397730213962165,0.8948071422499513,0.6690238999896988,0.6099707368113755,0.6089479328011438,0.7719412539390498,0.3397730213962165,,,0.0,0.976651796015366,0.4988251520553604,0.02,0.5162098015577992,0.4962098015577991,0.1402585508957481,0.1402585508957481,google-bert_bert-base-uncased_ISEAR_3ee76d,/Volumes/Amirali/hidden_states/experiments/baseline_v5_001/models/google-bert/bert-base-uncased/datasets/ISEAR/analysis/probes/probe_run__google-bert_bert-base-uncased__datasets__maxfull__rep5__probes=linear_logistic+mlp_1_hidden+mlp_2_hidden+mlp_3_hidden__hash3ee76dd13b29,,,,
1,3280954876,layer_12,12,1.0,mlp_2_hidden,mlp,2_hidden,single_label,768,13,7,6132,767,767,370567,"[384, 192]",15.0,0.6032692284991349,-0.0023496958892792,0.1589605510234832,0.0355512067840834,0.758969341161122,0.7589905298121232,0.7604066072011249,0.7603912478690059,0.7670705364296684,0.7589905298121232,0.7196373021234239,0.7187979398591398,0.684934783919411,0.5041231054358674,0.959880855733042,0.842187454435926,0.6023468057366362,0.6025020850708923,0.6032692284991349,0.6031306388528017,0.6121877047169899,0.6025020850708923,0.5373782936946353,0.536079816442806,1.159757077530332,0.3135623429702388,0.8847344514022132,0.648154545032075,0.60625814863103,0.6061718098415347,0.6094700235727469,0.6095141232611518,0.620647477918152,0.6061718098415347,0.5418846129869487,0.5406192796555547,1.123258884141931,0.325218217292798,0.8915684389835535,0.6590824637563379,0.6094700235727469,0.6061718098415347,0.7709423064934744,0.325218217292798,,,0.0,0.986452360828441,0.4988251520553604,0.02,0.51504293875833,0.4950429387583299,0.1509365836283779,0.1509365836283779,google-bert_bert-base-uncased_ISEAR_3ee76d,/Volumes/Amirali/hidden_states/experiments/baseline_v5_001/models/google-bert/bert-base-uncased/datasets/ISEAR/analysis/probes/probe_run__google-bert_bert-base-uncased__datasets__maxfull__rep5__probes=linear_logistic+mlp_1_hidden+mlp_2_hidden+mlp_3_hidden__hash3ee76dd13b29,,,,
1,3349353846,layer_12,12,1.0,mlp_3_hidden,mlp,3_hidden,single_label,768,13,7,6132,767,767,388423,"[384, 192, 96]",14.0,0.5852855195151054,-0.0023496958892792,0.1589605510234832,0.0355512067840834,0.6691128506196999,0.6691679721157087,0.6664793535089764,0.6664595564716211,0.6680225491978341,0.6691679721157087,0.6146350673143243,0.6139720949656667,0.9292726810340072,0.3948407811516138,0.9226294205705692,0.7318979038166971,0.5880052151238592,0.5880495651137853,0.5852855195151054,0.5851997819979864,0.5917361052102127,0.5880495651137853,0.5205725159849639,0.5193196714971631,1.1756258479404975,0.3086257664329609,0.8739035364157555,0.6261792966414504,0.5984354628422425,0.5984868342666508,0.5984792793611768,0.5984803941455626,0.6059574502442671,0.5984868342666508,0.5327062898905711,0.5315250284572031,1.1139749565347088,0.3282515786448756,0.8854679650962713,0.6457662688636688,0.5984792793611768,0.5984868342666508,0.7663531449452856,0.3282515786448756,,,0.0,0.9780301977434602,0.4988251520553604,0.02,0.5099152519636863,0.4899152519636862,0.0680000741477995,0.0680000741477995,google-bert_bert-base-uncased_ISEAR_3ee76d,/Volumes/Amirali/hidden_states/experiments/baseline_v5_001/models/google-bert/bert-base-uncased/datasets/ISEAR/analysis/probes/probe_run__google-bert_bert-base-uncased__datasets__maxfull__rep5__probes=linear_logistic+mlp_1_hidden+mlp_2_hidden+mlp_3_hidden__hash3ee76dd13b29,,,,
2,329176203,layer_0,0,0.0,linear_logistic,logistic,linear,single_label,768,13,7,6132,767,767,5383,[],,,-0.0148636158555746,0.1992249488830566,0.0355512067840834,0.8228962818003914,0.8228952146219749,0.8227376149082801,0.8227354777823616,0.8227730578748241,0.8228952146219749,0.7934117090909641,0.7933785979590893,0.5242473061859703,0.5920007920445293,0.9748087318046824,0.8981672063036994,0.5019556714471969,0.501787203622066,0.5034862728228695,0.5035910139146498,0.5092334434115342,0.501787203622066,0.4194719521720036,0.4189174984778498,2.496734029082328,0.0823535241016951,0.8187019675573464,0.5139685683317107,0.483702737940026,0.4838198498748957,0.4850819817903098,0.4849886776727592,0.4884684824302021,0.4838198498748957,0.3979472914483093,0.397663091762914,2.508819663283991,0.0813642197610357,0.8099497171252156,0.5111411182531377,0.4850819817903098,0.4838198498748957,0.6989736457241547,0.0813642197610357,,,0.0,0.9903681080353918,0.4925681920722127,0.0152743030116885,0.4304911621706884,0.4152168591589999,0.3376556331179702,0.3376556331179702,google-bert_bert-base-uncased_ISEAR_3ee76d,/Volumes/Amirali/hidden_states/experiments/baseline_v5_001/models/google-bert/bert-base-uncased/datasets/ISEAR/analysis/probes/probe_run__google-bert_bert-base-uncased__datasets__maxfull__rep5__probes=linear_logistic+mlp_1_hidden+mlp_2_hidden+mlp_3_hidden__hash3ee76dd13b29,,,,
2,3129711446,layer_0,0,0.0,mlp_1_hidden,mlp,1_hidden,single_label,768,13,7,6132,767,767,297991,[384],17.0,0.5967540295053771,-0.0148636158555746,0.1992249488830566,0.0355512067840834,0.8595890410958904,0.8595928971578474,0.8597601436099217,0.8597520390911665,0.8611502305561449,0.8595928971578474,0.8363976697853375,0.8361869198175821,0.4720957322956602,0.6236938024201915,0.9843996201689924,0.9336450187790224,0.5945241199478487,0.5944239246991542,0.5967540295053771,0.5968395579105708,0.6031904305813829,0.5944239246991542,0.5275658183326722,0.5269366312403443,1.2379697392394422,0.2899723401801933,0.8778237356550196,0.6491975895286026,0.5775749674054759,0.5777910163231265,0.5769027688270693,0.5766903218970422,0.5781621291638397,0.5777910163231265,0.5075114059123518,0.5071700971944304,1.2407399111672486,0.2891701785194154,0.87424129389213,0.6395887081789857,0.5769027688270693,0.5777910163231265,0.7537557029561759,0.2891701785194154,,,0.0,0.9866570907649904,0.4925681920722127,0.02,0.4961688366307139,0.4761688366307139,0.2828573747828524,0.2828573747828524,google-bert_bert-base-uncased_ISEAR_3ee76d,/Volumes/Amirali/hidden_states/experiments/baseline_v5_001/models/google-bert/bert-base-uncased/datasets/ISEAR/analysis/probes/probe_run__google-bert_bert-base-uncased__datasets__maxfull__rep5__probes=linear_logistic+mlp_1_hidden+mlp_2_hidden+mlp_3_hidden__hash3ee76dd13b29,,,,
2,3280942913,layer_0,0,0.0,mlp_2_hidden,mlp,2_hidden,single_label,768,13,7,6132,767,767,370567,"[384, 192]",18.0,0.5772376210913406,-0.0148636158555746,0.1992249488830566,0.0355512067840834,0.948956294846706,0.94895265582901,0.9489345603315458,0.9489310428389928,0.9493267682756156,0.94895265582901,0.9405182393950744,0.9404488425133078,0.1927155753347374,0.8247165105009997,0.9974480039995828,0.987471824467754,0.576271186440678,0.576134874300012,0.5772376210913406,0.5773053065599275,0.581778473036552,0.576134874300012,0.5062654467150363,0.5056274480638604,1.6218251474020005,0.1975378342030975,0.8686989360092853,0.6307140864911688,0.5514993481095176,0.5517216728225902,0.547996710148148,0.5478387251465832,0.546583490243657,0.5517216728225902,0.4770907543059554,0.4767661383719638,1.6785330355357038,0.1866475806744017,0.8626196176669408,0.6102697456016678,0.547996710148148,0.5517216728225902,0.7385453771529777,0.1866475806744017,,,0.0,0.9832633717127778,0.4925681920722127,0.02,0.4721587398757007,0.4521587398757007,0.4009378501833978,0.4009378501833978,google-bert_bert-base-uncased_ISEAR_3ee76d,/Volumes/Amirali/hidden_states/experiments/baseline_v5_001/models/google-bert/bert-base-uncased/datasets/ISEAR/analysis/probes/probe_run__google-bert_bert-base-uncased__datasets__maxfull__rep5__probes=linear_logistic+mlp_1_hidden+mlp_2_hidden+mlp_3_hidden__hash3ee76dd13b29,,,,
2,3349341883,layer_0,0,0.0,mlp_3_hidden,mlp,3_hidden,single_label,768,13,7,6132,767,767,388423,"[384, 192, 96]",16.0,0.5725280193355288,-0.0148636158555746,0.1992249488830566,0.0355512067840834,0.844259621656882,0.844263440270919,0.8449979617635874,0.8449956299317058,0.8464719103472075,0.844263440270919,0.8184309815695145,0.8183029370334287,0.465947322341201,0.6275403405326052,0.9809771045847056,0.9211427881847332,0.5697522816166884,0.5697009412605742,0.5725280193355288,0.5726151313619013,0.5816282859038472,0.5697009412605742,0.498896214003338,0.4980495901858789,1.3894778456686452,0.2492053943413121,0.8697288367392838,0.6316981456651561,0.5775749674054759,0.5776956987966162,0.5767287217518965,0.5766180582191609,0.5772815920347322,0.5776956987966162,0.5074025350370812,0.507172051902929,1.330010366813062,0.2644745195277087,0.8740556585300734,0.6397073834596446,0.5767287217518965,0.5776956987966162,0.7537012675185406,0.2644745195277087,,,0.0,0.9876516651408148,0.4925681920722127,0.02,0.4937327534557106,0.4737327534557106,0.2682692400116909,0.2682692400116909,google-bert_bert-base-uncased_ISEAR_3ee76d,/Volumes/Amirali/hidden_states/experiments/baseline_v5_001/models/google-bert/bert-base-uncased/datasets/ISEAR/analysis/probes/probe_run__google-bert_bert-base-uncased__datasets__maxfull__rep5__probes=linear_logistic+mlp_1_hidden+mlp_2_hidden+mlp_3_hidden__hash3ee76dd13b29,,,,
2,329177200,layer_1,1,0.0833333333333333,linear_logistic,logistic,linear,single_label,768,13,7,6132,767,767,5383,[],,,-0.0102403610944747,0.1343857645988464,0.0355512067840834,0.8251793868232224,0.8251857764007032,0.825027048412892,0.8250195022353165,0.8249678765942298,0.8251857764007032,0.7960588718318901,0.7960424217852562,0.5220256398620627,0.5933174823496193,0.9748214359473116,0.8985829035206254,0.5215123859191656,0.5214464434647921,0.5216077993595654,0.5216364257013347,0.5241690412309835,0.5214464434647921,0.442046565335272,0.4417492672053055,2.310022089394125,0.0992590589629552,0.8319650790975194,0.5326954675809263,0.500651890482399,0.5008578577385916,0.4992629654649137,0.4991233951058437,0.5000165221932704,0.5008578577385916,0.4178163251827704,0.4174541070178534,2.38777272415686,0.0918339959040785,0.8225181235820871,0.5221070386829426,0.4992629654649137,0.5008578577385916,0.7089081625913852,0.0918339959040785,,,0.0,0.989985617414202,0.4948798194527626,0.0152743030116885,0.4392065967201911,0.4239322937085026,0.3257640829479782,0.3257640829479782,google-bert_bert-base-uncased_ISEAR_3ee76d,/Volumes/Amirali/hidden_states/experiments/baseline_v5_001/models/google-bert/bert-base-uncased/datasets/ISEAR/analysis/probes/probe_run__google-bert_bert-base-uncased__datasets__maxfull__rep5__probes=linear_logistic+mlp_1_hidden+mlp_2_hidden+mlp_3_hidden__hash3ee76dd13b29,,,,
2,3129712443,layer_1,1,0.0833333333333333,mlp_1_hidden,mlp,1_hidden,single_label,768,13,7,6132,767,767,297991,[384],19.0,0.5989352298357097,-0.0102403610944747,0.1343857645988464,0.0355512067840834,0.9411285061969994,0.9411340000579808,0.9416350951458858,0.9416377354975932,0.9431584045586112,0.9411340000579808,0.9314953177834182,0.9313167759643156,0.2875302743126228,0.750113857245809,0.9961282034581748,0.9819380728318332,0.5971316818774446,0.5971166448230668,0.5989352298357097,0.5989217594526723,0.6062743711510873,0.5971166448230668,0.5307447429013525,0.5299779072580806,1.299884510241421,0.272563269482564,0.8805312941724727,0.6518001008225663,0.5749674054758801,0.5753246753246753,0.5733554086361402,0.5731366333142903,0.5818350219328445,0.5753246753246753,0.5057815080523073,0.504166286591339,1.3367195891165256,0.2627060403762841,0.8739771573240832,0.6379902345548111,0.5733554086361402,0.5753246753246753,0.7528907540261536,0.2627060403762841,,,0.0,0.9828677887033664,0.4948798194527626,0.02,0.4918725404422626,0.4718725404422625,0.3682796865097456,0.3682796865097456,google-bert_bert-base-uncased_ISEAR_3ee76d,/Volumes/Amirali/hidden_states/experiments/baseline_v5_001/models/google-bert/bert-base-uncased/datasets/ISEAR/analysis/probes/probe_run__google-bert_bert-base-uncased__datasets__maxfull__rep5__probes=linear_logistic+mlp_1_hidden+mlp_2_hidden+mlp_3_hidden__hash3ee76dd13b29,,,,
2,3280943910,layer_1,1,0.0833333333333333,mlp_2_hidden,mlp,2_hidden,single_label,768,13,7,6132,767,767,370567,"[384, 192]",41.0,0.5854206711233356,-0.0102403610944747,0.1343857645988464,0.0355512067840834,0.9897260273972602,0.9897241436353592,0.9898259534448242,0.9898223219672304,0.990200962455424,0.9897241436353592,0.9880620814288704,0.9880136729688928,0.0234083331833139,0.9768635165336697,0.9999316820733324,0.9993195029645964,0.5814863102998696,0.5814369117121411,0.5854206711233356,0.5854546223029942,0.5955418864390696,0.5814369117121411,0.5126657456289516,0.5117284954446477,2.64032774989277,0.0713378847403357,0.8707982554669708,0.6260015498891044,0.5723598435462842,0.5725366376742523,0.5712490682646476,0.5711245519160586,0.5717909394894446,0.5725366376742523,0.5013771151254044,0.5010976502154647,2.6981336463826957,0.0673310591120747,0.8682607921654386,0.6281886991953665,0.5712490682646476,0.5725366376742523,0.7506885575627023,0.0673310591120747,,,0.0,0.9819943658223548,0.4948798194527626,0.02,0.4709725798177861,0.4509725798177861,0.4185768851801765,0.4185768851801765,google-bert_bert-base-uncased_ISEAR_3ee76d,/Volumes/Amirali/hidden_states/experiments/baseline_v5_001/models/google-bert/bert-base-uncased/datasets/ISEAR/analysis/probes/probe_run__google-bert_bert-base-uncased__datasets__maxfull__rep5__probes=linear_logistic+mlp_1_hidden+mlp_2_hidden+mlp_3_hidden__hash3ee76dd13b29,,,,
2,3349342880,layer_1,1,0.0833333333333333,mlp_3_hidden,mlp,3_hidden,single_label,768,13,7,6132,767,767,388423,"[384, 192, 96]",15.0,0.5770629791440154,-0.0102403610944747,0.1343857645988464,0.0355512067840834,0.7526092628832355,0.7526064447343443,0.7519254455472302,0.7519238986785381,0.7551209355420542,0.7526064447343443,0.7120136730880341,0.7113768106813718,0.7176552018015985,0.4878949309203657,0.9555337190611044,0.837645158772709,0.576271186440678,0.5763016799714047,0.5770629791440154,0.5770926774695349,0.581402655599728,0.5763016799714047,0.5062361520916373,0.5056676436642565,1.2268542173940191,0.2932135143614188,0.8771297162288177,0.642128123369538,0.5554106910039114,0.5555820326462528,0.5505825322601658,0.5504459810751001,0.5543486677858672,0.5555820326462528,0.4824975485015843,0.4813230528816598,1.2320867364396244,0.2916832760550324,0.8758531545602859,0.6395506866545674,0.5505825322601658,0.5555820326462528,0.7412487742507922,0.2916832760550324,,,0.0,0.9808722940269452,0.4948798194527626,0.02,0.4841698020804341,0.4641698020804341,0.2013429132870643,0.2013429132870643,google-bert_bert-base-uncased_ISEAR_3ee76d,/Volumes/Amirali/hidden_states/experiments/baseline_v5_001/models/google-bert/bert-base-uncased/datasets/ISEAR/analysis/probes/probe_run__google-bert_bert-base-uncased__datasets__maxfull__rep5__probes=linear_logistic+mlp_1_hidden+mlp_2_hidden+mlp_3_hidden__hash3ee76dd13b29,,,,
2,329178197,layer_2,2,0.1666666666666666,linear_logistic,logistic,linear,single_label,768,13,7,6132,767,767,5383,[],,,-0.011367805302143,0.1293960064649582,0.0355512067840834,0.8264840182648402,0.8264827736448994,0.8260992820200402,0.8260931925045505,0.826119744372769,0.8264827736448994,0.7976325710177115,0.7975639405339298,0.5317979566950777,0.587547634238865,0.9740734766478238,0.8967434388297723,0.500651890482399,0.5005242463958061,0.501650771924718,0.5017057759922211,0.5069167186039736,0.5005242463958061,0.4179303131430564,0.4173986509937072,2.370254904330841,0.093456900672834,0.8285443918315207,0.5215587835676091,0.5084745762711864,0.5086500655307995,0.5050555533966861,0.5049436645693922,0.5040462264430113,0.5086500655307995,0.4269367021264642,0.4265767409393417,2.449254449329751,0.0863579467295484,0.8203758007352785,0.5185756459520799,0.5050555533966861,0.5086500655307995,0.713468351063232,0.0863579467295484,,,0.0,0.9845332605468214,0.4943160973489284,0.0152743030116885,0.4413865764333596,0.4261122734216711,0.3210437286233542,0.3210437286233542,google-bert_bert-base-uncased_ISEAR_3ee76d,/Volumes/Amirali/hidden_states/experiments/baseline_v5_001/models/google-bert/bert-base-uncased/datasets/ISEAR/analysis/probes/probe_run__google-bert_bert-base-uncased__datasets__maxfull__rep5__probes=linear_logistic+mlp_1_hidden+mlp_2_hidden+mlp_3_hidden__hash3ee76dd13b29,,,,
2,3129713440,layer_2,2,0.1666666666666666,mlp_1_hidden,mlp,1_hidden,single_label,768,13,7,6132,767,767,297991,[384],15.0,0.5808219823827346,-0.011367805302143,0.1293960064649582,0.0355512067840834,0.7679386823222439,0.7679457625452795,0.7676353614565393,0.7676258115069448,0.7682270541368074,0.7679457625452795,0.7294104029290461,0.7292614264312585,0.7219118235112542,0.4858225605428248,0.9585539260063256,0.8471857478289928,0.5801825293350718,0.5800786369593709,0.5808219823827346,0.5808445531386137,0.585368166224985,0.5800786369593709,0.5106843851592356,0.5101908870048094,1.201191590482592,0.3008355255019732,0.8767011075055491,0.6402760887747933,0.5645371577574967,0.5647920886452996,0.5618321471501875,0.5616684721238684,0.5620317948639876,0.5647920886452996,0.492420144785848,0.4919834771382847,1.1737134172793635,0.3092165565540117,0.8797231244422894,0.6439218216781121,0.5618321471501875,0.5647920886452996,0.746210072392924,0.3092165565540117,,,0.0,0.9807945300218858,0.4943160973489284,0.02,0.4908252744683165,0.4708252744683165,0.2058032143063518,0.2058032143063518,google-bert_bert-base-uncased_ISEAR_3ee76d,/Volumes/Amirali/hidden_states/experiments/baseline_v5_001/models/google-bert/bert-base-uncased/datasets/ISEAR/analysis/probes/probe_run__google-bert_bert-base-uncased__datasets__maxfull__rep5__probes=linear_logistic+mlp_1_hidden+mlp_2_hidden+mlp_3_hidden__hash3ee76dd13b29,,,,
2,3280944907,layer_2,2,0.1666666666666666,mlp_2_hidden,mlp,2_hidden,single_label,768,13,7,6132,767,767,370567,"[384, 192]",18.0,0.5803935268372632,-0.011367805302143,0.1293960064649582,0.0355512067840834,0.9504240052185258,0.9504084555696491,0.9508430476820218,0.95084042461967,0.9525455005120536,0.9504084555696491,0.9423922353667724,0.9421609464078224,0.1950421938363647,0.8227999402375452,0.99759612249402,0.988245196071582,0.5788787483702738,0.5788752531871797,0.5803935268372632,0.5804381561603126,0.5834030759861408,0.5788752531871797,0.5089390896455406,0.5087028689621802,1.5985075527284285,0.2021980628660148,0.8731626951920834,0.6311050091757607,0.5801825293350718,0.5801977838675086,0.578609835344524,0.5785647864964721,0.5804220484934797,0.5801977838675086,0.5107733058255391,0.51019962953708,1.6264550697310185,0.1966253633383007,0.8699282004568818,0.6278290926316028,0.578609835344524,0.5801977838675086,0.7553866529127695,0.1966253633383007,,,0.0,0.9874805027166332,0.4943160973489284,0.02,0.4881165158261125,0.4681165158261125,0.3722332123374977,0.3722332123374977,google-bert_bert-base-uncased_ISEAR_3ee76d,/Volumes/Amirali/hidden_states/experiments/baseline_v5_001/models/google-bert/bert-base-uncased/datasets/ISEAR/analysis/probes/probe_run__google-bert_bert-base-uncased__datasets__maxfull__rep5__probes=linear_logistic+mlp_1_hidden+mlp_2_hidden+mlp_3_hidden__hash3ee76dd13b29,,,,
2,3349343877,layer_2,2,0.1666666666666666,mlp_3_hidden,mlp,3_hidden,single_label,768,13,7,6132,767,767,388423,"[384, 192, 96]",15.0,0.5686790775018543,-0.011367805302143,0.1293960064649582,0.0355512067840834,0.7607632093933464,0.7607258618086921,0.7583081099865089,0.7583120420002636,0.763098018390442,0.7607258618086921,0.7218809659461465,0.7208855526214696,0.6905776741336512,0.5012864052186089,0.9585796729151984,0.8492608411375581,0.5710560625814863,0.5710949600857858,0.5686790775018543,0.5686862575293049,0.5779824078067249,0.5710949600857858,0.5011322577764785,0.4995795836291451,1.287301172318784,0.2760146948923336,0.8699554393826762,0.6214853300706956,0.5801825293350718,0.5801977838675086,0.5753005062027962,0.5752589597116406,0.5778321031528162,0.5801977838675086,0.5112492641224282,0.5101967153943332,1.1962527597819703,0.3023249762762036,0.881249225772887,0.6520170549745367,0.5753005062027962,0.5801977838675086,0.7556246320612141,0.3023249762762036,,,0.0,0.9837975539771922,0.4943160973489284,0.02,0.4975265468327934,0.4775265468327934,0.1830076037837127,0.1830076037837127,google-bert_bert-base-uncased_ISEAR_3ee76d,/Volumes/Amirali/hidden_states/experiments/baseline_v5_001/models/google-bert/bert-base-uncased/datasets/ISEAR/analysis/probes/probe_run__google-bert_bert-base-uncased__datasets__maxfull__rep5__probes=linear_logistic+mlp_1_hidden+mlp_2_hidden+mlp_3_hidden__hash3ee76dd13b29,,,,
2,329179194,layer_3,3,0.25,linear_logistic,logistic,linear,single_label,768,13,7,6132,767,767,5383,[],,,-0.0099745886400341,0.1452856212854385,0.0355512067840834,0.8289302022178735,0.8289375338902791,0.8288002477617723,0.8287933329357416,0.8287662716419311,0.8289375338902791,0.8004351284858278,0.8004185135221047,0.5103310020662749,0.6002968464271197,0.9759380169723936,0.9037569483601654,0.4980443285528031,0.4980459907065411,0.4998554497598137,0.4998352606383016,0.5038215048845538,0.4980459907065411,0.4146877531357012,0.4143784135395306,2.4842301651441567,0.0833897261259321,0.827200152406266,0.5304557276837603,0.4758800521512386,0.4761706183724533,0.474136106754619,0.4739408734557587,0.4767994223550338,0.4761706183724533,0.3892335272515444,0.3885622386109222,2.5098560324040267,0.0812799400761745,0.8174985710520747,0.5169490594517036,0.474136106754619,0.4761706183724533,0.6946167636257722,0.0812799400761745,,,0.0,0.9792730453040908,0.4950127056799829,0.0152743030116885,0.4249580678104142,0.4096837647987257,0.3546641410071532,0.3546641410071532,google-bert_bert-base-uncased_ISEAR_3ee76d,/Volumes/Amirali/hidden_states/experiments/baseline_v5_001/models/google-bert/bert-base-uncased/datasets/ISEAR/analysis/probes/probe_run__google-bert_bert-base-uncased__datasets__maxfull__rep5__probes=linear_logistic+mlp_1_hidden+mlp_2_hidden+mlp_3_hidden__hash3ee76dd13b29,,,,
2,3129714437,layer_3,3,0.25,mlp_1_hidden,mlp,1_hidden,single_label,768,13,7,6132,767,767,297991,[384],26.0,0.6062277737173528,-0.0099745886400341,0.1452856212854385,0.0355512067840834,0.9897260273972602,0.9897243295862488,0.9898185618334844,0.989814920741098,0.9901474890687052,0.9897243295862488,0.9880550917795452,0.9880136737126984,0.0572248512777135,0.9443817000597554,0.9998717247769984,0.99899311210359,0.60625814863103,0.6061956392231621,0.6062277737173528,0.6062326156349546,0.6079556523140922,0.6061956392231621,0.5408608491665513,0.5406183686016302,1.594917553081357,0.2029252583751392,0.8787537821886579,0.6458106474525256,0.5671447196870926,0.5674490646967711,0.5620478488852704,0.5618486007357916,0.5607304753348802,0.5674490646967711,0.4956431919915309,0.4950315005443436,1.68452224868929,0.1855330494432765,0.8714565849225435,0.627592394632608,0.5620478488852704,0.5674490646967711,0.7478215959957655,0.1855330494432765,,,0.0,0.9809136814226828,0.4950127056799829,0.02,0.4791978696957931,0.4591978696957931,0.4277707129482139,0.4277707129482139,google-bert_bert-base-uncased_ISEAR_3ee76d,/Volumes/Amirali/hidden_states/experiments/baseline_v5_001/models/google-bert/bert-base-uncased/datasets/ISEAR/analysis/probes/probe_run__google-bert_bert-base-uncased__datasets__maxfull__rep5__probes=linear_logistic+mlp_1_hidden+mlp_2_hidden+mlp_3_hidden__hash3ee76dd13b29,,,,
2,3280945904,layer_3,3,0.25,mlp_2_hidden,mlp,2_hidden,single_label,768,13,7,6132,767,767,370567,"[384, 192]",28.0,0.5822233048413354,-0.0099745886400341,0.1452856212854385,0.0355512067840834,0.9897260273972602,0.9897230253769198,0.9898172706464764,0.9898136436193752,0.9901542999677184,0.9897230253769198,0.9880563743023894,0.9880136685060564,0.0256852822476107,0.9746417784158996,0.9999278642161794,0.9992968957815024,0.5827900912646675,0.5826998689384011,0.5822233048413354,0.5822459678672113,0.5839537652475258,0.5826998689384011,0.513562170142065,0.513235110376874,2.373326246983326,0.0931703028529758,0.8705875312231742,0.6191716982777804,0.5671447196870926,0.5673894912427022,0.5623453257514125,0.5622100833514054,0.5623715961502923,0.5673894912427022,0.4957496756121308,0.4950345046402792,2.4923651390025463,0.0827141046911188,0.8680883852063632,0.6240613958560249,0.5623453257514125,0.5673894912427022,0.7478748378060655,0.0827141046911188,,,0.0,0.979239078383368,0.4950127056799829,0.02,0.4688219343866161,0.4488219343866161,0.4274719448950638,0.4274719448950638,google-bert_bert-base-uncased_ISEAR_3ee76d,/Volumes/Amirali/hidden_states/experiments/baseline_v5_001/models/google-bert/bert-base-uncased/datasets/ISEAR/analysis/probes/probe_run__google-bert_bert-base-uncased__datasets__maxfull__rep5__probes=linear_logistic+mlp_1_hidden+mlp_2_hidden+mlp_3_hidden__hash3ee76dd13b29,,,,
2,3349344874,layer_3,3,0.25,mlp_3_hidden,mlp,3_hidden,single_label,768,13,7,6132,767,767,388423,"[384, 192, 96]",16.0,0.5638373245518985,-0.0099745886400341,0.1452856212854385,0.0355512067840834,0.8403457273320287,0.8403219979745108,0.840768430208059,0.8407578924323429,0.8517897204418109,0.8403219979745108,0.8158153738657377,0.8137338442431624,0.4781204817718044,0.6199475001090397,0.9818766475018612,0.9265783400854398,0.5645371577574967,0.5646967711187895,0.5638373245518985,0.5637502870590261,0.5733916558840705,0.5646967711187895,0.4939977596158842,0.4919885142263364,1.4135239001155044,0.2432844607007319,0.8675751751117328,0.6171863652484888,0.5684485006518905,0.5686405337781485,0.5640860002574593,0.5639105826091808,0.5829597569252022,0.5686405337781485,0.500780218868507,0.496525532969757,1.3395042008433733,0.2619755236303265,0.8763580275463487,0.6404390716939695,0.5640860002574593,0.5686405337781485,0.7503901094342535,0.2619755236303265,,,0.0,0.9836533000169176,0.4950127056799829,0.02,0.4881896141949487,0.4681896141949487,0.2766824299505998,0.2766824299505998,google-bert_bert-base-uncased_ISEAR_3ee76d,/Volumes/Amirali/hidden_states/experiments/baseline_v5_001/models/google-bert/bert-base-uncased/datasets/ISEAR/analysis/probes/probe_run__google-bert_bert-base-uncased__datasets__maxfull__rep5__probes=linear_logistic+mlp_1_hidden+mlp_2_hidden+mlp_3_hidden__hash3ee76dd13b29,,,,
2,329180191,layer_4,4,0.3333333333333333,linear_logistic,logistic,linear,single_label,768,13,7,6132,767,767,5383,[],,,-0.0116564305499196,0.1479770392179489,0.0355512067840834,0.8334964122635355,0.8335037507437254,0.8334829202260083,0.8334706531104786,0.8337194592249365,0.8335037507437254,0.8057914182660697,0.805745314051703,0.4940256137405423,0.6101651542785749,0.9773436352778868,0.9099962876919856,0.5071707953063885,0.5071845585607054,0.5081037766241646,0.5080658760575619,0.5115112205212317,0.5071845585607054,0.4253421867717298,0.425021517616681,2.5140346308443164,0.080941012459709,0.8266938556853995,0.5237591209949044,0.5045632333767927,0.5046467294173717,0.5023569592725423,0.5022681946158599,0.5011831392221914,0.5046467294173717,0.4221467313381892,0.4219884738798126,2.5337880655456235,0.0793578375059609,0.8266800308671262,0.5321607156933232,0.5023569592725423,0.5046467294173717,0.7110733656690946,0.0793578375059609,,,0.0,0.9873099911232056,0.4941717847250402,0.0152743030116885,0.4393226261802742,0.4240483231685857,0.331125960953466,0.331125960953466,google-bert_bert-base-uncased_ISEAR_3ee76d,/Volumes/Amirali/hidden_states/experiments/baseline_v5_001/models/google-bert/bert-base-uncased/datasets/ISEAR/analysis/probes/probe_run__google-bert_bert-base-uncased__datasets__maxfull__rep5__probes=linear_logistic+mlp_1_hidden+mlp_2_hidden+mlp_3_hidden__hash3ee76dd13b29,,,,
2,3129715434,layer_4,4,0.3333333333333333,mlp_1_hidden,mlp,1_hidden,single_label,768,13,7,6132,767,767,297991,[384],32.0,0.5980547220893693,-0.0116564305499196,0.1479770392179489,0.0355512067840834,0.989399869536856,0.989405998258368,0.9894801667085884,0.989485746008886,0.989793477897692,0.989405998258368,0.987675180844677,0.9876332275547872,0.0380988303240871,0.9626178003607104,0.9999073938092355,0.9991855663840362,0.5958279009126467,0.595794114142738,0.5980547220893693,0.5980387626393021,0.6031969032246958,0.595794114142738,0.5288754646638314,0.5284483835717502,1.8093608596185349,0.1637587682036434,0.8753180998736421,0.6392374479921309,0.5684485006518905,0.5686762778505897,0.5656868212888754,0.5655541864878513,0.5651382802309446,0.5686762778505897,0.496920130092789,0.4965494949174457,1.8687861960095944,0.1543108513135561,0.8724421945410672,0.6314047318943917,0.5656868212888754,0.5686762778505897,0.7484600650463945,0.1543108513135561,,,0.0,0.9798212929813066,0.4941717847250402,0.02,0.4771139604225047,0.4571139604225047,0.423793345419713,0.423793345419713,google-bert_bert-base-uncased_ISEAR_3ee76d,/Volumes/Amirali/hidden_states/experiments/baseline_v5_001/models/google-bert/bert-base-uncased/datasets/ISEAR/analysis/probes/probe_run__google-bert_bert-base-uncased__datasets__maxfull__rep5__probes=linear_logistic+mlp_1_hidden+mlp_2_hidden+mlp_3_hidden__hash3ee76dd13b29,,,,
2,3280946901,layer_4,4,0.3333333333333333,mlp_2_hidden,mlp,2_hidden,single_label,768,13,7,6132,767,767,370567,"[384, 192]",17.0,0.5782713492787577,-0.0116564305499196,0.1479770392179489,0.0355512067840834,0.91324200913242,0.9132519096465204,0.9128636379328856,0.9128558642940844,0.9141880894660728,0.9132519096465204,0.899055991317801,0.8987824099382767,0.2904555892413416,0.7479227443910724,0.9936832356483574,0.97040556676174,0.5814863102998696,0.5814488264029548,0.5782713492787577,0.5783175766277617,0.5781223683971941,0.5814488264029548,0.512197802712315,0.511732368724789,1.5169214988248414,0.2193862292023518,0.8705053997662865,0.6236521259233075,0.5514993481095176,0.5517455022042179,0.5445363804713119,0.5443366301290997,0.5438930786949607,0.5517455022042179,0.4777398233017501,0.476763025496717,1.5807819608162212,0.2058140967056057,0.8642734973909414,0.6090239176001663,0.5445363804713119,0.5517455022042179,0.738869911650875,0.2058140967056057,,,0.0,0.974444802500938,0.4941717847250402,0.02,0.4724608863529983,0.4524608863529983,0.3683272574615736,0.3683272574615736,google-bert_bert-base-uncased_ISEAR_3ee76d,/Volumes/Amirali/hidden_states/experiments/baseline_v5_001/models/google-bert/bert-base-uncased/datasets/ISEAR/analysis/probes/probe_run__google-bert_bert-base-uncased__datasets__maxfull__rep5__probes=linear_logistic+mlp_1_hidden+mlp_2_hidden+mlp_3_hidden__hash3ee76dd13b29,,,,
2,3349345871,layer_4,4,0.3333333333333333,mlp_3_hidden,mlp,3_hidden,single_label,768,13,7,6132,767,767,388423,"[384, 192, 96]",27.0,0.5681939704512883,-0.0116564305499196,0.1479770392179489,0.0355512067840834,0.9897260273972602,0.9897243295862488,0.9898139030050458,0.989810442764417,0.990123951794707,0.9897243295862488,0.9880524558320544,0.988013674456504,0.0252270140875586,0.9750885280681564,0.9999250484449272,0.9992841227388068,0.5658409387222947,0.5659358989634219,0.5681939704512883,0.5681071186068014,0.573550262687654,0.5659358989634219,0.4940352257795711,0.4934803776720535,2.8102888976941096,0.0601876018210664,0.8635025522432114,0.6139955543960169,0.5788787483702738,0.5790301441677589,0.576283621916529,0.5761684998742527,0.5762576361689122,0.5790301441677589,0.5091019593729469,0.508698971750404,2.748861231700505,0.0640007016948521,0.869498584717812,0.6269456876367253,0.576283621916529,0.5790301441677589,0.7545509796864734,0.0640007016948521,,,0.0,0.9818215722964988,0.4941717847250402,0.02,0.4733988906926542,0.4533988906926542,0.4135302810885167,0.4135302810885167,google-bert_bert-base-uncased_ISEAR_3ee76d,/Volumes/Amirali/hidden_states/experiments/baseline_v5_001/models/google-bert/bert-base-uncased/datasets/ISEAR/analysis/probes/probe_run__google-bert_bert-base-uncased__datasets__maxfull__rep5__probes=linear_logistic+mlp_1_hidden+mlp_2_hidden+mlp_3_hidden__hash3ee76dd13b29,,,,
2,329181188,layer_5,5,0.4166666666666667,linear_logistic,logistic,linear,single_label,768,13,7,6132,767,767,5383,[],,,-0.0061779250390827,0.1434341371059417,0.0355512067840834,0.8439334637964775,0.8439387831950395,0.8439850145209753,0.8439785494454244,0.8441952216835331,0.8439387831950395,0.8179513685405805,0.8179222331951701,0.4702432568194243,0.6248502507091908,0.9795542110238464,0.916311088100961,0.5241199478487614,0.5240081019897534,0.5236366231453043,0.5237296649023919,0.524360481494227,0.5240081019897534,0.4449463833785133,0.4447981120101539,2.373593404413307,0.0931454150389453,0.8390166642781668,0.5425235745301459,0.4980443285528031,0.4982366257595615,0.4965747767276421,0.4964023622050317,0.4961307519590325,0.4982366257595615,0.4145831345380308,0.4143923498871601,2.658646297840075,0.0700429749228353,0.8203038638457664,0.5189623397373933,0.4965747767276421,0.4982366257595615,0.7072915672690154,0.0700429749228353,,,0.0,0.9832598367655768,0.4969110374804586,0.0152743030116885,0.4351487561790612,0.4198744531673727,0.3474102377933332,0.3474102377933332,google-bert_bert-base-uncased_ISEAR_3ee76d,/Volumes/Amirali/hidden_states/experiments/baseline_v5_001/models/google-bert/bert-base-uncased/datasets/ISEAR/analysis/probes/probe_run__google-bert_bert-base-uncased__datasets__maxfull__rep5__probes=linear_logistic+mlp_1_hidden+mlp_2_hidden+mlp_3_hidden__hash3ee76dd13b29,,,,
2,3129716431,layer_5,5,0.4166666666666667,mlp_1_hidden,mlp,1_hidden,single_label,768,13,7,6132,767,767,297991,[384],24.0,0.5952524458127421,-0.0061779250390827,0.1434341371059417,0.0355512067840834,0.9890737116764514,0.9890735040256584,0.9891548443523492,0.9891511758883188,0.9893946305466574,0.9890735040256584,0.987280488907622,0.9872526434512768,0.0770715916173726,0.9258235700270694,0.9996469973512898,0.9976125048995118,0.5945241199478487,0.5944239246991542,0.5952524458127421,0.5952904596682036,0.5985243283374498,0.5944239246991542,0.52728000479648,0.5269253728975244,1.5180028383341917,0.2191491264223134,0.8798875607684964,0.6441119257459073,0.5710560625814863,0.5712260216847374,0.5710127369292779,0.5708823512498831,0.5726377917382965,0.5712260216847374,0.4998552245588398,0.4995736292676734,1.5962428882867985,0.2026564925279019,0.8733403689060865,0.6328651827834789,0.5710127369292779,0.5712260216847374,0.74992761227942,0.2026564925279019,,,0.0,0.9838204231112512,0.4969110374804586,0.02,0.4844194727648813,0.4644194727648812,0.4181421074230713,0.4181421074230713,google-bert_bert-base-uncased_ISEAR_3ee76d,/Volumes/Amirali/hidden_states/experiments/baseline_v5_001/models/google-bert/bert-base-uncased/datasets/ISEAR/analysis/probes/probe_run__google-bert_bert-base-uncased__datasets__maxfull__rep5__probes=linear_logistic+mlp_1_hidden+mlp_2_hidden+mlp_3_hidden__hash3ee76dd13b29,,,,
2,3280947898,layer_5,5,0.4166666666666667,mlp_2_hidden,mlp,2_hidden,single_label,768,13,7,6132,767,767,370567,"[384, 192]",15.0,0.5842238936272338,-0.0061779250390827,0.1434341371059417,0.0355512067840834,0.7783757338551859,0.7783891436339889,0.7782334088477801,0.7782204366701525,0.779230586884955,0.7783891436339889,0.741626992053954,0.7414383962765885,0.6352671701547279,0.5297939242828434,0.9659574987914024,0.8685565485775254,0.5827900912646675,0.5826760395567735,0.5842238936272338,0.5842728385278558,0.5876254914083806,0.5826760395567735,0.5134755047696254,0.513235110376874,1.22309120615342,0.2943189587071586,0.8802124051923411,0.6332947897568176,0.5880052151238592,0.5881925414035506,0.5876048160820029,0.5874627341738604,0.5887469204161722,0.5881925414035506,0.519597606888363,0.519349222025233,1.1756353104870594,0.308622846061093,0.8848748715398218,0.6475860672001131,0.5876048160820029,0.5881925414035506,0.7597988034441815,0.308622846061093,,,0.0,0.991272125590806,0.4969110374804586,0.02,0.5039349547868733,0.4839349547868733,0.1906285927657772,0.1906285927657772,google-bert_bert-base-uncased_ISEAR_3ee76d,/Volumes/Amirali/hidden_states/experiments/baseline_v5_001/models/google-bert/bert-base-uncased/datasets/ISEAR/analysis/probes/probe_run__google-bert_bert-base-uncased__datasets__maxfull__rep5__probes=linear_logistic+mlp_1_hidden+mlp_2_hidden+mlp_3_hidden__hash3ee76dd13b29,,,,
2,3349346868,layer_5,5,0.4166666666666667,mlp_3_hidden,mlp,3_hidden,single_label,768,13,7,6132,767,767,388423,"[384, 192, 96]",32.0,0.5882864656354244,-0.0061779250390827,0.1434341371059417,0.0355512067840834,0.9897260273972602,0.9897252618937984,0.989819830347346,0.9898167340897996,0.9901471548988092,0.9897252618937984,0.9880547910961116,0.9880136796631408,0.0235474576614064,0.9767276203602256,0.9999301629198786,0.9993103063846984,0.5880052151238592,0.5879304182056476,0.5882864656354244,0.5883442624686299,0.5903824534747386,0.5879304182056476,0.5196062458369265,0.519332064096462,2.75274772383735,0.063752446204955,0.876772472288378,0.6264755058479519,0.5958279009126467,0.596056237340641,0.5953897657665307,0.5952247216546948,0.5970233321925417,0.596056237340641,0.5288297363705788,0.5284783078604136,2.8594210114448773,0.0573019278231187,0.8678993367723599,0.6266542107478218,0.5953897657665307,0.596056237340641,0.7644148681852894,0.0573019278231187,,,0.0,0.9799110577810763,0.4969110374804586,0.02,0.4814849577049646,0.4614849577049646,0.3944300645808154,0.3944300645808154,google-bert_bert-base-uncased_ISEAR_3ee76d,/Volumes/Amirali/hidden_states/experiments/baseline_v5_001/models/google-bert/bert-base-uncased/datasets/ISEAR/analysis/probes/probe_run__google-bert_bert-base-uncased__datasets__maxfull__rep5__probes=linear_logistic+mlp_1_hidden+mlp_2_hidden+mlp_3_hidden__hash3ee76dd13b29,,,,
2,329182185,layer_6,6,0.5,linear_logistic,logistic,linear,single_label,768,13,7,6132,767,767,5383,[],,,-0.0142157571390271,0.1423467993736267,0.0355512067840834,0.8449119373776908,0.8449263836869944,0.8449739014283277,0.8449589044823452,0.8452781167972605,0.8449263836869944,0.8191076560842226,0.8190638146617978,0.4578035425742275,0.6326717570637668,0.9802319917820423,0.9168323880136184,0.516297262059974,0.516144406052663,0.5154028095996881,0.5155222091313252,0.5193492240419726,0.516144406052663,0.4362449645856925,0.4356614329543404,2.6115577581570832,0.0734200839012203,0.8351622435271135,0.5436651183896686,0.4889178617992177,0.4891338019778387,0.489137126213009,0.4889637319369843,0.4907183188561807,0.4891338019778387,0.4039973000382017,0.4037496678287702,2.691886292173285,0.0677530167747361,0.8204141389386322,0.5120441386412627,0.489137126213009,0.4891338019778387,0.7019986500191009,0.0677530167747361,,,0.0,0.9801444320737146,0.4928921214304864,0.0152743030116885,0.4303885003091625,0.415114197297474,0.3558367752153187,0.3558367752153187,google-bert_bert-base-uncased_ISEAR_3ee76d,/Volumes/Amirali/hidden_states/experiments/baseline_v5_001/models/google-bert/bert-base-uncased/datasets/ISEAR/analysis/probes/probe_run__google-bert_bert-base-uncased__datasets__maxfull__rep5__probes=linear_logistic+mlp_1_hidden+mlp_2_hidden+mlp_3_hidden__hash3ee76dd13b29,,,,
2,3129717428,layer_6,6,0.5,mlp_1_hidden,mlp,1_hidden,single_label,768,13,7,6132,767,767,297991,[384],22.0,0.5833189827494375,-0.0142157571390271,0.1423467993736267,0.0355512067840834,0.9840182648401826,0.9840189805625428,0.9841121802035572,0.9841110827579816,0.9843834105670506,0.9840189805625428,0.98138554168073,0.9813546347928728,0.118355770101701,0.8883799373651089,0.9995612477303072,0.9975326130290908,0.5827900912646675,0.5827475277016562,0.5833189827494375,0.583342059917662,0.5849863719766014,0.5827475277016562,0.5134177296580436,0.5132476598445184,1.4835088039928912,0.2268403520204342,0.8759761765141746,0.6396452390823061,0.546284224250326,0.546634099845109,0.5453603539191794,0.5451302648486324,0.5492225889222265,0.546634099845109,0.4714680198416744,0.4706998677324746,1.521016031074664,0.2184897817306833,0.8704002359304243,0.6120285213548774,0.5453603539191794,0.546634099845109,0.7357340099208372,0.2184897817306833,,,0.0,0.9733741312415728,0.4928921214304864,0.02,0.4725263023134367,0.4525263023134367,0.4387518262843779,0.4387518262843779,google-bert_bert-base-uncased_ISEAR_3ee76d,/Volumes/Amirali/hidden_states/experiments/baseline_v5_001/models/google-bert/bert-base-uncased/datasets/ISEAR/analysis/probes/probe_run__google-bert_bert-base-uncased__datasets__maxfull__rep5__probes=linear_logistic+mlp_1_hidden+mlp_2_hidden+mlp_3_hidden__hash3ee76dd13b29,,,,
2,3280948895,layer_6,6,0.5,mlp_2_hidden,mlp,2_hidden,single_label,768,13,7,6132,767,767,370567,"[384, 192]",32.0,0.5869206639500596,-0.0142157571390271,0.1423467993736267,0.0355512067840834,0.9897260273972602,0.9897245168136888,0.9898225534991418,0.9898190982229628,0.9901764783074192,0.9897245168136888,0.9880588950268246,0.9880136752003096,0.0246157914791263,0.975684706402012,0.9999291388458076,0.9993043188230892,0.5867014341590613,0.5866555462885739,0.5869206639500596,0.5869241683169574,0.5899079979407712,0.5866555462885739,0.5181712034118472,0.5178052253517216,2.584914729895091,0.0754025089068549,0.8700593878432359,0.6263045843265055,0.5488917861799217,0.5492076730608841,0.5468490362781642,0.5466327453118941,0.5475629410947634,0.5492076730608841,0.4741398123176052,0.4737334737334737,2.725484715165923,0.0655144391782548,0.8601483822321471,0.5985588590842902,0.5468490362781642,0.5492076730608841,0.7370699061588026,0.0655144391782548,,,0.0,0.98020592151622,0.4928921214304864,0.02,0.4588705380934658,0.4388705380934658,0.4429735172209776,0.4429735172209776,google-bert_bert-base-uncased_ISEAR_3ee76d,/Volumes/Amirali/hidden_states/experiments/baseline_v5_001/models/google-bert/bert-base-uncased/datasets/ISEAR/analysis/probes/probe_run__google-bert_bert-base-uncased__datasets__maxfull__rep5__probes=linear_logistic+mlp_1_hidden+mlp_2_hidden+mlp_3_hidden__hash3ee76dd13b29,,,,
2,3349347865,layer_6,6,0.5,mlp_3_hidden,mlp,3_hidden,single_label,768,13,7,6132,767,767,388423,"[384, 192, 96]",25.0,0.5801589935611746,-0.0142157571390271,0.1423467993736267,0.0355512067840834,0.989562948467058,0.9895612506560464,0.989650637301692,0.989647270588814,0.989949839088948,0.9895612506560464,0.9878603197692626,0.987823415698699,0.0285418985990512,0.9718615736546689,0.9999175698823964,0.999240755508425,0.5801825293350718,0.58023352793995,0.5801589935611746,0.5801104399342949,0.5875194326824539,0.58023352793995,0.5112068456676722,0.5102103144304851,2.6680031100443338,0.0693906525484564,0.8744501621654005,0.6361568758424686,0.5488917861799217,0.5491123555343739,0.5504552485048959,0.5502744446934337,0.5541782067790676,0.5491123555343739,0.4741049272191249,0.4737136443141749,2.7286983014176296,0.0653042408034226,0.8632916341093234,0.6025016866422194,0.5504552485048959,0.5491123555343739,0.7370524636095624,0.0653042408034226,,,0.0,0.9837873320109112,0.4928921214304864,0.02,0.4600922983507721,0.4400922983507721,0.439195388796796,0.439195388796796,google-bert_bert-base-uncased_ISEAR_3ee76d,/Volumes/Amirali/hidden_states/experiments/baseline_v5_001/models/google-bert/bert-base-uncased/datasets/ISEAR/analysis/probes/probe_run__google-bert_bert-base-uncased__datasets__maxfull__rep5__probes=linear_logistic+mlp_1_hidden+mlp_2_hidden+mlp_3_hidden__hash3ee76dd13b29,,,,
2,329183182,layer_7,7,0.5833333333333334,linear_logistic,logistic,linear,single_label,768,13,7,6132,767,767,5383,[],,,-0.0100676519796252,0.1451984643936157,0.0355512067840834,0.8409980430528375,0.8410121076686099,0.8409232768786767,0.8409075106801972,0.8409232685832516,0.8410121076686099,0.8145133807355214,0.8144975096925959,0.4544812337747844,0.6347771835112307,0.9798672022162972,0.9133566712874648,0.5019556714471969,0.5018110330036937,0.4991934229492862,0.4993061408490959,0.5009917258628273,0.5018110330036937,0.4195106817013164,0.4189278702179561,2.5276318391041515,0.0798478892104738,0.8323083344535275,0.5426269580655847,0.499348109517601,0.499523412367449,0.4982508739785543,0.4980845173598765,0.4984003218341251,0.499523412367449,0.4161668467912869,0.4159076170701379,2.6725813596733223,0.0690736909374959,0.822953712954985,0.5209949832999502,0.4982508739785543,0.499523412367449,0.7080834233956435,0.0690736909374959,,,0.0,0.979290140590226,0.4949661740101874,0.0152743030116885,0.435288435712384,0.4200141327006955,0.3426724029001224,0.3426724029001224,google-bert_bert-base-uncased_ISEAR_3ee76d,/Volumes/Amirali/hidden_states/experiments/baseline_v5_001/models/google-bert/bert-base-uncased/datasets/ISEAR/analysis/probes/probe_run__google-bert_bert-base-uncased__datasets__maxfull__rep5__probes=linear_logistic+mlp_1_hidden+mlp_2_hidden+mlp_3_hidden__hash3ee76dd13b29,,,,
2,3129718425,layer_7,7,0.5833333333333334,mlp_1_hidden,mlp,1_hidden,single_label,768,13,7,6132,767,767,297991,[384],19.0,0.6052310474812933,-0.0100676519796252,0.1451984643936157,0.0355512067840834,0.9497716894977168,0.9497805445138516,0.950017500957416,0.9500248043943909,0.9508309272258244,0.9497805445138516,0.941500950363101,0.9414006316853144,0.2623935418756136,0.7692082484772743,0.997081785058662,0.9862781730861794,0.6036505867014341,0.6035386631716907,0.6052310474812933,0.6052451715018444,0.6112575198036149,0.6035386631716907,0.5383282969333334,0.5375632665365637,1.272609743610178,0.2800996787551457,0.8832328555743124,0.6446871481644304,0.5514993481095176,0.551840819730728,0.5503452143372962,0.5500848670831945,0.551780908648812,0.551840819730728,0.4773029506415235,0.4767754767754767,1.317127556388448,0.2679037361710058,0.8768553856446111,0.6205640750118456,0.5503452143372962,0.551840819730728,0.7386514753207618,0.2679037361710058,,,0.0,0.971448077496426,0.4949661740101874,0.02,0.4798436379093,0.4598436379093,0.3996722866201198,0.3996722866201198,google-bert_bert-base-uncased_ISEAR_3ee76d,/Volumes/Amirali/hidden_states/experiments/baseline_v5_001/models/google-bert/bert-base-uncased/datasets/ISEAR/analysis/probes/probe_run__google-bert_bert-base-uncased__datasets__maxfull__rep5__probes=linear_logistic+mlp_1_hidden+mlp_2_hidden+mlp_3_hidden__hash3ee76dd13b29,,,,
2,3280949892,layer_7,7,0.5833333333333334,mlp_2_hidden,mlp,2_hidden,single_label,768,13,7,6132,767,767,370567,"[384, 192]",26.0,0.5925996850279737,-0.0100676519796252,0.1451984643936157,0.0355512067840834,0.989562948467058,0.9895627420928156,0.989654460110873,0.9896508907189104,0.9899461663636286,0.9895627420928156,0.9878587310784936,0.9878234209879806,0.0271753945750357,0.973190534214029,0.9999256056955768,0.999284760614082,0.5919165580182529,0.5918980102466341,0.5925996850279737,0.5925713514172629,0.5968395534452551,0.5918980102466341,0.5243717217601214,0.5238868693118828,2.33226423345175,0.0970756960217663,0.873563563493594,0.6323171146044577,0.5632333767926988,0.5634933873465984,0.5617154396492282,0.5614992807318745,0.5610398622598077,0.5634933873465984,0.490619662585266,0.490450343970063,2.2590338466709787,0.1044513520417821,0.8720056820473843,0.6184523541002422,0.5617154396492282,0.5634933873465984,0.745309831292633,0.1044513520417821,,,0.0,0.983051246991561,0.4949661740101874,0.02,0.4702479113120354,0.4502479113120354,0.4279390204616448,0.4279390204616448,google-bert_bert-base-uncased_ISEAR_3ee76d,/Volumes/Amirali/hidden_states/experiments/baseline_v5_001/models/google-bert/bert-base-uncased/datasets/ISEAR/analysis/probes/probe_run__google-bert_bert-base-uncased__datasets__maxfull__rep5__probes=linear_logistic+mlp_1_hidden+mlp_2_hidden+mlp_3_hidden__hash3ee76dd13b29,,,,
2,3349348862,layer_7,7,0.5833333333333334,mlp_3_hidden,mlp,3_hidden,single_label,768,13,7,6132,767,767,388423,"[384, 192, 96]",17.0,0.588139418829745,-0.0100676519796252,0.1451984643936157,0.0355512067840834,0.889921722113503,0.8899168874103112,0.8899519523902635,0.8899418097151651,0.8919880603698065,0.8899168874103112,0.8719308257687959,0.8715745614682853,0.3468180429431693,0.7069339481763275,0.990018867959261,0.9562789729146102,0.5893089960886571,0.5892648635767903,0.588139418829745,0.5882055871997082,0.5889177566233149,0.5892648635767903,0.5211485167623113,0.5208683684477726,1.4205919920762111,0.2415709664608643,0.8762949936157904,0.6301809708993892,0.5697522816166884,0.57003455260336,0.565289559448079,0.5650854706533741,0.5674492681987215,0.57003455260336,0.4991087850662494,0.4980645212466387,1.4315259454940183,0.2389440283470819,0.8751924463061796,0.6284965796899309,0.565289559448079,0.57003455260336,0.7495543925331247,0.2389440283470819,,,0.0,0.9843382396487896,0.4949661740101874,0.02,0.4863372671325889,0.4663372671325889,0.3246623929421844,0.3246623929421844,google-bert_bert-base-uncased_ISEAR_3ee76d,/Volumes/Amirali/hidden_states/experiments/baseline_v5_001/models/google-bert/bert-base-uncased/datasets/ISEAR/analysis/probes/probe_run__google-bert_bert-base-uncased__datasets__maxfull__rep5__probes=linear_logistic+mlp_1_hidden+mlp_2_hidden+mlp_3_hidden__hash3ee76dd13b29,,,,
2,329184179,layer_8,8,0.6666666666666666,linear_logistic,logistic,linear,single_label,768,13,7,6132,767,767,5383,[],,,-0.0077140037901699,0.1496590226888656,0.0355512067840834,0.8571428571428571,0.8571535980455599,0.8571363322020861,0.8571231649794033,0.8573576097171917,0.8571535980455599,0.8333759474142745,0.8333331006290555,0.4333628803139995,0.6483251846668084,0.9820096401444676,0.9231181440818228,0.516297262059974,0.5162158941975455,0.514476910780693,0.5145177175926676,0.5151835126922086,0.5162158941975455,0.4359866750238019,0.4356614329543402,2.4818749866880747,0.0835863552698346,0.8404520398185437,0.5520578844481061,0.5032594524119948,0.5034790897176218,0.5036983373347147,0.5035132662823381,0.5063546325324119,0.5034790897176218,0.4208675726198054,0.4204834807440605,2.5588288605291334,0.0773953281111607,0.8350251660160964,0.5251590299501732,0.5036983373347147,0.5034790897176218,0.7104337863099027,0.0773953281111607,,,0.0,0.98376459191318,0.496142998104915,0.0152743030116885,0.4389346576454871,0.4236603546337986,0.3534379948673714,0.3534379948673714,google-bert_bert-base-uncased_ISEAR_3ee76d,/Volumes/Amirali/hidden_states/experiments/baseline_v5_001/models/google-bert/bert-base-uncased/datasets/ISEAR/analysis/probes/probe_run__google-bert_bert-base-uncased__datasets__maxfull__rep5__probes=linear_logistic+mlp_1_hidden+mlp_2_hidden+mlp_3_hidden__hash3ee76dd13b29,,,,
2,3129719422,layer_8,8,0.6666666666666666,mlp_1_hidden,mlp,1_hidden,single_label,768,13,7,6132,767,767,297991,[384],17.0,0.6060596158972278,-0.0077140037901699,0.1496590226888656,0.0355512067840834,0.87426614481409,0.8742752470681934,0.8742332622467456,0.87422106535276,0.8747838769417281,0.8742752470681934,0.8534116387583602,0.8533102974714633,0.4523219790453414,0.6361493099990593,0.9866571583314384,0.94219308338455,0.60625814863103,0.6062075539139761,0.6060596158972278,0.606087783139035,0.6070206024208299,0.6062075539139761,0.5408241196524468,0.5406256569318457,1.1844050625363236,0.3059281334755233,0.8865468026380423,0.6573098839225356,0.5840938722294654,0.5844394137972121,0.5828782156331888,0.5826295986324174,0.586051416504297,0.5844394137972121,0.5155124818737017,0.5148005148005148,1.15837170559013,0.313997044483808,0.8876804405476566,0.640550516764024,0.5828782156331888,0.5844394137972121,0.7577562409368508,0.313997044483808,,,0.0,0.9844257580076768,0.496142998104915,0.02,0.5016983322728009,0.4816983322728009,0.2913550466135568,0.2913550466135568,google-bert_bert-base-uncased_ISEAR_3ee76d,/Volumes/Amirali/hidden_states/experiments/baseline_v5_001/models/google-bert/bert-base-uncased/datasets/ISEAR/analysis/probes/probe_run__google-bert_bert-base-uncased__datasets__maxfull__rep5__probes=linear_logistic+mlp_1_hidden+mlp_2_hidden+mlp_3_hidden__hash3ee76dd13b29,,,,
2,3280950889,layer_8,8,0.6666666666666666,mlp_2_hidden,mlp,2_hidden,single_label,768,13,7,6132,767,767,370567,"[384, 192]",14.0,0.5770205003310407,-0.0077140037901699,0.1496590226888656,0.0355512067840834,0.7030332681017613,0.7030460145021332,0.7029578273809491,0.7029439984119127,0.7062997718028138,0.7030460145021332,0.6541403523236438,0.6535380280541695,0.8313982189940349,0.4354400199702183,0.9388252432755604,0.7750506597774018,0.5788787483702738,0.5789348266412487,0.5770205003310407,0.5770105452409213,0.5802001061876766,0.5789348266412487,0.5095683471910335,0.5087087146639168,1.191900778057666,0.3036435561844599,0.8751062011271807,0.6157864838654873,0.5749674054758801,0.5752412724889788,0.5734881229157779,0.5732754575575711,0.58030283452928,0.5752412724889788,0.5054162361441089,0.5041397377141508,1.128685602866395,0.3234581295734104,0.8860030842751417,0.6352760599394857,0.5734881229157779,0.5752412724889788,0.7527081180720545,0.3234581295734104,,,0.0,0.9779506139856728,0.496142998104915,0.02,0.4975124635742535,0.4775124635742535,0.1294697044651712,0.1294697044651712,google-bert_bert-base-uncased_ISEAR_3ee76d,/Volumes/Amirali/hidden_states/experiments/baseline_v5_001/models/google-bert/bert-base-uncased/datasets/ISEAR/analysis/probes/probe_run__google-bert_bert-base-uncased__datasets__maxfull__rep5__probes=linear_logistic+mlp_1_hidden+mlp_2_hidden+mlp_3_hidden__hash3ee76dd13b29,,,,
2,3349349859,layer_8,8,0.6666666666666666,mlp_3_hidden,mlp,3_hidden,single_label,768,13,7,6132,767,767,388423,"[384, 192, 96]",19.0,0.5953661421999162,-0.0077140037901699,0.1496590226888656,0.0355512067840834,0.9704827136333986,0.9704806090316253,0.9706785732176856,0.9706728677302472,0.9715603123716642,0.9704806090316253,0.9656856773763968,0.9655630622629224,0.1226588019584017,0.8845654230678627,0.9989495339647488,0.9945036432954212,0.5958279009126467,0.5958656022876206,0.5953661421999162,0.5953666222713407,0.59967922561171,0.5958656022876206,0.5291753317371647,0.5284717622468043,1.801938984383276,0.1649786867918586,0.8766899739975004,0.6320074799346723,0.5801825293350718,0.5803526748480877,0.5810014699317,0.5807954041526303,0.5842423305744935,0.5803526748480877,0.5106270376006241,0.5102025436451509,1.7670663281651802,0.1708334236140765,0.8751953841751473,0.6160227273223613,0.5810014699317,0.5803526748480877,0.7553135188003121,0.1708334236140765,,,0.0,0.983602705877331,0.496142998104915,0.02,0.4858510593845714,0.4658510593845714,0.3896771032859855,0.3896771032859855,google-bert_bert-base-uncased_ISEAR_3ee76d,/Volumes/Amirali/hidden_states/experiments/baseline_v5_001/models/google-bert/bert-base-uncased/datasets/ISEAR/analysis/probes/probe_run__google-bert_bert-base-uncased__datasets__maxfull__rep5__probes=linear_logistic+mlp_1_hidden+mlp_2_hidden+mlp_3_hidden__hash3ee76dd13b29,,,,
2,329185176,layer_9,9,0.75,linear_logistic,logistic,linear,single_label,768,13,7,6132,767,767,5383,[],,,-0.0030229545664042,0.1578477323055267,0.0355512067840834,0.8635029354207436,0.8635095849788439,0.8636356942060572,0.8636243364927175,0.8639191335935348,0.8635095849788439,0.8407816870606699,0.8407530689065869,0.4229100969182655,0.6551375293471383,0.9828424257428892,0.9262307970251332,0.5189048239895697,0.5188371261765757,0.5190247982664689,0.5190935310707006,0.5227886052950514,0.5188371261765757,0.4391850149177159,0.4387170471379871,2.4931089566188662,0.0826526033586542,0.842074575438481,0.5509454533790349,0.5136897001303781,0.5139163588704874,0.5130889814237035,0.5128876396459876,0.5137266397173262,0.5139163588704874,0.4328786145765825,0.4326450558647031,2.5380734976294805,0.0790184825436813,0.8346173896600524,0.5329698004362438,0.5130889814237035,0.5139163588704874,0.7164393072882913,0.0790184825436813,,,0.0,0.974676318317382,0.4984885227167979,0.0152743030116885,0.4431195015016889,0.4278451984900003,0.3505467127823537,0.3505467127823537,google-bert_bert-base-uncased_ISEAR_3ee76d,/Volumes/Amirali/hidden_states/experiments/baseline_v5_001/models/google-bert/bert-base-uncased/datasets/ISEAR/analysis/probes/probe_run__google-bert_bert-base-uncased__datasets__maxfull__rep5__probes=linear_logistic+mlp_1_hidden+mlp_2_hidden+mlp_3_hidden__hash3ee76dd13b29,,,,
2,3129720419,layer_9,9,0.75,mlp_1_hidden,mlp,1_hidden,single_label,768,13,7,6132,767,767,297991,[384],20.0,0.6099653250021217,-0.0030229545664042,0.1578477323055267,0.0355512067840834,0.9567840834964124,0.9567890399237008,0.957098662134721,0.9570918668195112,0.9579044363842648,0.9567890399237008,0.949667985545364,0.9495813822510196,0.2304088758455756,0.7942088033105694,0.9979009614683986,0.9896251930567704,0.6075619295958279,0.607410937686167,0.6099653250021217,0.6100066937447185,0.6203639976936913,0.607410937686167,0.5433832646220272,0.542124062648127,1.327820913126367,0.2650542086091521,0.8828193174166,0.6517423420422184,0.5814863102998696,0.5817705230549267,0.5839999963523625,0.5837735956459689,0.5904281772711046,0.5817705230549267,0.5123112003302043,0.5117439881965185,1.2662121282301035,0.2818973931790045,0.8850930798309051,0.6413451887528493,0.5839999963523625,0.5817705230549267,0.7561556001651022,0.2818973931790045,,,0.0,0.9803540594859546,0.4984885227167979,0.02,0.4978384889734308,0.4778384889734308,0.3730986657823584,0.3730986657823584,google-bert_bert-base-uncased_ISEAR_3ee76d,/Volumes/Amirali/hidden_states/experiments/baseline_v5_001/models/google-bert/bert-base-uncased/datasets/ISEAR/analysis/probes/probe_run__google-bert_bert-base-uncased__datasets__maxfull__rep5__probes=linear_logistic+mlp_1_hidden+mlp_2_hidden+mlp_3_hidden__hash3ee76dd13b29,,,,
2,3280951886,layer_9,9,0.75,mlp_2_hidden,mlp,2_hidden,single_label,768,13,7,6132,767,767,370567,"[384, 192]",15.0,0.5950732386364832,-0.0030229545664042,0.1578477323055267,0.0355512067840834,0.766470971950424,0.7665137913217012,0.764550051416956,0.7645295315267102,0.765281359292638,0.7665137913217012,0.7279943716281104,0.7275521385159491,0.6620732944720328,0.5157808595653659,0.962055229646028,0.850601646591125,0.5971316818774446,0.5971166448230668,0.5950732386364832,0.5950896838928091,0.5966816315620674,0.5971166448230668,0.5305215276912192,0.5299825679285581,1.1948285203754516,0.3027558661933542,0.8849655531225504,0.6490675010562865,0.5814863102998696,0.5817228642916717,0.5784566074471554,0.5782600640919978,0.5776270128821002,0.5817228642916717,0.5121055983557711,0.5117449564608664,1.133898471424705,0.3217763720586014,0.8882877806023224,0.645207936719003,0.5784566074471554,0.5817228642916717,0.7560527991778856,0.3217763720586014,,,0.0,0.9836241557420402,0.4984885227167979,0.02,0.5007449802981265,0.4807449802981265,0.1860934439698005,0.1860934439698005,google-bert_bert-base-uncased_ISEAR_3ee76d,/Volumes/Amirali/hidden_states/experiments/baseline_v5_001/models/google-bert/bert-base-uncased/datasets/ISEAR/analysis/probes/probe_run__google-bert_bert-base-uncased__datasets__maxfull__rep5__probes=linear_logistic+mlp_1_hidden+mlp_2_hidden+mlp_3_hidden__hash3ee76dd13b29,,,,
2,3349350856,layer_9,9,0.75,mlp_3_hidden,mlp,3_hidden,single_label,768,13,7,6132,767,767,388423,"[384, 192, 96]",14.0,0.5964242983330541,-0.0030229545664042,0.1578477323055267,0.0355512067840834,0.675146771037182,0.6751667214529412,0.6750537489282845,0.6750375552688619,0.6752789563583251,0.6751667214529412,0.6210622935488902,0.6210052717586168,0.9093005312048852,0.4028058756594037,0.926187127232409,0.7364722275038789,0.5958279009126467,0.5957941141427379,0.5964242983330541,0.5964411113353615,0.5992462557409789,0.5957941141427379,0.5287902792064252,0.5284577353199574,1.192778289052027,0.3033772224980004,0.872045543535081,0.6085120579407937,0.5958279009126467,0.5961038961038961,0.5971301739373668,0.5968890462077607,0.5991613934843134,0.5961038961038961,0.5286362625801966,0.5284726973455891,1.1118042501565866,0.3289648903553168,0.8867277283036685,0.6348072065240141,0.5971301739373668,0.5961038961038961,0.7643181312900983,0.3289648903553168,,,0.0,0.9911662629732888,0.4984885227167979,0.02,0.5102833890621412,0.4902833890621412,0.0779235749909177,0.0779235749909177,google-bert_bert-base-uncased_ISEAR_3ee76d,/Volumes/Amirali/hidden_states/experiments/baseline_v5_001/models/google-bert/bert-base-uncased/datasets/ISEAR/analysis/probes/probe_run__google-bert_bert-base-uncased__datasets__maxfull__rep5__probes=linear_logistic+mlp_1_hidden+mlp_2_hidden+mlp_3_hidden__hash3ee76dd13b29,,,,
2,329186173,layer_10,10,0.8333333333333334,linear_logistic,logistic,linear,single_label,768,13,7,6132,767,767,5383,[],,,-0.0033782061655074,0.1521705538034439,0.0355512067840834,0.8590998043052838,0.859109801402969,0.8593300736983088,0.8593189546671569,0.8595959217551661,0.859109801402969,0.8356244830286234,0.8356163159474186,0.4214726612320068,0.6560799245652214,0.9830233165183424,0.9269864528990444,0.530638852672751,0.5305135231740736,0.5318239267196657,0.5319021272806154,0.5349534289662135,0.5305135231740736,0.4526959514250271,0.4523905852114519,2.4268361897030823,0.0883158054957899,0.8444896624800922,0.5644031706969602,0.5267275097783573,0.527022518765638,0.5261148833028017,0.5258342761728645,0.526535243653544,0.527022518765638,0.4480769552245658,0.4478556441793224,2.3681332116854192,0.0936553979923443,0.8417054981115302,0.5529735342623314,0.5261148833028017,0.527022518765638,0.7240384776122829,0.0936553979923443,,,0.0,0.9891493093629458,0.4983108969172463,0.0152743030116885,0.4523838858637798,0.4371095828520913,0.3332151903955072,0.3332151903955072,google-bert_bert-base-uncased_ISEAR_3ee76d,/Volumes/Amirali/hidden_states/experiments/baseline_v5_001/models/google-bert/bert-base-uncased/datasets/ISEAR/analysis/probes/probe_run__google-bert_bert-base-uncased__datasets__maxfull__rep5__probes=linear_logistic+mlp_1_hidden+mlp_2_hidden+mlp_3_hidden__hash3ee76dd13b29,,,,
2,3129721416,layer_10,10,0.8333333333333334,mlp_1_hidden,mlp,1_hidden,single_label,768,13,7,6132,767,767,297991,[384],27.0,0.5998184028553261,-0.0033782061655074,0.1521705538034439,0.0355512067840834,0.9885844748858448,0.9885829604726212,0.988681605298737,0.9886772384937722,0.989104912882457,0.9885829604726212,0.9867392024120216,0.9866818572014232,0.0598806711948361,0.9418769199261176,0.9997582352534616,0.9985052341415034,0.5971316818774446,0.5971404742046944,0.5998184028553261,0.5997988151919741,0.6038445318909808,0.5971404742046944,0.5302331375822392,0.5299807036714588,1.622787966171925,0.1973477325999381,0.8816317211761112,0.6473002020330616,0.5958279009126467,0.5961038961038961,0.5930719768108801,0.5928410808595453,0.5929227908202377,0.5961038961038961,0.5289285886875709,0.5284773727838814,1.596034833053862,0.2026986606581588,0.8828207765945677,0.6368137460620077,0.5930719768108801,0.5961038961038961,0.7644642943437854,0.2026986606581588,,,0.0,0.9857272828722248,0.4983108969172463,0.02,0.4961113619687729,0.4761113619687729,0.3956096284878569,0.3956096284878569,google-bert_bert-base-uncased_ISEAR_3ee76d,/Volumes/Amirali/hidden_states/experiments/baseline_v5_001/models/google-bert/bert-base-uncased/datasets/ISEAR/analysis/probes/probe_run__google-bert_bert-base-uncased__datasets__maxfull__rep5__probes=linear_logistic+mlp_1_hidden+mlp_2_hidden+mlp_3_hidden__hash3ee76dd13b29,,,,
2,3280952883,layer_10,10,0.8333333333333334,mlp_2_hidden,mlp,2_hidden,single_label,768,13,7,6132,767,767,370567,"[384, 192]",16.0,0.5953544579049482,-0.0033782061655074,0.1521705538034439,0.0355512067840834,0.819634703196347,0.8196737026940569,0.8205708262325165,0.820560999738889,0.8248288417580824,0.8196737026940569,0.7901602378854918,0.7895763731778997,0.5226176486162385,0.5929663371568324,0.9772199060181384,0.9022630130643116,0.5919165580182529,0.5917907780293101,0.5953544579049482,0.5953791470836792,0.6045881361196903,0.5917907780293101,0.5249268696106976,0.5238679838400986,1.1976055061069557,0.301916283766563,0.8886819048359441,0.6552642192059679,0.5945241199478487,0.5949005123317049,0.592452843117439,0.5921787782616771,0.6022591508604754,0.5949005123317049,0.5290239251421888,0.5269722791243701,1.1447206681363444,0.3183128202865071,0.8924161279516604,0.6573143765002696,0.592452843117439,0.5949005123317049,0.7645119625710943,0.3183128202865071,,,0.0,0.986175670591716,0.4983108969172463,0.02,0.5073894759484643,0.4873894759484642,0.2281179831150775,0.2281179831150775,google-bert_bert-base-uncased_ISEAR_3ee76d,/Volumes/Amirali/hidden_states/experiments/baseline_v5_001/models/google-bert/bert-base-uncased/datasets/ISEAR/analysis/probes/probe_run__google-bert_bert-base-uncased__datasets__maxfull__rep5__probes=linear_logistic+mlp_1_hidden+mlp_2_hidden+mlp_3_hidden__hash3ee76dd13b29,,,,
2,3349351853,layer_10,10,0.8333333333333334,mlp_3_hidden,mlp,3_hidden,single_label,768,13,7,6132,767,767,388423,"[384, 192, 96]",20.0,0.5937931014862239,-0.0033782061655074,0.1521705538034439,0.0355512067840834,0.9703196347031964,0.9703188321812222,0.970482385748648,0.9704768052070548,0.9710405668460512,0.9703188321812222,0.9654426480391708,0.9653728201286074,0.1074536574493499,0.8981181425719157,0.9991806986278148,0.9953157794356332,0.5919165580182529,0.5919814130823305,0.5937931014862239,0.593733129800506,0.59814112186329,0.5919814130823305,0.5243535739995415,0.5239010324325826,1.853470548652692,0.1566924129212835,0.8756498586083173,0.628343569110542,0.5736636245110821,0.5738829977362088,0.5719320050671224,0.5717120624811926,0.5716822465027308,0.5738829977362088,0.5028343060219098,0.5026038981128184,1.8663809211410167,0.1546824580551915,0.8727382760657548,0.6133990652600231,0.5719320050671224,0.5738829977362088,0.7514171530109549,0.1546824580551915,,,0.0,0.9761054792834912,0.4983108969172463,0.02,0.4797723624585857,0.4597723624585857,0.3985503806815255,0.3985503806815255,google-bert_bert-base-uncased_ISEAR_3ee76d,/Volumes/Amirali/hidden_states/experiments/baseline_v5_001/models/google-bert/bert-base-uncased/datasets/ISEAR/analysis/probes/probe_run__google-bert_bert-base-uncased__datasets__maxfull__rep5__probes=linear_logistic+mlp_1_hidden+mlp_2_hidden+mlp_3_hidden__hash3ee76dd13b29,,,,
2,329187170,layer_11,11,0.9166666666666666,linear_logistic,logistic,linear,single_label,768,13,7,6132,767,767,5383,[],,,-0.0020598312839865,0.159819021821022,0.0355512067840834,0.8551859099804305,0.8551947845664528,0.8555052750126148,0.8554915199255989,0.8560665965049296,0.8551947845664528,0.8310962783008614,0.8310498351567902,0.4299001446011422,0.6505740548116846,0.9823452863124628,0.924241812230256,0.5345501955671447,0.5344453711426188,0.5346643585437013,0.5347383437939532,0.5427523041098911,0.5344453711426188,0.4580865682790153,0.4569604588345887,2.343431595359149,0.0959976472757248,0.8460946094713157,0.567306592261165,0.5241199478487614,0.5244251161682355,0.522936667339998,0.5226823635730298,0.5227052231474334,0.5244251161682355,0.4450026093546558,0.444823435389866,2.3726594618109123,0.0932324481459049,0.8405883131611047,0.553075876632546,0.522936667339998,0.5244251161682355,0.7225013046773279,0.0932324481459049,,,0.0,0.9836942368719828,0.4989700843580067,0.0152743030116885,0.4504143026815231,0.4351399996698346,0.3325686076726167,0.3325686076726167,google-bert_bert-base-uncased_ISEAR_3ee76d,/Volumes/Amirali/hidden_states/experiments/baseline_v5_001/models/google-bert/bert-base-uncased/datasets/ISEAR/analysis/probes/probe_run__google-bert_bert-base-uncased__datasets__maxfull__rep5__probes=linear_logistic+mlp_1_hidden+mlp_2_hidden+mlp_3_hidden__hash3ee76dd13b29,,,,
2,3129722413,layer_11,11,0.9166666666666666,mlp_1_hidden,mlp,1_hidden,single_label,768,13,7,6132,767,767,297991,[384],15.0,0.6048800695366866,-0.0020598312839865,0.159819021821022,0.0355512067840834,0.7555446836268754,0.7555649327375124,0.7554314320470531,0.7554138478242255,0.7564052386027641,0.7555649327375124,0.7149932948034466,0.714802352120088,0.715282718710604,0.4890538275819353,0.9568545266443234,0.8329617515608779,0.6023468057366362,0.6022757059454307,0.6048800695366866,0.6048739141058191,0.6106655305814825,0.6022757059454307,0.5365053628283453,0.5360476139478245,1.1352202410711991,0.3213513387769808,0.8871916367644738,0.6601301157520227,0.6023468057366362,0.6026093172882163,0.6012015104668376,0.6010140781285527,0.6031924327670822,0.6026093172882163,0.5366457166186908,0.5360899363037115,1.1094395961261634,0.3297436989527095,0.888547998302977,0.6507002322988573,0.6012015104668376,0.6026093172882163,0.7683228583093453,0.3297436989527095,,,0.0,0.9820345545239016,0.4989700843580067,0.02,0.5120665335219051,0.4920665335219051,0.1542299215802155,0.1542299215802155,google-bert_bert-base-uncased_ISEAR_3ee76d,/Volumes/Amirali/hidden_states/experiments/baseline_v5_001/models/google-bert/bert-base-uncased/datasets/ISEAR/analysis/probes/probe_run__google-bert_bert-base-uncased__datasets__maxfull__rep5__probes=linear_logistic+mlp_1_hidden+mlp_2_hidden+mlp_3_hidden__hash3ee76dd13b29,,,,
2,3280953880,layer_11,11,0.9166666666666666,mlp_2_hidden,mlp,2_hidden,single_label,768,13,7,6132,767,767,370567,"[384, 192]",15.0,0.6005181788486389,-0.0020598312839865,0.159819021821022,0.0355512067840834,0.7594585779517287,0.7594622467857589,0.7576548412331506,0.7576407208609591,0.7601300680577462,0.7594622467857589,0.7200878217125896,0.7193668694169957,0.6766929974737923,0.5082951493444493,0.9602315949433872,0.8428290683153392,0.6010430247718384,0.6009531752651018,0.6005181788486389,0.6005839486960141,0.6030663356217101,0.6009531752651018,0.5350479040232481,0.5345393823527078,1.1585983181033674,0.3139258968861809,0.888301385430445,0.6525607261389352,0.590612777053455,0.5909090909090909,0.5883422340791432,0.588107431318714,0.5897646825708618,0.5909090909090909,0.5230116280641512,0.5223941569940964,1.168114502205959,0.3109526894885427,0.8840874705114599,0.6394581047851878,0.5883422340791432,0.5909090909090909,0.7615058140320756,0.3109526894885427,,,0.0,0.9853292053558186,0.4989700843580067,0.02,0.5045244879632973,0.4845244879632973,0.1693126071540074,0.1693126071540074,google-bert_bert-base-uncased_ISEAR_3ee76d,/Volumes/Amirali/hidden_states/experiments/baseline_v5_001/models/google-bert/bert-base-uncased/datasets/ISEAR/analysis/probes/probe_run__google-bert_bert-base-uncased__datasets__maxfull__rep5__probes=linear_logistic+mlp_1_hidden+mlp_2_hidden+mlp_3_hidden__hash3ee76dd13b29,,,,
2,3349352850,layer_11,11,0.9166666666666666,mlp_3_hidden,mlp,3_hidden,single_label,768,13,7,6132,767,767,388423,"[384, 192, 96]",16.0,0.5991742478843803,-0.0020598312839865,0.159819021821022,0.0355512067840834,0.7974559686888454,0.7974721779244326,0.7988233769216908,0.7988160504947047,0.8028989502880862,0.7974721779244326,0.7641720124994494,0.7636993266529293,0.5802227797922996,0.5597736464166699,0.9686970716945116,0.8739031157692446,0.5971316818774446,0.5970213272965567,0.5991742478843803,0.5992494809210535,0.6043960910685472,0.5970213272965567,0.5305807601905618,0.5299732464951719,1.238620142320333,0.2897838025961262,0.8828829662281733,0.6441612929645658,0.6010430247718384,0.6013582747527701,0.6010001433974236,0.6007630256650619,0.6067404764825578,0.6013582747527701,0.5354448305014369,0.5345670737269617,1.1983917178976533,0.3016790069116149,0.8844302456484271,0.6384294156647131,0.6010001433974236,0.6013582747527701,0.7677224152507185,0.3016790069116149,,,0.0,0.9921544045196866,0.4989700843580067,0.02,0.5099439847109096,0.4899439847109096,0.1978232335242672,0.1978232335242672,google-bert_bert-base-uncased_ISEAR_3ee76d,/Volumes/Amirali/hidden_states/experiments/baseline_v5_001/models/google-bert/bert-base-uncased/datasets/ISEAR/analysis/probes/probe_run__google-bert_bert-base-uncased__datasets__maxfull__rep5__probes=linear_logistic+mlp_1_hidden+mlp_2_hidden+mlp_3_hidden__hash3ee76dd13b29,,,,
2,329188167,layer_12,12,1.0,linear_logistic,logistic,linear,single_label,768,13,7,6132,767,767,5383,[],,,-0.0040111187845468,0.1559279263019561,0.0355512067840834,0.8476842791911285,0.8476944443723698,0.8477114610681582,0.8476983359144845,0.8478208829145508,0.8476944443723698,0.8223143992841436,0.8222980445297404,0.4494307306357245,0.6379912371312144,0.9807518276229508,0.9161799110657528,0.5189048239895697,0.5188132967949481,0.5187831451478896,0.5188108774287613,0.5261024334790939,0.5188132967949481,0.439806844604,0.4386958970616234,2.305321933130334,0.0997266901596391,0.8422795967228753,0.5552200308799183,0.499348109517601,0.4996902180388419,0.4978076150194656,0.4975400412044005,0.4988205246539593,0.4996902180388419,0.416329395525793,0.4159296247233615,2.439941859272214,0.0871659192046394,0.8283060688008178,0.5306309033919817,0.4978076150194656,0.4996902180388419,0.7081646977628966,0.0871659192046394,,,0.0,0.9781667641849124,0.4979944406077266,0.0152743030116885,0.4370631314944687,0.4217888284827801,0.3499038460486925,0.3499038460486925,google-bert_bert-base-uncased_ISEAR_3ee76d,/Volumes/Amirali/hidden_states/experiments/baseline_v5_001/models/google-bert/bert-base-uncased/datasets/ISEAR/analysis/probes/probe_run__google-bert_bert-base-uncased__datasets__maxfull__rep5__probes=linear_logistic+mlp_1_hidden+mlp_2_hidden+mlp_3_hidden__hash3ee76dd13b29,,,,
2,3129723410,layer_12,12,1.0,mlp_1_hidden,mlp,1_hidden,single_label,768,13,7,6132,767,767,297991,[384],18.0,0.6031795045236091,-0.0040111187845468,0.1559279263019561,0.0355512067840834,0.8812785388127854,0.8812913924132676,0.8814583582299013,0.8814546212230581,0.8835132313749376,0.8812913924132676,0.8618050624902946,0.8614920497711906,0.4099407072439184,0.6636896009553219,0.9887442158193188,0.9498943653232808,0.6023468057366362,0.6023114500178721,0.6031795045236091,0.6032511094265738,0.6072570477258071,0.6023114500178721,0.5366388093817227,0.536079816442806,1.22313885186867,0.2943049360039229,0.8860596609352938,0.6546284728647668,0.5736636245110821,0.5740021446443464,0.5736857615611309,0.5734164110034408,0.5783301748511577,0.5740021446443464,0.5034149026858188,0.5026226393766744,1.2410975834942264,0.289066768843264,0.8803646753080506,0.6346837602586969,0.5736857615611309,0.5740021446443464,0.7517074513429094,0.289066768843264,,,0.0,0.976651796015366,0.4979944406077266,0.02,0.4937494583046204,0.4737494583046204,0.3077725966687703,0.3077725966687703,google-bert_bert-base-uncased_ISEAR_3ee76d,/Volumes/Amirali/hidden_states/experiments/baseline_v5_001/models/google-bert/bert-base-uncased/datasets/ISEAR/analysis/probes/probe_run__google-bert_bert-base-uncased__datasets__maxfull__rep5__probes=linear_logistic+mlp_1_hidden+mlp_2_hidden+mlp_3_hidden__hash3ee76dd13b29,,,,
2,3280954877,layer_12,12,1.0,mlp_2_hidden,mlp,2_hidden,single_label,768,13,7,6132,767,767,370567,"[384, 192]",15.0,0.594138284343778,-0.0040111187845468,0.1559279263019561,0.0355512067840834,0.7584801043705154,0.7584608459298685,0.7580380376441103,0.7580379207513228,0.7615823005062697,0.7584608459298685,0.718872859534143,0.7182238683629121,0.6806903683724511,0.5062673607183162,0.9592685857984264,0.8392632489764412,0.5932203389830508,0.5932086262361491,0.594138284343778,0.5941239161745304,0.6000342551800423,0.5932086262361491,0.5263904306005175,0.5254155271607313,1.189468159984684,0.3043831041411438,0.8827047236596589,0.652528600973458,0.5827900912646675,0.5829381627546765,0.5823577806512822,0.5822228461558773,0.5860971735244453,0.5829381627546765,0.5137828239201453,0.513248625161381,1.1646654470415296,0.3120270341400689,0.8839491301654762,0.6476090349323204,0.5823577806512822,0.5829381627546765,0.7568914119600727,0.3120270341400689,,,0.0,0.986452360828441,0.4979944406077266,0.02,0.5013115428972702,0.4813115428972702,0.175680256992828,0.175680256992828,google-bert_bert-base-uncased_ISEAR_3ee76d,/Volumes/Amirali/hidden_states/experiments/baseline_v5_001/models/google-bert/bert-base-uncased/datasets/ISEAR/analysis/probes/probe_run__google-bert_bert-base-uncased__datasets__maxfull__rep5__probes=linear_logistic+mlp_1_hidden+mlp_2_hidden+mlp_3_hidden__hash3ee76dd13b29,,,,
2,3349353847,layer_12,12,1.0,mlp_3_hidden,mlp,3_hidden,single_label,768,13,7,6132,767,767,388423,"[384, 192, 96]",14.0,0.5869886264438844,-0.0040111187845468,0.1559279263019561,0.0355512067840834,0.6800391389432485,0.6800480667563301,0.680811839548273,0.6808050355270542,0.6848518035142713,0.6800480667563301,0.6273249268296037,0.6267119928868232,0.8909338652092365,0.410272434643458,0.9285767727565976,0.7480459101014622,0.5840938722294654,0.5840343143095437,0.5869886264438844,0.5870002119394228,0.5944107559426766,0.5840343143095437,0.5155060275933607,0.5147591376950994,1.1643346788458715,0.3121302598300944,0.8778651614926226,0.6328175327939654,0.5645371577574967,0.5647682592636721,0.564785497680652,0.5645543891726237,0.5676134646679066,0.5647682592636721,0.492334136715406,0.4919512374092445,1.1507643045533025,0.3163948549144136,0.8780791199113389,0.6196005932798407,0.564785497680652,0.5647682592636721,0.7461670683577031,0.3163948549144136,,,0.0,0.9780301977434602,0.4979944406077266,0.02,0.4921789008595429,0.4721789008595429,0.1160263418676209,0.1160263418676209,google-bert_bert-base-uncased_ISEAR_3ee76d,/Volumes/Amirali/hidden_states/experiments/baseline_v5_001/models/google-bert/bert-base-uncased/datasets/ISEAR/analysis/probes/probe_run__google-bert_bert-base-uncased__datasets__maxfull__rep5__probes=linear_logistic+mlp_1_hidden+mlp_2_hidden+mlp_3_hidden__hash3ee76dd13b29,,,,
3,329176204,layer_0,0,0.0,linear_logistic,logistic,linear,single_label,768,13,7,6132,767,767,5383,[],,,-0.0174016207456588,0.1978804022073745,0.0355512067840834,0.8238747553816047,0.8238876664336783,0.823655777443155,0.8236444577036521,0.8235387474106933,0.8238876664336783,0.7945395631792683,0.7945206053242464,0.5264101049812889,0.5907217970476496,0.9751682071225032,0.9003245520252181,0.500651890482399,0.5008936018110329,0.4980419078497994,0.497865174904045,0.4969599323295629,0.5008936018110329,0.4176967153654055,0.4174506413256442,2.544591315599762,0.078505129247197,0.8173139780938614,0.5184616947585717,0.5032594524119948,0.5035029190992494,0.4995936092333819,0.4994399723767102,0.4985059820764009,0.5035029190992494,0.4209286009521198,0.4205018680246531,2.52346700442954,0.0801811359452264,0.8190385549683418,0.5221934832859693,0.4995936092333819,0.5035029190992494,0.7104643004760599,0.0801811359452264,,,0.0,0.9903681080353918,0.4912991896271705,0.0152743030116885,0.4386133691240622,0.4233390661123737,0.324062168209773,0.324062168209773,google-bert_bert-base-uncased_ISEAR_3ee76d,/Volumes/Amirali/hidden_states/experiments/baseline_v5_001/models/google-bert/bert-base-uncased/datasets/ISEAR/analysis/probes/probe_run__google-bert_bert-base-uncased__datasets__maxfull__rep5__probes=linear_logistic+mlp_1_hidden+mlp_2_hidden+mlp_3_hidden__hash3ee76dd13b29,,,,
3,3129711447,layer_0,0,0.0,mlp_1_hidden,mlp,1_hidden,single_label,768,13,7,6132,767,767,297991,[384],15.0,0.5916259224580048,-0.0174016207456588,0.1978804022073745,0.0355512067840834,0.7728310502283106,0.7728282188815869,0.7724334165389017,0.7724275254743332,0.7735983364810652,0.7728282188815869,0.735232145801912,0.7349683415677815,0.7121742863183402,0.4905763834962574,0.9607662297321268,0.8526068503499836,0.5919165580182529,0.5920767306088407,0.5916259224580048,0.5914762932441662,0.5951400202159567,0.5920767306088407,0.5245755914394645,0.5239010324325825,1.1353355937966907,0.3213142721621211,0.8836837166513433,0.6668335286250279,0.5723598435462842,0.572500893601811,0.5718347547328052,0.5717651926776507,0.5728216053672333,0.572500893601811,0.5013790473443295,0.5011065544512046,1.1621946085792296,0.3127989557914347,0.8797737755897362,0.6447782914116543,0.5718347547328052,0.572500893601811,0.7506895236721647,0.3127989557914347,,,0.0,0.9866570907649904,0.4912991896271705,0.02,0.4959478154112987,0.4759478154112987,0.2005986618060965,0.2005986618060965,google-bert_bert-base-uncased_ISEAR_3ee76d,/Volumes/Amirali/hidden_states/experiments/baseline_v5_001/models/google-bert/bert-base-uncased/datasets/ISEAR/analysis/probes/probe_run__google-bert_bert-base-uncased__datasets__maxfull__rep5__probes=linear_logistic+mlp_1_hidden+mlp_2_hidden+mlp_3_hidden__hash3ee76dd13b29,,,,
3,3280942914,layer_0,0,0.0,mlp_2_hidden,mlp,2_hidden,single_label,768,13,7,6132,767,767,370567,"[384, 192]",14.0,0.5810193234382973,-0.0174016207456588,0.1978804022073745,0.0355512067840834,0.7134703196347032,0.7134810176044518,0.7120015082198845,0.7120010221281019,0.7117428962357283,0.7134810176044518,0.6659033780235923,0.6657168457124362,0.8085752117722623,0.4454923465089518,0.9443229254741085,0.8025249482484814,0.5827900912646675,0.5829739068271179,0.5810193234382973,0.5809063256060572,0.5829187882365743,0.5829739068271179,0.5138529365228615,0.5132717916175027,1.1867274086866668,0.3052184867940284,0.876204300843385,0.6466006616115629,0.5710560625814863,0.5711426188490408,0.5682349658875798,0.5681696234442951,0.567245101730082,0.5711426188490408,0.4998413331629816,0.4995706520338004,1.172596320039022,0.3095621745245051,0.8789418108737795,0.6347645108837991,0.5682349658875798,0.5711426188490408,0.7499206665814908,0.3095621745245051,,,0.0,0.9832633717127778,0.4912991896271705,0.02,0.4940657483915615,0.4740657483915614,0.1437665423323046,0.1437665423323046,google-bert_bert-base-uncased_ISEAR_3ee76d,/Volumes/Amirali/hidden_states/experiments/baseline_v5_001/models/google-bert/bert-base-uncased/datasets/ISEAR/analysis/probes/probe_run__google-bert_bert-base-uncased__datasets__maxfull__rep5__probes=linear_logistic+mlp_1_hidden+mlp_2_hidden+mlp_3_hidden__hash3ee76dd13b29,,,,
3,3349341884,layer_0,0,0.0,mlp_3_hidden,mlp,3_hidden,single_label,768,13,7,6132,767,767,388423,"[384, 192, 96]",14.0,0.5734574157232135,-0.0174016207456588,0.1978804022073745,0.0355512067840834,0.6880300065231572,0.6880877841054437,0.6867775591365877,0.6867543696360251,0.6886973415099215,0.6880877841054437,0.6365152405748974,0.6360411169192698,0.90283950722009,0.4054168397512176,0.9310281515642924,0.7655602042625069,0.576271186440678,0.5765399737876802,0.5734574157232135,0.5733140279118575,0.5771731062679339,0.5765399737876802,0.5067061470268829,0.5056843082158232,1.1849870995196172,0.3057501237967441,0.8723428830715986,0.643671298545614,0.560625814863103,0.5606338615512928,0.5584221451465609,0.5583680183746256,0.5601239816363283,0.5606338615512928,0.487980288315733,0.4873818254656082,1.1837880887337675,0.3061169413581119,0.8721187421020069,0.6259381112942675,0.5584221451465609,0.5606338615512928,0.7439901441578665,0.3061169413581119,,,0.0,0.9876516651408148,0.4912991896271705,0.02,0.4892409572742653,0.4692409572742653,0.1283554139900268,0.1283554139900268,google-bert_bert-base-uncased_ISEAR_3ee76d,/Volumes/Amirali/hidden_states/experiments/baseline_v5_001/models/google-bert/bert-base-uncased/datasets/ISEAR/analysis/probes/probe_run__google-bert_bert-base-uncased__datasets__maxfull__rep5__probes=linear_logistic+mlp_1_hidden+mlp_2_hidden+mlp_3_hidden__hash3ee76dd13b29,,,,
3,329177201,layer_1,1,0.0833333333333333,linear_logistic,logistic,linear,single_label,768,13,7,6132,767,767,5383,[],,,-0.0109032252803444,0.1354732662439346,0.0355512067840834,0.8232224396607958,0.8232267829342651,0.8227755114846297,0.8227712040795723,0.8224999254139073,0.8232267829342651,0.7937876979691663,0.7937594233506666,0.5270102417803032,0.5903673895163992,0.9747768042063044,0.8980915709794228,0.5058670143415906,0.5061241510782796,0.5029444935696357,0.5027284057842168,0.5023660086748868,0.5061241510782796,0.4238792910543831,0.4235244189989668,2.3236407123975225,0.0979164502509364,0.8268996664207933,0.5464957762915501,0.485006518904824,0.4850947217919694,0.4859660764316882,0.4859020675950548,0.4889083224386962,0.4850947217919694,0.3994111265391442,0.3991781870536697,2.403804561716808,0.0903734669625735,0.820797523728246,0.5209354420649038,0.4859660764316882,0.4850947217919694,0.6997055632695721,0.0903734669625735,,,0.0,0.989985617414202,0.4945483873598277,0.0152743030116885,0.4319748896728222,0.4167005866611337,0.3368094350529414,0.3368094350529414,google-bert_bert-base-uncased_ISEAR_3ee76d,/Volumes/Amirali/hidden_states/experiments/baseline_v5_001/models/google-bert/bert-base-uncased/datasets/ISEAR/analysis/probes/probe_run__google-bert_bert-base-uncased__datasets__maxfull__rep5__probes=linear_logistic+mlp_1_hidden+mlp_2_hidden+mlp_3_hidden__hash3ee76dd13b29,,,,
3,3129712444,layer_1,1,0.0833333333333333,mlp_1_hidden,mlp,1_hidden,single_label,768,13,7,6132,767,767,297991,[384],22.0,0.5840015420135859,-0.0109032252803444,0.1354732662439346,0.0355512067840834,0.9843444227005872,0.984344391639798,0.9844330209604196,0.9844330553692352,0.9847270314115376,0.984344391639798,0.9817710092496532,0.9817351552836966,0.1239710464450813,0.8834054182397638,0.9995449469890304,0.9974642358707818,0.5853976531942634,0.5856427975694031,0.5840015420135859,0.5837739510368116,0.5861188381752562,0.5856427975694031,0.5168544782813226,0.516296576876015,1.416996758684493,0.242441033575941,0.8777853480076256,0.6473987962398853,0.5684485006518905,0.5685094721791969,0.5666375400345487,0.566622966337666,0.5668701183211226,0.5685094721791969,0.4968677014086202,0.4965375142287145,1.4759164598720096,0.2285691565684504,0.871300842203601,0.6175411635518866,0.5666375400345487,0.5685094721791969,0.7484338507043101,0.2285691565684504,,,0.0,0.9828677887033664,0.4945483873598277,0.02,0.4850719973363363,0.4650719973363363,0.4177954809258708,0.4177954809258708,google-bert_bert-base-uncased_ISEAR_3ee76d,/Volumes/Amirali/hidden_states/experiments/baseline_v5_001/models/google-bert/bert-base-uncased/datasets/ISEAR/analysis/probes/probe_run__google-bert_bert-base-uncased__datasets__maxfull__rep5__probes=linear_logistic+mlp_1_hidden+mlp_2_hidden+mlp_3_hidden__hash3ee76dd13b29,,,,
3,3280943911,layer_1,1,0.0833333333333333,mlp_2_hidden,mlp,2_hidden,single_label,768,13,7,6132,767,767,370567,"[384, 192]",34.0,0.5834290034993526,-0.0109032252803444,0.1354732662439346,0.0355512067840834,0.9897260273972602,0.9897267499259458,0.9898158491418656,0.989815952379516,0.990165566937511,0.9897267499259458,0.9880596238177168,0.9880136990020384,0.0256312206313477,0.9746944705500163,0.999915975634836,0.999181663464771,0.5840938722294654,0.5843083521982605,0.5834290034993526,0.5832108854891377,0.587516002700114,0.5843083521982605,0.5156899655349494,0.5147697232077517,2.471604148295659,0.0844492811167486,0.8719796978812477,0.6411189597118118,0.5658409387222947,0.5659478136542357,0.5659164579941744,0.565841783090599,0.5663864792037359,0.5659478136542357,0.4935598692631879,0.4934884136002617,2.609843641189364,0.0735460424357965,0.8654067857471753,0.6115848700963846,0.5659164579941744,0.5659478136542357,0.746779934631594,0.0735460424357965,,,0.0,0.9819943658223548,0.4945483873598277,0.02,0.4686697369352245,0.4486697369352245,0.4238993911476912,0.4238993911476912,google-bert_bert-base-uncased_ISEAR_3ee76d,/Volumes/Amirali/hidden_states/experiments/baseline_v5_001/models/google-bert/bert-base-uncased/datasets/ISEAR/analysis/probes/probe_run__google-bert_bert-base-uncased__datasets__maxfull__rep5__probes=linear_logistic+mlp_1_hidden+mlp_2_hidden+mlp_3_hidden__hash3ee76dd13b29,,,,
3,3349342881,layer_1,1,0.0833333333333333,mlp_3_hidden,mlp,3_hidden,single_label,768,13,7,6132,767,767,388423,"[384, 192, 96]",17.0,0.5765857853390466,-0.0109032252803444,0.1354732662439346,0.0355512067840834,0.8907371167645141,0.8907350836563899,0.8906539345826363,0.890650810064358,0.8928933250691866,0.8907350836563899,0.8729063175339155,0.8725263554096543,0.3418759524961752,0.7104363270963859,0.9900902170836964,0.956936265884064,0.5801825293350718,0.5804837364470392,0.5765857853390466,0.576395857135386,0.577139312769592,0.5804837364470392,0.5108800051960628,0.5102413951062612,1.438224548902704,0.2373487859773426,0.8783855260076042,0.6486486686420782,0.576271186440678,0.5763493387346598,0.5767969965593157,0.5767755765029916,0.5836123294956373,0.5763493387346598,0.5065150792570903,0.5056676436642565,1.4511765175744784,0.2342944743091023,0.8742952284656118,0.6310125184119396,0.5767969965593157,0.5763493387346598,0.7532575396285451,0.2342944743091023,,,0.0,0.9808722940269452,0.4945483873598277,0.02,0.4898843770959058,0.4698843770959058,0.3138569380233206,0.3138569380233206,google-bert_bert-base-uncased_ISEAR_3ee76d,/Volumes/Amirali/hidden_states/experiments/baseline_v5_001/models/google-bert/bert-base-uncased/datasets/ISEAR/analysis/probes/probe_run__google-bert_bert-base-uncased__datasets__maxfull__rep5__probes=linear_logistic+mlp_1_hidden+mlp_2_hidden+mlp_3_hidden__hash3ee76dd13b29,,,,
3,329178198,layer_2,2,0.1666666666666666,linear_logistic,logistic,linear,single_label,768,13,7,6132,767,767,5383,[],,,-0.0087017426267266,0.1276722550392151,0.0355512067840834,0.8279517286366601,0.8279525379902476,0.8276516354004743,0.8276479525916123,0.8275942108438245,0.8279525379902476,0.7993175343890112,0.7992766866650705,0.5258916095609673,0.5910281630119141,0.9746241000691624,0.8981549291441621,0.4967405475880052,0.4969855832241153,0.4937294581316959,0.4935082270212126,0.4920724357443758,0.4969855832241153,0.4130976674268493,0.4128747840882725,2.458728321612007,0.0855436658585836,0.822154818585023,0.5257489447247404,0.4771838331160365,0.4773620874538306,0.4762526952746377,0.4761193280728747,0.4766937558715693,0.4773620874538306,0.3902417153221347,0.3900590373559515,2.6179715447779293,0.072950690054487,0.8111721653507995,0.5005818731077981,0.4762526952746377,0.4773620874538306,0.6951208576610673,0.072950690054487,,,0.0,0.9845332605468214,0.4956491286866367,0.0152743030116885,0.4254664670803568,0.4101921640686682,0.3513989401258365,0.3513989401258365,google-bert_bert-base-uncased_ISEAR_3ee76d,/Volumes/Amirali/hidden_states/experiments/baseline_v5_001/models/google-bert/bert-base-uncased/datasets/ISEAR/analysis/probes/probe_run__google-bert_bert-base-uncased__datasets__maxfull__rep5__probes=linear_logistic+mlp_1_hidden+mlp_2_hidden+mlp_3_hidden__hash3ee76dd13b29,,,,
3,3129713441,layer_2,2,0.1666666666666666,mlp_1_hidden,mlp,1_hidden,single_label,768,13,7,6132,767,767,297991,[384],19.0,0.5857417109145506,-0.0087017426267266,0.1276722550392151,0.0355512067840834,0.9465101108936724,0.9465115002165956,0.9468219921707854,0.9468203142641048,0.9481837771286636,0.9465115002165956,0.9377811982146832,0.9375951061409664,0.2793902175170619,0.7562447456840213,0.996763543821392,0.9850114328151957,0.5840938722294654,0.5842606934350053,0.5857417109145506,0.5855538409574006,0.5940040396954674,0.5842606934350053,0.516294819493157,0.5147658739838608,1.2921525495029738,0.274678886374464,0.8754119290077573,0.6403079011831228,0.5710560625814863,0.5711664482306683,0.5705105391042509,0.5704241432291997,0.5734511149562423,0.5711664482306683,0.5001373047453328,0.4995706520338004,1.3198407697219057,0.2671778413809628,0.873072639128831,0.6225847086589302,0.5705105391042509,0.5711664482306683,0.7500686523726664,0.2671778413809628,,,0.0,0.9807945300218858,0.4956491286866367,0.02,0.4903925934411796,0.4703925934411796,0.3763114530665346,0.3763114530665346,google-bert_bert-base-uncased_ISEAR_3ee76d,/Volumes/Amirali/hidden_states/experiments/baseline_v5_001/models/google-bert/bert-base-uncased/datasets/ISEAR/analysis/probes/probe_run__google-bert_bert-base-uncased__datasets__maxfull__rep5__probes=linear_logistic+mlp_1_hidden+mlp_2_hidden+mlp_3_hidden__hash3ee76dd13b29,,,,
3,3280944908,layer_2,2,0.1666666666666666,mlp_2_hidden,mlp,2_hidden,single_label,768,13,7,6132,767,767,370567,"[384, 192]",16.0,0.5885008783340785,-0.0087017426267266,0.1276722550392151,0.0355512067840834,0.8595890410958904,0.8596020215111106,0.8602585212011542,0.8602529091188578,0.8620857589542069,0.8596020215111106,0.8363864561851116,0.8361876771318096,0.4657393377361282,0.6276708728363823,0.9822943188279396,0.9282306016304818,0.5880052151238592,0.5882163707851781,0.5885008783340785,0.588341801091961,0.5935234881275254,0.5882163707851781,0.5201584708564625,0.5193501752075818,1.2703970794411592,0.2807201314516674,0.8799483857024902,0.6533578209118575,0.5645371577574967,0.5645418801382104,0.5661840148471325,0.5661917773492549,0.5704862752045997,0.5645418801382104,0.4923538113387556,0.4919552675991536,1.294396226796433,0.2740632864561409,0.8746752349098622,0.6275332348199608,0.5661840148471325,0.5645418801382104,0.7461769056693778,0.2740632864561409,,,0.0,0.9874805027166332,0.4956491286866367,0.02,0.4890906569345306,0.4690906569345306,0.2940745063540216,0.2940745063540216,google-bert_bert-base-uncased_ISEAR_3ee76d,/Volumes/Amirali/hidden_states/experiments/baseline_v5_001/models/google-bert/bert-base-uncased/datasets/ISEAR/analysis/probes/probe_run__google-bert_bert-base-uncased__datasets__maxfull__rep5__probes=linear_logistic+mlp_1_hidden+mlp_2_hidden+mlp_3_hidden__hash3ee76dd13b29,,,,
3,3349343878,layer_2,2,0.1666666666666666,mlp_3_hidden,mlp,3_hidden,single_label,768,13,7,6132,767,767,388423,"[384, 192, 96]",15.0,0.5765550261617163,-0.0087017426267266,0.1276722550392151,0.0355512067840834,0.7584801043705154,0.7584584362363612,0.7586723200612563,0.7586675168592636,0.7627751218458048,0.7584584362363612,0.7188978633831035,0.7182229241359195,0.7069999511636457,0.493121368748545,0.9573136382048506,0.8465625172860706,0.5749674054758801,0.5750506374359585,0.5765550261617163,0.5764393498424462,0.5845833664695882,0.5750506374359585,0.5050386310666289,0.5041092521637036,1.1915740899336371,0.303742769133167,0.8786173343863558,0.645423969109231,0.5645371577574967,0.5648635767901824,0.5608928904345074,0.5607090173089183,0.5673467017553172,0.5648635767901824,0.49394578910281,0.4920106762271513,1.225127338100767,0.2937202961574262,0.8742249651218186,0.6216590560867475,0.5608928904345074,0.5648635767901824,0.746972894551405,0.2937202961574262,,,0.0,0.9837975539771922,0.4956491286866367,0.02,0.4895329347576587,0.4695329347576586,0.1977794296267488,0.1977794296267488,google-bert_bert-base-uncased_ISEAR_3ee76d,/Volumes/Amirali/hidden_states/experiments/baseline_v5_001/models/google-bert/bert-base-uncased/datasets/ISEAR/analysis/probes/probe_run__google-bert_bert-base-uncased__datasets__maxfull__rep5__probes=linear_logistic+mlp_1_hidden+mlp_2_hidden+mlp_3_hidden__hash3ee76dd13b29,,,,
3,329179195,layer_3,3,0.25,linear_logistic,logistic,linear,single_label,768,13,7,6132,767,767,5383,[],,,-0.0115391379222273,0.14218370616436,0.0355512067840834,0.8246901500326158,0.8247012122146884,0.8246668294506492,0.8246556150028785,0.824790970081935,0.8247012122146884,0.79549737890914,0.7954717338237701,0.5229651455310763,0.5927603189814811,0.9751631761856484,0.9006530486018561,0.5267275097783573,0.5268795424758728,0.526078650819691,0.5259503125232138,0.5272869390114397,0.5268795424758728,0.4482141252670192,0.4478611189884564,2.286002176624459,0.1016721176119915,0.8335611603368426,0.5537455623155871,0.4915254237288136,0.4916716311211724,0.4916529515526175,0.491560274594784,0.4937064545830078,0.4916716311211724,0.4070689625698604,0.4067976432932815,2.546247548335542,0.0783752140967713,0.8174521366489366,0.5240968469544309,0.4916529515526175,0.4916716311211724,0.7035344812849302,0.0783752140967713,,,0.0,0.9792730453040908,0.4942304310388863,0.0152743030116885,0.4326705022411003,0.4173961992294118,0.3330138778980316,0.3330138778980316,google-bert_bert-base-uncased_ISEAR_3ee76d,/Volumes/Amirali/hidden_states/experiments/baseline_v5_001/models/google-bert/bert-base-uncased/datasets/ISEAR/analysis/probes/probe_run__google-bert_bert-base-uncased__datasets__maxfull__rep5__probes=linear_logistic+mlp_1_hidden+mlp_2_hidden+mlp_3_hidden__hash3ee76dd13b29,,,,
3,3129714438,layer_3,3,0.25,mlp_1_hidden,mlp,1_hidden,single_label,768,13,7,6132,767,767,297991,[384],20.0,0.5842609910747323,-0.0115391379222273,0.14218370616436,0.0355512067840834,0.9686888454011742,0.9686874833264086,0.9687658232827572,0.9687646828509956,0.9691124529530134,0.9686874833264086,0.963516079458125,0.9634702788317728,0.2048668252524095,0.8147558140865678,0.9984876344757224,0.9926224130997644,0.5827900912646675,0.5829858215179315,0.5842609910747323,0.5840735353720246,0.5886707562651035,0.5829858215179315,0.5138255420142428,0.5132515210889966,1.3194345846489424,0.2672863870752863,0.8774013168074637,0.6443974274365497,0.5893089960886571,0.5894078398665554,0.5889558275077708,0.5888970802809372,0.5893173586682502,0.5894078398665554,0.5210220066220465,0.5208721691191054,1.3506509858026436,0.2590715538355644,0.8759090272629803,0.6328845083404001,0.5889558275077708,0.5894078398665554,0.7605110033110232,0.2590715538355644,,,0.0,0.9809136814226828,0.4942304310388863,0.02,0.4984368284313484,0.4784368284313484,0.3798099957749863,0.3798099957749863,google-bert_bert-base-uncased_ISEAR_3ee76d,/Volumes/Amirali/hidden_states/experiments/baseline_v5_001/models/google-bert/bert-base-uncased/datasets/ISEAR/analysis/probes/probe_run__google-bert_bert-base-uncased__datasets__maxfull__rep5__probes=linear_logistic+mlp_1_hidden+mlp_2_hidden+mlp_3_hidden__hash3ee76dd13b29,,,,
3,3280945905,layer_3,3,0.25,mlp_2_hidden,mlp,2_hidden,single_label,768,13,7,6132,767,767,370567,"[384, 192]",15.0,0.5823405914104998,-0.0115391379222273,0.14218370616436,0.0355512067840834,0.7886497064579256,0.7886638740750505,0.790022227721814,0.7900132163149198,0.7942182465950697,0.7886638740750505,0.7538885902976737,0.7534249788565464,0.6350072442987396,0.5299316493204839,0.966275661213158,0.8725643522099892,0.5775749674054759,0.577755272250685,0.5823405914104998,0.5821385853490313,0.5924507433160359,0.577755272250685,0.5080306833422745,0.5071573912112233,1.2196698018926329,0.295327667462731,0.8771291796755412,0.6418874990919203,0.5658409387222947,0.565876325509353,0.5680630411941517,0.5680441232496806,0.5756743934687905,0.565876325509353,0.4943301898417751,0.4934864046421141,1.2393294163674582,0.2895783393391589,0.8748794617271953,0.6195965068855368,0.5680630411941517,0.565876325509353,0.7471650949208876,0.2895783393391589,,,0.0,0.979239078383368,0.4942304310388863,0.02,0.490565236687271,0.470565236687271,0.2219591865276622,0.2219591865276622,google-bert_bert-base-uncased_ISEAR_3ee76d,/Volumes/Amirali/hidden_states/experiments/baseline_v5_001/models/google-bert/bert-base-uncased/datasets/ISEAR/analysis/probes/probe_run__google-bert_bert-base-uncased__datasets__maxfull__rep5__probes=linear_logistic+mlp_1_hidden+mlp_2_hidden+mlp_3_hidden__hash3ee76dd13b29,,,,
3,3349344875,layer_3,3,0.25,mlp_3_hidden,mlp,3_hidden,single_label,768,13,7,6132,767,767,388423,"[384, 192, 96]",15.0,0.5742084714271292,-0.0115391379222273,0.14218370616436,0.0355512067840834,0.7596216568819308,0.7596178783326205,0.7590117526116817,0.7590084460918777,0.7605502444090634,0.7596178783326205,0.7198824155419515,0.7195574859235269,0.7057871260650466,0.4937198015450214,0.9568571649723568,0.8432005510974709,0.5749674054758801,0.5750982961992136,0.5742084714271292,0.5740280209317044,0.5765946106794229,0.5750982961992136,0.5046118622299595,0.504111219086528,1.189692725793201,0.3043147577776788,0.8790049510787077,0.6418780785837013,0.5736636245110821,0.5738472536637673,0.5731340358005081,0.5730412583932121,0.5765266996540134,0.5738472536637673,0.5031865978099302,0.5026315163245232,1.2089051973738418,0.2985239253683097,0.8790843426632755,0.6338492803688685,0.5731340358005081,0.5738472536637673,0.7515932989049652,0.2985239253683097,,,0.0,0.9836533000169176,0.4942304310388863,0.02,0.495028835925904,0.475028835925904,0.1858777168111736,0.1858777168111736,google-bert_bert-base-uncased_ISEAR_3ee76d,/Volumes/Amirali/hidden_states/experiments/baseline_v5_001/models/google-bert/bert-base-uncased/datasets/ISEAR/analysis/probes/probe_run__google-bert_bert-base-uncased__datasets__maxfull__rep5__probes=linear_logistic+mlp_1_hidden+mlp_2_hidden+mlp_3_hidden__hash3ee76dd13b29,,,,
3,329180192,layer_4,4,0.3333333333333333,linear_logistic,logistic,linear,single_label,768,13,7,6132,767,767,5383,[],,,-0.0073114247061312,0.1506237983703613,0.0355512067840834,0.83235485975212,0.8323556750605127,0.8323605857689234,0.8323582499856167,0.8325137931344407,0.8323556750605127,0.8044392558484523,0.8044137967154454,0.4946923118918002,0.6097584938731885,0.9772876291562962,0.907539755075968,0.4967405475880052,0.4970213272965567,0.4964766254641345,0.4962499057730908,0.4982884405894889,0.4970213272965567,0.4132393458939088,0.4128794414003859,2.488649623357946,0.0830220018853374,0.8250765546293982,0.5394199963607658,0.4915254237288136,0.4916954605028,0.4908174613392977,0.4907069144700473,0.4908850878836147,0.4916954605028,0.4069150329433196,0.4067988196658894,2.529576746166521,0.079692743407822,0.8217438612739265,0.5295541321076198,0.4908174613392977,0.4916954605028,0.7034575164716599,0.079692743407822,,,0.0,0.9873099911232056,0.4963442876469344,0.0152743030116885,0.4334947997164429,0.4182204967047544,0.3415431244296256,0.3415431244296256,google-bert_bert-base-uncased_ISEAR_3ee76d,/Volumes/Amirali/hidden_states/experiments/baseline_v5_001/models/google-bert/bert-base-uncased/datasets/ISEAR/analysis/probes/probe_run__google-bert_bert-base-uncased__datasets__maxfull__rep5__probes=linear_logistic+mlp_1_hidden+mlp_2_hidden+mlp_3_hidden__hash3ee76dd13b29,,,,
3,3129715435,layer_4,4,0.3333333333333333,mlp_1_hidden,mlp,1_hidden,single_label,768,13,7,6132,767,767,297991,[384],19.0,0.593396036906953,-0.0073114247061312,0.1506237983703613,0.0355512067840834,0.9509132420091324,0.9509150168494032,0.9510803169756344,0.9510768059323668,0.9516725382438096,0.9509150168494032,0.9428044104268692,0.9427320659251492,0.2651496805242853,0.7670911227809403,0.9969950387878908,0.9862209401430994,0.5932203389830508,0.5933873465983558,0.593396036906953,0.5932663124689269,0.5965114640435164,0.5933873465983558,0.5259180748315216,0.5254287034484673,1.2576685020325489,0.2843161368405413,0.8818625773850151,0.6497753775996307,0.5840938722294654,0.5842249493625641,0.5836040982043029,0.5835074880529484,0.5845415044136999,0.5842249493625641,0.515032284215711,0.5147860817280043,1.2678645708914489,0.2814319585583135,0.8821733231466703,0.6400914537997239,0.5836040982043029,0.5842249493625641,0.7575161421078556,0.2814319585583135,,,0.0,0.9798212929813066,0.4963442876469344,0.02,0.4981047278079474,0.4781047278079474,0.3674762187713314,0.3674762187713314,google-bert_bert-base-uncased_ISEAR_3ee76d,/Volumes/Amirali/hidden_states/experiments/baseline_v5_001/models/google-bert/bert-base-uncased/datasets/ISEAR/analysis/probes/probe_run__google-bert_bert-base-uncased__datasets__maxfull__rep5__probes=linear_logistic+mlp_1_hidden+mlp_2_hidden+mlp_3_hidden__hash3ee76dd13b29,,,,
3,3280946902,layer_4,4,0.3333333333333333,mlp_2_hidden,mlp,2_hidden,single_label,768,13,7,6132,767,767,370567,"[384, 192]",16.0,0.5687431203736405,-0.0073114247061312,0.1506237983703613,0.0355512067840834,0.8581213307240705,0.8581095034956627,0.8591325674408433,0.8591345187635454,0.8659907462314604,0.8581095034956627,0.8355308830079741,0.8344740795233951,0.4509300908719806,0.63703537520893,0.9835721863312592,0.9316583072076624,0.5671447196870926,0.5673656618610747,0.5687431203736405,0.5685514214371596,0.5769951008204862,0.5673656618610747,0.4959998762209351,0.4950014576189843,1.2696637202080665,0.2809260756582952,0.8813568176583976,0.6425871208009345,0.5775749674054759,0.5776122959609198,0.5786630767157842,0.5785966203616725,0.5851022222744201,0.5776122959609198,0.5078980502673115,0.5071642329758983,1.2815872602838398,0.2775963329464446,0.8813665451256638,0.6360857577621216,0.5786630767157842,0.5776122959609198,0.7539490251336558,0.2775963329464446,,,0.0,0.974444802500938,0.4963442876469344,0.02,0.4944212952702174,0.4744212952702174,0.2804694907250591,0.2804694907250591,google-bert_bert-base-uncased_ISEAR_3ee76d,/Volumes/Amirali/hidden_states/experiments/baseline_v5_001/models/google-bert/bert-base-uncased/datasets/ISEAR/analysis/probes/probe_run__google-bert_bert-base-uncased__datasets__maxfull__rep5__probes=linear_logistic+mlp_1_hidden+mlp_2_hidden+mlp_3_hidden__hash3ee76dd13b29,,,,
3,3349345872,layer_4,4,0.3333333333333333,mlp_3_hidden,mlp,3_hidden,single_label,768,13,7,6132,767,767,388423,"[384, 192, 96]",14.0,0.5664740939498418,-0.0073114247061312,0.1506237983703613,0.0355512067840834,0.6821591650358774,0.6821476101596894,0.6797590629601382,0.6797638058744027,0.6864737272165715,0.6821476101596894,0.6306635151656969,0.6291827471546596,0.9153423903496142,0.4003795165370187,0.9270440338860556,0.7529363122454508,0.5697522816166884,0.5698320028595258,0.5664740939498418,0.5664129643415377,0.5743148888510496,0.5698320028595258,0.4997202980009867,0.4980376446976743,1.16295494993968,0.3125612122024364,0.8771521281594994,0.630983182971735,0.560625814863103,0.5608244966043131,0.5517464284324903,0.5516335228576342,0.5550392912855701,0.5608244966043131,0.4893391502364597,0.4874336683297507,1.156591718604096,0.3145564528587558,0.8806522903538665,0.6281614521536386,0.5517464284324903,0.5608244966043131,0.7446695751182298,0.3145564528587558,,,0.0,0.9818215722964988,0.4963442876469344,0.02,0.4882157347643762,0.4682157347643762,0.1280126345276478,0.1280126345276478,google-bert_bert-base-uncased_ISEAR_3ee76d,/Volumes/Amirali/hidden_states/experiments/baseline_v5_001/models/google-bert/bert-base-uncased/datasets/ISEAR/analysis/probes/probe_run__google-bert_bert-base-uncased__datasets__maxfull__rep5__probes=linear_logistic+mlp_1_hidden+mlp_2_hidden+mlp_3_hidden__hash3ee76dd13b29,,,,
3,329181189,layer_5,5,0.4166666666666667,linear_logistic,logistic,linear,single_label,768,13,7,6132,767,767,5383,[],,,-0.0143423108384013,0.143170565366745,0.0355512067840834,0.8463796477495108,0.8463860790237584,0.8462593823169361,0.846250805754519,0.8462852036116796,0.8463860790237584,0.8208020866777984,0.8207760332750932,0.4678663107303025,0.6263372526304871,0.9798092576823144,0.9167060146567444,0.4954367666232073,0.4958060288335518,0.4934706228729594,0.4931935959715774,0.4928223297387637,0.4958060288335518,0.4116020565758736,0.4113759131903958,2.503718656605495,0.0817803195510794,0.8282385310528602,0.5326395468602014,0.4980443285528031,0.4979387584892172,0.4986787265353982,0.4987258374714197,0.5003452464581134,0.4979387584892172,0.4144954957273375,0.414359830710832,2.448312435027048,0.0864393354791842,0.8349396804673324,0.5441107607401438,0.4986787265353982,0.4979387584892172,0.7072477478636687,0.0864393354791842,,,0.0,0.9832598367655768,0.4928288445807993,0.0152743030116885,0.4370590170402985,0.4217847140286099,0.3475806557815379,0.3475806557815379,google-bert_bert-base-uncased_ISEAR_3ee76d,/Volumes/Amirali/hidden_states/experiments/baseline_v5_001/models/google-bert/bert-base-uncased/datasets/ISEAR/analysis/probes/probe_run__google-bert_bert-base-uncased__datasets__maxfull__rep5__probes=linear_logistic+mlp_1_hidden+mlp_2_hidden+mlp_3_hidden__hash3ee76dd13b29,,,,
3,3129716432,layer_5,5,0.4166666666666667,mlp_1_hidden,mlp,1_hidden,single_label,768,13,7,6132,767,767,297991,[384],17.0,0.5719854437312858,-0.0143423108384013,0.143170565366745,0.0355512067840834,0.8618721461187214,0.8618773451115597,0.8616868982756104,0.8616800424329984,0.8629530967316554,0.8618773451115597,0.8390853157493805,0.838850712138254,0.466478613480173,0.6272070224626417,0.98511927597168,0.937509533420138,0.5749674054758801,0.5753246753246753,0.5719854437312858,0.5717268575919247,0.5724059482369708,0.5753246753246753,0.5046841876530118,0.5041535041535041,1.1980198715934305,0.301791205994511,0.88443151823991,0.645263038960321,0.5984354628422425,0.5985225783390922,0.5966047766876935,0.5965435581219038,0.5971268803527922,0.5985225783390922,0.5319089467483133,0.5315185252023267,1.1724084829992336,0.3096203272284431,0.888376962492736,0.6493546995798134,0.5966047766876935,0.5985225783390922,0.7659544733741567,0.3096203272284431,,,0.0,0.9838204231112512,0.4928288445807993,0.02,0.5078082691919201,0.4878082691919201,0.2650821215879169,0.2650821215879169,google-bert_bert-base-uncased_ISEAR_3ee76d,/Volumes/Amirali/hidden_states/experiments/baseline_v5_001/models/google-bert/bert-base-uncased/datasets/ISEAR/analysis/probes/probe_run__google-bert_bert-base-uncased__datasets__maxfull__rep5__probes=linear_logistic+mlp_1_hidden+mlp_2_hidden+mlp_3_hidden__hash3ee76dd13b29,,,,
3,3280947899,layer_5,5,0.4166666666666667,mlp_2_hidden,mlp,2_hidden,single_label,768,13,7,6132,767,767,370567,"[384, 192]",15.0,0.559311253953463,-0.0143423108384013,0.143170565366745,0.0355512067840834,0.7907697325505545,0.7907648744526862,0.7903244046973785,0.7903189515910561,0.7924301905518943,0.7907648744526862,0.7563154642740985,0.7558966807391276,0.6272351939639632,0.5340663515168327,0.9670634250455928,0.8721726128341798,0.560625814863103,0.5607887525318718,0.559311253953463,0.5591133734574111,0.565210207152971,0.5607887525318718,0.4887873728520057,0.4873777589150961,1.1510559944641343,0.3163025791859997,0.8877929475676561,0.6506017175903877,0.5919165580182529,0.5919933277731442,0.5881291263903139,0.5880684316279112,0.58810804960837,0.5919933277731442,0.5244602041208788,0.5239076416005457,1.1729575926930516,0.3094503583754021,0.8852528344073134,0.6440568828261917,0.5881291263903139,0.5919933277731442,0.7622301020604394,0.3094503583754021,,,0.0,0.991272125590806,0.4928288445807993,0.02,0.5048794866982768,0.4848794866982767,0.2021952783070646,0.2021952783070646,google-bert_bert-base-uncased_ISEAR_3ee76d,/Volumes/Amirali/hidden_states/experiments/baseline_v5_001/models/google-bert/bert-base-uncased/datasets/ISEAR/analysis/probes/probe_run__google-bert_bert-base-uncased__datasets__maxfull__rep5__probes=linear_logistic+mlp_1_hidden+mlp_2_hidden+mlp_3_hidden__hash3ee76dd13b29,,,,
3,3349346869,layer_5,5,0.4166666666666667,mlp_3_hidden,mlp,3_hidden,single_label,768,13,7,6132,767,767,388423,"[384, 192, 96]",15.0,0.5588284852076734,-0.0143423108384013,0.143170565366745,0.0355512067840834,0.7602739726027398,0.7602832761419033,0.7603904434660343,0.7603794604951488,0.7638234528584998,0.7602832761419033,0.7208788911911199,0.7203194351160258,0.6942980848579453,0.4994248788691735,0.9585115552948492,0.8428119760139066,0.560625814863103,0.5610270463481473,0.5588284852076734,0.5585556861069609,0.560588889288151,0.5610270463481473,0.4880145234994165,0.4874316354738024,1.1410556614640883,0.3194815793433352,0.8888847167379231,0.652681293070763,0.5919165580182529,0.5918741808650065,0.5926410244778226,0.5926346482562246,0.5966655897960982,0.5918741808650065,0.5243869555382603,0.5238906462264618,1.1421563309446416,0.3191301291700739,0.8869607028341686,0.6479244016952753,0.5926410244778226,0.5918741808650065,0.7621934777691302,0.3191301291700739,,,0.0,0.9799110577810763,0.4928288445807993,0.02,0.5058159658387311,0.4858159658387311,0.1677494189882117,0.1677494189882117,google-bert_bert-base-uncased_ISEAR_3ee76d,/Volumes/Amirali/hidden_states/experiments/baseline_v5_001/models/google-bert/bert-base-uncased/datasets/ISEAR/analysis/probes/probe_run__google-bert_bert-base-uncased__datasets__maxfull__rep5__probes=linear_logistic+mlp_1_hidden+mlp_2_hidden+mlp_3_hidden__hash3ee76dd13b29,,,,
3,329182186,layer_6,6,0.5,linear_logistic,logistic,linear,single_label,768,13,7,6132,767,767,5383,[],,,-0.0113254366442561,0.1448695957660675,0.0355512067840834,0.8346379647749511,0.8346555547997808,0.8345157769825692,0.8345005236073283,0.8345372373787155,0.8346555547997808,0.8071059993643408,0.8070777512733319,0.4770402599495658,0.6206175427594912,0.9785303659311768,0.911928268870978,0.5241199478487614,0.524448945549863,0.5204608252221904,0.5201642001088186,0.517673506433651,0.524448945549863,0.445004836903712,0.4448168295135218,2.507433184313319,0.0814771077810485,0.8313921546305488,0.5393887261125585,0.5084745762711864,0.5084236864053377,0.5076315174348436,0.5076336160907489,0.5076973483804343,0.5084236864053377,0.4266582242474681,0.4265346636759739,2.53662611728485,0.0791329351504236,0.8326120117569064,0.5353108437876654,0.5076315174348436,0.5084236864053377,0.7133291121237341,0.0791329351504236,,,0.0,0.9801444320737146,0.4943372816778719,0.0152743030116885,0.4408153999443791,0.4255410969326906,0.3268842595477256,0.3268842595477256,google-bert_bert-base-uncased_ISEAR_3ee76d,/Volumes/Amirali/hidden_states/experiments/baseline_v5_001/models/google-bert/bert-base-uncased/datasets/ISEAR/analysis/probes/probe_run__google-bert_bert-base-uncased__datasets__maxfull__rep5__probes=linear_logistic+mlp_1_hidden+mlp_2_hidden+mlp_3_hidden__hash3ee76dd13b29,,,,
3,3129717429,layer_6,6,0.5,mlp_1_hidden,mlp,1_hidden,single_label,768,13,7,6132,767,767,297991,[384],17.0,0.5745048725045071,-0.0113254366442561,0.1448695957660675,0.0355512067840834,0.8724722765818657,0.8724862093000397,0.8729016095263836,0.8728946641474487,0.8745466466940737,0.8724862093000397,0.851425160131336,0.8512179976174893,0.4630059720648246,0.6293888737457852,0.9857250664766052,0.9394426941451672,0.5736636245110821,0.5739068271178362,0.5745048725045071,0.5742639959779511,0.5770396274669255,0.5739068271178362,0.502918195004358,0.502601925266043,1.166176991309612,0.3115557477399876,0.8859207350880871,0.6429681084700524,0.60625814863103,0.6063505302037412,0.6062868967007632,0.6062067785137853,0.6085106852793113,0.6063505302037412,0.540911268939348,0.5406365889935548,1.1612548032326613,0.3130930641031232,0.8886508896422365,0.6552963311338734,0.6062868967007632,0.6063505302037412,0.770455634469674,0.3130930641031232,,,0.0,0.9733741312415728,0.4943372816778719,0.02,0.5114562324945663,0.4914562324945662,0.2666147128256204,0.2666147128256204,google-bert_bert-base-uncased_ISEAR_3ee76d,/Volumes/Amirali/hidden_states/experiments/baseline_v5_001/models/google-bert/bert-base-uncased/datasets/ISEAR/analysis/probes/probe_run__google-bert_bert-base-uncased__datasets__maxfull__rep5__probes=linear_logistic+mlp_1_hidden+mlp_2_hidden+mlp_3_hidden__hash3ee76dd13b29,,,,
3,3280948896,layer_6,6,0.5,mlp_2_hidden,mlp,2_hidden,single_label,768,13,7,6132,767,767,370567,"[384, 192]",14.0,0.5842067133150908,-0.0113254366442561,0.1448695957660675,0.0355512067840834,0.6885192433137639,0.6885815343543998,0.687444683167585,0.687424664240049,0.6910636775932754,0.6885815343543998,0.6374486367379846,0.6366133042039519,0.8566460933343499,0.4245837111188191,0.93648902917664,0.7704709448328532,0.5867014341590613,0.5870844751578697,0.5842067133150908,0.5839619320818625,0.5858329368827933,0.5870844751578697,0.5186298079335132,0.5178559034835322,1.1439225060776863,0.3185669869220335,0.8828215363901668,0.6404763090941438,0.5814863102998696,0.5815203145478376,0.5791749959125662,0.5791077314779128,0.5861039754371135,0.5815203145478376,0.5132935068327851,0.5117275271150106,1.1555899486446666,0.3148717239519638,0.8816112988581802,0.6365027422383002,0.5791749959125662,0.5815203145478376,0.7566467534163925,0.3148717239519638,,,0.0,0.98020592151622,0.4943372816778719,0.02,0.499743437803488,0.479743437803488,0.1082696872550188,0.1082696872550188,google-bert_bert-base-uncased_ISEAR_3ee76d,/Volumes/Amirali/hidden_states/experiments/baseline_v5_001/models/google-bert/bert-base-uncased/datasets/ISEAR/analysis/probes/probe_run__google-bert_bert-base-uncased__datasets__maxfull__rep5__probes=linear_logistic+mlp_1_hidden+mlp_2_hidden+mlp_3_hidden__hash3ee76dd13b29,,,,
3,3349347866,layer_6,6,0.5,mlp_3_hidden,mlp,3_hidden,single_label,768,13,7,6132,767,767,388423,"[384, 192, 96]",14.0,0.5772796778337573,-0.0113254366442561,0.1448695957660675,0.0355512067840834,0.675146771037182,0.6751557235428881,0.6748667834748687,0.6748611752266053,0.6753678515473208,0.6751557235428881,0.6211438267486159,0.6210049542620849,0.9129062674412728,0.4013560792797529,0.9264385418315432,0.7445556665532163,0.5801825293350718,0.5804241629929704,0.5772796778337573,0.5771119472786688,0.5793271253060793,0.5804241629929704,0.5110725753151868,0.5102307115688942,1.1596005870494768,0.3136114163317251,0.8797191339719893,0.6257944683087739,0.5736636245110821,0.5736327892291195,0.5718418333707023,0.57181512273147,0.5722461433288188,0.5736327892291195,0.5028983635564129,0.5025910743290277,1.1432045215804572,0.3187957952105452,0.8811493349206886,0.6343863669773843,0.5718418333707023,0.5736327892291195,0.7514491817782065,0.3187957952105452,,,0.0,0.9837873320109112,0.4943372816778719,0.02,0.4966979307998138,0.4766979307998137,0.1030249501041664,0.1030249501041664,google-bert_bert-base-uncased_ISEAR_3ee76d,/Volumes/Amirali/hidden_states/experiments/baseline_v5_001/models/google-bert/bert-base-uncased/datasets/ISEAR/analysis/probes/probe_run__google-bert_bert-base-uncased__datasets__maxfull__rep5__probes=linear_logistic+mlp_1_hidden+mlp_2_hidden+mlp_3_hidden__hash3ee76dd13b29,,,,
3,329183183,layer_7,7,0.5833333333333334,linear_logistic,logistic,linear,single_label,768,13,7,6132,767,767,5383,[],,,-0.0086565371602773,0.1467643678188324,0.0355512067840834,0.8331702544031311,0.8331759176135206,0.8331538301563528,0.8331486155257396,0.8332719378017696,0.8331759176135206,0.8053895131595654,0.8053652484918918,0.4761182708014675,0.6211900092624338,0.9785113973529294,0.9100248962810144,0.5176010430247718,0.5179435243655427,0.5140470921259652,0.5137802860541762,0.5129372619574506,0.5179435243655427,0.4375895723544261,0.4372249731789978,2.3929786463494525,0.091357157535414,0.8358637971887838,0.5378356528414888,0.5071707953063885,0.5072203026331467,0.5080620806165249,0.5079674920338466,0.510314837602599,0.5072203026331467,0.4252618242182697,0.4250112548068436,2.413374722669996,0.0895127037288095,0.8330925061852276,0.520214180106431,0.5080620806165249,0.5072203026331467,0.7126309121091349,0.0895127037288095,,,0.0,0.979290140590226,0.4956717314198613,0.0152743030116885,0.44165707336837,0.4263827703566815,0.3250917495398279,0.3250917495398279,google-bert_bert-base-uncased_ISEAR_3ee76d,/Volumes/Amirali/hidden_states/experiments/baseline_v5_001/models/google-bert/bert-base-uncased/datasets/ISEAR/analysis/probes/probe_run__google-bert_bert-base-uncased__datasets__maxfull__rep5__probes=linear_logistic+mlp_1_hidden+mlp_2_hidden+mlp_3_hidden__hash3ee76dd13b29,,,,
3,3129718426,layer_7,7,0.5833333333333334,mlp_1_hidden,mlp,1_hidden,single_label,768,13,7,6132,767,767,297991,[384],16.0,0.5917047073254172,-0.0086565371602773,0.1467643678188324,0.0355512067840834,0.815068493150685,0.8150859091604958,0.814910397549524,0.8148938921501773,0.8172238534634089,0.8150859091604958,0.784632012470784,0.7842465619540183,0.5842191004527086,0.5575410754344005,0.9749627570076754,0.8982642445898781,0.5932203389830508,0.5935898963421901,0.5917047073254172,0.5914198351133194,0.5917918589276487,0.5935898963421901,0.5257471266835878,0.5254447022428461,1.1262971277239695,0.3242316246446668,0.8891457432923664,0.6585942966957686,0.5997392438070405,0.5997378768020969,0.599618406660612,0.5995970420954545,0.6024200136335461,0.5997378768020969,0.5334385537336314,0.5330247519549105,1.133497625081004,0.3219053807954432,0.88846918896746,0.6518808219223302,0.599618406660612,0.5997378768020969,0.7667192768668156,0.3219053807954432,,,0.0,0.971448077496426,0.4956717314198613,0.02,0.5089921071156699,0.4889921071156698,0.215291990888912,0.215291990888912,google-bert_bert-base-uncased_ISEAR_3ee76d,/Volumes/Amirali/hidden_states/experiments/baseline_v5_001/models/google-bert/bert-base-uncased/datasets/ISEAR/analysis/probes/probe_run__google-bert_bert-base-uncased__datasets__maxfull__rep5__probes=linear_logistic+mlp_1_hidden+mlp_2_hidden+mlp_3_hidden__hash3ee76dd13b29,,,,
3,3280949893,layer_7,7,0.5833333333333334,mlp_2_hidden,mlp,2_hidden,single_label,768,13,7,6132,767,767,370567,"[384, 192]",14.0,0.5881041190514165,-0.0086565371602773,0.1467643678188324,0.0355512067840834,0.7023809523809523,0.7023834451100726,0.7043055233176833,0.7042943982743293,0.7084597088036821,0.7023834451100726,0.6531223906358958,0.6527760755831109,0.8460623335733987,0.4291012673106428,0.9388946453480618,0.7775754034946625,0.5853976531942634,0.5855593947337067,0.5881041190514165,0.587961879790438,0.5938778722231671,0.5855593947337067,0.5167137390151421,0.516297536133014,1.1201937065359993,0.3262165982152327,0.8870213324173496,0.649615458814759,0.5840938722294654,0.5841177171452401,0.586158472299221,0.5861168946830446,0.5931794456768077,0.5841177171452401,0.5155089665822866,0.5147764592026146,1.1437424789420034,0.3186243427868633,0.881917000831623,0.6357500523346239,0.586158472299221,0.5841177171452401,0.7577544832911434,0.3186243427868633,,,0.0,0.983051246991561,0.4956717314198613,0.02,0.5027715936890983,0.4827715936890983,0.1181470510184622,0.1181470510184622,google-bert_bert-base-uncased_ISEAR_3ee76d,/Volumes/Amirali/hidden_states/experiments/baseline_v5_001/models/google-bert/bert-base-uncased/datasets/ISEAR/analysis/probes/probe_run__google-bert_bert-base-uncased__datasets__maxfull__rep5__probes=linear_logistic+mlp_1_hidden+mlp_2_hidden+mlp_3_hidden__hash3ee76dd13b29,,,,
3,3349348863,layer_7,7,0.5833333333333334,mlp_3_hidden,mlp,3_hidden,single_label,768,13,7,6132,767,767,388423,"[384, 192, 96]",15.0,0.5829722302976502,-0.0086565371602773,0.1467643678188324,0.0355512067840834,0.7594585779517287,0.7594984238249424,0.7612060559849085,0.7611841132568151,0.7671714821205501,0.7594984238249424,0.7199710259835413,0.7193706570431861,0.6932739337631743,0.4999366274148095,0.9594695782359306,0.8430335337980251,0.5801825293350718,0.5803526748480877,0.5829722302976502,0.5827674847818886,0.5874108848130534,0.5803526748480877,0.5104648146828513,0.5102025436451509,1.1393260657937687,0.3200346314400991,0.889207586266474,0.6533291181869046,0.5880052151238592,0.5880614798045991,0.5898171712896145,0.5897915305612126,0.6035678035208251,0.5880614798045991,0.5206114934688368,0.5193473156491939,1.1411572543077124,0.31944912394985,0.8864497535779308,0.652668078478298,0.5898171712896145,0.5880614798045991,0.7603057467344184,0.31944912394985,,,0.0,0.9843382396487896,0.4956717314198613,0.02,0.5048716997341133,0.4848716997341132,0.171388884695294,0.171388884695294,google-bert_bert-base-uncased_ISEAR_3ee76d,/Volumes/Amirali/hidden_states/experiments/baseline_v5_001/models/google-bert/bert-base-uncased/datasets/ISEAR/analysis/probes/probe_run__google-bert_bert-base-uncased__datasets__maxfull__rep5__probes=linear_logistic+mlp_1_hidden+mlp_2_hidden+mlp_3_hidden__hash3ee76dd13b29,,,,
3,329184180,layer_8,8,0.6666666666666666,linear_logistic,logistic,linear,single_label,768,13,7,6132,767,767,5383,[],,,-0.0071808607317507,0.1448894143104553,0.0355512067840834,0.8470319634703196,0.8470357807873814,0.8474252897435768,0.8474225995087332,0.8481167506216651,0.8470357807873814,0.8215893207280547,0.821537290715373,0.4522715006643058,0.6361814225968141,0.980606671880346,0.91704464178422,0.5189048239895697,0.5192303109734302,0.5168949664506692,0.5166336912068556,0.5161840021612111,0.5192303109734302,0.4389580913195243,0.4387404216838798,2.383703291497898,0.0922084695971695,0.8409163810387257,0.5400526756930034,0.5149934810951761,0.5149529369712856,0.5163281490984681,0.5163168260842917,0.5193539740190644,0.5149529369712856,0.4343649463957104,0.4341391825159153,2.265188559882748,0.1038104582073717,0.8445445068900627,0.5439441702489809,0.5163281490984681,0.5149529369712856,0.7171824731978552,0.1038104582073717,,,0.0,0.98376459191318,0.4964095696341246,0.0152743030116885,0.4474803322937496,0.4322060292820611,0.3310971406451086,0.3310971406451086,google-bert_bert-base-uncased_ISEAR_3ee76d,/Volumes/Amirali/hidden_states/experiments/baseline_v5_001/models/google-bert/bert-base-uncased/datasets/ISEAR/analysis/probes/probe_run__google-bert_bert-base-uncased__datasets__maxfull__rep5__probes=linear_logistic+mlp_1_hidden+mlp_2_hidden+mlp_3_hidden__hash3ee76dd13b29,,,,
3,3129719423,layer_8,8,0.6666666666666666,mlp_1_hidden,mlp,1_hidden,single_label,768,13,7,6132,767,767,297991,[384],17.0,0.6102906999765361,-0.0071808607317507,0.1448894143104553,0.0355512067840834,0.8700260926288323,0.8700387202890754,0.8703886553078016,0.8703869051619981,0.8720716381624467,0.8700387202890754,0.8485748388181626,0.8483643675419839,0.4675184038881355,0.6265551975562484,0.9853861754189728,0.9361213377022032,0.6088657105606258,0.6091028237817229,0.6102906999765361,0.6100467787614416,0.6129493615789217,0.6091028237817229,0.5438802586396455,0.5436742059911353,1.1243767543578636,0.3248548686601527,0.8932091502217097,0.6679914862684775,0.6023468057366362,0.6023829381627548,0.6041210198301313,0.6040742698511029,0.6099670691862186,0.6023829381627548,0.5366462101180548,0.5360669359812629,1.151362619338416,0.3162056078150989,0.8885160616421311,0.6505427458977732,0.6041210198301313,0.6023829381627548,0.7683231050590273,0.3162056078150989,,,0.0,0.9844257580076768,0.4964095696341246,0.02,0.511519776504784,0.4915197765047839,0.2662676354776703,0.2662676354776703,google-bert_bert-base-uncased_ISEAR_3ee76d,/Volumes/Amirali/hidden_states/experiments/baseline_v5_001/models/google-bert/bert-base-uncased/datasets/ISEAR/analysis/probes/probe_run__google-bert_bert-base-uncased__datasets__maxfull__rep5__probes=linear_logistic+mlp_1_hidden+mlp_2_hidden+mlp_3_hidden__hash3ee76dd13b29,,,,
3,3280950890,layer_8,8,0.6666666666666666,mlp_2_hidden,mlp,2_hidden,single_label,768,13,7,6132,767,767,370567,"[384, 192]",16.0,0.5922632217939471,-0.0071808607317507,0.1448894143104553,0.0355512067840834,0.8398564905414221,0.839874291209766,0.8393960538367009,0.8393871749927889,0.839540107773895,0.839874291209766,0.813267055481553,0.813166520105028,0.4725687454631082,0.623398856801271,0.980307356836901,0.9154565795463026,0.5958279009126467,0.5961158107947099,0.5922632217939471,0.5919986279691121,0.589941805699232,0.5961158107947099,0.5286839315808622,0.5284689569281964,1.240453682551806,0.2892529591457672,0.8889008270614879,0.6564562318775782,0.6205997392438071,0.6206839032527106,0.6194733753680397,0.6194148973611666,0.6203164508156133,0.6206839032527106,0.5576887317364014,0.5573701244615787,1.1981976279871385,0.3017375654456971,0.8939164935214371,0.6602901032702617,0.6194733753680397,0.6206839032527106,0.7788443658682007,0.3017375654456971,,,0.0,0.9779506139856728,0.4964095696341246,0.02,0.5175868806349898,0.4975868806349898,0.2199226784686612,0.2199226784686612,google-bert_bert-base-uncased_ISEAR_3ee76d,/Volumes/Amirali/hidden_states/experiments/baseline_v5_001/models/google-bert/bert-base-uncased/datasets/ISEAR/analysis/probes/probe_run__google-bert_bert-base-uncased__datasets__maxfull__rep5__probes=linear_logistic+mlp_1_hidden+mlp_2_hidden+mlp_3_hidden__hash3ee76dd13b29,,,,
3,3349349860,layer_8,8,0.6666666666666666,mlp_3_hidden,mlp,3_hidden,single_label,768,13,7,6132,767,767,388423,"[384, 192, 96]",18.0,0.5933914914006915,-0.0071808607317507,0.1448894143104553,0.0355512067840834,0.9287345075016308,0.9287237568266284,0.9288347493417176,0.9288283956547624,0.9303205602039216,0.9287237568266284,0.9170912875756488,0.9168563888382798,0.2339459802913202,0.7914045661850075,0.9957917672776088,0.9799562175500696,0.5945241199478487,0.5948051948051948,0.5933914914006915,0.5931067935045634,0.5989566841484306,0.5948051948051948,0.5280399257289211,0.5269413220583685,1.479747077506366,0.227695270357185,0.8851339822341632,0.633479725707666,0.5788787483702738,0.5788514238055523,0.5799621038245899,0.5799638852960153,0.584206592064434,0.5788514238055523,0.509216842917685,0.5086843566555608,1.4795328299524513,0.227744058738106,0.883301520062102,0.6403027813088722,0.5799621038245899,0.5788514238055523,0.7546084214588424,0.227744058738106,,,0.0,0.983602705877331,0.4964095696341246,0.02,0.4909646576890566,0.4709646576890566,0.3488726455171276,0.3488726455171276,google-bert_bert-base-uncased_ISEAR_3ee76d,/Volumes/Amirali/hidden_states/experiments/baseline_v5_001/models/google-bert/bert-base-uncased/datasets/ISEAR/analysis/probes/probe_run__google-bert_bert-base-uncased__datasets__maxfull__rep5__probes=linear_logistic+mlp_1_hidden+mlp_2_hidden+mlp_3_hidden__hash3ee76dd13b29,,,,
3,329185177,layer_9,9,0.75,linear_logistic,logistic,linear,single_label,768,13,7,6132,767,767,5383,[],,,-0.0039736558683216,0.1586284935474395,0.0355512067840834,0.857795172863666,0.8578038610723091,0.8581105261248909,0.8581022081159627,0.8585483137356693,0.8578038610723091,0.8341178163986838,0.8340943426030089,0.4412030489268352,0.6432620796366313,0.9814858174072232,0.9216073828706788,0.5215123859191656,0.5218396282616468,0.5180993246397554,0.5178141326815656,0.5169735373311319,0.5218396282616468,0.442211465489691,0.4417780510054337,2.373766624029648,0.0931292818232233,0.8462672343810436,0.5490712012812892,0.500651890482399,0.5005957345406886,0.5011606489600078,0.5011683072903379,0.5063091763545975,0.5005957345406886,0.4181657674551382,0.4174078943976075,2.325446488684518,0.0977397945952671,0.8457409029019429,0.5536334089328385,0.5011606489600078,0.5005957345406886,0.7090828837275691,0.0977397945952671,,,0.0,0.974676318317382,0.4980131720658391,0.0152743030116885,0.4388842248747975,0.423609921863109,0.3569498771648831,0.3569498771648831,google-bert_bert-base-uncased_ISEAR_3ee76d,/Volumes/Amirali/hidden_states/experiments/baseline_v5_001/models/google-bert/bert-base-uncased/datasets/ISEAR/analysis/probes/probe_run__google-bert_bert-base-uncased__datasets__maxfull__rep5__probes=linear_logistic+mlp_1_hidden+mlp_2_hidden+mlp_3_hidden__hash3ee76dd13b29,,,,
3,3129720420,layer_9,9,0.75,mlp_1_hidden,mlp,1_hidden,single_label,768,13,7,6132,767,767,297991,[384],18.0,0.6083833618347707,-0.0039736558683216,0.1586284935474395,0.0355512067840834,0.899706457925636,0.8997131879151857,0.9001199477400389,0.9001106440595522,0.900903039970789,0.8997131879151857,0.8830539609352075,0.8829907223611277,0.388681888851635,0.677949899136087,0.9911252379894544,0.9591105613371276,0.6075619295958279,0.6078756106279043,0.6083833618347707,0.6081021809892605,0.6099177878922781,0.6078756106279043,0.542308648490047,0.5421612917299616,1.1362196370051616,0.3210303419837961,0.8939071334393762,0.659423228553119,0.5997392438070405,0.5997497914929107,0.602599294928495,0.6025890799943368,0.6078598623561782,0.5997497914929107,0.5334184093185599,0.5330321605708268,1.1525384348789542,0.3158340268455743,0.8929572457344263,0.6568555021862059,0.602599294928495,0.5997497914929107,0.7667092046592799,0.3158340268455743,,,0.0,0.9803540594859546,0.4980131720658391,0.02,0.5101381403913972,0.4901381403913971,0.2975206528115439,0.2975206528115439,google-bert_bert-base-uncased_ISEAR_3ee76d,/Volumes/Amirali/hidden_states/experiments/baseline_v5_001/models/google-bert/bert-base-uncased/datasets/ISEAR/analysis/probes/probe_run__google-bert_bert-base-uncased__datasets__maxfull__rep5__probes=linear_logistic+mlp_1_hidden+mlp_2_hidden+mlp_3_hidden__hash3ee76dd13b29,,,,
3,3280951887,layer_9,9,0.75,mlp_2_hidden,mlp,2_hidden,single_label,768,13,7,6132,767,767,370567,"[384, 192]",15.0,0.6086749652845418,-0.0039736558683216,0.1586284935474395,0.0355512067840834,0.7723418134377038,0.7723582350227635,0.772614640507114,0.7725973174918674,0.7756144787542477,0.7723582350227635,0.7348961412989711,0.7343985515996952,0.6540301983535813,0.5199460627051347,0.963429041563392,0.8523181847718427,0.6075619295958279,0.6078160371738353,0.6086749652845418,0.6084569354160086,0.6116677896591434,0.6078160371738353,0.5425164425831394,0.5421612917299614,1.0843150290084156,0.3381333181034261,0.8967567078636342,0.6664979857690279,0.6101694915254238,0.6102108900274038,0.6132472447437822,0.6132365665245145,0.6212489335548341,0.6102108900274038,0.546048855063181,0.5452079189464145,1.1128965877111998,0.3286057458406639,0.8936818027811296,0.6601197571905464,0.6132472447437822,0.6102108900274038,0.7730244275315905,0.3286057458406639,,,0.0,0.9836241557420402,0.4980131720658391,0.02,0.516920757581357,0.496920757581357,0.1593673957633318,0.1593673957633318,google-bert_bert-base-uncased_ISEAR_3ee76d,/Volumes/Amirali/hidden_states/experiments/baseline_v5_001/models/google-bert/bert-base-uncased/datasets/ISEAR/analysis/probes/probe_run__google-bert_bert-base-uncased__datasets__maxfull__rep5__probes=linear_logistic+mlp_1_hidden+mlp_2_hidden+mlp_3_hidden__hash3ee76dd13b29,,,,
3,3349350857,layer_9,9,0.75,mlp_3_hidden,mlp,3_hidden,single_label,768,13,7,6132,767,767,388423,"[384, 192, 96]",15.0,0.6027194734920153,-0.0039736558683216,0.1586284935474395,0.0355512067840834,0.7348336594911937,0.7348279486550064,0.733726692617496,0.7337242995521376,0.7369203414209914,0.7348279486550064,0.6913310223206021,0.6906374648599468,0.7382456410922008,0.4779516792229996,0.9509696045083028,0.8113787109573829,0.6036505867014341,0.6038246157512213,0.6027194734920153,0.6025248592602608,0.6096497248891654,0.6038246157512213,0.5389980253379,0.5375797744697899,1.0912488190409435,0.3357968822114593,0.8960252649763863,0.6650120698832167,0.6101694915254238,0.6101274871917074,0.6082925867019348,0.6082709229529114,0.619724869258594,0.6101274871917074,0.5474398038296158,0.5451844682914446,1.10818105452517,0.3301589563700629,0.8937080945531382,0.6674197499116804,0.6082925867019348,0.6101274871917074,0.7737199019148079,0.3301589563700629,,,0.0,0.9911662629732888,0.4980131720658391,0.02,0.5166834355790881,0.4966834355790881,0.1254341059155612,0.1254341059155612,google-bert_bert-base-uncased_ISEAR_3ee76d,/Volumes/Amirali/hidden_states/experiments/baseline_v5_001/models/google-bert/bert-base-uncased/datasets/ISEAR/analysis/probes/probe_run__google-bert_bert-base-uncased__datasets__maxfull__rep5__probes=linear_logistic+mlp_1_hidden+mlp_2_hidden+mlp_3_hidden__hash3ee76dd13b29,,,,
3,329186174,layer_10,10,0.8333333333333334,linear_logistic,logistic,linear,single_label,768,13,7,6132,767,767,5383,[],,,-0.0015721038216724,0.1532825678586959,0.0355512067840834,0.8491519895629485,0.8491617798584431,0.8492702757180627,0.8492625485840186,0.8495315812143452,0.8491617798584431,0.8240371225097862,0.8240107363969011,0.4529782946187291,0.6357319322806374,0.9802732276908284,0.9159046118741456,0.5136897001303781,0.5140355057786251,0.509190753001733,0.5088696252638251,0.5071126618206189,0.5140355057786251,0.4330407946395627,0.4326473061302196,2.25784630805233,0.1045754657364186,0.8454671514799796,0.547438817362873,0.5358539765319427,0.5358751340402717,0.5350230210217003,0.5349788170819295,0.5371313730613915,0.5358751340402717,0.4589176422073124,0.4584869476577575,2.111582974542237,0.121046201638403,0.8536217452825835,0.5575951146347136,0.5350230210217003,0.5358751340402717,0.7294588211036562,0.121046201638403,,,0.0,0.9891493093629458,0.4992139480891637,0.0152743030116885,0.4595360970316072,0.4442617940199187,0.3142472546963624,0.3142472546963624,google-bert_bert-base-uncased_ISEAR_3ee76d,/Volumes/Amirali/hidden_states/experiments/baseline_v5_001/models/google-bert/bert-base-uncased/datasets/ISEAR/analysis/probes/probe_run__google-bert_bert-base-uncased__datasets__maxfull__rep5__probes=linear_logistic+mlp_1_hidden+mlp_2_hidden+mlp_3_hidden__hash3ee76dd13b29,,,,
3,3129721417,layer_10,10,0.8333333333333334,mlp_1_hidden,mlp,1_hidden,single_label,768,13,7,6132,767,767,297991,[384],15.0,0.6053743828477671,-0.0015721038216724,0.1532825678586959,0.0355512067840834,0.7568493150684932,0.7568815177982178,0.7573447547684358,0.7573293036373682,0.7598193144353181,0.7568815177982178,0.716617710868543,0.7163261372660985,0.7173226456623837,0.4880572103569509,0.9573670999397124,0.8352708852752692,0.60625814863103,0.6065411652567615,0.6053743828477671,0.6050932868211497,0.6054930468772869,0.6065411652567615,0.5408054831036192,0.5406338560269074,1.0565299923939262,0.3476601028708071,0.8969713559633237,0.6682872627602817,0.6101694915254238,0.610246634099845,0.6122975788862972,0.6121913856873539,0.6184439685857387,0.610246634099845,0.5457970948867847,0.5451916841351654,1.053803774446474,0.3486091932085988,0.8997954764081815,0.6766834123967395,0.6122975788862972,0.610246634099845,0.7728985474433924,0.3486091932085988,,,0.0,0.9857272828722248,0.4992139480891637,0.02,0.5189405169656005,0.4989405169656005,0.1450471758821385,0.1450471758821385,google-bert_bert-base-uncased_ISEAR_3ee76d,/Volumes/Amirali/hidden_states/experiments/baseline_v5_001/models/google-bert/bert-base-uncased/datasets/ISEAR/analysis/probes/probe_run__google-bert_bert-base-uncased__datasets__maxfull__rep5__probes=linear_logistic+mlp_1_hidden+mlp_2_hidden+mlp_3_hidden__hash3ee76dd13b29,,,,
3,3280952884,layer_10,10,0.8333333333333334,mlp_2_hidden,mlp,2_hidden,single_label,768,13,7,6132,767,767,370567,"[384, 192]",15.0,0.6045264931681101,-0.0015721038216724,0.1532825678586959,0.0355512067840834,0.7597847358121331,0.7598145181919481,0.7591539841912692,0.7591407970350489,0.759811419682673,0.7598145181919481,0.7199494777887231,0.7197508235955685,0.6766302564827821,0.5083270412863005,0.9597848583432348,0.839809958585286,0.60625814863103,0.6066007387108305,0.6045264931681101,0.6042437609850848,0.6036362825461702,0.6066007387108305,0.5408234346295653,0.54064752053496,1.0875864111321412,0.3370289621811536,0.8948223992917488,0.6616181974982134,0.6140808344198174,0.6141069939235076,0.61518579038154,0.6151659938209343,0.6191638682159066,0.6141069939235076,0.5501874122285134,0.5497639072604714,1.0814901981213978,0.3390898379116244,0.8982603100061184,0.6694987111013758,0.61518579038154,0.6141069939235076,0.7750937061142567,0.3390898379116244,,,0.0,0.986175670591716,0.4992139480891637,0.02,0.5196638008558419,0.4996638008558418,0.1439681938097292,0.1439681938097292,google-bert_bert-base-uncased_ISEAR_3ee76d,/Volumes/Amirali/hidden_states/experiments/baseline_v5_001/models/google-bert/bert-base-uncased/datasets/ISEAR/analysis/probes/probe_run__google-bert_bert-base-uncased__datasets__maxfull__rep5__probes=linear_logistic+mlp_1_hidden+mlp_2_hidden+mlp_3_hidden__hash3ee76dd13b29,,,,
3,3349351854,layer_10,10,0.8333333333333334,mlp_3_hidden,mlp,3_hidden,single_label,768,13,7,6132,767,767,388423,"[384, 192, 96]",19.0,0.607733539650549,-0.0015721038216724,0.1532825678586959,0.0355512067840834,0.9394977168949772,0.9394994623687456,0.9396149841087676,0.9396189899691864,0.9404785231832408,0.9394994623687456,0.929539015089528,0.9294141256887094,0.2033815425630502,0.8159668559403999,0.9966230058906048,0.9828252694401725,0.6114732724902217,0.6117002263791255,0.607733539650549,0.6074808334712757,0.6085587846213937,0.6117002263791255,0.5474738482148533,0.5467154790141281,1.601713396265237,0.2015508854420782,0.8843208326016566,0.6457927823113391,0.60625814863103,0.6062671273680448,0.6049288523538882,0.6049362729313369,0.6080824484523298,0.6062671273680448,0.5412621624394619,0.5406338560269074,1.549408946483393,0.212373460819177,0.8849985208321983,0.640690234654557,0.6049288523538882,0.6062671273680448,0.770631081219731,0.212373460819177,,,0.0,0.9761054792834912,0.4992139480891637,0.02,0.5015755357913634,0.4815755357913633,0.3346861317548794,0.3346861317548794,google-bert_bert-base-uncased_ISEAR_3ee76d,/Volumes/Amirali/hidden_states/experiments/baseline_v5_001/models/google-bert/bert-base-uncased/datasets/ISEAR/analysis/probes/probe_run__google-bert_bert-base-uncased__datasets__maxfull__rep5__probes=linear_logistic+mlp_1_hidden+mlp_2_hidden+mlp_3_hidden__hash3ee76dd13b29,,,,
3,329187171,layer_11,11,0.9166666666666666,linear_logistic,logistic,linear,single_label,768,13,7,6132,767,767,5383,[],,,-0.0029301180038601,0.1583163142204284,0.0355512067840834,0.8457273320287019,0.8457343275296185,0.8456338718123568,0.8456255296253827,0.8455743615687161,0.8457343275296185,0.8200219085363429,0.8200150643361832,0.446612688329051,0.6397916590698501,0.9808486673662958,0.9170861845744706,0.5019556714471969,0.5022876206362445,0.4986202585838363,0.4983227912876738,0.4972791189938795,0.5022876206362445,0.4193152779360973,0.4189658967641886,2.3199741916741687,0.0982761219138082,0.8363201028428985,0.5384032710497525,0.5384615384615384,0.5384129631836053,0.5376162865235472,0.5376365938547526,0.5378945206741674,0.5384129631836053,0.4616900323470683,0.4615270200322469,2.1140864055339703,0.1207435498178277,0.8550400910166337,0.5684957390308859,0.5376162865235472,0.5384129631836053,0.7308450161735341,0.1207435498178277,,,0.0,0.9836942368719828,0.4985349409980699,0.0152743030116885,0.4601632942533422,0.4448889912416537,0.3080175852888096,0.3080175852888096,google-bert_bert-base-uncased_ISEAR_3ee76d,/Volumes/Amirali/hidden_states/experiments/baseline_v5_001/models/google-bert/bert-base-uncased/datasets/ISEAR/analysis/probes/probe_run__google-bert_bert-base-uncased__datasets__maxfull__rep5__probes=linear_logistic+mlp_1_hidden+mlp_2_hidden+mlp_3_hidden__hash3ee76dd13b29,,,,
3,3129722414,layer_11,11,0.9166666666666666,mlp_1_hidden,mlp,1_hidden,single_label,768,13,7,6132,767,767,297991,[384],18.0,0.599970765171489,-0.0029301180038601,0.1583163142204284,0.0355512067840834,0.8895955642530985,0.8896101033270336,0.8898209680969271,0.8898149732343122,0.8912275515911185,0.8896101033270336,0.8713823936391302,0.8711952006283857,0.404081975929783,0.6675893927645643,0.9901815332800536,0.9549014518905168,0.6010430247718384,0.6012867866078875,0.599970765171489,0.5997097650821076,0.6000273177764811,0.6012867866078875,0.534716740627268,0.5345449208911595,1.1499530441647785,0.3166516376720951,0.8911147538084575,0.6603902953467465,0.6023468057366362,0.6023829381627547,0.603549909035687,0.6035171806134944,0.6064724165180747,0.6023829381627547,0.5363460284364758,0.5360715362282051,1.1269620444334745,0.3240161092775153,0.8970832322272988,0.6653511304180143,0.603549909035687,0.6023829381627547,0.7681730142182379,0.3240161092775153,,,0.0,0.9820345545239016,0.4985349409980699,0.02,0.5120026835461158,0.4920026835461157,0.2862710590612402,0.2862710590612402,google-bert_bert-base-uncased_ISEAR_3ee76d,/Volumes/Amirali/hidden_states/experiments/baseline_v5_001/models/google-bert/bert-base-uncased/datasets/ISEAR/analysis/probes/probe_run__google-bert_bert-base-uncased__datasets__maxfull__rep5__probes=linear_logistic+mlp_1_hidden+mlp_2_hidden+mlp_3_hidden__hash3ee76dd13b29,,,,
3,3280953881,layer_11,11,0.9166666666666666,mlp_2_hidden,mlp,2_hidden,single_label,768,13,7,6132,767,767,370567,"[384, 192]",15.0,0.5998364507528453,-0.0029301180038601,0.1583163142204284,0.0355512067840834,0.75,0.7500282586086237,0.7484308460804661,0.7484079468991038,0.7507893613504713,0.7500282586086237,0.7089779169544931,0.7083340663489428,0.6991986508833681,0.496983401472244,0.9573412263793866,0.8320158443860005,0.6023468057366362,0.6026212319790302,0.5998364507528453,0.5995209689359767,0.6009352292665459,0.6026212319790302,0.5366554824619244,0.5360623356430891,1.1286053019476086,0.3234841046012995,0.8890781417687628,0.6559240885306296,0.6075619295958279,0.6076254021208151,0.6064112311362045,0.6063827531143923,0.6077550146817389,0.6076254021208151,0.5425500115042523,0.5421603837756047,1.1163729743924125,0.3274653685471506,0.8930506830093629,0.6579552077976143,0.6064112311362045,0.6076254021208151,0.7712750057521262,0.3274653685471506,,,0.0,0.9853292053558186,0.4985349409980699,0.02,0.5146440734051927,0.4946440734051927,0.1420196149442615,0.1420196149442615,google-bert_bert-base-uncased_ISEAR_3ee76d,/Volumes/Amirali/hidden_states/experiments/baseline_v5_001/models/google-bert/bert-base-uncased/datasets/ISEAR/analysis/probes/probe_run__google-bert_bert-base-uncased__datasets__maxfull__rep5__probes=linear_logistic+mlp_1_hidden+mlp_2_hidden+mlp_3_hidden__hash3ee76dd13b29,,,,
3,3349352851,layer_11,11,0.9166666666666666,mlp_3_hidden,mlp,3_hidden,single_label,768,13,7,6132,767,767,388423,"[384, 192, 96]",17.0,0.5924135363299133,-0.0029301180038601,0.1583163142204284,0.0355512067840834,0.8586105675146771,0.8585943055607057,0.858804055597604,0.858801393591331,0.8601508744422521,0.8585943055607057,0.835241576847294,0.8350443876911318,0.4215650616965644,0.656019305276073,0.9841619203951112,0.9303482316453836,0.5945241199478487,0.5947217919694984,0.5924135363299133,0.5921914487296764,0.5925483581080417,0.5947217919694984,0.5273099931098865,0.5269375694113914,1.344993930748576,0.2605412891457672,0.8836581560117222,0.6442958578057316,0.5932203389830508,0.593268199690218,0.5950743193941032,0.595042563544137,0.5976204871455172,0.593268199690218,0.5255414769806509,0.5254268211664429,1.2839074573124356,0.2769530013761967,0.8875118491030461,0.6502031674666214,0.5950743193941032,0.593268199690218,0.7627707384903255,0.2769530013761967,,,0.0,0.9921544045196866,0.4985349409980699,0.02,0.5040119082150991,0.4840119082150991,0.2637297362035008,0.2637297362035008,google-bert_bert-base-uncased_ISEAR_3ee76d,/Volumes/Amirali/hidden_states/experiments/baseline_v5_001/models/google-bert/bert-base-uncased/datasets/ISEAR/analysis/probes/probe_run__google-bert_bert-base-uncased__datasets__maxfull__rep5__probes=linear_logistic+mlp_1_hidden+mlp_2_hidden+mlp_3_hidden__hash3ee76dd13b29,,,,
3,329188168,layer_12,12,1.0,linear_logistic,logistic,linear,single_label,768,13,7,6132,767,767,5383,[],,,-0.0081749754026532,0.1589077115058899,0.0355512067840834,0.8419765166340509,0.8419881579290759,0.8422148345875522,0.8422065806284575,0.8426395150107301,0.8419881579290759,0.815673745528606,0.8156394524524863,0.4583344568969448,0.6323359517161851,0.979836154639722,0.9121058057819024,0.4980443285528031,0.4983915167401406,0.4972421637994065,0.4969900784512187,0.4994750715853717,0.4983915167401406,0.4148974805234507,0.4144167368995092,2.400693839970161,0.0906550313788017,0.8343112173894499,0.5296716734589142,0.5345501955671447,0.5344453711426189,0.5313508601057683,0.5313943512017437,0.5299417035342149,0.5344453711426189,0.4572236330700997,0.4569496890270991,2.213783081888092,0.109286425991883,0.8471669114700638,0.5548063294107232,0.5313508601057683,0.5344453711426189,0.7286118165350499,0.109286425991883,,,0.0,0.9781667641849124,0.4959125122986734,0.0152743030116885,0.4558372378107055,0.440562934799017,0.3108639744817839,0.3108639744817839,google-bert_bert-base-uncased_ISEAR_3ee76d,/Volumes/Amirali/hidden_states/experiments/baseline_v5_001/models/google-bert/bert-base-uncased/datasets/ISEAR/analysis/probes/probe_run__google-bert_bert-base-uncased__datasets__maxfull__rep5__probes=linear_logistic+mlp_1_hidden+mlp_2_hidden+mlp_3_hidden__hash3ee76dd13b29,,,,
3,3129723411,layer_12,12,1.0,mlp_1_hidden,mlp,1_hidden,single_label,768,13,7,6132,767,767,297991,[384],22.0,0.5955294895048825,-0.0081749754026532,0.1589077115058899,0.0355512067840834,0.982061317677756,0.9820590535032512,0.9821282007211858,0.9821257227911502,0.982488596989208,0.9820590535032512,0.979122506242975,0.979071497680201,0.1439719876872481,0.8659120039173415,0.9993251173274356,0.9968093955249748,0.5971316818774446,0.597366853330156,0.5955294895048825,0.5953184527213214,0.5944118408904894,0.597366853330156,0.5300991265409644,0.529991888992232,1.3777825842321965,0.2521370262649667,0.8835405095676013,0.6415430422997339,0.6049543676662321,0.6050041701417849,0.6057463917552303,0.6056621376363375,0.6074107519818305,0.6050041701417849,0.5392435949948617,0.5391045498355935,1.2971009149378494,0.2733230322648991,0.8900334672708446,0.6538262092821824,0.6057463917552303,0.6050041701417849,0.7696217974974309,0.2733230322648991,,,0.0,0.976651796015366,0.4959125122986734,0.02,0.5074236015276501,0.4874236015276501,0.3763818089659555,0.3763818089659555,google-bert_bert-base-uncased_ISEAR_3ee76d,/Volumes/Amirali/hidden_states/experiments/baseline_v5_001/models/google-bert/bert-base-uncased/datasets/ISEAR/analysis/probes/probe_run__google-bert_bert-base-uncased__datasets__maxfull__rep5__probes=linear_logistic+mlp_1_hidden+mlp_2_hidden+mlp_3_hidden__hash3ee76dd13b29,,,,
3,3280954878,layer_12,12,1.0,mlp_2_hidden,mlp,2_hidden,single_label,768,13,7,6132,767,767,370567,"[384, 192]",15.0,0.5985283398403034,-0.0081749754026532,0.1589077115058899,0.0355512067840834,0.755218525766471,0.7552134485259351,0.7538699640402086,0.753863254929354,0.7539136003661285,0.7552134485259351,0.7146404449015552,0.714419717192698,0.6970490926861233,0.4980528452207721,0.957806544627348,0.8359113985533383,0.6036505867014341,0.6039675920409866,0.5985283398403034,0.598260850009771,0.5952059518024324,0.6039675920409866,0.5379249510876223,0.537602700199699,1.1286173385405172,0.323480210978253,0.8895501705174746,0.6523519792203946,0.6179921773142112,0.618038841892053,0.6176265036815032,0.6175594684373679,0.61812435733885,0.618038841892053,0.5544522219715043,0.5543191562781363,1.0786150632651597,0.3400661697943514,0.8968322655782571,0.6688505569247274,0.6176265036815032,0.618038841892053,0.7772261109857521,0.3400661697943514,,,0.0,0.986452360828441,0.4959125122986734,0.02,0.5211438475292595,0.5011438475292594,0.1362434603587053,0.1362434603587053,google-bert_bert-base-uncased_ISEAR_3ee76d,/Volumes/Amirali/hidden_states/experiments/baseline_v5_001/models/google-bert/bert-base-uncased/datasets/ISEAR/analysis/probes/probe_run__google-bert_bert-base-uncased__datasets__maxfull__rep5__probes=linear_logistic+mlp_1_hidden+mlp_2_hidden+mlp_3_hidden__hash3ee76dd13b29,,,,
3,3349353848,layer_12,12,1.0,mlp_3_hidden,mlp,3_hidden,single_label,768,13,7,6132,767,767,388423,"[384, 192, 96]",16.0,0.5953096832179582,-0.0081749754026532,0.1589077115058899,0.0355512067840834,0.8078930202217873,0.8078956805778233,0.8070309034817339,0.8070241051640166,0.807015947606861,0.8078956805778233,0.7760182591208796,0.7758748147440727,0.5598446919117702,0.5712977841258108,0.9725513162607152,0.8869866327236092,0.5997392438070405,0.6000357440724413,0.5953096832179582,0.5950686295939236,0.5939779481433204,0.6000357440724413,0.5335842423334277,0.5330432730539421,1.1803734158451942,0.3071640172719604,0.8889767137415879,0.6519045426178411,0.6101694915254238,0.6101394018825211,0.6096333494218854,0.6096418541869386,0.610359539439931,0.6101394018825211,0.545433682142773,0.545188076241926,1.13969367738619,0.3199170046214211,0.893037378814235,0.6643298997860356,0.6096333494218854,0.6101394018825211,0.7727168410713865,0.3199170046214211,,,0.0,0.9780301977434602,0.4959125122986734,0.02,0.5144271196499793,0.4944271196499793,0.1973975540598485,0.1973975540598485,google-bert_bert-base-uncased_ISEAR_3ee76d,/Volumes/Amirali/hidden_states/experiments/baseline_v5_001/models/google-bert/bert-base-uncased/datasets/ISEAR/analysis/probes/probe_run__google-bert_bert-base-uncased__datasets__maxfull__rep5__probes=linear_logistic+mlp_1_hidden+mlp_2_hidden+mlp_3_hidden__hash3ee76dd13b29,,,,
4,329176205,layer_0,0,0.0,linear_logistic,logistic,linear,single_label,768,13,7,6132,767,767,5383,[],,,-0.0152231734246015,0.2013099193572998,0.0355512067840834,0.8184931506849316,0.8185119985528223,0.8187292111852221,0.818707841428473,0.819171606190704,0.8185119985528223,0.7882797318951973,0.7882416740488234,0.5379876942033741,0.5839221007350335,0.9739398728587964,0.8967228149136138,0.5254237288135594,0.5254378648874062,0.5212023341296627,0.521194837355615,0.5194845855864763,0.5254378648874062,0.4466922321188741,0.4463279973346448,2.3592807173415387,0.0944881624562921,0.8333707338638096,0.5511937602710913,0.4915254237288136,0.4915048254497796,0.4894044752639398,0.4893887963958428,0.4903330444956806,0.4915048254497796,0.4072440069899454,0.4067623499453624,2.6298381141584293,0.0720901316658167,0.8156224195306222,0.5099141147783631,0.4894044752639398,0.4915048254497796,0.7036220034949727,0.0720901316658167,,,0.0,0.9903681080353918,0.4923884132876992,0.0152743030116885,0.4324853877922036,0.417211084780515,0.3293247359212823,0.3293247359212823,google-bert_bert-base-uncased_ISEAR_3ee76d,/Volumes/Amirali/hidden_states/experiments/baseline_v5_001/models/google-bert/bert-base-uncased/datasets/ISEAR/analysis/probes/probe_run__google-bert_bert-base-uncased__datasets__maxfull__rep5__probes=linear_logistic+mlp_1_hidden+mlp_2_hidden+mlp_3_hidden__hash3ee76dd13b29,,,,
4,3129711448,layer_0,0,0.0,mlp_1_hidden,mlp,1_hidden,single_label,768,13,7,6132,767,767,297991,[384],26.0,0.5942201235807378,-0.0152231734246015,0.2013099193572998,0.0355512067840834,0.9884213959556424,0.9884224950672796,0.988523893367942,0.9885203194579376,0.9888641907778216,0.9884224950672796,0.9865337330070628,0.9864916135263326,0.0666818244811782,0.9354928048977345,0.9997914302113868,0.9985047122188802,0.5958279009126467,0.5958417729059932,0.5942201235807378,0.5941728085228692,0.5948573323162315,0.5958417729059932,0.5287949420246033,0.5284539946651858,1.7000393197514614,0.1826763411231892,0.8719793448000875,0.6399653260521937,0.5840938722294654,0.5841653759084952,0.5832806277101243,0.5832121255911158,0.5840782841512763,0.5841653759084952,0.5150521347418916,0.5147793460003054,1.6948081439681957,0.1836344570264854,0.8729701335853781,0.641689302382232,0.5832806277101243,0.5841653759084952,0.7575260673709459,0.1836344570264854,,,0.0,0.9866570907649904,0.4923884132876992,0.02,0.4887224488629798,0.4687224488629797,0.4052432656578177,0.4052432656578177,google-bert_bert-base-uncased_ISEAR_3ee76d,/Volumes/Amirali/hidden_states/experiments/baseline_v5_001/models/google-bert/bert-base-uncased/datasets/ISEAR/analysis/probes/probe_run__google-bert_bert-base-uncased__datasets__maxfull__rep5__probes=linear_logistic+mlp_1_hidden+mlp_2_hidden+mlp_3_hidden__hash3ee76dd13b29,,,,
4,3280942915,layer_0,0,0.0,mlp_2_hidden,mlp,2_hidden,single_label,768,13,7,6132,767,767,370567,"[384, 192]",19.0,0.5891427182672226,-0.0152231734246015,0.2013099193572998,0.0355512067840834,0.958904109589041,0.9589144802934912,0.9593532750899598,0.9593509294477448,0.9616305248674396,0.9589144802934912,0.9523798393141532,0.9520549165038622,0.1511805307266695,0.8596924837402941,0.9985537453091438,0.9923824639925328,0.590612777053455,0.590694626474443,0.5891427182672226,0.5891197564643617,0.5912664552502989,0.590694626474443,0.5229695817057097,0.5223988926479278,1.859277742516408,0.1557851067038192,0.86818442782945,0.6199331651612576,0.5501955671447197,0.5501846777076135,0.5498244659181882,0.5497945527707789,0.5524924249851332,0.5501846777076135,0.4757660070158922,0.4752118072633232,1.942137814154828,0.1433970655873246,0.861897676413923,0.6124736432118817,0.5498244659181882,0.5501846777076135,0.7378830035079461,0.1433970655873246,,,0.0,0.9832633717127778,0.4923884132876992,0.02,0.4679517330562761,0.4479517330562761,0.4095288091717716,0.4095288091717716,google-bert_bert-base-uncased_ISEAR_3ee76d,/Volumes/Amirali/hidden_states/experiments/baseline_v5_001/models/google-bert/bert-base-uncased/datasets/ISEAR/analysis/probes/probe_run__google-bert_bert-base-uncased__datasets__maxfull__rep5__probes=linear_logistic+mlp_1_hidden+mlp_2_hidden+mlp_3_hidden__hash3ee76dd13b29,,,,
4,3349341885,layer_0,0,0.0,mlp_3_hidden,mlp,3_hidden,single_label,768,13,7,6132,767,767,388423,"[384, 192, 96]",16.0,0.5872786868299856,-0.0152231734246015,0.2013099193572998,0.0355512067840834,0.8395303326810176,0.8395408485198026,0.8408437627918725,0.8408221777182725,0.844116657920191,0.8395408485198026,0.8131243473165966,0.8127845400473837,0.4949075876346208,0.6096272417886807,0.9793339754233916,0.9172957513549552,0.5867014341590613,0.5865721434528773,0.5872786868299856,0.5872741317267736,0.5950030053133334,0.5865721434528773,0.5186419484981781,0.5177822732591579,1.3619468203524647,0.2561615906000438,0.8714428076190559,0.6416676438655861,0.5580182529335072,0.5581198617895866,0.560373483901967,0.5602950966876812,0.5655078636676815,0.5581198617895866,0.484750482951253,0.4843600335545847,1.3231776343838282,0.2662877908984788,0.8766178331030904,0.6439841480203006,0.560373483901967,0.5581198617895866,0.7423752414756265,0.2662877908984788,,,0.0,0.9876516651408148,0.4923884132876992,0.02,0.485181002733588,0.465181002733588,0.2804702788899055,0.2804702788899055,google-bert_bert-base-uncased_ISEAR_3ee76d,/Volumes/Amirali/hidden_states/experiments/baseline_v5_001/models/google-bert/bert-base-uncased/datasets/ISEAR/analysis/probes/probe_run__google-bert_bert-base-uncased__datasets__maxfull__rep5__probes=linear_logistic+mlp_1_hidden+mlp_2_hidden+mlp_3_hidden__hash3ee76dd13b29,,,,
4,329177202,layer_1,1,0.0833333333333333,linear_logistic,logistic,linear,single_label,768,13,7,6132,767,767,5383,[],,,-0.0084129981696605,0.1328155398368835,0.0355512067840834,0.8191454664057404,0.8191726965307531,0.8191427965884078,0.8191136737123609,0.8193502319807837,0.8191726965307531,0.7890431342435714,0.7890027626339876,0.5457913486560865,0.5793831078339167,0.9731764084938056,0.8936436509448064,0.5176010430247718,0.5175503395686882,0.5146516354383113,0.5146643490394994,0.515067882234797,0.5175503395686882,0.4376291556303884,0.4371836773548684,2.2114876475744936,0.1095375739406497,0.8385525545685419,0.5552954658754806,0.5110821382007823,0.5111044918384369,0.5101326208947908,0.5101008109620301,0.5102878376936694,0.5111044918384369,0.4297408144872247,0.4295882326109935,2.2850962655308984,0.101764265243721,0.8298335763926842,0.5409720616028142,0.5101326208947908,0.5111044918384369,0.7148704072436123,0.101764265243721,,,0.0,0.989985617414202,0.4957935009151697,0.0152743030116885,0.4453940533975559,0.4301197503858673,0.309010175693617,0.309010175693617,google-bert_bert-base-uncased_ISEAR_3ee76d,/Volumes/Amirali/hidden_states/experiments/baseline_v5_001/models/google-bert/bert-base-uncased/datasets/ISEAR/analysis/probes/probe_run__google-bert_bert-base-uncased__datasets__maxfull__rep5__probes=linear_logistic+mlp_1_hidden+mlp_2_hidden+mlp_3_hidden__hash3ee76dd13b29,,,,
4,3129712445,layer_1,1,0.0833333333333333,mlp_1_hidden,mlp,1_hidden,single_label,768,13,7,6132,767,767,297991,[384],23.0,0.6092550448808219,-0.0084129981696605,0.1328155398368835,0.0355512067840834,0.9859752120026092,0.985979841628048,0.9860754520795514,0.98607494121175,0.986482280647326,0.985979841628048,0.9836924615228054,0.9836377661203228,0.1034994311512804,0.9016765356592524,0.9996823350801473,0.9979392328717576,0.6101694915254238,0.6101155725008935,0.6092550448808219,0.6092922965101546,0.6111967858339471,0.6101155725008935,0.5456111481378103,0.5451889782206022,1.4941955260717348,0.224429079470369,0.8806263462335442,0.6614575477801087,0.5840938722294654,0.5840819730727987,0.5845550851476713,0.5845006248026929,0.5863776885240358,0.5840819730727987,0.5149461271064744,0.5147581753528655,1.516043084176787,0.219579025945009,0.8751684809947822,0.641377707807087,0.5845550851476713,0.5840819730727987,0.7574730635532372,0.219579025945009,,,0.0,0.9828677887033664,0.4957935009151697,0.02,0.4924063832914192,0.4724063832914192,0.4015203669318801,0.4015203669318801,google-bert_bert-base-uncased_ISEAR_3ee76d,/Volumes/Amirali/hidden_states/experiments/baseline_v5_001/models/google-bert/bert-base-uncased/datasets/ISEAR/analysis/probes/probe_run__google-bert_bert-base-uncased__datasets__maxfull__rep5__probes=linear_logistic+mlp_1_hidden+mlp_2_hidden+mlp_3_hidden__hash3ee76dd13b29,,,,
4,3280943912,layer_1,1,0.0833333333333333,mlp_2_hidden,mlp,2_hidden,single_label,768,13,7,6132,767,767,370567,"[384, 192]",16.0,0.5990691421638469,-0.0084129981696605,0.1328155398368835,0.0355512067840834,0.8423026744944553,0.8423234631717189,0.8436501139841218,0.8436295506381161,0.8478197869406167,0.8423234631717189,0.8165293799180177,0.8160197926185874,0.485749991225075,0.6152356023869116,0.9818917084149348,0.924795687292668,0.5958279009126467,0.5957821994519242,0.5990691421638469,0.5989779001639476,0.6080131485240204,0.5957821994519242,0.5294719195874616,0.5284259378625757,1.3078933650792972,0.2703890678770777,0.878354959558526,0.6551502433123201,0.5710560625814863,0.5711664482306684,0.5733348228512504,0.5732444278646498,0.5770007040695188,0.5711664482306684,0.4998175189412143,0.4995726368603187,1.280765856222231,0.2778244453752266,0.876827276569852,0.6464723779399769,0.5733348228512504,0.5711664482306684,0.7499087594706071,0.2778244453752266,,,0.0,0.9819943658223548,0.4957935009151697,0.02,0.4922665430335204,0.4722665430335204,0.2703152911328714,0.2703152911328714,google-bert_bert-base-uncased_ISEAR_3ee76d,/Volumes/Amirali/hidden_states/experiments/baseline_v5_001/models/google-bert/bert-base-uncased/datasets/ISEAR/analysis/probes/probe_run__google-bert_bert-base-uncased__datasets__maxfull__rep5__probes=linear_logistic+mlp_1_hidden+mlp_2_hidden+mlp_3_hidden__hash3ee76dd13b29,,,,
4,3349342882,layer_1,1,0.0833333333333333,mlp_3_hidden,mlp,3_hidden,single_label,768,13,7,6132,767,767,388423,"[384, 192, 96]",15.0,0.6096221307715687,-0.0084129981696605,0.1328155398368835,0.0355512067840834,0.7508153946510111,0.750855217124199,0.752764418577149,0.7527377051317821,0.7571683518994609,0.750855217124199,0.7097203867608852,0.7092864310980902,0.7252099989653371,0.4842228719754985,0.9553285078348016,0.8366794630779486,0.6088657105606258,0.608888359347075,0.6096221307715687,0.6096289290308268,0.6109506878685362,0.608888359347075,0.543768799046829,0.5436814456235263,1.1932124714827352,0.3032455300294617,0.8805517857230845,0.6600041851086901,0.5801825293350718,0.5803526748480878,0.5819124987255428,0.5817679267677075,0.5856199758882769,0.5803526748480878,0.510583656276119,0.5102200275654183,1.184130702218774,0.3060120795305776,0.8789074150747247,0.6426968736930144,0.5819124987255428,0.5803526748480878,0.7552918281380595,0.3060120795305776,,,0.0,0.9808722940269452,0.4957935009151697,0.02,0.4993029125308185,0.4793029125308184,0.1708519198516062,0.1708519198516062,google-bert_bert-base-uncased_ISEAR_3ee76d,/Volumes/Amirali/hidden_states/experiments/baseline_v5_001/models/google-bert/bert-base-uncased/datasets/ISEAR/analysis/probes/probe_run__google-bert_bert-base-uncased__datasets__maxfull__rep5__probes=linear_logistic+mlp_1_hidden+mlp_2_hidden+mlp_3_hidden__hash3ee76dd13b29,,,,
4,329178199,layer_2,2,0.1666666666666666,linear_logistic,logistic,linear,single_label,768,13,7,6132,767,767,5383,[],,,-0.011671538464725,0.1251991242170334,0.0355512067840834,0.8149054142204827,0.8149363531479642,0.8149012544351389,0.8148740406578456,0.8150652860243586,0.8149363531479642,0.784088470088965,0.7840565510947359,0.5551676943741506,0.573976000579285,0.9718408215676132,0.8896404818944009,0.5110821382007823,0.5110330036935541,0.5095706620445204,0.5096060178762725,0.510780647143835,0.5110330036935541,0.4299670026389489,0.4295882326109935,2.508858770650067,0.0813610378829259,0.8253126935784824,0.5354315879161006,0.5176010430247718,0.5175979983319433,0.5168545404324368,0.5168262158593383,0.5171231195345743,0.5175979983319433,0.4373509904921671,0.4371870258907057,2.214530440871845,0.1092047803127318,0.8374260424987491,0.5489860459805515,0.5168545404324368,0.5175979983319433,0.7186754952460835,0.1092047803127318,,,0.0,0.9845332605468214,0.4941642307676375,0.0152743030116885,0.4487366747691504,0.4334623717574619,0.2980467140027021,0.2980467140027021,google-bert_bert-base-uncased_ISEAR_3ee76d,/Volumes/Amirali/hidden_states/experiments/baseline_v5_001/models/google-bert/bert-base-uncased/datasets/ISEAR/analysis/probes/probe_run__google-bert_bert-base-uncased__datasets__maxfull__rep5__probes=linear_logistic+mlp_1_hidden+mlp_2_hidden+mlp_3_hidden__hash3ee76dd13b29,,,,
4,3129713442,layer_2,2,0.1666666666666666,mlp_1_hidden,mlp,1_hidden,single_label,768,13,7,6132,767,767,297991,[384],16.0,0.6018761796593097,-0.011671538464725,0.1251991242170334,0.0355512067840834,0.8124592302674495,0.8124825605372774,0.8126615191462806,0.8126443575515128,0.8144626903242248,0.8124825605372774,0.7814642912334854,0.7812028697863248,0.5941971276806509,0.5520055780016466,0.9737751109365148,0.8954109530754722,0.6023468057366362,0.6023471940903135,0.6018761796593097,0.6018882688431111,0.6051375396722388,0.6023471940903135,0.5366565803201544,0.5360687760909875,1.1968935926560325,0.3021312985569087,0.8814062338072663,0.6597406570726795,0.5880052151238592,0.5880853091862266,0.5863475116184806,0.5862759718329694,0.5867996556083465,0.5880853091862266,0.5196794227142948,0.5193454092580326,1.1717548410508938,0.3098227742190931,0.8823790563811489,0.6573319529002182,0.5863475116184806,0.5880853091862266,0.7598397113571473,0.3098227742190931,,,0.0,0.9807945300218858,0.4941642307676375,0.02,0.502545572948606,0.482545572948606,0.2263140075277999,0.2263140075277999,google-bert_bert-base-uncased_ISEAR_3ee76d,/Volumes/Amirali/hidden_states/experiments/baseline_v5_001/models/google-bert/bert-base-uncased/datasets/ISEAR/analysis/probes/probe_run__google-bert_bert-base-uncased__datasets__maxfull__rep5__probes=linear_logistic+mlp_1_hidden+mlp_2_hidden+mlp_3_hidden__hash3ee76dd13b29,,,,
4,3280944909,layer_2,2,0.1666666666666666,mlp_2_hidden,mlp,2_hidden,single_label,768,13,7,6132,767,767,370567,"[384, 192]",15.0,0.5876491481429815,-0.011671538464725,0.1251991242170334,0.0355512067840834,0.7760926288323549,0.7761130745342356,0.7749075505998947,0.7748844108261386,0.7764227797108846,0.7761130745342356,0.7392179896526587,0.7387743445929946,0.6533998696415325,0.5202739029498794,0.9647070714855528,0.8657787386342529,0.5919165580182529,0.5919099249374479,0.5876491481429815,0.5876524714592914,0.5904681995201476,0.5919099249374479,0.5248609722931659,0.5238972556827872,1.248560392340173,0.286917548389174,0.8775888740378726,0.6555893457001628,0.590612777053455,0.5905754795663052,0.5849237590983852,0.5848546263621865,0.5877929823726901,0.5905754795663052,0.5235979829998084,0.5223534264940957,1.180703028270796,0.3070627888791543,0.886132007433127,0.6598448848873372,0.5849237590983852,0.5905754795663052,0.7617989914999042,0.3070627888791543,,,0.0,0.9874805027166332,0.4941642307676375,0.02,0.5032496511324884,0.4832496511324884,0.1899837915015094,0.1899837915015094,google-bert_bert-base-uncased_ISEAR_3ee76d,/Volumes/Amirali/hidden_states/experiments/baseline_v5_001/models/google-bert/bert-base-uncased/datasets/ISEAR/analysis/probes/probe_run__google-bert_bert-base-uncased__datasets__maxfull__rep5__probes=linear_logistic+mlp_1_hidden+mlp_2_hidden+mlp_3_hidden__hash3ee76dd13b29,,,,
4,3349343879,layer_2,2,0.1666666666666666,mlp_3_hidden,mlp,3_hidden,single_label,768,13,7,6132,767,767,388423,"[384, 192, 96]",17.0,0.6009637275111557,-0.011671538464725,0.1251991242170334,0.0355512067840834,0.8939986953685584,0.8940165730476821,0.8941644820712581,0.894144476997679,0.8958954361021709,0.8940165730476821,0.8766093116722932,0.8763316769654825,0.3545905760728769,0.7014605791694406,0.9893940286890828,0.9550415454370804,0.6023468057366362,0.6022399618729893,0.6009637275111557,0.6009854092084982,0.6033505301154513,0.6022399618729893,0.5366369597737732,0.5360448535259481,1.4747653191817396,0.2288324233245829,0.8767533382164532,0.6524627918140726,0.5788787483702738,0.5790420588585726,0.5756058861809278,0.5755158382625889,0.5760540719274676,0.5790420588585726,0.5093076615265737,0.5087165087165089,1.4129882816479995,0.2434148032545635,0.8770784213717793,0.6472420837236144,0.5756058861809278,0.5790420588585726,0.7546538307632868,0.2434148032545635,,,0.0,0.9837975539771922,0.4941642307676375,0.02,0.4913853022500683,0.4713853022500683,0.3185585958903303,0.3185585958903303,google-bert_bert-base-uncased_ISEAR_3ee76d,/Volumes/Amirali/hidden_states/experiments/baseline_v5_001/models/google-bert/bert-base-uncased/datasets/ISEAR/analysis/probes/probe_run__google-bert_bert-base-uncased__datasets__maxfull__rep5__probes=linear_logistic+mlp_1_hidden+mlp_2_hidden+mlp_3_hidden__hash3ee76dd13b29,,,,
4,329179196,layer_3,3,0.25,linear_logistic,logistic,linear,single_label,768,13,7,6132,767,767,5383,[],,,-0.0068116425536572,0.1422555297613144,0.0355512067840834,0.8232224396607958,0.823253401989762,0.8232782632431083,0.8232437094490491,0.8235451805608552,0.823253401989762,0.7938005869497566,0.7937591097958038,0.5344109792329886,0.5860143631368924,0.9738541228697288,0.8961330092937109,0.5475880052151239,0.547527701656142,0.5448990668014847,0.5449370007391299,0.5447371643486911,0.547527701656142,0.4725415769293742,0.4721768843742748,2.401120075553709,0.0906163992123872,0.8359234357414164,0.5612382270795169,0.5280312907431551,0.5279995234123674,0.5268568102541732,0.5268524935140797,0.5269833383823961,0.5279995234123674,0.4495635456148217,0.4493548630199471,2.399240310041482,0.0907868969921873,0.8294059754017972,0.5466271019520483,0.5268568102541732,0.5279995234123674,0.7247817728074109,0.0907868969921873,,,0.0,0.9792730453040908,0.4965941787231713,0.0152743030116885,0.4514671001622964,0.4361927971506079,0.2964214529889351,0.2964214529889351,google-bert_bert-base-uncased_ISEAR_3ee76d,/Volumes/Amirali/hidden_states/experiments/baseline_v5_001/models/google-bert/bert-base-uncased/datasets/ISEAR/analysis/probes/probe_run__google-bert_bert-base-uncased__datasets__maxfull__rep5__probes=linear_logistic+mlp_1_hidden+mlp_2_hidden+mlp_3_hidden__hash3ee76dd13b29,,,,
4,3129714439,layer_3,3,0.25,mlp_1_hidden,mlp,1_hidden,single_label,768,13,7,6132,767,767,297991,[384],16.0,0.5985000111147051,-0.0068116425536572,0.1422555297613144,0.0355512067840834,0.8140900195694716,0.8141085078964848,0.8149607269520293,0.8149443740903823,0.8171362916729316,0.8141085078964848,0.7833291148289395,0.7831051170460039,0.5935609996228824,0.5523568359485309,0.9741067302335908,0.8967371098400742,0.5997392438070405,0.599737876802097,0.5985000111147051,0.5984662628422394,0.5994993154081755,0.599737876802097,0.533348257858043,0.5330191953387,1.1938738263807005,0.3030450434166,0.8799834398734719,0.6602557818856144,0.590612777053455,0.5905993089479329,0.5903774486712027,0.5902924313012522,0.5931842892453145,0.5905993089479329,0.5228264039462759,0.5223543737939269,1.1771752514706253,0.3081479508411328,0.8820548855979035,0.655258202688537,0.5903774486712027,0.5905993089479329,0.7614132019731379,0.3081479508411328,,,0.0,0.9809136814226828,0.4965941787231713,0.02,0.5041321109685014,0.4841321109685014,0.2245832782808265,0.2245832782808265,google-bert_bert-base-uncased_ISEAR_3ee76d,/Volumes/Amirali/hidden_states/experiments/baseline_v5_001/models/google-bert/bert-base-uncased/datasets/ISEAR/analysis/probes/probe_run__google-bert_bert-base-uncased__datasets__maxfull__rep5__probes=linear_logistic+mlp_1_hidden+mlp_2_hidden+mlp_3_hidden__hash3ee76dd13b29,,,,
4,3280945906,layer_3,3,0.25,mlp_2_hidden,mlp,2_hidden,single_label,768,13,7,6132,767,767,370567,"[384, 192]",15.0,0.5983375773535051,-0.0068116425536572,0.1422555297613144,0.0355512067840834,0.7839204174820613,0.7839677056280359,0.7813549300103605,0.7813254493082417,0.7837008914135731,0.7839677056280359,0.748634969995511,0.7479091717201805,0.6371134399727983,0.5288166841527158,0.9667893752577056,0.8725247735334261,0.6023468057366362,0.6022399618729894,0.5983375773535051,0.5983322246391886,0.6021373318543345,0.6022399618729894,0.5371102798056595,0.5360374922403517,1.2417411372500091,0.288880798685818,0.8762548564651661,0.6490006971460949,0.5958279009126467,0.5959132610508757,0.589348666561583,0.5892935409779396,0.5880123165772188,0.5959132610508757,0.5293099452477722,0.5284726973455891,1.1588980995087017,0.3138318018443182,0.8881830431317358,0.6644469148899373,0.589348666561583,0.5959132610508757,0.764654972623886,0.3138318018443182,,,0.0,0.979239078383368,0.4965941787231713,0.02,0.5055591986505372,0.4855591986505372,0.1920062634487774,0.1920062634487774,google-bert_bert-base-uncased_ISEAR_3ee76d,/Volumes/Amirali/hidden_states/experiments/baseline_v5_001/models/google-bert/bert-base-uncased/datasets/ISEAR/analysis/probes/probe_run__google-bert_bert-base-uncased__datasets__maxfull__rep5__probes=linear_logistic+mlp_1_hidden+mlp_2_hidden+mlp_3_hidden__hash3ee76dd13b29,,,,
4,3349344876,layer_3,3,0.25,mlp_3_hidden,mlp,3_hidden,single_label,768,13,7,6132,767,767,388423,"[384, 192, 96]",16.0,0.5962894734676316,-0.0068116425536572,0.1422555297613144,0.0355512067840834,0.8396934116112198,0.8397039091401339,0.8400955466058095,0.8400696646039245,0.8415765259198559,0.8397039091401339,0.8131661375846828,0.812974387654817,0.5055298130086889,0.6031859150099641,0.977727508533438,0.9113898054620044,0.5971316818774446,0.5969855832241153,0.5962894734676316,0.5963561646207268,0.5997225999925189,0.5969855832241153,0.5305450862428878,0.5299639246920509,1.3035234429282307,0.2715732325234375,0.87826971191442,0.6562729993831707,0.5893089960886571,0.5894793280114381,0.5890701552750651,0.5889299048545844,0.594576233229586,0.5894793280114381,0.5217909697236873,0.5208702687909761,1.2715920669338423,0.2803848747593107,0.8791284753553834,0.6471707645661897,0.5890701552750651,0.5894793280114381,0.7608954848618437,0.2803848747593107,,,0.0,0.9836533000169176,0.4965941787231713,0.02,0.5010572871635399,0.4810572871635399,0.2510253913307444,0.2510253913307444,google-bert_bert-base-uncased_ISEAR_3ee76d,/Volumes/Amirali/hidden_states/experiments/baseline_v5_001/models/google-bert/bert-base-uncased/datasets/ISEAR/analysis/probes/probe_run__google-bert_bert-base-uncased__datasets__maxfull__rep5__probes=linear_logistic+mlp_1_hidden+mlp_2_hidden+mlp_3_hidden__hash3ee76dd13b29,,,,
4,329180193,layer_4,4,0.3333333333333333,linear_logistic,logistic,linear,single_label,768,13,7,6132,767,767,5383,[],,,-0.017028683796525,0.1500383615493774,0.0355512067840834,0.8321917808219178,0.8322151085225962,0.8321425349199962,0.8321196302553033,0.8321334006130702,0.8322151085225962,0.804233982526051,0.8042237017715135,0.4926468249176686,0.6110070234199121,0.9774445371288204,0.909652445812292,0.5423728813559322,0.5424401286786608,0.5399158975850249,0.5398181488594002,0.5395783272275975,0.5424401286786608,0.4664151414828669,0.4660903503709565,2.519292438119177,0.0805165570457677,0.8399009903431275,0.563491340599393,0.5189048239895697,0.5189205290122721,0.5169671288781343,0.5169802232808691,0.5158454516775356,0.5189205290122721,0.4388566147287568,0.4387304042597495,2.5137741460720324,0.080962099107164,0.8296244784829897,0.5434756951259802,0.5169671288781343,0.5189205290122721,0.7194283073643783,0.080962099107164,,,0.0,0.9873099911232056,0.4914856581017375,0.0152743030116885,0.4463955996041551,0.4311212965924665,0.3151754060418619,0.3151754060418619,google-bert_bert-base-uncased_ISEAR_3ee76d,/Volumes/Amirali/hidden_states/experiments/baseline_v5_001/models/google-bert/bert-base-uncased/datasets/ISEAR/analysis/probes/probe_run__google-bert_bert-base-uncased__datasets__maxfull__rep5__probes=linear_logistic+mlp_1_hidden+mlp_2_hidden+mlp_3_hidden__hash3ee76dd13b29,,,,
4,3129715436,layer_4,4,0.3333333333333333,mlp_1_hidden,mlp,1_hidden,single_label,768,13,7,6132,767,767,297991,[384],17.0,0.5990649861396379,-0.017028683796525,0.1500383615493774,0.0355512067840834,0.8785061969993477,0.8785128691249197,0.8788888277501103,0.8788881167296999,0.8795092846341829,0.8785128691249197,0.8582989490899743,0.8582575376835309,0.4466076959794887,0.6397948531414323,0.9873535461787436,0.9470707282914212,0.5997392438070405,0.5997497914929107,0.5990649861396379,0.5990560028687348,0.5989057292609513,0.5997497914929107,0.5331027302481302,0.5330266041309284,1.1967408181181012,0.3021774600525011,0.8858992124335519,0.6688666274523787,0.5932203389830508,0.5931967115453354,0.5928090618845218,0.5928297768855942,0.595942437247279,0.5931967115453354,0.5259406490688154,0.5254230565575997,1.1740066871779014,0.3091258859419754,0.8875760117026911,0.666475145615651,0.5928090618845218,0.5931967115453354,0.7629703245344077,0.3091258859419754,,,0.0,0.9798212929813066,0.4914856581017375,0.02,0.505096321680507,0.485096321680507,0.2860797658655886,0.2860797658655886,google-bert_bert-base-uncased_ISEAR_3ee76d,/Volumes/Amirali/hidden_states/experiments/baseline_v5_001/models/google-bert/bert-base-uncased/datasets/ISEAR/analysis/probes/probe_run__google-bert_bert-base-uncased__datasets__maxfull__rep5__probes=linear_logistic+mlp_1_hidden+mlp_2_hidden+mlp_3_hidden__hash3ee76dd13b29,,,,
4,3280946903,layer_4,4,0.3333333333333333,mlp_2_hidden,mlp,2_hidden,single_label,768,13,7,6132,767,767,370567,"[384, 192]",16.0,0.5899265200691207,-0.017028683796525,0.1500383615493774,0.0355512067840834,0.8617090671885193,0.8616979973879919,0.8618758985887386,0.8618603529075219,0.8637341297218233,0.8616979973879919,0.8389400933251169,0.838658786251102,0.4416662187944866,0.6429642090120149,0.9850472271367046,0.9374218156533758,0.5919165580182529,0.5919456690098892,0.5899265200691207,0.5899142433230697,0.5956625696723533,0.5919456690098892,0.5250471422311473,0.5239057532855661,1.2907211994955736,0.2750723295107541,0.8815017577089014,0.6527028310799368,0.5749674054758801,0.5750148933635174,0.5729048051381118,0.5728714810166512,0.5779254835913361,0.5750148933635174,0.5052503073513998,0.504131870834168,1.2364103719746984,0.2904248662906551,0.8862092859877686,0.6616587123439996,0.5729048051381118,0.5750148933635174,0.7526251536756998,0.2904248662906551,,,0.0,0.974444802500938,0.4914856581017375,0.02,0.4934334581246568,0.4734334581246567,0.2889710934506267,0.2889710934506267,google-bert_bert-base-uncased_ISEAR_3ee76d,/Volumes/Amirali/hidden_states/experiments/baseline_v5_001/models/google-bert/bert-base-uncased/datasets/ISEAR/analysis/probes/probe_run__google-bert_bert-base-uncased__datasets__maxfull__rep5__probes=linear_logistic+mlp_1_hidden+mlp_2_hidden+mlp_3_hidden__hash3ee76dd13b29,,,,
4,3349345873,layer_4,4,0.3333333333333333,mlp_3_hidden,mlp,3_hidden,single_label,768,13,7,6132,767,767,388423,"[384, 192, 96]",26.0,0.5976801129452121,-0.017028683796525,0.1500383615493774,0.0355512067840834,0.9882583170254404,0.988257738324388,0.9883713590558032,0.9883678204228584,0.9887547224056864,0.988257738324388,0.9863492429345946,0.9863013469113524,0.0300706660592405,0.9703769584099406,0.9999054720680446,0.999107205012132,0.5984354628422425,0.5985821517931609,0.5976801129452121,0.5975627858171257,0.5976386382695885,0.5985821517931609,0.5316612551814903,0.5315157380378221,2.7376245264662016,0.0647239143688049,0.8744163091759195,0.6365480075669703,0.560625814863103,0.5606576909329203,0.5596124773333291,0.5595540147537056,0.5601396842889341,0.5606576909329203,0.4876170733862065,0.4873858919516022,2.8434016506901214,0.0582272599029267,0.8688922345637028,0.6307380199516592,0.5596124773333291,0.5606576909329203,0.7438085366931033,0.0582272599029267,,,0.0,0.9818215722964988,0.4914856581017375,0.02,0.4641522196022652,0.4441522196022652,0.428758881722474,0.428758881722474,google-bert_bert-base-uncased_ISEAR_3ee76d,/Volumes/Amirali/hidden_states/experiments/baseline_v5_001/models/google-bert/bert-base-uncased/datasets/ISEAR/analysis/probes/probe_run__google-bert_bert-base-uncased__datasets__maxfull__rep5__probes=linear_logistic+mlp_1_hidden+mlp_2_hidden+mlp_3_hidden__hash3ee76dd13b29,,,,
4,329181190,layer_5,5,0.4166666666666667,linear_logistic,logistic,linear,single_label,768,13,7,6132,767,767,5383,[],,,-0.0112779391929507,0.1452786475419998,0.0355512067840834,0.8365949119373777,0.8366271942149355,0.8367839146589723,0.8367541537790105,0.8370847707307849,0.8366271942149355,0.8093851955002307,0.8093608607235524,0.4811231346879741,0.6180888048448306,0.9785677274559378,0.9114952336344918,0.5202086049543677,0.5202788037650422,0.5159941474904894,0.5159242422374396,0.515650266072167,0.5202788037650422,0.4408059144741695,0.4402425795294765,2.648207715618057,0.0707779536698433,0.8303738247981871,0.5425367840437199,0.529335071707953,0.5293458834743239,0.5261822811913798,0.5261650488727019,0.5255716994057577,0.5293458834743239,0.4512659740497652,0.450889050185822,2.4472804844119804,0.0865285826460122,0.8413573866011035,0.5672415416429442,0.5261822811913798,0.5293458834743239,0.7256329870248825,0.0865285826460122,,,0.0,0.9832598367655768,0.4943610304035246,0.0152743030116885,0.451489294334061,0.4362149913223725,0.3106016334675925,0.3106016334675925,google-bert_bert-base-uncased_ISEAR_3ee76d,/Volumes/Amirali/hidden_states/experiments/baseline_v5_001/models/google-bert/bert-base-uncased/datasets/ISEAR/analysis/probes/probe_run__google-bert_bert-base-uncased__datasets__maxfull__rep5__probes=linear_logistic+mlp_1_hidden+mlp_2_hidden+mlp_3_hidden__hash3ee76dd13b29,,,,
4,3129716433,layer_5,5,0.4166666666666667,mlp_1_hidden,mlp,1_hidden,single_label,768,13,7,6132,767,767,297991,[384],15.0,0.601122384026532,-0.0112779391929507,0.1452786475419998,0.0355512067840834,0.7578277886497065,0.7578500768534236,0.7584223153888702,0.7584014441312836,0.7606354313814493,0.7578500768534236,0.7177272556794476,0.7174658586195559,0.7152235041487441,0.4890827875474788,0.9600225996206618,0.8474112153299219,0.6036505867014341,0.6036816394614559,0.601122384026532,0.6011087549084164,0.6012510289533193,0.6036816394614559,0.5380177390127986,0.53759719823184,1.1381466922578696,0.3204122944741097,0.8880020739751977,0.6625588840326669,0.5997392438070405,0.5997497914929107,0.599629433465262,0.5995960003001488,0.601182789336597,0.5997497914929107,0.5333460060771581,0.5330201214505849,1.074000771990921,0.3416389600197922,0.8961599329585997,0.6791456054790581,0.599629433465262,0.5997497914929107,0.7666730030385791,0.3416389600197922,,,0.0,0.9838204231112512,0.4943610304035246,0.02,0.5121347673793195,0.4921347673793195,0.1587928819236082,0.1587928819236082,google-bert_bert-base-uncased_ISEAR_3ee76d,/Volumes/Amirali/hidden_states/experiments/baseline_v5_001/models/google-bert/bert-base-uncased/datasets/ISEAR/analysis/probes/probe_run__google-bert_bert-base-uncased__datasets__maxfull__rep5__probes=linear_logistic+mlp_1_hidden+mlp_2_hidden+mlp_3_hidden__hash3ee76dd13b29,,,,
4,3280947900,layer_5,5,0.4166666666666667,mlp_2_hidden,mlp,2_hidden,single_label,768,13,7,6132,767,767,370567,"[384, 192]",17.0,0.5961323391525413,-0.0112779391929507,0.1452786475419998,0.0355512067840834,0.923679060665362,0.9236627114638896,0.9243689305248818,0.9243560844810484,0.9277334296875844,0.9236627114638896,0.9114276400401728,0.9109579067654032,0.2906481744134782,0.7477787194295801,0.9943088599038894,0.9749314820725268,0.5958279009126467,0.5958656022876206,0.5961323391525413,0.5960933767977554,0.6049349461774393,0.5958656022876206,0.5296105945856665,0.5284624110549655,1.4556040451106291,0.2332594221243988,0.8766761690229892,0.6492541480362247,0.5945241199478487,0.5946026450613606,0.5947065040487681,0.5946512029156554,0.5990003823654861,0.5946026450613606,0.5275556386407583,0.5269516415305748,1.409701699664499,0.2442161220401041,0.8779711525377536,0.6489957041472473,0.5947065040487681,0.5946026450613606,0.7637778193203791,0.2442161220401041,,,0.0,0.991272125590806,0.4943610304035246,0.02,0.5007005719527202,0.4807005719527202,0.3296624264761136,0.3296624264761136,google-bert_bert-base-uncased_ISEAR_3ee76d,/Volumes/Amirali/hidden_states/experiments/baseline_v5_001/models/google-bert/bert-base-uncased/datasets/ISEAR/analysis/probes/probe_run__google-bert_bert-base-uncased__datasets__maxfull__rep5__probes=linear_logistic+mlp_1_hidden+mlp_2_hidden+mlp_3_hidden__hash3ee76dd13b29,,,,
4,3349346870,layer_5,5,0.4166666666666667,mlp_3_hidden,mlp,3_hidden,single_label,768,13,7,6132,767,767,388423,"[384, 192, 96]",20.0,0.5848671966821729,-0.0112779391929507,0.1452786475419998,0.0355512067840834,0.9735812133072408,0.9735755845904676,0.9736648965014412,0.9736645194912772,0.9742590724288884,0.9735755845904676,0.9692635437335756,0.9691780104677928,0.0950504437870593,0.9093270634105324,0.9992299069611056,0.9956135341439476,0.5827900912646675,0.5827236983200287,0.5848671966821729,0.5848205645022646,0.5897110216973135,0.5827236983200287,0.5135689530098023,0.51322352567853,2.209181008856592,0.1097905291757801,0.8673594244705763,0.6295287355159084,0.5684485006518905,0.5685452162516383,0.5709367004110785,0.5708406601771424,0.5796932201458272,0.5685452162516383,0.4973774868882061,0.4965245345057699,2.2052018910288345,0.1102282689592557,0.8681590593435912,0.6280178767700805,0.5709367004110785,0.5685452162516383,0.7486887434441031,0.1102282689592557,,,0.0,0.9799110577810763,0.4943610304035246,0.02,0.4740512532513403,0.4540512532513403,0.4027281960903628,0.4027281960903628,google-bert_bert-base-uncased_ISEAR_3ee76d,/Volumes/Amirali/hidden_states/experiments/baseline_v5_001/models/google-bert/bert-base-uncased/datasets/ISEAR/analysis/probes/probe_run__google-bert_bert-base-uncased__datasets__maxfull__rep5__probes=linear_logistic+mlp_1_hidden+mlp_2_hidden+mlp_3_hidden__hash3ee76dd13b29,,,,
4,329182187,layer_6,6,0.5,linear_logistic,logistic,linear,single_label,768,13,7,6132,767,767,5383,[],,,-0.0102351568639278,0.1457366496324539,0.0355512067840834,0.839041095890411,0.8390800902673289,0.8393695946463878,0.8393315152599575,0.8397654107584784,0.8390800902673289,0.8122327299056076,0.8122146351779577,0.4785324163547579,0.6196921748863842,0.9785409227397714,0.9096431253970544,0.5267275097783573,0.5267723102585488,0.5236195707035366,0.5235783066804451,0.5238838148402782,0.5267723102585488,0.4482974504292034,0.4478446942353306,2.498882875756687,0.0821767490046193,0.8420691746279163,0.5632787390602095,0.529335071707953,0.5293101394018825,0.5273202291557112,0.5272974414004574,0.5276524494255959,0.5293101394018825,0.4512102093154595,0.4508727150849512,2.5417850518663028,0.0787257447521582,0.8390495334304632,0.549500325102789,0.5273202291557112,0.5293101394018825,0.7256051046577298,0.0787257447521582,,,0.0,0.9801444320737146,0.4948824215680361,0.0152743030116885,0.4506984826588587,0.4354241796471702,0.3120493654906766,0.3120493654906766,google-bert_bert-base-uncased_ISEAR_3ee76d,/Volumes/Amirali/hidden_states/experiments/baseline_v5_001/models/google-bert/bert-base-uncased/datasets/ISEAR/analysis/probes/probe_run__google-bert_bert-base-uncased__datasets__maxfull__rep5__probes=linear_logistic+mlp_1_hidden+mlp_2_hidden+mlp_3_hidden__hash3ee76dd13b29,,,,
4,3129717430,layer_6,6,0.5,mlp_1_hidden,mlp,1_hidden,single_label,768,13,7,6132,767,767,297991,[384],18.0,0.6020327894739415,-0.0102351568639278,0.1457366496324539,0.0355512067840834,0.9085127201565558,0.9085106861983704,0.90872999711764,0.9087182540337256,0.910400397886242,0.9085106861983704,0.8935289431717675,0.8932642506981312,0.3674772177719738,0.6924791028457605,0.9925808732979426,0.9675162055882778,0.6023468057366362,0.6023710234719408,0.6020327894739415,0.6019860296461681,0.6043021804126246,0.6023710234719408,0.5365192952725305,0.5360604954822742,1.2409642067240054,0.2891053262065416,0.8842626005307791,0.6477020068873868,0.6010430247718384,0.6010484927916119,0.5993586541436172,0.5993022026607626,0.6002095741163684,0.6010484927916119,0.5349023123203913,0.5345393823527078,1.1606414955116924,0.3132851453931677,0.8924644909479812,0.6734227568625533,0.5993586541436172,0.6010484927916119,0.7674511561601957,0.3132851453931677,,,0.0,0.9733741312415728,0.4948824215680361,0.02,0.5085246596205513,0.4885246596205512,0.3093713429740228,0.3093713429740228,google-bert_bert-base-uncased_ISEAR_3ee76d,/Volumes/Amirali/hidden_states/experiments/baseline_v5_001/models/google-bert/bert-base-uncased/datasets/ISEAR/analysis/probes/probe_run__google-bert_bert-base-uncased__datasets__maxfull__rep5__probes=linear_logistic+mlp_1_hidden+mlp_2_hidden+mlp_3_hidden__hash3ee76dd13b29,,,,
4,3280948897,layer_6,6,0.5,mlp_2_hidden,mlp,2_hidden,single_label,768,13,7,6132,767,767,370567,"[384, 192]",20.0,0.5949384429181445,-0.0102351568639278,0.1457366496324539,0.0355512067840834,0.9814090019569472,0.981407107134038,0.9816039184392276,0.9816003437104366,0.9822907933889046,0.981407107134038,0.9783992233838116,0.9783104551755054,0.0809414731537356,0.9222476661124812,0.99956878606745,0.9974251517364368,0.5945241199478487,0.5946145597521744,0.5949384429181445,0.5949390692011411,0.6019235769280488,0.5946145597521744,0.5283362151144132,0.5269704030538893,1.8999518533253803,0.1495758206276385,0.8746218173215029,0.6264418312235774,0.5893089960886571,0.5892410341951626,0.5901673307693619,0.5901457474974738,0.5967465760288533,0.5892410341951626,0.5217562456943191,0.5208313087420694,1.9423913989702424,0.1433607068791196,0.8740656825788994,0.6360424032979025,0.5901673307693619,0.5892410341951626,0.7608781228471595,0.1433607068791196,,,0.0,0.98020592151622,0.4948824215680361,0.02,0.4871604901666245,0.4671604901666245,0.3914365876698655,0.3914365876698655,google-bert_bert-base-uncased_ISEAR_3ee76d,/Volumes/Amirali/hidden_states/experiments/baseline_v5_001/models/google-bert/bert-base-uncased/datasets/ISEAR/analysis/probes/probe_run__google-bert_bert-base-uncased__datasets__maxfull__rep5__probes=linear_logistic+mlp_1_hidden+mlp_2_hidden+mlp_3_hidden__hash3ee76dd13b29,,,,
4,3349347867,layer_6,6,0.5,mlp_3_hidden,mlp,3_hidden,single_label,768,13,7,6132,767,767,388423,"[384, 192, 96]",17.0,0.6020588016277886,-0.0102351568639278,0.1457366496324539,0.0355512067840834,0.8957925636007827,0.8958180912282623,0.8963362460938123,0.8963161593092728,0.8985221516152159,0.8958180912282623,0.8787062157913145,0.8784248914065822,0.3330534875998715,0.7167318568636482,0.9908421631172716,0.9584982767244614,0.6036505867014341,0.6036458953890147,0.6020588016277886,0.6020369189335276,0.6013962385531346,0.6036458953890147,0.5377223960816871,0.5375816086118405,1.4406481176861747,0.2367742513621521,0.8791052084341661,0.6404919261426752,0.5971316818774446,0.5971047301322531,0.5934992903348805,0.5935294405976866,0.592923425132306,0.5971047301322531,0.5305158866215414,0.5299853642864791,1.3743406223468222,0.2530063675608008,0.8836375570291876,0.6549345069351725,0.5934992903348805,0.5971047301322531,0.7652579433107707,0.2530063675608008,,,0.0,0.9837873320109112,0.4948824215680361,0.02,0.5011527146357467,0.4811527146357467,0.3028369557589319,0.3028369557589319,google-bert_bert-base-uncased_ISEAR_3ee76d,/Volumes/Amirali/hidden_states/experiments/baseline_v5_001/models/google-bert/bert-base-uncased/datasets/ISEAR/analysis/probes/probe_run__google-bert_bert-base-uncased__datasets__maxfull__rep5__probes=linear_logistic+mlp_1_hidden+mlp_2_hidden+mlp_3_hidden__hash3ee76dd13b29,,,,
4,329183184,layer_7,7,0.5833333333333334,linear_logistic,logistic,linear,single_label,768,13,7,6132,767,767,5383,[],,,-0.0078230518847703,0.1421912014484405,0.0355512067840834,0.83382257012394,0.8338505597844792,0.8342518206612983,0.8342198767635404,0.8348978560657733,0.8338505597844792,0.8061720487150231,0.8061259227662018,0.4852719563500597,0.6155297767684085,0.9775770707743886,0.9056392189575736,0.5475880052151239,0.547527701656142,0.545696489068373,0.5456952998185708,0.5501541841451087,0.547527701656142,0.472971838436438,0.4721653696343718,2.3477410402443115,0.0955848408278654,0.8494173692048822,0.5767564432224404,0.5332464146023468,0.5331943286071726,0.5310168753718413,0.5310252157773606,0.5299655351851428,0.5331943286071726,0.4556204760408167,0.4554360997241343,2.3202086826949166,0.0982530797473616,0.8474089222985742,0.5674492111855675,0.5310168753718413,0.5331943286071726,0.7278102380204083,0.0982530797473616,,,0.0,0.979290140590226,0.4960884740576148,0.0152743030116885,0.4544636495737369,0.4391893465620484,0.303234945289457,0.303234945289457,google-bert_bert-base-uncased_ISEAR_3ee76d,/Volumes/Amirali/hidden_states/experiments/baseline_v5_001/models/google-bert/bert-base-uncased/datasets/ISEAR/analysis/probes/probe_run__google-bert_bert-base-uncased__datasets__maxfull__rep5__probes=linear_logistic+mlp_1_hidden+mlp_2_hidden+mlp_3_hidden__hash3ee76dd13b29,,,,
4,3129718427,layer_7,7,0.5833333333333334,mlp_1_hidden,mlp,1_hidden,single_label,768,13,7,6132,767,767,297991,[384],17.0,0.6118247817430452,-0.0078230518847703,0.1421912014484405,0.0355512067840834,0.8690476190476191,0.8690486900950788,0.8695091819468053,0.8694961633765363,0.8714223727437879,0.8690486900950788,0.8474876037078993,0.8472214258534323,0.4605707213617019,0.6309234612373472,0.9864665644193602,0.941708158103317,0.6127770534550195,0.6127010604074824,0.6118247817430452,0.6118423430605664,0.6183421207037542,0.6127010604074824,0.5494339302741081,0.5482186488544774,1.1678175719638582,0.3110450344552425,0.8903099012938259,0.6609544597847069,0.621903520208605,0.6219587751697844,0.621681891910675,0.6216432182761576,0.6228040423134324,0.6219587751697844,0.5591324939717113,0.5588929388760426,1.0883864661422582,0.3367594283067464,0.8992624924181051,0.689290003476357,0.621681891910675,0.6219587751697844,0.7795662469858556,0.3367594283067464,,,0.0,0.971448077496426,0.4960884740576148,0.02,0.5212744005842128,0.5012744005842128,0.2478272900361302,0.2478272900361302,google-bert_bert-base-uncased_ISEAR_3ee76d,/Volumes/Amirali/hidden_states/experiments/baseline_v5_001/models/google-bert/bert-base-uncased/datasets/ISEAR/analysis/probes/probe_run__google-bert_bert-base-uncased__datasets__maxfull__rep5__probes=linear_logistic+mlp_1_hidden+mlp_2_hidden+mlp_3_hidden__hash3ee76dd13b29,,,,
4,3280949894,layer_7,7,0.5833333333333334,mlp_2_hidden,mlp,2_hidden,single_label,768,13,7,6132,767,767,370567,"[384, 192]",15.0,0.599229312337261,-0.0078230518847703,0.1421912014484405,0.0355512067840834,0.7831050228310502,0.7831111490276668,0.7845225659722731,0.7844961242857437,0.7907814040917415,0.7831111490276668,0.747798366139175,0.7469532925849065,0.6444393846118304,0.5249567584646971,0.965125301900275,0.8618522961562528,0.6010430247718384,0.6009889193375432,0.599229312337261,0.5993075088055648,0.6039178523444421,0.6009889193375432,0.5355390789873269,0.5345504592978059,1.1334425081034916,0.3219231237360417,0.8933497743642164,0.6660620908294439,0.6049543676662321,0.6049803407601573,0.6047757792488352,0.6047503803668038,0.609772056439087,0.6049803407601573,0.5399708805042274,0.5391146040944057,1.0775071507245724,0.3404431421561394,0.8979680484331816,0.6838359567324902,0.6047757792488352,0.6049803407601573,0.7699854402521137,0.3404431421561394,,,0.0,0.983051246991561,0.4960884740576148,0.02,0.5145926745817002,0.4945926745817002,0.1797467867234379,0.1797467867234379,google-bert_bert-base-uncased_ISEAR_3ee76d,/Volumes/Amirali/hidden_states/experiments/baseline_v5_001/models/google-bert/bert-base-uncased/datasets/ISEAR/analysis/probes/probe_run__google-bert_bert-base-uncased__datasets__maxfull__rep5__probes=linear_logistic+mlp_1_hidden+mlp_2_hidden+mlp_3_hidden__hash3ee76dd13b29,,,,
4,3349348864,layer_7,7,0.5833333333333334,mlp_3_hidden,mlp,3_hidden,single_label,768,13,7,6132,767,767,388423,"[384, 192, 96]",17.0,0.5924811508133689,-0.0078230518847703,0.1421912014484405,0.0355512067840834,0.8920417482061318,0.8920085523705152,0.8919979195407886,0.8919940476866614,0.895257398230706,0.8920085523705152,0.8745812437397921,0.8740468147811302,0.3396469684441716,0.71202164450669,0.9907685335656056,0.9580600767599938,0.5971316818774446,0.5970689860598117,0.5924811508133689,0.5925094147176778,0.5968178230585386,0.5970689860598117,0.5312037133194344,0.5299685856398295,1.4056609262083803,0.2452049405138812,0.8825183434950675,0.6451200881383714,0.6023468057366362,0.6024186822351959,0.6014599145181039,0.6014384760425726,0.6068659830856895,0.6024186822351959,0.5369323318162456,0.536086256405375,1.3076475915540269,0.2704555305185287,0.8899840859036813,0.6650546456172283,0.6014599145181039,0.6024186822351959,0.7684661659081228,0.2704555305185287,,,0.0,0.9843382396487896,0.4960884740576148,0.02,0.5062815065706363,0.4862815065706363,0.2905380050226847,0.2905380050226847,google-bert_bert-base-uncased_ISEAR_3ee76d,/Volumes/Amirali/hidden_states/experiments/baseline_v5_001/models/google-bert/bert-base-uncased/datasets/ISEAR/analysis/probes/probe_run__google-bert_bert-base-uncased__datasets__maxfull__rep5__probes=linear_logistic+mlp_1_hidden+mlp_2_hidden+mlp_3_hidden__hash3ee76dd13b29,,,,
4,329184181,layer_8,8,0.6666666666666666,linear_logistic,logistic,linear,single_label,768,13,7,6132,767,767,5383,[],,,-0.006939388345927,0.1470667570829391,0.0355512067840834,0.8463796477495108,0.8464050472866742,0.8466312095464249,0.8466025943656484,0.8470932047239462,0.8464050472866742,0.8208192207922023,0.8207759498626997,0.4584453630562886,0.6322658256531433,0.9801860810819912,0.916950715048588,0.5514993481095176,0.5515191230787562,0.5494561936711884,0.5494071683481472,0.550032595974564,0.5515191230787562,0.4771136532487076,0.4767350079526569,2.206662862260929,0.1100673462097198,0.8574546582619228,0.5895087162502317,0.5410691003911343,0.5410580245442631,0.5380843121067355,0.5380643862669872,0.5371175164149536,0.5410580245442631,0.4648630146844587,0.4645660546492303,2.307243865119072,0.0995352063120985,0.8497723693119309,0.5634771980195821,0.5380843121067355,0.5410580245442631,0.7324315073422294,0.0995352063120985,,,0.0,0.98376459191318,0.4965303058270365,0.0152743030116885,0.4587010029235374,0.4434266999118489,0.3085468974396894,0.3085468974396894,google-bert_bert-base-uncased_ISEAR_3ee76d,/Volumes/Amirali/hidden_states/experiments/baseline_v5_001/models/google-bert/bert-base-uncased/datasets/ISEAR/analysis/probes/probe_run__google-bert_bert-base-uncased__datasets__maxfull__rep5__probes=linear_logistic+mlp_1_hidden+mlp_2_hidden+mlp_3_hidden__hash3ee76dd13b29,,,,
4,3129719424,layer_8,8,0.6666666666666666,mlp_1_hidden,mlp,1_hidden,single_label,768,13,7,6132,767,767,297991,[384],19.0,0.6105841216923503,-0.006939388345927,0.1470667570829391,0.0355512067840834,0.943085453359426,0.9430950360075316,0.9432536014900352,0.9432435211690052,0.9436767847014714,0.9430950360075316,0.9336456076746416,0.9335996626225388,0.2729626353251391,0.7611212261447776,0.9968640344207904,0.98471267315982,0.6140808344198174,0.6141069939235076,0.6105841216923503,0.6105692962542735,0.6094867872949499,0.6141069939235076,0.5501152127505514,0.5497594428116435,1.229651274264956,0.2923945253997225,0.8904721749255801,0.659996911867556,0.60625814863103,0.6062432979864172,0.6031077428754482,0.6030718404844958,0.6014474281307346,0.6062432979864172,0.5408313743531593,0.5406211017525628,1.2310372913564136,0.2919895423116432,0.8898763483318842,0.6534233623664383,0.6031077428754482,0.6062432979864172,0.7704156871765797,0.2919895423116432,,,0.0,0.9844257580076768,0.4965303058270365,0.02,0.5097438288165954,0.4897438288165954,0.340145858614587,0.340145858614587,google-bert_bert-base-uncased_ISEAR_3ee76d,/Volumes/Amirali/hidden_states/experiments/baseline_v5_001/models/google-bert/bert-base-uncased/datasets/ISEAR/analysis/probes/probe_run__google-bert_bert-base-uncased__datasets__maxfull__rep5__probes=linear_logistic+mlp_1_hidden+mlp_2_hidden+mlp_3_hidden__hash3ee76dd13b29,,,,
4,3280950891,layer_8,8,0.6666666666666666,mlp_2_hidden,mlp,2_hidden,single_label,768,13,7,6132,767,767,370567,"[384, 192]",17.0,0.6107117609917893,-0.006939388345927,0.1470667570829391,0.0355512067840834,0.9001956947162426,0.9002052020507729,0.9005639788812323,0.9005546735417812,0.9028299633601627,0.9002052020507729,0.8838695326479779,0.8835615896442597,0.3231642691778728,0.7238549375455087,0.992758870604774,0.966379053889464,0.6140808344198174,0.6141665673775766,0.6107117609917893,0.6107122919216161,0.6112137727786129,0.6141665673775766,0.5503439941417569,0.5497773000757536,1.307018553251693,0.2706257109256886,0.8873315673123761,0.6463704372206125,0.5919165580182529,0.5918503514833791,0.5891700104892263,0.5891666564577315,0.5897468763896258,0.5918503514833791,0.5243336679822616,0.5238821480843907,1.2922691182807038,0.2746468692585454,0.8898067398873595,0.6485999719213139,0.5891700104892263,0.5918503514833791,0.7621668339911307,0.2746468692585454,,,0.0,0.9779506139856728,0.4965303058270365,0.02,0.5004813440592567,0.4804813440592567,0.3113939683920059,0.3113939683920059,google-bert_bert-base-uncased_ISEAR_3ee76d,/Volumes/Amirali/hidden_states/experiments/baseline_v5_001/models/google-bert/bert-base-uncased/datasets/ISEAR/analysis/probes/probe_run__google-bert_bert-base-uncased__datasets__maxfull__rep5__probes=linear_logistic+mlp_1_hidden+mlp_2_hidden+mlp_3_hidden__hash3ee76dd13b29,,,,
4,3349349861,layer_8,8,0.6666666666666666,mlp_3_hidden,mlp,3_hidden,single_label,768,13,7,6132,767,767,388423,"[384, 192, 96]",16.0,0.6103999070567488,-0.006939388345927,0.1470667570829391,0.0355512067840834,0.8246901500326158,0.8246991467624161,0.8260349550089766,0.8260102958633194,0.8311522163468493,0.8246991467624161,0.7961449218520195,0.7954703567451964,0.5056785889721936,0.6030961821195001,0.9782134333855784,0.9108388853530272,0.6101694915254238,0.6102347194090313,0.6103999070567488,0.6104296392245687,0.6191697076325327,0.6102347194090313,0.5466763590372903,0.5452196433670717,1.2124784443319168,0.2974591291828913,0.8926232593445381,0.6682303633011967,0.5827900912646675,0.5826641248659596,0.5823223862136162,0.5823295285407735,0.5858282455873212,0.5826641248659596,0.5138314051788666,0.5132215948418624,1.256244110937396,0.2847214027741387,0.8843406873879937,0.638635911823244,0.5823223862136162,0.5826641248659596,0.7569157025894333,0.2847214027741387,,,0.0,0.983602705877331,0.4965303058270365,0.02,0.4981764968282117,0.4781764968282117,0.2437125687953604,0.2437125687953604,google-bert_bert-base-uncased_ISEAR_3ee76d,/Volumes/Amirali/hidden_states/experiments/baseline_v5_001/models/google-bert/bert-base-uncased/datasets/ISEAR/analysis/probes/probe_run__google-bert_bert-base-uncased__datasets__maxfull__rep5__probes=linear_logistic+mlp_1_hidden+mlp_2_hidden+mlp_3_hidden__hash3ee76dd13b29,,,,
4,329185178,layer_9,9,0.75,linear_logistic,logistic,linear,single_label,768,13,7,6132,767,767,5383,[],,,-0.0025083965156227,0.1566896140575409,0.0355512067840834,0.8501304631441617,0.8501622118191378,0.8504931791773983,0.8504601190897371,0.8510148385792221,0.8501622118191378,0.8251863587527598,0.8251520496753265,0.4523641499437468,0.6361224835767877,0.980630508947241,0.9177259736593382,0.530638852672751,0.5307756463719767,0.5306137152433349,0.530490773990012,0.5339960808766744,0.5307756463719767,0.4529629460077313,0.4524155628843571,2.199355276005455,0.1108746188508719,0.858097606845111,0.5780412285980263,0.5619295958279009,0.5619563922316216,0.558901414849316,0.5588543216904445,0.5595411930258726,0.5619563922316216,0.4895396416049393,0.4889120699981358,2.23275565081516,0.1072325272194423,0.8572243836957325,0.5859448926934027,0.558901414849316,0.5619563922316216,0.7447698208024697,0.1072325272194423,,,0.0,0.974676318317382,0.4987458017421886,0.0152743030116885,0.4688624603082345,0.453588157296546,0.2915917643280823,0.2915917643280823,google-bert_bert-base-uncased_ISEAR_3ee76d,/Volumes/Amirali/hidden_states/experiments/baseline_v5_001/models/google-bert/bert-base-uncased/datasets/ISEAR/analysis/probes/probe_run__google-bert_bert-base-uncased__datasets__maxfull__rep5__probes=linear_logistic+mlp_1_hidden+mlp_2_hidden+mlp_3_hidden__hash3ee76dd13b29,,,,
4,3129720421,layer_9,9,0.75,mlp_1_hidden,mlp,1_hidden,single_label,768,13,7,6132,767,767,297991,[384],15.0,0.6207407299676817,-0.0025083965156227,0.1566896140575409,0.0355512067840834,0.7561969993476843,0.7562187335210903,0.7570554224724148,0.7570201774721376,0.7587188900924958,0.7562187335210903,0.7157104423639327,0.7155612861092602,0.7193819037265407,0.4870532087147851,0.9579028806451249,0.8375777913761752,0.6232073011734028,0.6231740736327892,0.6207407299676817,0.6207507109074868,0.620815220225901,0.6231740736327892,0.5607765653309486,0.5603983055553352,1.052744168554476,0.3489787773359071,0.9005357362647478,0.678195237845862,0.6075619295958279,0.6076015727391874,0.6031356839325929,0.6031096721424305,0.6019246638512693,0.6076015727391874,0.542668230419608,0.5421621996807171,1.0366356710064517,0.3546458223637853,0.9017749941962646,0.6770802900830238,0.6031356839325929,0.6076015727391874,0.771334115209804,0.3546458223637853,,,0.0,0.9803540594859546,0.4987458017421886,0.02,0.5160615524475803,0.4960615524475803,0.1539197385398218,0.1539197385398218,google-bert_bert-base-uncased_ISEAR_3ee76d,/Volumes/Amirali/hidden_states/experiments/baseline_v5_001/models/google-bert/bert-base-uncased/datasets/ISEAR/analysis/probes/probe_run__google-bert_bert-base-uncased__datasets__maxfull__rep5__probes=linear_logistic+mlp_1_hidden+mlp_2_hidden+mlp_3_hidden__hash3ee76dd13b29,,,,
4,3280951888,layer_9,9,0.75,mlp_2_hidden,mlp,2_hidden,single_label,768,13,7,6132,767,767,370567,"[384, 192]",14.0,0.6307439299485739,-0.0025083965156227,0.1566896140575409,0.0355512067840834,0.6992824527071102,0.6993456343483168,0.6976262908966852,0.6975764644195697,0.702061386469053,0.6993456343483168,0.6500929968120108,0.6491649841496989,0.8368756862552313,0.4330614317830705,0.9391487866640816,0.7754920778184183,0.6323337679269883,0.6324437030859048,0.6307439299485739,0.6307055212369108,0.6355134899965934,0.6324437030859048,0.5719285501050538,0.5710682145392674,1.0747476826456208,0.3413838815127788,0.8972202976115724,0.66896312634369,0.6153846153846154,0.6154771833670917,0.6122518461542557,0.6122062316782629,0.6120748951108678,0.6154771833670917,0.5516834793327763,0.5512938736091033,1.0431103911994777,0.3523570076098758,0.9001011781060164,0.6689982487488447,0.6122518461542557,0.6154771833670917,0.7758417396663881,0.3523570076098758,,,0.0,0.9836241557420402,0.4987458017421886,0.02,0.5202962064158869,0.5002962064158869,0.0853744447424295,0.0853744447424295,google-bert_bert-base-uncased_ISEAR_3ee76d,/Volumes/Amirali/hidden_states/experiments/baseline_v5_001/models/google-bert/bert-base-uncased/datasets/ISEAR/analysis/probes/probe_run__google-bert_bert-base-uncased__datasets__maxfull__rep5__probes=linear_logistic+mlp_1_hidden+mlp_2_hidden+mlp_3_hidden__hash3ee76dd13b29,,,,
4,3349350858,layer_9,9,0.75,mlp_3_hidden,mlp,3_hidden,single_label,768,13,7,6132,767,767,388423,"[384, 192, 96]",20.0,0.6073625499129839,-0.0025083965156227,0.1566896140575409,0.0355512067840834,0.9662426614481407,0.966246701735091,0.9664646014083288,0.9664540541218198,0.9676072841903116,0.966246701735091,0.960780428968236,0.960616338155075,0.1183849304155168,0.8883540323050493,0.9991042793596708,0.9950842800688052,0.6075619295958279,0.6076492315024425,0.6073625499129839,0.6072905133829671,0.6166473524240571,0.6076492315024425,0.5436619691232227,0.5421612917299616,1.7480087322920923,0.1741203186409271,0.8851919474064415,0.6411492226556315,0.5945241199478487,0.5943881806267127,0.5949808458822189,0.5949715326557157,0.6044198082936983,0.5943881806267127,0.5281530637132502,0.5269028546041972,1.8193213774103507,0.162135742585758,0.8856115134375984,0.6521741023941565,0.5949808458822189,0.5943881806267127,0.7640765318566252,0.162135742585758,,,0.0,0.9911662629732888,0.4987458017421886,0.02,0.4927824089860695,0.4727824089860695,0.37148375552611,0.37148375552611,google-bert_bert-base-uncased_ISEAR_3ee76d,/Volumes/Amirali/hidden_states/experiments/baseline_v5_001/models/google-bert/bert-base-uncased/datasets/ISEAR/analysis/probes/probe_run__google-bert_bert-base-uncased__datasets__maxfull__rep5__probes=linear_logistic+mlp_1_hidden+mlp_2_hidden+mlp_3_hidden__hash3ee76dd13b29,,,,
4,329186175,layer_10,10,0.8333333333333334,linear_logistic,logistic,linear,single_label,768,13,7,6132,767,767,5383,[],,,-0.0027524789329618,0.1508044898509979,0.0355512067840834,0.8553489889106327,0.8553775755660473,0.8556284214574393,0.8555963768608418,0.8561769479550035,0.8553775755660473,0.8312953871301931,0.8312401886022334,0.4392128143582723,0.6445435969011388,0.9816125752699408,0.9212259209266576,0.5345501955671447,0.5346836649588942,0.532834846037771,0.5327841740934706,0.5327046461420571,0.5346836649588942,0.4572644094783129,0.457001380207507,2.2058866169551856,0.1101528186400253,0.8558032407629386,0.5773394313685921,0.5528031290743155,0.5528178243774574,0.5525960451911069,0.5525360669204146,0.5537535836830834,0.5528178243774574,0.4784934295256585,0.4782561271155852,2.3094928205777663,0.0993116075925542,0.8535827062085793,0.5856131383967476,0.5525960451911069,0.5528178243774574,0.7392467147628292,0.0993116075925542,,,0.0,0.9891493093629458,0.4986237605335191,0.0152743030116885,0.4657359718910456,0.4504616688793571,0.3030323762663324,0.3030323762663324,google-bert_bert-base-uncased_ISEAR_3ee76d,/Volumes/Amirali/hidden_states/experiments/baseline_v5_001/models/google-bert/bert-base-uncased/datasets/ISEAR/analysis/probes/probe_run__google-bert_bert-base-uncased__datasets__maxfull__rep5__probes=linear_logistic+mlp_1_hidden+mlp_2_hidden+mlp_3_hidden__hash3ee76dd13b29,,,,
4,3129721418,layer_10,10,0.8333333333333334,mlp_1_hidden,mlp,1_hidden,single_label,768,13,7,6132,767,767,297991,[384],15.0,0.6236051456631443,-0.0027524789329618,0.1508044898509979,0.0355512067840834,0.7441291585127201,0.7441657785432125,0.7437438840944534,0.7437054797927065,0.7457239295229928,0.7441657785432125,0.7018722085329465,0.7014838144982108,0.7272266475085392,0.483247348600651,0.9568406882052384,0.8331697802012821,0.6258148631029987,0.6258667937567021,0.6236051456631443,0.6236019511381988,0.6240069838128303,0.6258667937567021,0.5638917358587534,0.5634621753417377,1.0577615139937782,0.3472322154750795,0.9009525342013454,0.6834811196426148,0.6349413298565841,0.6349338734659835,0.6318400471200104,0.6317976679710935,0.6339139958315779,0.6349338734659835,0.5748573096201445,0.5740849450253058,1.0279156636409084,0.3577518591974761,0.9032723994074764,0.6813514520460797,0.6318400471200104,0.6349338734659835,0.7874286548100722,0.3577518591974761,,,0.0,0.9857272828722248,0.4986237605335191,0.02,0.530593493255057,0.510593493255057,0.1119038369744429,0.1119038369744429,google-bert_bert-base-uncased_ISEAR_3ee76d,/Volumes/Amirali/hidden_states/experiments/baseline_v5_001/models/google-bert/bert-base-uncased/datasets/ISEAR/analysis/probes/probe_run__google-bert_bert-base-uncased__datasets__maxfull__rep5__probes=linear_logistic+mlp_1_hidden+mlp_2_hidden+mlp_3_hidden__hash3ee76dd13b29,,,,
4,3280952885,layer_10,10,0.8333333333333334,mlp_2_hidden,mlp,2_hidden,single_label,768,13,7,6132,767,767,370567,"[384, 192]",15.0,0.6193621785318942,-0.0027524789329618,0.1508044898509979,0.0355512067840834,0.7588062622309197,0.7588348574316864,0.7577439083484975,0.7577066300630192,0.7601265341489427,0.7588348574316864,0.7192022868194216,0.7186061621932667,0.6812031255621522,0.506007835031714,0.9601549710550752,0.8455889576144149,0.6232073011734028,0.6230668414154652,0.6193621785318942,0.6194052846741043,0.6227937985517201,0.6230668414154652,0.5614352759658616,0.5603808685166676,1.0917569407177226,0.3356262998785736,0.8991457399905849,0.6769580939666439,0.6284224250325945,0.628499940426546,0.6228628328522002,0.6227711988977556,0.6213061569877097,0.628499940426546,0.5672027086790268,0.5664913554098595,1.0579286831648702,0.3471741738049662,0.9034026287259758,0.6848797533105098,0.6228628328522002,0.628499940426546,0.7836013543395134,0.3471741738049662,,,0.0,0.986175670591716,0.4986237605335191,0.02,0.525797074894303,0.505797074894303,0.1348810754962972,0.1348810754962972,google-bert_bert-base-uncased_ISEAR_3ee76d,/Volumes/Amirali/hidden_states/experiments/baseline_v5_001/models/google-bert/bert-base-uncased/datasets/ISEAR/analysis/probes/probe_run__google-bert_bert-base-uncased__datasets__maxfull__rep5__probes=linear_logistic+mlp_1_hidden+mlp_2_hidden+mlp_3_hidden__hash3ee76dd13b29,,,,
4,3349351855,layer_10,10,0.8333333333333334,mlp_3_hidden,mlp,3_hidden,single_label,768,13,7,6132,767,767,388423,"[384, 192, 96]",19.0,0.6109316983757616,-0.0027524789329618,0.1508044898509979,0.0355512067840834,0.9421069797782128,0.942127002057213,0.9424829052624136,0.9424711094509618,0.9435508298382652,0.942127002057213,0.932579282188906,0.9324583253942716,0.1922240536496536,0.8251219761893837,0.9971091581919984,0.9854192428439776,0.6088657105606258,0.6089002740378887,0.6109316983757616,0.6109640711956459,0.6149908910438582,0.6089002740378887,0.5440913060088958,0.543694114427476,1.6104876569124456,0.1997901612621287,0.8819833195662549,0.6398725394378202,0.6166883963494133,0.6166924818300964,0.6171980460784702,0.6171941263353611,0.6189523734549464,0.6166924818300964,0.5530214204966706,0.5527998350005157,1.5234987607746726,0.2179480034831961,0.8888098384516633,0.6575571595279243,0.6171980460784702,0.6166924818300964,0.7765107102483353,0.2179480034831961,,,0.0,0.9761054792834912,0.4986237605335191,0.02,0.5076165266347269,0.4876165266347269,0.3252848591839435,0.3252848591839435,google-bert_bert-base-uncased_ISEAR_3ee76d,/Volumes/Amirali/hidden_states/experiments/baseline_v5_001/models/google-bert/bert-base-uncased/datasets/ISEAR/analysis/probes/probe_run__google-bert_bert-base-uncased__datasets__maxfull__rep5__probes=linear_logistic+mlp_1_hidden+mlp_2_hidden+mlp_3_hidden__hash3ee76dd13b29,,,,
4,329187172,layer_11,11,0.9166666666666666,linear_logistic,logistic,linear,single_label,768,13,7,6132,767,767,5383,[],,,-0.0073061673901975,0.1594899296760559,0.0355512067840834,0.8493150684931506,0.8493438317385691,0.849541854108266,0.8495093549792188,0.8499116419291031,0.8493438317385691,0.8242318778563706,0.8242005750591147,0.4501346635241534,0.6375422921489758,0.9805158089726717,0.9148445830285828,0.5319426336375489,0.532014774216609,0.5268857520778332,0.5268648871827275,0.5251332545821502,0.532014774216609,0.45442586240909,0.4539452939858287,2.4472776634534004,0.0865288267399042,0.8390285682202762,0.5429102374046717,0.5684485006518905,0.5684618134159419,0.5672965418033413,0.5672138000869602,0.5684064984591647,0.5684618134159419,0.4968544856883762,0.4965025672960789,2.078205824796666,0.1251545600869829,0.8629772972330786,0.601654954598225,0.5672965418033413,0.5684618134159419,0.748427242844188,0.1251545600869829,,,0.0,0.9836942368719828,0.4963469163049012,0.0152743030116885,0.4750597194009964,0.4597854163893079,0.2822453123049246,0.2822453123049246,google-bert_bert-base-uncased_ISEAR_3ee76d,/Volumes/Amirali/hidden_states/experiments/baseline_v5_001/models/google-bert/bert-base-uncased/datasets/ISEAR/analysis/probes/probe_run__google-bert_bert-base-uncased__datasets__maxfull__rep5__probes=linear_logistic+mlp_1_hidden+mlp_2_hidden+mlp_3_hidden__hash3ee76dd13b29,,,,
4,3129722415,layer_11,11,0.9166666666666666,mlp_1_hidden,mlp,1_hidden,single_label,768,13,7,6132,767,767,297991,[384],15.0,0.6168408924689447,-0.0073061673901975,0.1594899296760559,0.0355512067840834,0.7509784735812133,0.751024615393386,0.7518110686325848,0.7517748163801132,0.7545180946104987,0.751024615393386,0.7097730736859342,0.7094760216268623,0.7250469603269265,0.4843018254492912,0.956071844642221,0.8308377312210805,0.6153846153846154,0.6154414392946503,0.6168408924689447,0.6168934729032963,0.6217719428015889,0.6154414392946503,0.5518004433712385,0.5513045513045514,1.075355104013664,0.3411765806143139,0.8972189648824662,0.6753178802832528,0.6401564537157758,0.6401405933516024,0.6404657925604261,0.64044897821556,0.6416148314113198,0.6401405933516024,0.5803247179280515,0.5801727762396973,1.0091522617058164,0.3645278728598101,0.905235453763274,0.6853668360366781,0.6404657925604261,0.6401405933516024,0.7901623589640258,0.3645278728598101,,,0.0,0.9820345545239016,0.4963469163049012,0.02,0.534135479541067,0.514135479541067,0.1113452760721587,0.1113452760721587,google-bert_bert-base-uncased_ISEAR_3ee76d,/Volumes/Amirali/hidden_states/experiments/baseline_v5_001/models/google-bert/bert-base-uncased/datasets/ISEAR/analysis/probes/probe_run__google-bert_bert-base-uncased__datasets__maxfull__rep5__probes=linear_logistic+mlp_1_hidden+mlp_2_hidden+mlp_3_hidden__hash3ee76dd13b29,,,,
4,3280953882,layer_11,11,0.9166666666666666,mlp_2_hidden,mlp,2_hidden,single_label,768,13,7,6132,767,767,370567,"[384, 192]",14.0,0.6156219543017888,-0.0073061673901975,0.1594899296760559,0.0355512067840834,0.6906392694063926,0.6906843316797335,0.6880384450355675,0.6880023160810489,0.688220469577397,0.6906843316797335,0.639526876869701,0.639080222680265,0.8596630729478856,0.4233046810920541,0.9347260233497072,0.7644309776926378,0.6192959582790091,0.6192303109734302,0.6156219543017888,0.6156864183578779,0.6194586022159786,0.6192303109734302,0.5570129360652795,0.5558340852975299,1.1061515699277715,0.3308296892775431,0.8904204238825014,0.661345887923735,0.6153846153846154,0.6154295246038366,0.6078816662597636,0.607826930899582,0.6049776913890703,0.6154295246038366,0.5519930023985663,0.5512831954054445,1.034736338152095,0.3553200529172934,0.902041450114241,0.6722236941696459,0.6078816662597636,0.6154295246038366,0.7759965011992831,0.3553200529172934,,,0.0,0.9853292053558186,0.4963469163049012,0.02,0.5195665920779652,0.4995665920779651,0.0801567787758039,0.0801567787758039,google-bert_bert-base-uncased_ISEAR_3ee76d,/Volumes/Amirali/hidden_states/experiments/baseline_v5_001/models/google-bert/bert-base-uncased/datasets/ISEAR/analysis/probes/probe_run__google-bert_bert-base-uncased__datasets__maxfull__rep5__probes=linear_logistic+mlp_1_hidden+mlp_2_hidden+mlp_3_hidden__hash3ee76dd13b29,,,,
4,3349352852,layer_11,11,0.9166666666666666,mlp_3_hidden,mlp,3_hidden,single_label,768,13,7,6132,767,767,388423,"[384, 192, 96]",16.0,0.6063104225011321,-0.0073061673901975,0.1594899296760559,0.0355512067840834,0.7875081539465101,0.7875662527794743,0.7882378376336373,0.7881970610246982,0.7977615479999537,0.7875662527794743,0.7533735963400547,0.7520946615373713,0.6020296112843548,0.5476988914059919,0.9692938916957052,0.8742657974240259,0.60625814863103,0.6062194686047897,0.6063104225011321,0.6063474056229089,0.615961137331535,0.6062194686047897,0.5418577242332361,0.5406302120207915,1.1673563495089083,0.3111885284984276,0.8934212954717925,0.6654928583907163,0.6127770534550195,0.6127129750982963,0.6145947554155871,0.6145296853849014,0.6236070640916881,0.6127129750982963,0.5492215218747007,0.5482096887432717,1.1300917360464715,0.3230036239876319,0.8973655099625886,0.6658906401998443,0.6145947554155871,0.6127129750982963,0.7746107609373504,0.3230036239876319,,,0.0,0.9921544045196866,0.4963469163049012,0.02,0.5180803979252206,0.4980803979252206,0.1736430822180502,0.1736430822180502,google-bert_bert-base-uncased_ISEAR_3ee76d,/Volumes/Amirali/hidden_states/experiments/baseline_v5_001/models/google-bert/bert-base-uncased/datasets/ISEAR/analysis/probes/probe_run__google-bert_bert-base-uncased__datasets__maxfull__rep5__probes=linear_logistic+mlp_1_hidden+mlp_2_hidden+mlp_3_hidden__hash3ee76dd13b29,,,,
4,329188169,layer_12,12,1.0,linear_logistic,logistic,linear,single_label,768,13,7,6132,767,767,5383,[],,,-0.006573368795216,0.1595688760280609,0.0355512067840834,0.8392041748206132,0.839239071468716,0.8395579091511864,0.839526227768021,0.8400681136611087,0.839239071468716,0.8124391693685155,0.8124050627020158,0.4703981823495288,0.6247534529512793,0.978808587517878,0.9085463093259446,0.5136897001303781,0.5138210413439771,0.5108697143265204,0.5107885360088392,0.5111744592159339,0.5138210413439771,0.4330914934664526,0.4326506814950254,2.4128881512717406,0.0895562686480867,0.8382781581140695,0.5401713317394962,0.560625814863103,0.5605504587155964,0.558106583237645,0.5581125740838909,0.5578225496048171,0.5605504587155964,0.4877065980979433,0.4873747089598712,2.0611410613642995,0.1273086200363717,0.8615891670442479,0.6078332052465969,0.558106583237645,0.5605504587155964,0.7438532990489717,0.1273086200363717,,,0.0,0.9781667641849124,0.4967133156023919,0.0152743030116885,0.4705704136763444,0.4552961106646559,0.2814513259135415,0.2814513259135415,google-bert_bert-base-uncased_ISEAR_3ee76d,/Volumes/Amirali/hidden_states/experiments/baseline_v5_001/models/google-bert/bert-base-uncased/datasets/ISEAR/analysis/probes/probe_run__google-bert_bert-base-uncased__datasets__maxfull__rep5__probes=linear_logistic+mlp_1_hidden+mlp_2_hidden+mlp_3_hidden__hash3ee76dd13b29,,,,
4,3129723412,layer_12,12,1.0,mlp_1_hidden,mlp,1_hidden,single_label,768,13,7,6132,767,767,297991,[384],15.0,0.6039555069399555,-0.006573368795216,0.1595688760280609,0.0355512067840834,0.7508153946510111,0.7508263015364323,0.7513082205829182,0.7512758381891451,0.7553155072734211,0.7508263015364323,0.7098942049315926,0.7092813166849858,0.731044102604477,0.4814060902437344,0.9564233523432932,0.8326737520586109,0.60625814863103,0.6063028714404862,0.6039555069399555,0.60399818747576,0.6126950116287869,0.6063028714404862,0.5424140734421815,0.540649342407945,1.0914488872735968,0.3357297066427775,0.8950288089229046,0.6687370610461983,0.6323337679269883,0.6323722149410224,0.6326488920434609,0.6325927901328492,0.6356638880869111,0.6323722149410224,0.5716219912330711,0.5710503509234672,1.014278731731347,0.3626639134942093,0.9050127592385694,0.6831188744284863,0.6326488920434609,0.6323722149410224,0.7858109956165356,0.3626639134942093,,,0.0,0.976651796015366,0.4967133156023919,0.02,0.5296569413255762,0.5096569413255762,0.1186593285394573,0.1186593285394573,google-bert_bert-base-uncased_ISEAR_3ee76d,/Volumes/Amirali/hidden_states/experiments/baseline_v5_001/models/google-bert/bert-base-uncased/datasets/ISEAR/analysis/probes/probe_run__google-bert_bert-base-uncased__datasets__maxfull__rep5__probes=linear_logistic+mlp_1_hidden+mlp_2_hidden+mlp_3_hidden__hash3ee76dd13b29,,,,
4,3280954879,layer_12,12,1.0,mlp_2_hidden,mlp,2_hidden,single_label,768,13,7,6132,767,767,370567,"[384, 192]",17.0,0.6151530430734652,-0.006573368795216,0.1595688760280609,0.0355512067840834,0.8830724070450098,0.8830651132761915,0.8842305698699613,0.8842125962589116,0.8895060886442351,0.8830651132761915,0.8643518879918205,0.8635830484877887,0.3674913964513883,0.692469284476166,0.9901482430331552,0.9557685099867508,0.6140808344198174,0.6140950792326939,0.6151530430734652,0.6152255643340614,0.6259005013958605,0.6140950792326939,0.5517035425034803,0.5497790857242577,1.3054790645267778,0.2710426570158855,0.8873270798109587,0.6495858099217667,0.6075619295958279,0.6074824258310496,0.6108569970760823,0.6108514963141947,0.6214969314197759,0.6074824258310496,0.5435013489051412,0.5421349595914522,1.2354293848415605,0.2907099091364528,0.8938668217187675,0.6591907976305513,0.6108569970760823,0.6074824258310496,0.7717506744525706,0.2907099091364528,,,0.0,0.986452360828441,0.4967133156023919,0.02,0.5121511070881726,0.4921511070881725,0.2733735727938789,0.2733735727938789,google-bert_bert-base-uncased_ISEAR_3ee76d,/Volumes/Amirali/hidden_states/experiments/baseline_v5_001/models/google-bert/bert-base-uncased/datasets/ISEAR/analysis/probes/probe_run__google-bert_bert-base-uncased__datasets__maxfull__rep5__probes=linear_logistic+mlp_1_hidden+mlp_2_hidden+mlp_3_hidden__hash3ee76dd13b29,,,,
4,3349353849,layer_12,12,1.0,mlp_3_hidden,mlp,3_hidden,single_label,768,13,7,6132,767,767,388423,"[384, 192, 96]",15.0,0.6061744025889608,-0.006573368795216,0.1595688760280609,0.0355512067840834,0.728310502283105,0.7283448266372246,0.7278472884561794,0.7278092850523262,0.7291882604879072,0.7283448266372246,0.6833174815928397,0.6830279555244925,0.7506429198524449,0.4720629565111057,0.9502526081154375,0.8102119198337739,0.6075619295958279,0.607565828666746,0.6061744025889608,0.6062073931403538,0.6086679844603176,0.607565828666746,0.5427803497714474,0.5421567519221654,1.0996970563152886,0.3329719401668527,0.8946415692620312,0.6680886355589539,0.6271186440677966,0.627070177528893,0.6243547564642805,0.6243593468736229,0.6246793930844372,0.627070177528893,0.5654547670298476,0.5649633704718804,1.066372480783598,0.3442550469450255,0.8977126867215806,0.6660580372990194,0.6243547564642805,0.627070177528893,0.7827273835149238,0.3442550469450255,,,0.0,0.9780301977434602,0.4967133156023919,0.02,0.5246225135216108,0.5046225135216108,0.1034925319918989,0.1034925319918989,google-bert_bert-base-uncased_ISEAR_3ee76d,/Volumes/Amirali/hidden_states/experiments/baseline_v5_001/models/google-bert/bert-base-uncased/datasets/ISEAR/analysis/probes/probe_run__google-bert_bert-base-uncased__datasets__maxfull__rep5__probes=linear_logistic+mlp_1_hidden+mlp_2_hidden+mlp_3_hidden__hash3ee76dd13b29,,,,
0,329176201,layer_0,0,0.0,linear_logistic,logistic,linear,single_label,768,13,7,400,50,50,5383,[],,,-0.0176043044775724,0.1957135498523712,0.0476190476190476,0.995,0.9946014769544184,0.9953701949487216,0.9950094892058012,0.9962406015037594,0.9946014769544184,0.9941698965157068,0.9941480256901672,0.0247116606001001,0.975591172850423,0.9999648241754688,0.9996084284223498,0.46,0.4501133786848072,0.4543313829028115,0.4597902097902098,0.5330193615907902,0.4501133786848072,0.3735580786045429,0.3658994833255049,2.2449791728250514,0.1059297465679349,0.7795249513201866,0.4831955117371876,0.34,0.3414965986394557,0.3507020757020757,0.3511880341880342,0.3992063492063492,0.3414965986394557,0.2319691734080051,0.2296918767507003,2.163627525916282,0.1149075340344544,0.7477422300844229,0.5002038276942712,0.3507020757020757,0.3414965986394557,0.6159845867040026,0.1149075340344544,0.1444139484608303,0.2062881272412453,0.2406694817814528,1.0,0.4911978477612138,0.0152743030116885,0.4154822388748344,0.4002079358631458,0.6446681192466459,0.6446681192466459,google-bert_bert-base-uncased_ISEAR_0_092014,/Volumes/Amirali/hidden_states/experiments/baseline_v5_001/models/google-bert/bert-base-uncased/datasets/ISEAR/analysis/probes/matrix_runs/unified_v4_20260830_092014,,,,
0,3129711444,layer_0,0,0.0,mlp_1_hidden,mlp,1_hidden,single_label,768,13,7,400,50,50,297991,[384],25.0,0.4925215449512125,-0.0176043044775724,0.1957135498523712,0.0476190476190476,0.985,0.9831683322679724,0.985428868517104,0.9850385286690434,0.9883610060825252,0.9831683322679724,0.9825713233824332,0.9824341830797269,0.1176020547978917,0.8890497753213469,0.9998854515335004,0.9991724959389988,0.5,0.5034013605442177,0.4925215449512125,0.4895160338382844,0.5327380952380952,0.5034013605442177,0.4254710760581008,0.415614773258532,1.528251585188787,0.2169145926466987,0.8148804890560015,0.5285501919913927,0.38,0.3823129251700679,0.3789172889128661,0.3764491545606096,0.3959183673469387,0.3823129251700679,0.2751349559898954,0.2733239568682606,1.6872153048280032,0.1850340707159738,0.7406429146711538,0.4889848704260317,0.3789172889128661,0.3823129251700679,0.6375674779949477,0.1850340707159738,0.1132851971197835,0.2656320917930825,0.3099041070919295,1.0,0.4911978477612138,0.02,0.4527555035810128,0.4327555035810128,0.606511579604238,0.606511579604238,google-bert_bert-base-uncased_ISEAR_0_092014,/Volumes/Amirali/hidden_states/experiments/baseline_v5_001/models/google-bert/bert-base-uncased/datasets/ISEAR/analysis/probes/matrix_runs/unified_v4_20260830_092014,,,,
0,3280942911,layer_0,0,0.0,mlp_2_hidden,mlp,2_hidden,single_label,768,13,7,400,50,50,370567,"[384, 192]",24.0,0.4611413796287746,-0.0176043044775724,0.1957135498523712,0.0476190476190476,0.99,0.9889992360580596,0.99060098118524,0.9900064746938236,0.9926739926739928,0.9889992360580596,0.9883864035991844,0.9882921118103322,0.070475514204525,0.9319505587972008,0.9997198369785224,0.998418121164713,0.48,0.4750566893424036,0.4611413796287746,0.4667420814479638,0.5017006802721088,0.4750566893424036,0.3998894518067403,0.3919550982226381,1.8876654393585424,0.1514249071396441,0.8029322155304653,0.5186613499422421,0.4,0.4027210884353741,0.4146696440814087,0.4119659947895242,0.4549319727891156,0.4027210884353741,0.298448143835909,0.2967651195499295,1.966591630055066,0.1399329877276236,0.756373919546677,0.4908219525802391,0.4146696440814087,0.4027210884353741,0.6492240719179545,0.1399329877276236,0.1159283837855266,0.298741260295882,0.3485314703451957,1.0,0.4911978477612138,0.02,0.4697186703032137,0.4497186703032136,0.5759313371038314,0.5759313371038314,google-bert_bert-base-uncased_ISEAR_0_092014,/Volumes/Amirali/hidden_states/experiments/baseline_v5_001/models/google-bert/bert-base-uncased/datasets/ISEAR/analysis/probes/matrix_runs/unified_v4_20260830_092014,,,,
0,3349341881,layer_0,0,0.0,mlp_3_hidden,mlp,3_hidden,single_label,768,13,7,400,50,50,388423,"[384, 192, 96]",26.0,0.4517530088958659,-0.0176043044775724,0.1957135498523712,0.0476190476190476,0.9825,0.9819047310043708,0.9826226212095778,0.982606019433465,0.9842342342342344,0.9819047310043708,0.9796569739597154,0.9795207864018022,0.0462706622101911,0.9547835034014942,0.9999137386288212,0.9993758197248992,0.46,0.4637188208616779,0.4517530088958659,0.4508131868131868,0.5295023272466881,0.4637188208616779,0.3878609923022596,0.3709226467847157,2.752569780586695,0.0637637915318521,0.766386020366654,0.4654403447276299,0.44,0.4312925170068027,0.428345672706575,0.4375205496258127,0.4784580498866213,0.4312925170068027,0.350959950203053,0.3436474449132676,2.6618583415064143,0.0698183547668588,0.7514216320777783,0.4914200941044069,0.428345672706575,0.4312925170068027,0.6754799751015266,0.0698183547668588,0.1212474033902605,0.3070982693163144,0.3582813142023668,1.0,0.4911978477612138,0.02,0.4763002826981131,0.456300282698113,0.5542769485030028,0.5542769485030028,google-bert_bert-base-uncased_ISEAR_0_092014,/Volumes/Amirali/hidden_states/experiments/baseline_v5_001/models/google-bert/bert-base-uncased/datasets/ISEAR/analysis/probes/matrix_runs/unified_v4_20260830_092014,,,,
0,329177198,layer_1,1,0.0833333333333333,linear_logistic,logistic,linear,single_label,768,13,7,400,50,50,5383,[],,,-0.010576918721199,0.139449268579483,0.0476190476190476,0.995,0.9946014769544184,0.9953701949487216,0.9950094892058012,0.9962406015037594,0.9946014769544184,0.9941698965157068,0.9941480256901672,0.023895777457174,0.976387466039662,0.9999648241754688,0.9996084284223498,0.46,0.4512471655328798,0.4373721516578659,0.4438628038628038,0.469047619047619,0.4512471655328798,0.3749263927593682,0.3656015037593985,1.9840380492250795,0.1375128310880764,0.8160613391956071,0.5522839181311265,0.4,0.3965986394557824,0.389010989010989,0.393076923076923,0.3888321995464852,0.3965986394557824,0.2972730559257956,0.2964352720450282,2.08141532915775,0.1247535198949536,0.7785007047216349,0.5243977734282578,0.389010989010989,0.3965986394557824,0.6486365279628978,0.1247535198949536,0.1400445918358346,0.2489663971751543,0.2904607967043467,1.0,0.4947115406394005,0.0152743030116885,0.4493411107278841,0.4340668077161955,0.6063592059377325,0.6063592059377325,google-bert_bert-base-uncased_ISEAR_0_092014,/Volumes/Amirali/hidden_states/experiments/baseline_v5_001/models/google-bert/bert-base-uncased/datasets/ISEAR/analysis/probes/matrix_runs/unified_v4_20260830_092014,,,,
0,3129712441,layer_1,1,0.0833333333333333,mlp_1_hidden,mlp,1_hidden,single_label,768,13,7,400,50,50,297991,[384],20.0,0.4465642127296263,-0.010576918721199,0.139449268579483,0.0476190476190476,0.94,0.9402101248857556,0.9424521802341352,0.9402955779600516,0.9454945135240084,0.9402101248857556,0.9298968095754764,0.9297398177626524,0.3598164948647505,0.6978043650071489,0.9957929579797948,0.9807822856741591,0.48,0.4671201814058957,0.4465642127296263,0.4586855600539811,0.4639586603872318,0.4671201814058957,0.3965393628976734,0.3905297702766056,1.3128907906982346,0.2690411893886211,0.8554511218193255,0.5963774988091137,0.52,0.5068027210884353,0.482014121144556,0.4894607952434039,0.5053779553779554,0.5068027210884353,0.4388446006325458,0.4331601322626358,1.4807959989057684,0.2274565611310588,0.7940938574161164,0.5501281677033737,0.482014121144556,0.5068027210884353,0.719422300316273,0.2274565611310588,0.0955039973312957,0.3865101238132602,0.4509284777821369,1.0,0.4947115406394005,0.02,0.5421042121983485,0.5221042121983485,0.4604380590895791,0.4604380590895791,google-bert_bert-base-uncased_ISEAR_0_092014,/Volumes/Amirali/hidden_states/experiments/baseline_v5_001/models/google-bert/bert-base-uncased/datasets/ISEAR/analysis/probes/matrix_runs/unified_v4_20260830_092014,,,,
0,3280943908,layer_1,1,0.0833333333333333,mlp_2_hidden,mlp,2_hidden,single_label,768,13,7,400,50,50,370567,"[384, 192]",23.0,0.4844525222676483,-0.010576918721199,0.139449268579483,0.0476190476190476,0.9825,0.9826751780098636,0.98325992847732,0.982525494071146,0.9842815595137576,0.9826751780098636,0.9795836766767968,0.9795191386334876,0.103492435052723,0.9016828438992291,0.9996034841809448,0.9978500186686948,0.5,0.4954648526077097,0.4844525222676483,0.4899506375976964,0.5115646258503401,0.4954648526077097,0.4236081434004608,0.415614773258532,1.651910631868286,0.1916833222623503,0.8327156787877151,0.5603712968135381,0.52,0.5129251700680272,0.516207414139745,0.5246464237516869,0.5276077097505668,0.5129251700680272,0.4409435688629468,0.4384651380439868,1.6776991553179783,0.1868032873109317,0.8046191626756409,0.5529547121068827,0.516207414139745,0.5129251700680272,0.7204717844314734,0.1868032873109317,0.1200034790778892,0.3962039350618557,0.4622379242388317,1.0,0.4947115406394005,0.02,0.5499248873206909,0.5299248873206909,0.4670525143375749,0.4670525143375749,google-bert_bert-base-uncased_ISEAR_0_092014,/Volumes/Amirali/hidden_states/experiments/baseline_v5_001/models/google-bert/bert-base-uncased/datasets/ISEAR/analysis/probes/matrix_runs/unified_v4_20260830_092014,,,,
0,3349342878,layer_1,1,0.0833333333333333,mlp_3_hidden,mlp,3_hidden,single_label,768,13,7,400,50,50,388423,"[384, 192, 96]",23.0,0.506959706959707,-0.010576918721199,0.139449268579483,0.0476190476190476,0.935,0.9362795443218902,0.9353500482697404,0.9353053551972756,0.935434552964734,0.9362795443218902,0.9241639494266306,0.9239882766534376,0.1966424407521891,0.8214843101181145,0.9967907445590224,0.9833977064279,0.52,0.5158730158730158,0.506959706959707,0.5088205128205128,0.5495670995670996,0.5158730158730158,0.4467074289874029,0.4371482176360225,1.8215231133064245,0.1617791552009436,0.8314667768824645,0.5689788160060484,0.5,0.4959183673469388,0.4990307311735883,0.5017773892773892,0.5142496392496393,0.4959183673469388,0.414707715211159,0.4131455399061032,1.5836856008809317,0.2052173534316365,0.8145769512879149,0.567122707947876,0.4990307311735883,0.4959183673469388,0.7073538576055796,0.2052173534316365,0.0912396193908798,0.4077911117827084,0.4757562970798265,1.0,0.4947115406394005,0.02,0.5456570883273738,0.5256570883273738,0.4363193170961521,0.4363193170961521,google-bert_bert-base-uncased_ISEAR_0_092014,/Volumes/Amirali/hidden_states/experiments/baseline_v5_001/models/google-bert/bert-base-uncased/datasets/ISEAR/analysis/probes/matrix_runs/unified_v4_20260830_092014,,,,
0,329178195,layer_2,2,0.1666666666666666,linear_logistic,logistic,linear,single_label,768,13,7,400,50,50,5383,[],,,-0.011583000421524,0.1319030672311782,0.0476190476190476,0.995,0.9946014769544184,0.9953701949487216,0.9950094892058012,0.9962406015037594,0.9946014769544184,0.9941698965157068,0.9941480256901672,0.0233030279959049,0.9769663907458502,0.9999648241754688,0.9996084284223498,0.4,0.3900226757369615,0.3836734693877551,0.3912380952380953,0.4222919937205651,0.3900226757369615,0.301110076479777,0.2961051149694979,1.9959215168053568,0.1358883730319776,0.8120053311893518,0.5445621711810795,0.4,0.3870748299319727,0.3912264206381853,0.4021431509666804,0.4156462585034014,0.3870748299319727,0.2967464977080756,0.2947813822284907,2.02682086580933,0.1317537187952211,0.7736202557132791,0.5009494423583996,0.3912264206381853,0.3870748299319727,0.6483732488540378,0.1317537187952211,0.1386593368791511,0.2525670837590342,0.2946615977188733,1.0,0.494208499789238,0.0152743030116885,0.4499419333902065,0.434667630378518,0.6041437743105362,0.6041437743105362,google-bert_bert-base-uncased_ISEAR_0_092014,/Volumes/Amirali/hidden_states/experiments/baseline_v5_001/models/google-bert/bert-base-uncased/datasets/ISEAR/analysis/probes/matrix_runs/unified_v4_20260830_092014,,,,
0,3129713438,layer_2,2,0.1666666666666666,mlp_1_hidden,mlp,1_hidden,single_label,768,13,7,400,50,50,297991,[384],19.0,0.4476259734663096,-0.011583000421524,0.1319030672311782,0.0476190476190476,0.925,0.9224565283672048,0.9263678856201228,0.9251043314511304,0.932905698113205,0.9224565283672048,0.9125959992279912,0.9121059416383452,0.4385762111675103,0.6449540460442666,0.9944837921529198,0.9762678990447526,0.48,0.4716553287981859,0.4476259734663096,0.4546734539969834,0.4367553081838796,0.4716553287981859,0.3932107519142186,0.3896713615023475,1.3794521475360373,0.2517164187515117,0.8394371353106465,0.5745840254346833,0.46,0.4421768707482992,0.4098116169544741,0.4209010989010989,0.4843014128728414,0.4421768707482992,0.3695295372771883,0.3601895734597156,1.5439126635683915,0.2135439391368746,0.7733977290704864,0.5143776267618932,0.4098116169544741,0.4421768707482992,0.6847647686385941,0.2135439391368746,0.1259426733656425,0.2838689435888315,0.3311804341869701,1.0,0.494208499789238,0.02,0.4837950558871959,0.4637950558871959,0.5165562686656486,0.5165562686656486,google-bert_bert-base-uncased_ISEAR_0_092014,/Volumes/Amirali/hidden_states/experiments/baseline_v5_001/models/google-bert/bert-base-uncased/datasets/ISEAR/analysis/probes/matrix_runs/unified_v4_20260830_092014,,,,
0,3280944905,layer_2,2,0.1666666666666666,mlp_2_hidden,mlp,2_hidden,single_label,768,13,7,400,50,50,370567,"[384, 192]",24.0,0.4273155416012559,-0.011583000421524,0.1319030672311782,0.0476190476190476,0.9925,0.991800356506239,0.9929940197720742,0.99251303542135,0.99443413729128,0.991800356506239,0.991271465356222,0.9912205614450956,0.0571201983573844,0.944480537534297,0.9998270580829566,0.998865370666362,0.46,0.4512471655328798,0.4273155416012559,0.4340073260073259,0.429112554112554,0.4512471655328798,0.3704131330265135,0.3661971830985915,1.9652237794285397,0.1401245261206497,0.8127855587137655,0.529484229451673,0.44,0.4278911564625849,0.4237558181167203,0.4365438596491227,0.4334467120181405,0.4278911564625849,0.3454136387891173,0.3439550140581068,1.6436782800006424,0.1932678400234805,0.8100216809768304,0.5376351308095649,0.4237558181167203,0.4278911564625849,0.6727068193945587,0.1932678400234805,0.1134353741496598,0.3103204439670605,0.3620405179615705,1.0,0.494208499789238,0.02,0.4874739634918757,0.4674739634918757,0.5692382016553539,0.5692382016553539,google-bert_bert-base-uncased_ISEAR_0_092014,/Volumes/Amirali/hidden_states/experiments/baseline_v5_001/models/google-bert/bert-base-uncased/datasets/ISEAR/analysis/probes/matrix_runs/unified_v4_20260830_092014,,,,
0,3349343875,layer_2,2,0.1666666666666666,mlp_3_hidden,mlp,3_hidden,single_label,768,13,7,400,50,50,388423,"[384, 192, 96]",25.0,0.4725274725274725,-0.011583000421524,0.1319030672311782,0.0476190476190476,0.98,0.978313343863484,0.9800275109357088,0.9800208489639848,0.9822120529947964,0.978313343863484,0.9766972089632862,0.9765825100622028,0.1007755070206496,0.9041359822850552,0.9993030775687712,0.9966148375903104,0.5,0.492063492063492,0.4725274725274725,0.479076923076923,0.475024975024975,0.492063492063492,0.4191162418824287,0.4131455399061033,2.040872926578716,0.1299152548872834,0.80187181526214,0.4785267137798414,0.42,0.4197278911564625,0.4203383917669632,0.4194871794871795,0.4316326530612245,0.4197278911564625,0.3207753741818847,0.319568277803848,1.9087325211957047,0.1482681943428307,0.8021365649854021,0.5368343857660033,0.4203383917669632,0.4197278911564625,0.6603876870909423,0.1482681943428307,0.1250937811021844,0.2952446106647788,0.3444520457755752,1.0,0.494208499789238,0.02,0.4755295882577116,0.4555295882577115,0.5596891191687454,0.5596891191687454,google-bert_bert-base-uncased_ISEAR_0_092014,/Volumes/Amirali/hidden_states/experiments/baseline_v5_001/models/google-bert/bert-base-uncased/datasets/ISEAR/analysis/probes/matrix_runs/unified_v4_20260830_092014,,,,
0,329179192,layer_3,3,0.25,linear_logistic,logistic,linear,single_label,768,13,7,400,50,50,5383,[],,,-0.0123982792720198,0.148828238248825,0.0476190476190476,0.995,0.9946014769544184,0.9953701949487216,0.9950094892058012,0.9962406015037594,0.9946014769544184,0.9941698965157068,0.9941480256901672,0.023138257063211,0.9771273796720475,0.9999648241754688,0.9996084284223498,0.4,0.3945578231292517,0.3876671574039995,0.3949138142559195,0.4080498866213151,0.3945578231292517,0.3034572201596365,0.3000466635557629,2.0573396180224184,0.1277934975757074,0.8033756335859082,0.5568824908444903,0.42,0.401360544217687,0.4096062667491238,0.4258297258297259,0.482452071737786,0.401360544217687,0.3228946330272451,0.318609022556391,2.169885417656081,0.1141907003993592,0.7610389250837756,0.4776772798123384,0.4096062667491238,0.401360544217687,0.6614473165136225,0.1141907003993592,0.1038354404453475,0.3057708263037763,0.3567326306877389,1.0,0.49380086036399,0.0152743030116885,0.4692783849926605,0.454004081980972,0.5857639281995977,0.5857639281995977,google-bert_bert-base-uncased_ISEAR_0_092014,/Volumes/Amirali/hidden_states/experiments/baseline_v5_001/models/google-bert/bert-base-uncased/datasets/ISEAR/analysis/probes/matrix_runs/unified_v4_20260830_092014,,,,
0,3129714435,layer_3,3,0.25,mlp_1_hidden,mlp,1_hidden,single_label,768,13,7,400,50,50,297991,[384],16.0,0.4801020408163264,-0.0123982792720198,0.148828238248825,0.0476190476190476,0.8075,0.8000740070483393,0.80475713780022,0.805343908748166,0.8405746983425592,0.8000740070483393,0.7777626554947392,0.7740643476474817,0.8213036641915181,0.4398578536323012,0.9756071137067208,0.902418680554132,0.5,0.4909297052154195,0.4801020408163264,0.4845476190476191,0.5021541950113378,0.4909297052154195,0.4159506508201011,0.412593984962406,1.4489898882359276,0.2348073500106618,0.81952768216037,0.5218619461212318,0.44,0.4156462585034013,0.3834467120181406,0.4017777777777778,0.3723046794475366,0.4156462585034013,0.3437735075152231,0.3371212121212121,1.602512715377025,0.201389846336738,0.7453570349915866,0.4450976857200399,0.3834467120181406,0.4156462585034013,0.6718867537576115,0.201389846336738,0.1632691979994058,0.2201775140187347,0.2568737663551905,1.0,0.49380086036399,0.02,0.4551954107665985,0.4351954107665984,0.4213104257820793,0.4213104257820793,google-bert_bert-base-uncased_ISEAR_0_092014,/Volumes/Amirali/hidden_states/experiments/baseline_v5_001/models/google-bert/bert-base-uncased/datasets/ISEAR/analysis/probes/matrix_runs/unified_v4_20260830_092014,,,,
0,3280945902,layer_3,3,0.25,mlp_2_hidden,mlp,2_hidden,single_label,768,13,7,400,50,50,370567,"[384, 192]",29.0,0.3611721611721611,-0.0123982792720198,0.148828238248825,0.0476190476190476,0.995,0.9946014769544184,0.9953701949487216,0.9950094892058012,0.9962406015037594,0.9946014769544184,0.9941698965157068,0.9941480256901672,0.0182651010015675,0.9819006949942946,0.999940745776201,0.9994691914410072,0.4,0.3900226757369615,0.3611721611721611,0.3699487179487179,0.3655011655011654,0.3900226757369615,0.3011477464894164,0.2964352720450282,2.615807168086464,0.0731087538207285,0.8149482485030657,0.5073608523736743,0.38,0.3666666666666666,0.3732795682375514,0.3853695324283558,0.3959183673469387,0.3666666666666666,0.2750551222745481,0.272983114446529,2.698413934665348,0.0673121896497151,0.7456788698566108,0.4799153423361836,0.3732795682375514,0.3666666666666666,0.637527561137274,0.0673121896497151,0.1491661777376063,0.2241133904999451,0.2614656222499359,1.0,0.49380086036399,0.02,0.4276634126631372,0.4076634126631371,0.6220906267111701,0.6220906267111701,google-bert_bert-base-uncased_ISEAR_0_092014,/Volumes/Amirali/hidden_states/experiments/baseline_v5_001/models/google-bert/bert-base-uncased/datasets/ISEAR/analysis/probes/matrix_runs/unified_v4_20260830_092014,,,,
0,3349344872,layer_3,3,0.25,mlp_3_hidden,mlp,3_hidden,single_label,768,13,7,400,50,50,388423,"[384, 192, 96]",25.0,0.4452690166975881,-0.0123982792720198,0.148828238248825,0.0476190476190476,0.98,0.9814115767462624,0.9805228264069652,0.9799359482308788,0.9801248906787674,0.9814115767462624,0.976685558971081,0.9766069901237636,0.0912155638619166,0.9128209184869344,0.9991846615236516,0.9962336911459008,0.46,0.4501133786848072,0.4452690166975881,0.4527272727272727,0.4729413443699158,0.4501133786848072,0.3721968891068116,0.3670886075949366,2.161808773617378,0.1151167125404242,0.7958982996763565,0.4813354564104338,0.48,0.4755102040816326,0.4706026000143647,0.4786264454499748,0.4826530612244898,0.4755102040816326,0.3947375394628868,0.3925233644859812,2.0758978288315197,0.125443749902775,0.77367936603817,0.4908914179067624,0.4706026000143647,0.4755102040816326,0.6973687697314435,0.125443749902775,0.1499982277293201,0.3206043722850445,0.3740384343325519,1.0,0.49380086036399,0.02,0.5056246009505401,0.48562460095054,0.5099202263926004,0.5099202263926004,google-bert_bert-base-uncased_ISEAR_0_092014,/Volumes/Amirali/hidden_states/experiments/baseline_v5_001/models/google-bert/bert-base-uncased/datasets/ISEAR/analysis/probes/matrix_runs/unified_v4_20260830_092014,,,,
0,329180189,layer_4,4,0.3333333333333333,linear_logistic,logistic,linear,single_label,768,13,7,400,50,50,5383,[],,,-0.0124456118792295,0.1558495461940765,0.0476190476190476,0.995,0.9946014769544184,0.9953701949487216,0.9950094892058012,0.9962406015037594,0.9946014769544184,0.9941698965157068,0.9941480256901672,0.0231596341643572,0.977106491744482,0.9999648241754688,0.9996084284223498,0.34,0.328798185941043,0.3175998604570033,0.3290256410256411,0.3321995464852607,0.328798185941043,0.2316060200012759,0.227889564810482,2.2499850718374925,0.1054007979903609,0.7962710497148551,0.5179041811697079,0.4,0.3904761904761905,0.3816693110810757,0.385830796654326,0.4047619047619047,0.3904761904761905,0.2948182612987772,0.2890995260663508,2.0969522388284427,0.1228302155180376,0.7774611683997066,0.51399179765446,0.3816693110810757,0.3904761904761905,0.6474091306493887,0.1228302155180376,0.1361384295263109,0.2455308815547648,0.2864526951472256,1.0,0.4937771940603852,0.0152743030116885,0.445362546223374,0.4300882432116855,0.6137008838676459,0.6137008838676459,google-bert_bert-base-uncased_ISEAR_0_092014,/Volumes/Amirali/hidden_states/experiments/baseline_v5_001/models/google-bert/bert-base-uncased/datasets/ISEAR/analysis/probes/matrix_runs/unified_v4_20260830_092014,,,,
0,3129715432,layer_4,4,0.3333333333333333,mlp_1_hidden,mlp,1_hidden,single_label,768,13,7,400,50,50,297991,[384],16.0,0.3660407752844727,-0.0124456118792295,0.1558495461940765,0.0476190476190476,0.805,0.7983671557537583,0.8016648350336004,0.8021311506744729,0.8294751233826864,0.7983671557537583,0.7736335812775087,0.7711972543670524,0.8036884194995209,0.4476747030840388,0.9757627186426856,0.9025748640753974,0.4,0.3854875283446712,0.3660407752844727,0.3787199597787832,0.3815089672232529,0.3854875283446712,0.3001947472916652,0.295774647887324,1.5456351528521637,0.2131764285974459,0.7935116792381196,0.459501354491307,0.44,0.4251700680272108,0.4214028035456607,0.4282604617604618,0.530921459492888,0.4251700680272108,0.3435739634753081,0.3374349266445812,1.6219796697995283,0.1975073125415548,0.7418608606233191,0.4649462004299539,0.4214028035456607,0.4251700680272108,0.671786981737654,0.1975073125415548,0.1046313822629612,0.3167714212826995,0.3695666581631494,1.0,0.4937771940603852,0.02,0.4882471809409495,0.4682471809409495,0.3802620314879397,0.3802620314879397,google-bert_bert-base-uncased_ISEAR_0_092014,/Volumes/Amirali/hidden_states/experiments/baseline_v5_001/models/google-bert/bert-base-uncased/datasets/ISEAR/analysis/probes/matrix_runs/unified_v4_20260830_092014,,,,
0,3280946899,layer_4,4,0.3333333333333333,mlp_2_hidden,mlp,2_hidden,single_label,768,13,7,400,50,50,370567,"[384, 192]",17.0,0.4075199645075421,-0.0124456118792295,0.1558495461940765,0.0476190476190476,0.695,0.6779334710902437,0.6657718332986128,0.6730080854608153,0.7603273649609147,0.6779334710902437,0.6496225093591115,0.6407829165777212,0.9053555012978394,0.4043980954980442,0.962971402188082,0.8562813881837258,0.44,0.4263038548752834,0.4075199645075421,0.4167608695652173,0.4011904761904761,0.4263038548752834,0.3460544675202842,0.3402450518378888,1.5518774274918508,0.211849867470435,0.7856024300092852,0.458841524230301,0.36,0.3401360544217687,0.3157764541223188,0.3310193665983139,0.3964285714285714,0.3401360544217687,0.2507843812023078,0.2434988179669029,1.676520392766717,0.187023613861298,0.7383055040197898,0.4691433440832713,0.3157764541223188,0.3401360544217687,0.6253921906011539,0.187023613861298,0.1243188360104691,0.1914576181118496,0.2233672211304912,1.0,0.4937771940603852,0.02,0.4118380155992653,0.3918380155992653,0.349995379176294,0.349995379176294,google-bert_bert-base-uncased_ISEAR_0_092014,/Volumes/Amirali/hidden_states/experiments/baseline_v5_001/models/google-bert/bert-base-uncased/datasets/ISEAR/analysis/probes/matrix_runs/unified_v4_20260830_092014,,,,
0,3349345869,layer_4,4,0.3333333333333333,mlp_3_hidden,mlp,3_hidden,single_label,768,13,7,400,50,50,388423,"[384, 192, 96]",20.0,0.3944745730460016,-0.0124456118792295,0.1558495461940765,0.0476190476190476,0.77,0.7572006975792084,0.749911434762689,0.7548857263770882,0.8021653380066148,0.7572006975792084,0.7347603065830081,0.729693995974791,0.6634196712083074,0.5150868914910982,0.968547415810078,0.8791615393171647,0.42,0.4058956916099773,0.3944745730460016,0.4047668997668998,0.3943441479155765,0.4058956916099773,0.3211796126281106,0.3179680150517404,1.643417561753696,0.1933182350450879,0.7822884434889135,0.4760413281914568,0.42,0.4108843537414966,0.3941043083900227,0.4001904761904762,0.4128454878454878,0.4108843537414966,0.3219105626444715,0.3166823751178134,1.863656093532617,0.1551045158436555,0.7363010024305705,0.4756704557979529,0.3941043083900227,0.4108843537414966,0.6609552813222358,0.1551045158436555,0.1119165940549813,0.2821877143350413,0.3292190000575482,1.0,0.4937771940603852,0.02,0.46534513365596,0.4453451336559599,0.3558071263726662,0.3558071263726662,google-bert_bert-base-uncased_ISEAR_0_092014,/Volumes/Amirali/hidden_states/experiments/baseline_v5_001/models/google-bert/bert-base-uncased/datasets/ISEAR/analysis/probes/matrix_runs/unified_v4_20260830_092014,,,,
0,329181186,layer_5,5,0.4166666666666667,linear_logistic,logistic,linear,single_label,768,13,7,400,50,50,5383,[],,,-0.0114026507362723,0.1486937701702118,0.0476190476190476,0.995,0.9946014769544184,0.9953701949487216,0.9950094892058012,0.9962406015037594,0.9946014769544184,0.9941698965157068,0.9941480256901672,0.0229111946439272,0.9773492737697764,0.9999648241754688,0.9996084284223498,0.44,0.4297052154195011,0.4443397871969301,0.4525958485958485,0.5061688311688312,0.4297052154195011,0.3483443065936178,0.344569288389513,2.230800818271708,0.1074423538745356,0.7915610227315114,0.5066054401765466,0.42,0.4142857142857142,0.4165011459129106,0.417868092691622,0.4622448979591836,0.4142857142857142,0.3196923896824185,0.3157149598867389,2.0277206114868997,0.1316352272703437,0.7889984683090995,0.4989762791989882,0.4165011459129106,0.4142857142857142,0.6598461948412092,0.1316352272703437,0.1821239606953892,0.2343771852175213,0.2734400494204415,1.0,0.4942986746318638,0.0152743030116885,0.4578115391899819,0.4425372361782934,0.578869049035811,0.578869049035811,google-bert_bert-base-uncased_ISEAR_0_092014,/Volumes/Amirali/hidden_states/experiments/baseline_v5_001/models/google-bert/bert-base-uncased/datasets/ISEAR/analysis/probes/matrix_runs/unified_v4_20260830_092014,,,,
0,3129716429,layer_5,5,0.4166666666666667,mlp_1_hidden,mlp,1_hidden,single_label,768,13,7,400,50,50,297991,[384],42.0,0.4193438140806562,-0.0114026507362723,0.1486937701702118,0.0476190476190476,0.995,0.9946014769544184,0.9953701949487216,0.9950094892058012,0.9962406015037594,0.9946014769544184,0.9941698965157068,0.9941480256901672,0.0163914461452107,0.9837421625985718,0.9999648241754688,0.9996084284223498,0.44,0.4297052154195011,0.4193438140806562,0.4273205741626793,0.4450937950937951,0.4297052154195011,0.3482613255272264,0.3436474449132676,2.1766740327242915,0.1134181290019064,0.7992525530812541,0.4851204227528108,0.44,0.4496598639455782,0.4029193029193029,0.3942548562548562,0.3965118215118214,0.4496598639455782,0.3502425043256189,0.3439550140581069,1.8697441160294608,0.1541631046358482,0.7914417669816342,0.520362856927511,0.4029193029193029,0.4496598639455782,0.6751212521628095,0.1541631046358482,0.104912657269252,0.2980066456500508,0.3476744199250593,1.0,0.4942986746318638,0.02,0.4791131213262737,0.4591131213262737,0.5924508920294187,0.5924508920294187,google-bert_bert-base-uncased_ISEAR_0_092014,/Volumes/Amirali/hidden_states/experiments/baseline_v5_001/models/google-bert/bert-base-uncased/datasets/ISEAR/analysis/probes/matrix_runs/unified_v4_20260830_092014,,,,
0,3280947896,layer_5,5,0.4166666666666667,mlp_2_hidden,mlp,2_hidden,single_label,768,13,7,400,50,50,370567,"[384, 192]",21.0,0.4054495212389949,-0.0114026507362723,0.1486937701702118,0.0476190476190476,0.9375,0.9360686575650964,0.937057380122454,0.9372760339620612,0.9388125486129116,0.9360686575650964,0.9269472129827024,0.9268385473061952,0.2520484949262253,0.7772070465566454,0.9961819536537498,0.9808658007513918,0.42,0.4092970521541949,0.4054495212389949,0.4162294197031038,0.438095238095238,0.4092970521541949,0.3256261996418602,0.3217960710944808,1.808615728842724,0.1638808353739957,0.8087401326401407,0.5001807597952934,0.46,0.4612244897959183,0.4440376150460184,0.4416330532212885,0.4461038961038961,0.4612244897959183,0.3675629931832976,0.3653032440056417,1.6168285620141551,0.1985273188226081,0.791453092865053,0.5153609771793434,0.4440376150460184,0.4612244897959183,0.6837814965916488,0.1985273188226081,0.1556072312374833,0.2884303838085351,0.336502114443291,1.0,0.4942986746318638,0.02,0.4946283902221519,0.4746283902221518,0.4930197650764354,0.4930197650764354,google-bert_bert-base-uncased_ISEAR_0_092014,/Volumes/Amirali/hidden_states/experiments/baseline_v5_001/models/google-bert/bert-base-uncased/datasets/ISEAR/analysis/probes/matrix_runs/unified_v4_20260830_092014,,,,
0,3349346866,layer_5,5,0.4166666666666667,mlp_3_hidden,mlp,3_hidden,single_label,768,13,7,400,50,50,388423,"[384, 192, 96]",25.0,0.3969733347884608,-0.0114026507362723,0.1486937701702118,0.0476190476190476,0.99,0.989869854575737,0.9906365787299568,0.9900180700638872,0.991503759398496,0.989869854575737,0.9883177934649764,0.9882960513803344,0.0580294853395739,0.9436221240078532,0.9998556731553704,0.9990065375747686,0.42,0.4138321995464852,0.3969733347884608,0.4042210338680927,0.4112244897959183,0.4138321995464852,0.3275142485243847,0.3221131369798972,2.670354746876374,0.0692276626557554,0.7807525285849571,0.4565390689418133,0.5,0.4959183673469388,0.4802102659245516,0.4825541125541125,0.4811997526283241,0.4959183673469388,0.4142758693475321,0.4123178185237425,1.9317338415791263,0.1448967525486575,0.8222761789705311,0.5447632075822868,0.4802102659245516,0.4959183673469388,0.7071379346737661,0.1448967525486575,0.1319410633075229,0.3482692026170286,0.4063140697198667,1.0,0.4942986746318638,0.02,0.520978434714676,0.500978434714676,0.5104263128054053,0.5104263128054053,google-bert_bert-base-uncased_ISEAR_0_092014,/Volumes/Amirali/hidden_states/experiments/baseline_v5_001/models/google-bert/bert-base-uncased/datasets/ISEAR/analysis/probes/matrix_runs/unified_v4_20260830_092014,,,,
0,329182183,layer_6,6,0.5,linear_logistic,logistic,linear,single_label,768,13,7,400,50,50,5383,[],,,-0.0108287446200847,0.148315891623497,0.0476190476190476,0.995,0.9946014769544184,0.9953701949487216,0.9950094892058012,0.9962406015037594,0.9946014769544184,0.9941698965157068,0.9941480256901672,0.0227411716126455,0.9775154597832482,0.9999648241754688,0.9996084284223498,0.46,0.4421768707482993,0.4173841196397587,0.4290364372469635,0.4421768707482993,0.4421768707482993,0.3725903440624004,0.3638077285579641,2.190105986249504,0.1119048876094492,0.8092167434704505,0.5210741777628785,0.48,0.4693877551020408,0.4698285841142984,0.4728422688422688,0.557939084724799,0.4693877551020408,0.3930342454267432,0.3844696969696971,1.847559448374972,0.157621380391828,0.8090565718887978,0.5344542198115112,0.4698285841142984,0.4693877551020408,0.6965171227133716,0.157621380391828,0.1343262946204122,0.3355022894938861,0.3914193377428671,1.0,0.4945856276899576,0.0152743030116885,0.5111181646731406,0.4958438616614521,0.5255416108344232,0.5255416108344232,google-bert_bert-base-uncased_ISEAR_0_092014,/Volumes/Amirali/hidden_states/experiments/baseline_v5_001/models/google-bert/bert-base-uncased/datasets/ISEAR/analysis/probes/matrix_runs/unified_v4_20260830_092014,,,,
0,3129717426,layer_6,6,0.5,mlp_1_hidden,mlp,1_hidden,single_label,768,13,7,400,50,50,297991,[384],37.0,0.4544606288851813,-0.0108287446200847,0.148315891623497,0.0476190476190476,0.9925,0.9935415935415934,0.9926508041949972,0.9925614283918922,0.992063492063492,0.9935415935415934,0.991278714970598,0.9912279419289756,0.0201021955184495,0.980098506513539,0.9999648241754688,0.9996084284223498,0.46,0.4501133786848072,0.4544606288851813,0.4596857975783807,0.5142857142857143,0.4501133786848072,0.3713735097050558,0.3658994833255049,1.892253774830697,0.1507317103926046,0.8185160113994893,0.5287176644418912,0.52,0.5197278911564627,0.5108558108558109,0.5085174825174825,0.5333333333333333,0.5197278911564627,0.4384124567503384,0.4352941176470588,1.6887709461532572,0.1847464478460038,0.8163596812932361,0.5334219526497,0.5108558108558109,0.5197278911564627,0.7192062283751692,0.1847464478460038,0.1306617938823452,0.3801940169734656,0.4435596864690432,1.0,0.4945856276899576,0.02,0.5454699341066045,0.5254699341066045,0.4817949933391862,0.4817949933391862,google-bert_bert-base-uncased_ISEAR_0_092014,/Volumes/Amirali/hidden_states/experiments/baseline_v5_001/models/google-bert/bert-base-uncased/datasets/ISEAR/analysis/probes/matrix_runs/unified_v4_20260830_092014,,,,
0,3280948893,layer_6,6,0.5,mlp_2_hidden,mlp,2_hidden,single_label,768,13,7,400,50,50,370567,"[384, 192]",21.0,0.4250352821781393,-0.0108287446200847,0.148315891623497,0.0476190476190476,0.935,0.931730017932339,0.9335359994759932,0.9347002243430744,0.936278634380006,0.931730017932339,0.9240397072505546,0.923883688420806,0.2578088805950076,0.7727429041590361,0.996445103247975,0.9821133130025812,0.44,0.4342403628117913,0.4250352821781393,0.4281363081363081,0.5047619047619047,0.4342403628117913,0.3508855692999542,0.343031440638198,1.7518069005570076,0.1734602347208222,0.8041760895561235,0.4968221241833923,0.46,0.4673469387755102,0.4585157949819604,0.4522334682860998,0.4562358276643991,0.4673469387755102,0.3688409603668512,0.3679775280898876,1.466994689023135,0.2306175221434808,0.8124680717953143,0.5222910543783665,0.4585157949819604,0.4673469387755102,0.6844204801834256,0.2306175221434808,0.0901569718796609,0.3683588231022994,0.429751960286016,1.0,0.4945856276899576,0.02,0.5211354872453796,0.5011354872453796,0.4750202044940328,0.4750202044940328,google-bert_bert-base-uncased_ISEAR_0_092014,/Volumes/Amirali/hidden_states/experiments/baseline_v5_001/models/google-bert/bert-base-uncased/datasets/ISEAR/analysis/probes/matrix_runs/unified_v4_20260830_092014,,,,
0,3349347863,layer_6,6,0.5,mlp_3_hidden,mlp,3_hidden,single_label,768,13,7,400,50,50,388423,"[384, 192, 96]",19.0,0.4313186813186813,-0.0108287446200847,0.148315891623497,0.0476190476190476,0.6975,0.6824092562724494,0.6663103583297385,0.6748665475295573,0.7293901809133868,0.6824092562724494,0.650155016699178,0.6443765200332111,0.8189311617672819,0.4409026563647918,0.9563287882023214,0.8255286212673212,0.46,0.4467120181405896,0.4313186813186813,0.4393589743589743,0.4337301587301587,0.4467120181405896,0.3699037003373411,0.3635077793493635,1.4752696286525613,0.2287170500606293,0.8229681549307186,0.5574411498809492,0.4,0.3809523809523809,0.3552921168467387,0.3681862745098039,0.3639455782312925,0.3809523809523809,0.294423129990762,0.2894362861203221,1.690850773379773,0.184362606454025,0.745251218880787,0.4437726373975766,0.3552921168467387,0.3809523809523809,0.647211564995381,0.184362606454025,0.1358126639196962,0.2194794529270425,0.2560593617482162,1.0,0.4945856276899576,0.02,0.4374250354833925,0.4174250354833925,0.3110182414829998,0.3110182414829998,google-bert_bert-base-uncased_ISEAR_0_092014,/Volumes/Amirali/hidden_states/experiments/baseline_v5_001/models/google-bert/bert-base-uncased/datasets/ISEAR/analysis/probes/matrix_runs/unified_v4_20260830_092014,,,,
0,329183180,layer_7,7,0.5833333333333334,linear_logistic,logistic,linear,single_label,768,13,7,400,50,50,5383,[],,,-0.008558084256947,0.1464284360408783,0.0476190476190476,0.995,0.9946014769544184,0.9953701949487216,0.9950094892058012,0.9962406015037594,0.9946014769544184,0.9941698965157068,0.9941480256901672,0.0226994815861524,0.9775562132781652,0.9999648241754688,0.9996084284223498,0.42,0.4183673469387755,0.4159887731316303,0.4157642357642357,0.465986394557823,0.4183673469387755,0.3265618445964939,0.3198874296435272,2.2510566955990505,0.1052879084890865,0.7970826868707913,0.4960341026993496,0.46,0.4802721088435374,0.4684140322795784,0.4484743230625582,0.5285714285714286,0.4802721088435374,0.3706362607337996,0.3667917448405253,1.7882285614129927,0.1672561914688938,0.8137149976269578,0.5370501492948453,0.4684140322795784,0.4802721088435374,0.6853181303668998,0.1672561914688938,0.1281286174143317,0.3402854148652466,0.3969996506761211,1.0,0.4957209578715265,0.0152743030116885,0.51285364112715,0.4975793381154615,0.5269561626691432,0.5269561626691432,google-bert_bert-base-uncased_ISEAR_0_092014,/Volumes/Amirali/hidden_states/experiments/baseline_v5_001/models/google-bert/bert-base-uncased/datasets/ISEAR/analysis/probes/matrix_runs/unified_v4_20260830_092014,,,,
0,3129718423,layer_7,7,0.5833333333333334,mlp_1_hidden,mlp,1_hidden,single_label,768,13,7,400,50,50,297991,[384],27.0,0.44860853432282,-0.008558084256947,0.1464284360408783,0.0476190476190476,0.995,0.9946014769544184,0.9953701949487216,0.9950094892058012,0.9962406015037594,0.9946014769544184,0.9941698965157068,0.9941480256901672,0.0613908653930846,0.9404555763886996,0.9999567980423796,0.9995603283742496,0.46,0.4546485260770975,0.44860853432282,0.4508744588744588,0.5017006802721088,0.4546485260770975,0.3742216423646252,0.3661971830985916,1.7150738541001909,0.1799504301452394,0.8169674244850487,0.5194267122150819,0.48,0.4721088435374149,0.46507659007659,0.4671386946386946,0.4963718820861677,0.4721088435374149,0.3896505829734258,0.3853427895981087,1.5352529032974207,0.2154012086046977,0.8179738174339504,0.5271818587404637,0.46507659007659,0.4721088435374149,0.6948252914867129,0.2154012086046977,0.1386219600505314,0.3264546300260585,0.3808637350304016,1.0,0.4957209578715265,0.02,0.513808183532893,0.493808183532893,0.5302936048721316,0.5302936048721316,google-bert_bert-base-uncased_ISEAR_0_092014,/Volumes/Amirali/hidden_states/experiments/baseline_v5_001/models/google-bert/bert-base-uncased/datasets/ISEAR/analysis/probes/matrix_runs/unified_v4_20260830_092014,,,,
0,3280949890,layer_7,7,0.5833333333333334,mlp_2_hidden,mlp,2_hidden,single_label,768,13,7,400,50,50,370567,"[384, 192]",25.0,0.4465677179962894,-0.008558084256947,0.1464284360408783,0.0476190476190476,0.9875,0.9888099711629124,0.9879727685971964,0.9875986103879782,0.9874338624338624,0.9888099711629124,0.9854303767061952,0.9853799032149592,0.0481390777333083,0.9530012366084816,0.9998773107720186,0.9991310253065512,0.46,0.4546485260770975,0.4465677179962894,0.4496363636363635,0.4907235621521336,0.4546485260770975,0.375181185037355,0.3667917448405253,2.2544117669935644,0.1049352519638432,0.7859982293678914,0.4657349809225136,0.5,0.5054421768707483,0.5026473526473526,0.4977738927738928,0.5181972789115646,0.5054421768707483,0.4155316662817311,0.4139709329582747,1.6179378041132555,0.1983072260533984,0.8360212710877162,0.5397592701044219,0.5026473526473526,0.5054421768707483,0.7077658331408656,0.1983072260533984,0.0828987150415721,0.4197486376057804,0.4897067438734104,1.0,0.4957209578715265,0.02,0.5502011589371785,0.5302011589371785,0.4853254159498438,0.4853254159498438,google-bert_bert-base-uncased_ISEAR_0_092014,/Volumes/Amirali/hidden_states/experiments/baseline_v5_001/models/google-bert/bert-base-uncased/datasets/ISEAR/analysis/probes/matrix_runs/unified_v4_20260830_092014,,,,
0,3349348860,layer_7,7,0.5833333333333334,mlp_3_hidden,mlp,3_hidden,single_label,768,13,7,400,50,50,388423,"[384, 192, 96]",21.0,0.4853733568019281,-0.008558084256947,0.1464284360408783,0.0476190476190476,0.835,0.8320453223093952,0.8300820535833875,0.8314689490158632,0.8369481411854293,0.8320453223093952,0.8077421275440876,0.80681277670045,0.4918446140703824,0.6114973765388663,0.9821044238084624,0.923067718111157,0.5,0.4943310657596372,0.4853733568019281,0.4906153846153845,0.5276643990929705,0.4943310657596372,0.4236847563110856,0.4150678521291531,1.519265670377384,0.2188725525531572,0.8316417003213049,0.5399129867975759,0.44,0.4435374149659864,0.4260977118119975,0.4223030303030303,0.4122448979591837,0.4435374149659864,0.3430606848464121,0.3424142790042273,1.5857646262774496,0.2047911445451141,0.79098064172815,0.4902282409524906,0.4260977118119975,0.4435374149659864,0.6715303424232061,0.2047911445451141,0.1267668535150002,0.2993308582969973,0.3492193346798302,1.0,0.4957209578715265,0.02,0.488893620845432,0.4688936208454319,0.4039843417713899,0.4039843417713899,google-bert_bert-base-uncased_ISEAR_0_092014,/Volumes/Amirali/hidden_states/experiments/baseline_v5_001/models/google-bert/bert-base-uncased/datasets/ISEAR/analysis/probes/matrix_runs/unified_v4_20260830_092014,,,,
0,329184177,layer_8,8,0.6666666666666666,linear_logistic,logistic,linear,single_label,768,13,7,400,50,50,5383,[],,,-0.0074461926706135,0.1503699272871017,0.0476190476190476,0.995,0.9946014769544184,0.9953701949487216,0.9950094892058012,0.9962406015037594,0.9946014769544184,0.9941698965157068,0.9941480256901672,0.0236231193324445,0.9766537223119802,0.9999648241754688,0.9996084284223498,0.48,0.4784580498866213,0.4777365491651206,0.4754545454545454,0.5367608581894296,0.4784580498866213,0.3971445346000806,0.3893846876467824,2.072278061458483,0.1258986499152339,0.821222545292718,0.5646407167708187,0.4,0.4095238095238095,0.4076399790685504,0.3991794871794872,0.4299319727891156,0.4095238095238095,0.2984955259527707,0.2970946579194001,1.9170984277250165,0.1470329705752487,0.8025284405516965,0.5104468070500789,0.4076399790685504,0.4095238095238095,0.6492477629763853,0.1470329705752487,0.1152889786348432,0.2923510004337071,0.3410761671726583,1.0,0.4962769036646932,0.0152743030116885,0.468458106317458,0.4531838033057695,0.5877302158801712,0.5877302158801712,google-bert_bert-base-uncased_ISEAR_0_092014,/Volumes/Amirali/hidden_states/experiments/baseline_v5_001/models/google-bert/bert-base-uncased/datasets/ISEAR/analysis/probes/matrix_runs/unified_v4_20260830_092014,,,,
0,3129719420,layer_8,8,0.6666666666666666,mlp_1_hidden,mlp,1_hidden,single_label,768,13,7,400,50,50,297991,[384],20.0,0.5008189289701895,-0.0074461926706135,0.1503699272871017,0.0476190476190476,0.9325,0.9297193614529986,0.9326535444118595,0.9322563390411795,0.9373506064870908,0.9297193614529986,0.92123740003882,0.9209190958416624,0.3539650714220185,0.7018994832780752,0.9959798011556454,0.979765111501262,0.52,0.5113378684807256,0.5008189289701895,0.5048501694384047,0.5380952380952382,0.5113378684807256,0.4409092907084122,0.4360902255639097,1.41426692063605,0.2431037624936526,0.8310977977536603,0.5623750876311079,0.48,0.4782312925170067,0.4549200381907149,0.4563245614035087,0.4506802721088435,0.4782312925170067,0.3920740838750874,0.3896713615023475,1.4046206906993235,0.2454601441129101,0.8280112827371964,0.5557274628755405,0.4549200381907149,0.4782312925170067,0.6960370419375437,0.2454601441129101,0.1460830309944784,0.3088370071962365,0.3603098417289426,1.0,0.4962769036646932,0.02,0.5112920876561755,0.4912920876561755,0.4777335062211446,0.4777335062211446,google-bert_bert-base-uncased_ISEAR_0_092014,/Volumes/Amirali/hidden_states/experiments/baseline_v5_001/models/google-bert/bert-base-uncased/datasets/ISEAR/analysis/probes/matrix_runs/unified_v4_20260830_092014,,,,
0,3280950887,layer_8,8,0.6666666666666666,mlp_2_hidden,mlp,2_hidden,single_label,768,13,7,400,50,50,370567,"[384, 192]",19.0,0.5031925050722043,-0.0074461926706135,0.1503699272871017,0.0476190476190476,0.86,0.8557119375331051,0.8597829908068949,0.8589984767418667,0.872503409966137,0.8557119375331051,0.8370175596828231,0.8358216612795649,0.5113216221369026,0.5997024747695673,0.98214725373538,0.926723923561119,0.52,0.5113378684807256,0.5031925050722043,0.5091812865497076,0.5338126159554731,0.5113378684807256,0.4411099099799617,0.4371482176360225,1.4198541006666965,0.2417492853837136,0.8348750653770507,0.5598270871930707,0.42,0.4136054421768707,0.3875056377065877,0.3914076988654994,0.3729330193615908,0.4136054421768707,0.3181177508605831,0.3150684931506849,1.546279662205103,0.2130390786618022,0.795585709971092,0.4880209941414696,0.3875056377065877,0.4136054421768707,0.6590588754302915,0.2130390786618022,0.0894652555393779,0.2980403821672098,0.347713779195078,1.0,0.4962769036646932,0.02,0.4734365659561517,0.4534365659561517,0.4722773531003072,0.4722773531003072,google-bert_bert-base-uncased_ISEAR_0_092014,/Volumes/Amirali/hidden_states/experiments/baseline_v5_001/models/google-bert/bert-base-uncased/datasets/ISEAR/analysis/probes/matrix_runs/unified_v4_20260830_092014,,,,
0,3349349857,layer_8,8,0.6666666666666666,mlp_3_hidden,mlp,3_hidden,single_label,768,13,7,400,50,50,388423,"[384, 192, 96]",22.0,0.4692228406514121,-0.0074461926706135,0.1503699272871017,0.0476190476190476,0.895,0.8894383192393684,0.8917810895874352,0.8935968773203531,0.8981014796549961,0.8894383192393684,0.8775068032362016,0.8769519233586265,0.3399713019487727,0.7117907494768965,0.9895427775031406,0.9538879095698416,0.48,0.4784580498866213,0.4692228406514121,0.4685656565656566,0.4878014842300556,0.4784580498866213,0.3942538143919615,0.3905297702766057,1.8725516560914384,0.1537308925537735,0.8153341528777068,0.53221455986818,0.42,0.4265306122448979,0.414474251238957,0.410815233785822,0.4133786848072561,0.4265306122448979,0.324577861163227,0.3230625583566759,1.8255296384187056,0.161132279679814,0.7913337216493364,0.4913483222472795,0.414474251238957,0.4265306122448979,0.6622889305816135,0.161132279679814,0.1502713046941264,0.2642029465448305,0.3082367709689689,1.0,0.4962769036646932,0.02,0.4695159215787258,0.4495159215787258,0.4773068383484781,0.4773068383484781,google-bert_bert-base-uncased_ISEAR_0_092014,/Volumes/Amirali/hidden_states/experiments/baseline_v5_001/models/google-bert/bert-base-uncased/datasets/ISEAR/analysis/probes/matrix_runs/unified_v4_20260830_092014,,,,
0,329185174,layer_9,9,0.75,linear_logistic,logistic,linear,single_label,768,13,7,400,50,50,5383,[],,,-0.0037450578529387,0.1597412079572677,0.0476190476190476,0.995,0.9946014769544184,0.9953701949487216,0.9950094892058012,0.9962406015037594,0.9946014769544184,0.9941698965157068,0.9941480256901672,0.0238688640773758,0.9764137442799824,0.9999648241754688,0.9996084284223498,0.5,0.5034013605442177,0.4953386482798247,0.4928828557063851,0.5245670995670996,0.5034013605442177,0.4202264789081132,0.4158878504672897,1.9685895429992604,0.1396536928964061,0.8400553452615683,0.5855856162107835,0.44,0.4408163265306122,0.430111065405183,0.4297186343068696,0.4519274376417234,0.4408163265306122,0.3459456177061327,0.3433395872420263,1.7102418419946923,0.1808220569618361,0.8548804130531706,0.5756683743744961,0.430111065405183,0.4408163265306122,0.6729728088530663,0.1808220569618361,0.1431515087530125,0.2869595566521705,0.3347861494275322,1.0,0.4981274710735306,0.0152743030116885,0.4845419457942141,0.4692676427825256,0.5652591295435385,0.5652591295435385,google-bert_bert-base-uncased_ISEAR_0_092014,/Volumes/Amirali/hidden_states/experiments/baseline_v5_001/models/google-bert/bert-base-uncased/datasets/ISEAR/analysis/probes/matrix_runs/unified_v4_20260830_092014,,,,
0,3129720417,layer_9,9,0.75,mlp_1_hidden,mlp,1_hidden,single_label,768,13,7,400,50,50,297991,[384],13.0,0.4709429226235949,-0.0037450578529387,0.1597412079572677,0.0476190476190476,0.6475,0.6389083840841858,0.6340355265082626,0.6357574513726114,0.6670089889446018,0.6389083840841858,0.5910106072222824,0.585754052485843,1.487271176698776,0.2259884975732249,0.9071912816546938,0.7001665362042052,0.48,0.4750566893424036,0.4709429226235949,0.4717621594092182,0.5231292517006803,0.4750566893424036,0.3943502821348306,0.3890977443609023,1.6242939832049954,0.197050747241841,0.8562639136336568,0.5784278177523161,0.4,0.3931972789115646,0.345600414078675,0.3503405797101448,0.3493450993450993,0.3931972789115646,0.298726207688382,0.2907801418439717,1.7317481683066889,0.17697475772408,0.7245880614402209,0.4471183712855966,0.345600414078675,0.3931972789115646,0.649363103844191,0.17697475772408,0.1359522596917554,0.2096481543869195,0.244589513451406,1.0,0.4981274710735306,0.02,0.4343059129493979,0.4143059129493979,0.2884351124295876,0.2884351124295876,google-bert_bert-base-uncased_ISEAR_0_092014,/Volumes/Amirali/hidden_states/experiments/baseline_v5_001/models/google-bert/bert-base-uncased/datasets/ISEAR/analysis/probes/matrix_runs/unified_v4_20260830_092014,,,,
0,3280951884,layer_9,9,0.75,mlp_2_hidden,mlp,2_hidden,single_label,768,13,7,400,50,50,370567,"[384, 192]",22.0,0.443017206882753,-0.0037450578529387,0.1597412079572677,0.0476190476190476,0.955,0.9531931365308636,0.9548261539118836,0.9552970113343088,0.9570993686549304,0.9531931365308636,0.9474549742228796,0.9473160451911256,0.1935025387634443,0.8240677440793908,0.9983718324694224,0.991296413004182,0.46,0.4546485260770974,0.443017206882753,0.4457124183006536,0.4794063079777366,0.4546485260770974,0.3716054072837864,0.366494603472548,1.636229526148281,0.1947128195587432,0.834176657823445,0.5589037001767319,0.5,0.4993197278911564,0.5028955171812315,0.5066471306471307,0.5102040816326531,0.4993197278911564,0.4168622382354969,0.4158878504672898,1.4756702216070068,0.2286254459710149,0.8447106686226288,0.5467544426278881,0.5028955171812315,0.4993197278911564,0.7084311191177485,0.2286254459710149,0.1269647168172253,0.3759308003640061,0.4385859337580071,1.0,0.4981274710735306,0.02,0.5423726112490231,0.5223726112490231,0.451930636730652,0.451930636730652,google-bert_bert-base-uncased_ISEAR_0_092014,/Volumes/Amirali/hidden_states/experiments/baseline_v5_001/models/google-bert/bert-base-uncased/datasets/ISEAR/analysis/probes/matrix_runs/unified_v4_20260830_092014,,,,
0,3349350854,layer_9,9,0.75,mlp_3_hidden,mlp,3_hidden,single_label,768,13,7,400,50,50,388423,"[384, 192, 96]",23.0,0.4922932330827067,-0.0037450578529387,0.1597412079572677,0.0476190476190476,0.9275,0.9243670133343606,0.9262862163104736,0.927936016925935,0.9293266000372944,0.9243670133343606,0.9153166297570352,0.9151153260742302,0.2528394365788393,0.7765925641727092,0.9955027586405922,0.975866592543286,0.5,0.4988662131519275,0.4922932330827067,0.4904005847953216,0.5347763347763347,0.4988662131519275,0.4185202639578423,0.4139709329582747,1.779010037081461,0.1688051754432511,0.8180015745448045,0.52588223610933,0.5,0.5122448979591836,0.5117216117216118,0.5038461538461538,0.5276643990929706,0.5122448979591836,0.4187795273334743,0.4164332399626518,1.6435250956868392,0.1932974478926074,0.8218756741597274,0.5398922248548274,0.5117216117216118,0.5122448979591836,0.7093897636667371,0.1932974478926074,0.0780611115750434,0.4336605001465683,0.5059372501709963,1.0,0.4981274710735306,0.02,0.5565991705514276,0.5365991705514276,0.4145646045888617,0.4145646045888617,google-bert_bert-base-uncased_ISEAR_0_092014,/Volumes/Amirali/hidden_states/experiments/baseline_v5_001/models/google-bert/bert-base-uncased/datasets/ISEAR/analysis/probes/matrix_runs/unified_v4_20260830_092014,,,,
0,329186171,layer_10,10,0.8333333333333334,linear_logistic,logistic,linear,single_label,768,13,7,400,50,50,5383,[],,,-0.0039460891857743,0.1557818055152893,0.0476190476190476,0.995,0.9946014769544184,0.9953701949487216,0.9950094892058012,0.9962406015037594,0.9946014769544184,0.9941698965157068,0.9941480256901672,0.02463199496142,0.9756688970402312,0.9999648241754688,0.9996084284223498,0.42,0.4183673469387754,0.4207875457875457,0.4212948717948718,0.4387342815914244,0.4183673469387754,0.3225117140516048,0.3208430913348946,1.9832326636387188,0.1376236265507198,0.8437441426664343,0.5622153174457984,0.54,0.5346938775510204,0.5291898577612864,0.534060606060606,0.5636054421768707,0.5346938775510204,0.4644513550811208,0.4598403006106153,1.6351354279924926,0.1949259710786105,0.8549290244639083,0.5581738338725916,0.5291898577612864,0.5346938775510204,0.7322256775405604,0.1949259710786105,0.1033515286456463,0.42583832911564,0.4968113839682467,1.0,0.4980269554071128,0.0152743030116885,0.5660916193759248,0.5508173163642363,0.4661803371874352,0.4661803371874352,google-bert_bert-base-uncased_ISEAR_0_092014,/Volumes/Amirali/hidden_states/experiments/baseline_v5_001/models/google-bert/bert-base-uncased/datasets/ISEAR/analysis/probes/matrix_runs/unified_v4_20260830_092014,,,,
0,3129721414,layer_10,10,0.8333333333333334,mlp_1_hidden,mlp,1_hidden,single_label,768,13,7,400,50,50,297991,[384],25.0,0.5231058623915767,-0.0039460891857743,0.1557818055152893,0.0476190476190476,0.99,0.990207920836724,0.9904099420170468,0.9900392380970996,0.9906959706959708,0.990207920836724,0.988313080202026,0.98829861923707,0.1104912300788546,0.8953941826914292,0.9998214170159044,0.9988147301762133,0.54,0.5317460317460317,0.5231058623915767,0.5263811188811188,0.5399223792080935,0.5317460317460317,0.463742649234867,0.4593323930418429,1.2983204407248263,0.2729899109451832,0.8660114374906531,0.5703041023269114,0.54,0.5306122448979592,0.529652886795744,0.5431623931623932,0.5372448979591836,0.5306122448979592,0.4639177295159775,0.4626168224299065,1.443303616509228,0.2361463317052758,0.8407034272482777,0.5574889133475128,0.529652886795744,0.5306122448979592,0.7319588647579888,0.2361463317052758,0.1119382231279621,0.4177146636677817,0.4873337742790787,1.0,0.4980269554071128,0.02,0.5677816239440272,0.5477816239440272,0.4607570552213029,0.4607570552213029,google-bert_bert-base-uncased_ISEAR_0_092014,/Volumes/Amirali/hidden_states/experiments/baseline_v5_001/models/google-bert/bert-base-uncased/datasets/ISEAR/analysis/probes/matrix_runs/unified_v4_20260830_092014,,,,
0,3280952881,layer_10,10,0.8333333333333334,mlp_2_hidden,mlp,2_hidden,single_label,768,13,7,400,50,50,370567,"[384, 192]",18.0,0.4648187561231039,-0.0039460891857743,0.1557818055152893,0.0476190476190476,0.775,0.7663635692887321,0.7655253384796995,0.7683141614507224,0.7881811122944458,0.7663635692887321,0.7385402175681783,0.7359852151720496,0.6616323743058171,0.5160083278916973,0.9724448504399198,0.8924955643909038,0.46,0.4546485260770974,0.4648187561231039,0.4654354244789027,0.5128942486085343,0.4546485260770974,0.3703033587136402,0.3650047036688617,1.341833140591499,0.2613661083415061,0.8502938912549155,0.5541708180817773,0.44,0.4244897959183673,0.3823802248171996,0.3965508021390374,0.3510204081632653,0.4244897959183673,0.3438036410575936,0.3386868209730751,1.4804361788698508,0.2275384192852735,0.8027441357092518,0.5056995756561644,0.3823802248171996,0.4244897959183673,0.6719018205287968,0.2275384192852735,0.1396824879744134,0.2426977368427862,0.2831473596499172,1.0,0.4980269554071128,0.02,0.464338460300241,0.444338460300241,0.3831451136624998,0.3831451136624998,google-bert_bert-base-uncased_ISEAR_0_092014,/Volumes/Amirali/hidden_states/experiments/baseline_v5_001/models/google-bert/bert-base-uncased/datasets/ISEAR/analysis/probes/matrix_runs/unified_v4_20260830_092014,,,,
0,3349351851,layer_10,10,0.8333333333333334,mlp_3_hidden,mlp,3_hidden,single_label,768,13,7,400,50,50,388423,"[384, 192, 96]",26.0,0.5638958147361509,-0.0039460891857743,0.1557818055152893,0.0476190476190476,0.9825,0.9826751780098636,0.9828513602954776,0.9824818218180148,0.9831168831168832,0.9826751780098636,0.979536618472496,0.9795222841429344,0.0704752674220978,0.93195078878625,0.9995986793791506,0.9974930208424996,0.58,0.5714285714285714,0.5638958147361509,0.5665861524096819,0.6428571428571429,0.5714285714285714,0.5138936647626597,0.5068107092531705,1.880640162565252,0.1524924545430111,0.8357911918097479,0.5719234546283829,0.48,0.4789115646258503,0.4722135007849293,0.4741978021978023,0.4738095238095238,0.4789115646258503,0.3913468078010474,0.3902439024390244,1.732112235062392,0.1769103388252953,0.8467637816225856,0.5693670855308374,0.4722135007849293,0.4789115646258503,0.6956734039005237,0.1769103388252953,0.1277418929785139,0.3444716078064154,0.4018835424408179,1.0,0.4980269554071128,0.02,0.5172102106162372,0.4972102106162371,0.5106378595105481,0.5106378595105481,google-bert_bert-base-uncased_ISEAR_0_092014,/Volumes/Amirali/hidden_states/experiments/baseline_v5_001/models/google-bert/bert-base-uncased/datasets/ISEAR/analysis/probes/matrix_runs/unified_v4_20260830_092014,,,,
0,329187168,layer_11,11,0.9166666666666666,linear_logistic,logistic,linear,single_label,768,13,7,400,50,50,5383,[],,,-0.0051910826005041,0.1627898514270782,0.0476190476190476,0.995,0.9946014769544184,0.9953701949487216,0.9950094892058012,0.9962406015037594,0.9946014769544184,0.9941698965157068,0.9941480256901672,0.0243655862488776,0.9759288583614024,0.9999648241754688,0.9996084284223498,0.42,0.4183673469387754,0.4149683649683649,0.4142447552447552,0.4424908424908425,0.4183673469387754,0.3224581772924296,0.3192488262910797,2.067520991163831,0.126498985429886,0.828755697435302,0.5080034346321383,0.48,0.4945578231292517,0.4848872882486328,0.474797385620915,0.5083487940630798,0.4945578231292517,0.3976478797785418,0.3933737750816612,1.7869276705262809,0.1674739151107678,0.819819145417152,0.5463639517152811,0.4848872882486328,0.4945578231292517,0.6988239398892709,0.1674739151107678,0.0815960727725433,0.4032912154760895,0.4705064180554377,1.0,0.4974044586997479,0.0152743030116885,0.5359479845720884,0.5206736815603998,0.5104829067000887,0.5104829067000887,google-bert_bert-base-uncased_ISEAR_0_092014,/Volumes/Amirali/hidden_states/experiments/baseline_v5_001/models/google-bert/bert-base-uncased/datasets/ISEAR/analysis/probes/matrix_runs/unified_v4_20260830_092014,,,,
0,3129722411,layer_11,11,0.9166666666666666,mlp_1_hidden,mlp,1_hidden,single_label,768,13,7,400,50,50,297991,[384],26.0,0.5038034429338777,-0.0051910826005041,0.1627898514270782,0.0476190476190476,0.99,0.9893373023190468,0.9900348821067136,0.9899849291122388,0.9908771929824562,0.9893373023190468,0.9883251916426984,0.988296222605846,0.0933117236467,0.9109095040018588,0.9998891627996448,0.9992255992582518,0.5,0.4943310657596372,0.5038034429338777,0.503845951150299,0.5609410430839002,0.4943310657596372,0.41748501952132,0.4123178185237425,1.41164782710266,0.2437413085178319,0.8601360971002815,0.5573013385723224,0.44,0.4374149659863944,0.4260977118119974,0.4274458874458874,0.4211038961038961,0.4374149659863944,0.3426051238164916,0.3417959567465916,1.458018164212041,0.2326969852658013,0.8394923846917203,0.5720450735930701,0.4260977118119974,0.4374149659863944,0.6713025619082458,0.2326969852658013,0.1543358853376544,0.271761826474343,0.3170554642200668,1.0,0.4974044586997479,0.02,0.4843830714427762,0.4643830714427762,0.563937170294716,0.563937170294716,google-bert_bert-base-uncased_ISEAR_0_092014,/Volumes/Amirali/hidden_states/experiments/baseline_v5_001/models/google-bert/bert-base-uncased/datasets/ISEAR/analysis/probes/matrix_runs/unified_v4_20260830_092014,,,,
0,3280953878,layer_11,11,0.9166666666666666,mlp_2_hidden,mlp,2_hidden,single_label,768,13,7,400,50,50,370567,"[384, 192]",29.0,0.5290661719233147,-0.0051910826005041,0.1627898514270782,0.0476190476190476,0.995,0.9946014769544184,0.9953701949487216,0.9950094892058012,0.9962406015037594,0.9946014769544184,0.9941698965157068,0.9941480256901672,0.0183168708452171,0.9818498634646168,0.9999648241754688,0.9996084284223496,0.54,0.5317460317460316,0.5290661719233147,0.5348484848484848,0.5424860853432282,0.5317460317460316,0.4625968918595112,0.4608532583216128,1.9381305053478004,0.1439728548232658,0.8504752164706788,0.5719980988387006,0.42,0.4170068027210883,0.4075666630288478,0.4140982938629997,0.4107142857142857,0.4170068027210883,0.3251885444146639,0.3230625583566761,2.0672494242301327,0.126533343036459,0.8244630812155729,0.527291137647055,0.4075666630288478,0.4170068027210883,0.6625942722073319,0.126533343036459,0.1226629968226606,0.2849036662061872,0.332387610573885,1.0,0.4974044586997479,0.02,0.4678329063498853,0.4478329063498852,0.5878035319198738,0.5878035319198738,google-bert_bert-base-uncased_ISEAR_0_092014,/Volumes/Amirali/hidden_states/experiments/baseline_v5_001/models/google-bert/bert-base-uncased/datasets/ISEAR/analysis/probes/matrix_runs/unified_v4_20260830_092014,,,,
0,3349352848,layer_11,11,0.9166666666666666,mlp_3_hidden,mlp,3_hidden,single_label,768,13,7,400,50,50,388423,"[384, 192, 96]",31.0,0.5514896867838044,-0.0051910826005041,0.1627898514270782,0.0476190476190476,0.9925,0.9933378756908168,0.9928359581710904,0.9925529347091576,0.9926108374384236,0.9933378756908168,0.9912776650829176,0.9912269158222572,0.0157956417678652,0.9843284551257108,0.9999648241754688,0.9996084284223496,0.56,0.5555555555555555,0.5514896867838044,0.5519750445632798,0.5906593406593406,0.5555555555555555,0.4893713032647248,0.4835680751173709,2.0791181776025107,0.1250404270456405,0.8533840786697119,0.5711745246511452,0.48,0.4877551020408163,0.4586411487671991,0.4573804137039431,0.4616213151927438,0.4877551020408163,0.4011327888198118,0.395910780669145,2.344423576271001,0.0959024666585272,0.8118487796810054,0.5427659517392565,0.4586411487671991,0.4877551020408163,0.7005663944099059,0.0959024666585272,0.152788994385633,0.3058521543815661,0.3568275134451604,1.0,0.4974044586997479,0.02,0.4987344839492803,0.4787344839492803,0.5341948094038911,0.5341948094038911,google-bert_bert-base-uncased_ISEAR_0_092014,/Volumes/Amirali/hidden_states/experiments/baseline_v5_001/models/google-bert/bert-base-uncased/datasets/ISEAR/analysis/probes/matrix_runs/unified_v4_20260830_092014,,,,
0,329188165,layer_12,12,1.0,linear_logistic,logistic,linear,single_label,768,13,7,400,50,50,5383,[],,,-0.005037207622081,0.1709291487932205,0.0476190476190476,0.995,0.9946014769544184,0.9953701949487216,0.9950094892058012,0.9962406015037594,0.9946014769544184,0.9941698965157068,0.9941480256901672,0.0246523835662415,0.975649004715442,0.9999648241754688,0.9996084284223498,0.48,0.4750566893424036,0.4668253315312139,0.4701554915672563,0.5067099567099567,0.4750566893424036,0.3952954701481773,0.3908153701968133,2.1759919440280635,0.1134955166152537,0.8184807723945556,0.5209292025723599,0.5,0.4863945578231292,0.4785714285714286,0.4921428571428571,0.5014172335600906,0.4863945578231292,0.4168361131377173,0.4136960600375234,1.88560885441897,0.1517366457717557,0.8176715421898146,0.5512747918704818,0.4785714285714286,0.4863945578231292,0.7084180565688587,0.1517366457717557,0.1236441585181081,0.3549272700533205,0.4140818150622072,1.0,0.4974813961889595,0.0152743030116885,0.5217288467007203,0.5064545436890318,0.516798766377293,0.516798766377293,google-bert_bert-base-uncased_ISEAR_0_092014,/Volumes/Amirali/hidden_states/experiments/baseline_v5_001/models/google-bert/bert-base-uncased/datasets/ISEAR/analysis/probes/matrix_runs/unified_v4_20260830_092014,,,,
0,3129723408,layer_12,12,1.0,mlp_1_hidden,mlp,1_hidden,single_label,768,13,7,400,50,50,297991,[384],22.0,0.6012186226471942,-0.005037207622081,0.1709291487932205,0.0476190476190476,0.9625,0.9628731418978552,0.9627772661512768,0.9625707492833756,0.9629304142979904,0.9628731418978552,0.9561631235195536,0.956128164256153,0.2328304637382421,0.7922878836648053,0.9983016989503758,0.9913478256299316,0.62,0.6122448979591836,0.6012186226471942,0.6031625041625042,0.6721611721611722,0.6122448979591836,0.5650944836653948,0.5537811178957257,1.2929741027745547,0.2744533157085755,0.8727125778722084,0.6303993098523296,0.48,0.4755102040816326,0.4660474446188732,0.4684725274725274,0.4694650587507731,0.4755102040816326,0.3899990771861163,0.3885230479774223,1.3514026117052724,0.2588769021068719,0.836532589780098,0.5675697771616138,0.4660474446188732,0.4755102040816326,0.6949995385930582,0.2588769021068719,0.1480580043737938,0.3179894402450794,0.370987680285926,1.0,0.4974813961889595,0.02,0.5170476186332423,0.4970476186332423,0.4967298215324035,0.4967298215324035,google-bert_bert-base-uncased_ISEAR_0_092014,/Volumes/Amirali/hidden_states/experiments/baseline_v5_001/models/google-bert/bert-base-uncased/datasets/ISEAR/analysis/probes/matrix_runs/unified_v4_20260830_092014,,,,
0,3280954875,layer_12,12,1.0,mlp_2_hidden,mlp,2_hidden,single_label,768,13,7,400,50,50,370567,"[384, 192]",28.0,0.5299319727891156,-0.005037207622081,0.1709291487932205,0.0476190476190476,0.99,0.9908748215036248,0.9902070288550676,0.990054441381564,0.9898097169902444,0.9908748215036248,0.9883537612879528,0.988303153031311,0.0250308212691654,0.9752798522022575,0.9999567980423796,0.9995603283742496,0.54,0.5317460317460317,0.5299319727891156,0.5350476190476191,0.5535714285714286,0.5317460317460317,0.4634447748005646,0.4606003752345216,1.8569113716415648,0.1561541885631092,0.8526805116931524,0.5833866925423941,0.46,0.4612244897959184,0.4451337877808466,0.4479204031262855,0.4472789115646258,0.4612244897959184,0.3721811086364361,0.3697478991596639,1.925092821713409,0.145862217046935,0.8331905193366989,0.5575086875385958,0.4451337877808466,0.4612244897959184,0.6860905543182181,0.145862217046935,0.102833355564448,0.3423004322163986,0.399350504252465,1.0,0.4974813961889595,0.02,0.5027110959269665,0.4827110959269665,0.5450732410742212,0.5450732410742212,google-bert_bert-base-uncased_ISEAR_0_092014,/Volumes/Amirali/hidden_states/experiments/baseline_v5_001/models/google-bert/bert-base-uncased/datasets/ISEAR/analysis/probes/matrix_runs/unified_v4_20260830_092014,,,,
0,3349353845,layer_12,12,1.0,mlp_3_hidden,mlp,3_hidden,single_label,768,13,7,400,50,50,388423,"[384, 192, 96]",29.0,0.508907758907759,-0.005037207622081,0.1709291487932205,0.0476190476190476,0.99,0.9908748215036248,0.9902070288550676,0.990054441381564,0.9898097169902444,0.9908748215036248,0.9883537612879528,0.988303153031311,0.0310530956754532,0.9694240994821628,0.9999411370352174,0.9995120335891128,0.52,0.5147392290249433,0.508907758907759,0.512062937062937,0.5236652236652236,0.5147392290249433,0.4403724668946653,0.4376757263355201,2.413478591733302,0.089503406610969,0.82385874733537,0.5542410119976778,0.42,0.4108843537414965,0.4049950049950049,0.4096223776223776,0.4134353741496599,0.4108843537414965,0.3176716701133424,0.3153918791312559,2.47661703190823,0.0840270059916514,0.7976509758237332,0.5078364686882736,0.4049950049950049,0.4108843537414965,0.6588358350566712,0.0840270059916514,0.1150935043792186,0.2899015006157863,0.3382184173850839,1.0,0.4974813961889595,0.02,0.4626272334541063,0.4426272334541062,0.5852120238600628,0.5852120238600628,google-bert_bert-base-uncased_ISEAR_0_092014,/Volumes/Amirali/hidden_states/experiments/baseline_v5_001/models/google-bert/bert-base-uncased/datasets/ISEAR/analysis/probes/matrix_runs/unified_v4_20260830_092014,,,,
