clean_text,label,sentiment_score
"during the period of falling in love, each time that we met and á especially when we had not met for a long time.",[1],0.5574
when i was involved in a traffic accident.,[2],-0.4767
"when i was driving home after several days of hard work, there á was a motorist ahead of me who was driving at 50 km/hour and á refused, despite his low speeed to let me overtake.",[3],-0.1989
when i lost the person who meant the most to me.,[4],-0.3182
"the time i knocked a deer down - the sight of the animal's á injuries and helplessness. the realization that the animal was á so badly hurt that it had to be put down, and when the animal á screamed at the moment of death.",[5],-0.9514
when i did not speak the truth.,[6],-0.2411
when i caused problems for somebody because he could not keep the á appointed time and this led to various consequences.,[7],-0.4019
when i got a letter offering me the summer job that i had applied á for.,[1],0.0
when i was going home alone one night in paris and a man came up á behind me and asked me if i was not afraid to be out alone so á late at night.,[2],-0.4588
when i was talking to him at a party for the first time in a long while and a friend came and interrupted us and he left.,[3],0.5719
when my friends did not ask me to go to a new year's party á with them.,[4],0.7003
when i saw all the very drunk kids (13-14 years old) in town on á walpurgis night.,[5],-0.4005
when i could not remember what to say about a presentation task á at an accounts meeting.,[6],0.0
when my uncle and my neighbour came home under police escort.,[7],0.0
[ on days when i feel close to my partner and other friends. á when i feel at peace with myself and also experience a close á contact with people whom i regard greatly.],[1],0.765
"every time i imagine that someone i love or i could contact a á serious illness, even death.",[2],-0.4019
when i had been obviously unjustly treated and had no possibility á of elucidating this.,[3],-0.296
when i think about the short time that we live and relate it to á the periods of my life when i think that i did not use this á short time.,[4],0.0
at a gathering i found myself involuntarily sitting next to two á people who expressed opinions that i considered very low and á discriminating.,[5],-0.3384
when i realized that i was directing the feelings of discontent á with myself at my partner and this way was trying to put the blame á on him instead of sorting out my own feeliings.,[6],-0.34
i feel guilty when when i realize that i consider material things á more important than caring for my relatives. i feel very á self-centered.,[7],0.4131
after my girlfriend had taken her exam we went to her parent's á place.,[1],0.0
"when, for the first time i realized the meaning of death.",[2],-0.5994
when a car is overtaking another and i am forced to drive off the á road.,[3],-0.4588
"when i recently thought about the hard work it takes to study, and á how one wants to try something else. when i read a theoretical á book in english that i did not understand.",[4],-0.1027
when i found a bristle in the liver paste tube.,[5],0.0
"when i was tired and unmotivated, i shouted at my girlfriend and á and brought up negative sides of her character which are actually á not so important.",[6],-0.8753
when i think that i do not study enough. after the weekend i á think that i should have been able to have accomplished á something during that time.,[7],0.4404
when i pass an examination which i did not think i did well.,[1],0.2732
"when one has arranged to meet someone and that person arrives á late, in the meantime one starts thinking about all that could á have gone wrong e.g a traffic accident.",[2],-0.7351
when one is unjustly accused of something one has not done.,[3],-0.296
when one's studies seem hopelessly difficult and uninteresting.,[4],-0.6908
"when one finds out that someone you know is not at all like one á had thought, for instance friends who steal and things like that, á quite unwarranted.",[5],0.0747
"when one has been unjust, stupid towards someone else.",[6],-0.7717
when one has neglected or been unjust to a good friend.,[7],-0.1531
passing an exam i did not expect to pass.,[1],0.0
when i climbed up a tree to pick apples. the angle of the ladder á i was on did not enable me to get high enough. this implied á that the ladder was not very stable.,[2],-0.2743
friends who torture animals.,[3],-0.2023
[ same as in anger.],[4],-0.5719
friends who torture animals.,[5],-0.2023
[ same as above - friends who torture animals.],[6],-0.2023
[ when excuses are necessary and i get out of doing it myself.],[7],0.0
when i had my children.,[1],0.0
when my 2 year old son climbed up and sat on the 7th floor á balcony with his legs hanging out. he was holding on tightly to á the upper railing of the balcony but he could have easily lost á his balance when he sat down.,[2],0.0387
when my partner was attacked and lost three teeth.,[3],-0.6486
when i see children on t.v from areas devastated by drought and á war.,[4],-0.836
when i nearly walked on a blindworm and then saw it crawl away.,[5],0.0
when i saw my 18 year old son grab an oxygen mask as he had á breathing difficulties. i had a bad conscience because i had not á stopped smoking. medication for the dilation of his breathing á tubes also caused a sense of guilt in me.,[6],-0.7298
"i experience a sense of guilt as my middle son cannot express á himself like other children, neither verbally nor in writing.",[7],0.1027
when my child was born.,[1],0.0
"it was winter/spring and the ice was melting. i was far out on a á jetty and i poked the ice with a long branch to try and break it. á the branch went through the ice and i fell in, the water closed á in over my head.",[2],0.0
"unjust accusations directed at me and my way of acting, by á someone close to me.",[3],-0.6808
failing an examination.,[4],-0.5106
"a drunkard fell, started bleeding and wet himself. disgust that á turned into sadness-unpleasantness.",[5],-0.5994
"when, as an adult i have been caught lying or behaving badly.",[6],-0.7579
"when i am in an environment or with a person much worse off than á me, i realize how privileged i am.",[7],-0.0516
when i saw a person i had not seen for a long time.,[1],0.0
"when, as a child, i was nearly knocked down by a car.",[2],0.0
"when i heard on the radio that the football match in belgium had á ended in a catastrophe, and several people had died. i could not á understand how normal people could behave in such a way.",[3],-0.8402
"when i feel lonely, perhaps because i have to study a lot and i á am shut up in my appartment. nothing happens in particular á because there is no time for anything else.",[4],-0.5719
when one learns through the mass media all the wars and killing á going on in the world.,[5],-0.8402
"i lied, to be precise i cancelled a meeting with a good friend.",[6],0.3612
when one lets friends down,[7],0.4767
when i was accepted for a course on finance and accounting.,[1],0.2732
"a bus drove over my right leg. the event itself was not very á frightening but when i had to wait in the emergency ward for á three hours and then my leg began to swell, i was frightened.",[2],-0.7456
"at my summer job, nobody looked after me in particular and i had á to learn all on my own.",[3],0.0
when i was not accepted as a student in finance and accounting.,[4],-0.2057
when i had just moved into my new appartment i found a ventilator á in the kitchen. i was going to clean it when i found that the á drum was full of mud and slime. i felt disgusted.,[5],-0.1779
my elder brother and i have not always had a good relationship á and i feel ashamed of myself as i do not call him to talk to him á nowadays.,[6],-0.0516
at my summer job a new caretaker had been employed who was my age á but i preferred going out for lunch with the accounts personnel á rather than with him.,[7],0.0
passed an exam by 2 points.,[1],0.0
"in a cottage in a large forest, i was alone for a while in the á dark.",[2],-0.25
when i spoke to jan-erik wikstr÷m on the telephone.,[3],0.0
railway station good-bye.,[4],0.0
i saw a cripple in rags with small children in italy. he was á probably an imposter.,[5],0.0
i told a friend that i was going to a party and he would not á enjoy himself if he came along. he understood that he would not á have fitted in and there was something in that.,[6],0.506
i was the reason behind the break-up of my friend's relationship á with his girlfriend. she finished with him.,[7],0.0
i passed an exam that i was absolutely certain that i had failed.,[1],-0.228
"on the way back from denmark with a friend on a small yatch, á there was a storm and my friend was blown overboard; i was very á scared till i managed to get him back onboard.",[2],0.4976
i locked myself out.,[3],0.0
i missed the last tram home and had to walk in the pouring rain.,[4],-0.296
i found some worms in the food and i had obviously eaten some.,[5],0.0
"my friend was so intoxicated that the police came and took him á away, and they later contacted his parents.",[6],0.4939
i hapened to overhear something which i was not meant to hear.,[7],0.0
when i won a trip to greece in a competition.,[1],0.5719
when i am out in the dark and a suspicious looking character á comes towards me.,[2],-0.3612
"at work, when an elderly man complained unjustifiably about me and á distrusted me.",[3],-0.7269
when i had not understood anything after a lecture.,[4],0.0
when an alcoholic stood dribbling over a food counter.,[5],0.0
when my friend and i were discussing the good looks of a guy we á realized that he had been listening.,[6],0.7269
when i complained about a colleague to the manager and he told á her that someone had complained; this colleague came to me á believing that i liked her.,[7],-0.3818
at a friend's birthday party with some of my closest friends. it á was all very pleasant and one could say that i was happy to have á such good friends.,[1],0.9589
on the way home one friday night in the heavy rain the car á acquaplanned. i lost contact with the road surface for a few á seconds.,[2],-0.3182
mad at my dad.,[3],-0.4939
a case of unrequited love.,[4],0.6369
a bad smelling cucumber.,[5],-0.5423
nearly caught masturbating.,[6],0.0
i do not help out enough at home.,[7],-0.3089
i felt very happy when i won the football pools.,[1],0.8268
when i flew from athens to copenhagen after a holiday. the plane á was caught in a storm and it began to shake and i thouhght that á we were going to crash.,[2],-0.1779
when someone stole my bike.,[3],0.0
"when i saw the list of books to read for an acccouting course, i á thought \ oh god how will i ever manaage it!\""""",[4],0.3382
it was when i read a newspaper article on the future and they á foresaw that we would be eating frog-burgers by the year 2000. á an illustration showed a frog between two pieces of bread.,[5],0.0
when i dropped a bottle in the state liquor store and everyboby á started laughing.,[6],0.4939
"when i was young - 14, i pinched from a store and was caught. á the store then contacted my parents.",[7],0.0
when the whole family gets together for a one week holiday. á everybody feels free and the trip is well planned. it works out á well and we enjoy ourselves.,[1],0.9081
"when i could not find my 2 year old daughter. i ran and looked á for her everywhere and could not find her. (i finally found her, á she had gone to bed to sleep)",[2],0.0
when friends try to put me down or hurt me.,[3],-0.0772
marriage crises. boredom.,[4],-0.3182
when someone makes advances that one does not want.,[5],-0.0572
the discovery that one has only thought of oneself.,[6],0.0
when i spanked a child in anger and later regretted it terribly.,[7],-0.872
when i passed the first examination that i had to repeat.,[1],0.0
when i drove to stockholm for the first time and drove off the á stora hissingen road at the wrong exit.,[2],-0.4767
when my boyfriend went away for a month long holiday without me.,[3],0.4019
last year when i worked during the summer holidays and studied á at the same time for an examination i had to repeat; my boyfriend á went to greece for a holiday for a month.,[4],0.6486
when a dog is left whining outside a shop.,[5],-0.2263
when i promised to help a friend over a weekend and did not keep á the promise.,[6],0.8658
when i realized that i had three more examinations to take.,[7],0.0
the day i was told that i had been accepted as a student of á economics.,[1],0.2732
"while taking a short cut through the vasa park, i was surrounded á by three people who tried to steal my money. i was scared and á was saved only by the appearance of other people.",[2],-0.6597
"at a restaurant i observed how the gypsies tried to get money by á cheating the foreigners i.e non swedish speaking. my anger had á nothing to do with hatred against foreigners, but it was an á expression of the anger i feel when i see people being used .",[3],-0.9062
at the begining of a new course one is afraid of encountering á problems one can not manage. thoughts revolve around failing á the subject and the consequences it would have for the future.,[4],-0.7184
while walking in town i noticed how the police harrassed a man á who was under the influence of alcohol. they terrified him with á the thought of arrest by driving close behind him on a pedestrian á street. my disgust was directed at the gestures and the facial á expressions of the policemen; they seemed to be enjoying á themselves.,[5],-0.7845
"when my boyfriend revealed that he knew that i had discovered á things of an important nature about him, i felt ashamed as i had á not mentioned it earlier.",[6],-0.3182
"when i am dishonest to a friend to whom i am very close. i á feel guilty because i know that he gives a different version of á the truth and i have not corrected these mistakes, and he is á aware that i know that they are wrong.",[7],-0.457
when i found out that i had passed the last two exams by a á margin of three marks.,[1],0.0
when my father was ill and was waiting for the results of his tests.,[2],-0.4215
when i got caught in the pouring rain last thursday and did not á have a raincoat on me.,[3],0.0
when i failed an exam.,[4],-0.5106
"at a sm÷rgasbord table, a man mixed differnet kinds of picked á herrings with fruit salad.",[5],0.0
"when i had not prepared my contribution to the group as á thoroughly as the other members, with the result that the á overall result was poor.",[6],-0.5812
"when my father and i worked on the house just after he had á recovered from illness, i was rather lazy. this meant that he á had to work hard and was not very well later.",[7],-0.7671
when i gave birth to my son and saw that he was alive and that i á had managed it well. he was born a month too early with a á malfunctioning lung. this happened a year ago.,[1],0.5719
when i found out that my father had lung cancer and they did not á know how long he would live.,[2],-0.6597
"when a colleague asked me for help at work, despite the fact á that he had more time to do it than i had.",[3],0.4019
when i did not get the salary increase that i had been expecting á and understood how little one's work was appreciated.,[4],0.6808
when i was weeding the garden i found a lizard in my hand.,[5],0.4939
"when i met a friend whom i had not seen for a long time and á heard all about her troubles, i thought that i should have got á in touch with her earlier.",[6],0.0516
i got angry at my mother for something trivial. we were in a á bad mood because my father was very ill and i knew that my mother á really needed support. i had reacted wrongly.,[7],-0.7914
"new year's eve 1983/1984, i met my girlfriend. we stood on the á steps outside her parents home and i kissed her for the á first time.",[1],0.3818
"when i was stopped by plain clothes policemen because the car i á was driving had overturned on the avenue. i had been driving too á fast, and i was afraid when i was stopped, questionned and then á toild to go. the situation ended happily since there were no á consequences.",[2],-0.1027
the editor changed the heading of an article that i had written. á he considered the heading to be derogatory towards the person i had written á about.,[3],0.0
"a close acquaintance of the family died of lung cancer. á although it was expected, i still felt depressed.",[4],-0.9062
"when i saw a picture, in the gothenburg post, of a totally á demolished car with two fatally injured passengers. the car was á so badly damaged that they couldn't get the bodies out at the á scene of the accident.",[5],-0.9529
one night i had a sexual intercourse with another man. my sexual á desire and my curiosity had made me jump into bed with him. i am á ashamed of myself now.,[6],-0.1027
"due to laziness, i failed the term studies completely at á university. i also wanted, to some extent, to protest against my á parents' expectations.",[7],-0.6486
when i got the loan for my studies.,[1],0.0
i met intoxicated people with dubious intentions in a back alley á one wednesday night.,[2],-0.3612
on the t.v i saw a news feature on south africa. a policeman á attacked a group of black people with a whip.,[3],-0.4588
the thought of having to read a boring book of 400 pages in á english.,[4],-0.3182
grovelling people.,[5],0.0
my inability to assert myself positively in a group.,[6],0.1779
i experience feelings of guilt because i do not study enough.,[7],-0.2732
"observing someone in the cafeteria noisily gulping in his food, á having extremely bad manners.",[5],-0.5849
i guess i have often been ashamed after having talked badly of á other people.,[6],-0.7351
having been angry and unpleasant towards my parents.,[7],-0.7506
when my sister - after a history of one abortion and one á stillbirth - gave birth to a perfectly healty boy.,[1],0.6369
"when my sister had the still born child, she was emotionally very á deep down, and it took her a long time to recover.",[2],0.0
"we were starting a student project, and the teacher we talked to á was very negative and not very helpful.",[3],-0.7609
"when my boyfriend openly let me down, preferring another girl.",[4],0.0
"i felt some disgust for my boyfriend for a time, after he had á left me.",[5],-0.5994
can't think of any.,[6],0.0
"before an accident, my aunt offered me the front seat of the car, á next to the driver. i declined, she took that seat and was killed á there when the car crashed.",[7],-0.8225
"unexpected visit by a close friend, whom i hadn't seen for half a á year.",[1],0.4939
"i wandered by mistake into the safety zone of a shooting range, á and was shot at.",[2],0.1027
being treated unfairly.,[3],0.0
breaking up with a girl.,[4],0.0
nothing.,[5],0.0
none.,[6],0.0
little contact with my father before he died.,[7],-0.5574
"when i was accepted as a student at the college, not having á thought it possible.",[1],0.2732
"when i was the first to arrive at the scene after an accident, á and found that a close school friend had been killed.",[2],-0.6597
"i was accused of having done something, which i hadn't and got á very angry.",[3],-0.6997
when my grandmother died.,[4],-0.5574
not applicable.,[5],0.0
"a couple of years ago during the summer holiday, i was fishing at á a lake with my husband. suddenly it started raining while the á sun was still shining. i experienced a feeling of joy, happiness á and fulfillment. the whole nature was full of music.",[1],0.891
"i was alone at home, in bed reading a womens' magazine in which á there were storiees of paranormal experiences. my leg was á itching and i stretched my hand to scratch and i felt another á strange hand. (later i realized that it was the corner of the á blanket)",[2],0.5574
"i went to a lecture and once again it had been cancelled, this á was the second time. one had a negative attitude towards the á lecturer.á",[3],-0.6908
"i heard that a former superior of mine had died, i was later at á home home reading about it in the newspaper and i thought of our á interaction and how it was no longer possible. the limited scope á of human life is sad.",[4],-0.743
"in the tram there was a fat, sickly looking woman in front of me á who was asking for directions in a thick voice. when she got up to á go a disgusting smell of urine came from her. i felt that i á would choke.",[5],-0.7845
"when we were at home, my husband and i, he made a remark about á something i had done, in a perfectly friendly manner. my deed á had been unjust and i knew that my husband was right, therefore my á sense of shame.",[6],0.25
"i made a remark to my sister concerning her attitude to men, the á way she talked and i compared her to an acquaintance of mine. á later, the same evening, my sister looked sad. i felt guilty á about her sadness.",[7],-0.8316
"i had a summer job in sweden, and my boyfriend came to meet me on á my birthday.",[1],0.0
"i went to practice in sweden during summer, and i was afraid that á i would not do well.",[2],-0.2057
"in the holiday cottage of our association, two of my pals came to á wake me up early one morning by bringing a radio played at the á highest volume into my room - it was the morning service at its á loudest.",[3],0.6249
my grandmother died suddenly last summer.,[4],-0.5574
"my superior at the summer job swindled customers as much as he á could, and once put me in a difficult situation after which i á could not but detest him.",[5],0.128
once i arrived two hours late to my work place (a bank) and i was á still feeling feeble and tired.,[6],-0.5574
our association had polish visitors and when they were going back á by boat i did not go to see them off (i am the chairman of the á association).,[7],0.0
"i was told quite unexpectedly that one wanted me to become the á vice-chairman of our student organisation. i was really á surprised and joy was the first emotion i felt, though behind it á there was worry - how shall i succeed ?",[1],0.7414
"our tutorial group was soon to be divided, and we got a list of á names of freshmen, out of which five were to be in my group. we á read the names and then each group went its own way to a seminar á room. i wondered how i would cope with the new situation and if á i would succeed as a group leader.",[2],0.4939
"we were in a disco and the evening was not at all pleasant. á despite my not knowing why, i was angry with my companion. i let á him feel my bad humour as i cannot hide my feelings.",[3],-0.7081
"my grandmother died, and my mother called me one sunday morning á in the autumn. the way my mother told me about it, i hated her á at that moment. she sounded as if she had been waiting for the á death of my grandmother. i had lost a person close to me. i á felt guilty too as i had been bad to my grandmother of late. i had not á remained calm when she no longer understood everything so well.",[4],-0.9671
"at the underground station, a drunkard came to speak to me. he á tried to ask me something but i did not answer so he began to á speak about me with his companion. i detested this dirty á growling man.",[5],-0.677
"i was worried by a task related to my studies which had to be á done in groups of two. i was talking about it to my friends when á i said something negative, in too abrupt a manner, concerning my á work partner. i did not quite mean what i said and i felt á ashamed at having been mean enough to criticize him as he is also á a friend of mine.",[6],-0.6486
i had told my boyfriend that i did not want to go on with our á relationship. i knew that i was important to him but i wanted to á be free. i saw that this was difficult for him but i remained á firm and did not change my mind.,[7],0.3589
"last night i had a chat with a fellow student. i had known her á for about half a year, and for the first time we were speaking á \the same language\""- meaning an inspiring discussion and á|encounter.""",[1],0.4215
"[ i sometimes quarrel with my mother because she blames me, á though i have not in any way been connected to some events.]",[3],-0.4019
"after hearing about the death of my grandfather. first i could á not believe it, but later i wept and felt the situation was á hopeless. i felt lonely and wanted to be consolated.",[4],-0.9287
"in the evening, while i was watching tv, my little brother came á in and started eating food he had brought from the kitchen while á i was trying to concentrate on the program.",[5],0.0
my little brother was arrested by the police at the railway station after á he had drunk some beer.,[6],-0.6412
"at my temporary job, i have to restrict others' actions and make á them obey me, and this very often gives me a feeling of guilt. i á wish there could be some other way of acting.",[7],-0.128
"i met a dear friend of mine after a long time. i expressed my feelings á in our own usual way, by mutual scolding and abusing (with á complete understanding) and by touching, patting and taking the á hand of the other person, etc...",[1],0.7184
"i felt fear of the purest kind after a car accident. the á incident and images of horror kept coming back to my mind. i á wondered what could have happened to my sister, my friend and me, á though nothing very serious actually happened.",[2],-0.4518
"two boys whom i know were telling me, in an indecent manner, how á they had teased a young and shy girl i know. they had despised á her conviction, scorned and touched her. i got very angry and á did not try to conceal it and gave it back to them.",[3],-0.8588
"my sweetheart left me, or rather we decided to break it off by á mutual consent. the consequences were - unrestrained weeping, á feelings of loneliness, hopelessness and disconsolation. i felt á that i should find a friend, to talk to joyfully and to forget.",[4],-0.128
"out of sheer curiosity, i went to see a pornographic movie in á copenhagen. the room was full of men, who panted and á masturbated. very disgusting.",[5],-0.5709
"after having quarelled unnecessarily and without any reason, and á having been stupidly cross in every way.",[6],-0.4588
[ do not know.],[6],0.0
forced to fill in a questionnaire.,[7],-0.4588
when i won a tennis match.,[1],0.5719
when my dog ran out on thin ice last spring.,[2],0.0
when my tennis match was interrupted because a kid cycled right á into the court.,[3],-0.296
[ no response.],[4],-0.296
[ no response.],[5],-0.296
[ no response.],[6],-0.296
[ no response.],[7],-0.296
celebrations on the graduation day with the orchestra playing in á the garden ( i am a part of this orchestra).,[1],0.2023
risk of being involved in a fight after a party.,[2],-0.25
"i had a very heavy work load and two colleagues, whom i have á nothing against, disturbed me by \terror ringing\"", i.e á|continously interrupting me by telephoning.""",[3],-0.5293
after an exam which i failed.,[4],-0.5106
[ normally i do not feel disgusted.],[5],0.4168
"when i overtook a car on the mainroad, misjudging the distance of á an oncoming car and this resulted in tooting and flashing from á the other driver (we could have collided), and i had an á acquaintance in the car with me.",[6],0.0
"i saw a neighbour, from the same appartment block as me, lying á on the road. he could have been injured or ill. i kept 20 á metres away and did not go to help him.",[7],-0.9195
when i met an old schhol friend (school love) who works in á sk+vde.,[1],0.8126
"when i was cycling to school, i nearly got knocked down by a car á which (overtook me too closely) did not give me any swerving space.",[2],0.0
"when i was deputy manager during the summer, certain deputies á took liberties, more than what was normal.",[3],0.6597
"when i realized that my girlfriend, whom i like, and i were going á to separate.",[4],0.3612
dog dirt which thaws in the spring.,[5],-0.34
when i forgot my mother's birthday.,[6],0.0
[ can not think of anything just now.],[7],0.0
passed the last exam.,[1],0.0
was nearly knocked down by a car.,[2],0.0
i reached the bus stop and realized that i had forgotten my bus á pass.,[3],-0.4019
my current work load is too much. the feeling comes back from á time to time.,[4],0.128
[ can not think of any situation.],[5],0.0
when my one year old son gives me a spontaneous kiss.,[1],0.4215
when someone close to me is travelling by car and is delayed.,[2],-0.2263
when someone does something wrong which affects me negatively.,[3],-0.4767
when i think about my parents getting old.,[4],0.0
[ can not remember.],[5],0.0
"i do not have the time for other people's problems. my á mother-in-law is sometimes depressed and i do not have the time, á the desire or the strength to help.",[7],0.3818
"an ex-colleague asked me if i was interested in working in their á accounts bureau. they needed \clever people\"" and he had á|\""immediately thought of me.\""""",[1],0.6908
i was driving and a deer suddenly appeared in front of the á car when there was a lot of traffic behind me.,[2],0.0
i saw a report on t.v news on apartheid in south africa.,[3],0.0
when my girlfriend became pregnant.,[1],0.0
when i nearly collided with another car.,[2],0.0
the time when someone let the air out of the tyres of my cycle.,[3],0.0
when i read a lot and did not remember anything.,[4],0.0
the time that i had to put my dog to sleep.,[7],0.0
[ no response.],[1],-0.296
[ no response.],[2],-0.296
[ no response.],[3],-0.296
long illness.,[4],-0.4019
when i passed an exam.,[1],0.0
"when i was travelling by tram, i tripped and fell against the á door. i thought that i was going to fall out.",[2],0.0
when i missed the tram after having run for it.,[3],-0.296
the inability to read a book at college.,[4],-0.4019
if a guy one is not interested in makes advances.,[5],-0.3089
i drink wine too often.,[6],0.0
i do not study enough as i do not understand it properly.,[7],0.0
i worked at a lawyer's office during summer and i got a very á good reference from him.,[1],0.4902
i had been watching a triller a dark night in the country and i á had to go the outside toilet on my own.,[2],0.0
"when i am accused of something i have not done, i get unbelievably á angry.",[3],-0.6983
"when i began to read a thick book, which i had a limited time to á read. also when i have a lot of work to do and i cannot keep up.",[4],-0.2263
someone vomited on the street.,[5],0.0
"i can not think of any incident when i have felt very ashamed. á there are small incidents that i am ashamed of, for instance, á not sending money to the children in ethiopia.",[6],-0.7574
i had lunch with my ex-boyfriend and did not mention it to my á fiancee. i felt guilty despite the fact that i felt nothing for á my ex-boyfriend.,[7],-0.4215
when i was finally qualified for my profession.,[1],0.0
someone attacked me with a knife.,[2],-0.4588
someone drove into my car and then denied that it had happened.,[3],-0.4404
when i was told that my friend's wife had cancer.,[4],-0.6597
when i saw a dog which had been knocked down by a car.,[5],0.0
when i boxed my child's ears.,[6],0.0
when i was fined for speeding.,[7],0.0
i stopped working (had a boring job).,[1],-0.4939
"i was going home by car late one night when it was cold, dark and á windy. i became rather panicky on the way to my house.",[2],-0.3612
quarrel in the family.,[3],0.0
when i am alone in a room with no contact with anyone - á loneliness drains me.,[4],-0.7184
when i was on holiday someone vomited in front of me.,[5],0.4019
emptied a bucket of water in a hospital.,[6],-0.1779
when i feigned sick leave from work.,[7],-0.5423
when i get a hug from someone i love.,[1],0.8074
i was driving very fast on a small road and i met an oncoming car á in a right handed bend. the other driver was on his own side of á the road and i had to skid out of it to avoid a collision. it á was dark.,[2],-0.5719
my car had been towed away by the traffic police because it had á been wrongly parked. however the sign had been put up only after á i had already parked.,[3],0.0
after an operation i had to stay in bed for a long time.,[4],0.0
i was forced to stay in the canteen and eat the food that i had á not asked for but got it anyway.,[5],-0.25
when i did not buy what i had promised to.,[6],0.3612
by mistake i took a book from the library which was not supposed á to be loaned out.,[7],-0.34
when i won an unexpected sum of money.,[1],0.5719
my 2 year old daughter disappeared in a moment of inattention; i á was responsible for her.,[2],0.1027
a colleague asked me for some advice and as he did not have á enough confidence in me he asked a third person.,[3],0.5106
"i wanted to be pregnant and did not succeed, so i was depressed á at every menstruation.",[4],-0.7345
"in a warm bus full of people, someone vomited and the whole bus á stank.",[5],-0.25
"i complained about a colleague's behaviour as she goes back on á her word, is often absent and is irresponsible. i found out that á she was an alcoholic and was trying to fight againt her á addiction.",[6],-0.802
i spoke to my mother on the phone. she had skin cancer and was á waiting to be operated. i forgot to ask her the date of the á operation and just before finishing our conversation she gave me á the date in passing.,[7],-0.6597
when i was at a party i met an old friend from an adult á education course. we had not met for 2 years but had both thought á a lot about each other. a wonderful experience.á,[1],0.8402
"when i was cycling through the park late one night, two people á jumped out of the woods and tried to stop me. there were á shouting something at the same time.",[2],-0.296
when close relatives tried to dissuade me from studying á psychology because of its low status.,[3],-0.2732
i had a long discussion on politics with an acquaintance. he á was more knowledgeable than me and i failed to explain my point á of view and was misunderstood so i felt depressed and left.,[4],-0.8505
when i read a newspaper article on a young girl who had been á raped and assaulted one night by several men when she was unconscious.,[5],-0.8402
my mother revealed personal details about me and the á negative aspects of my character to other people when i was á present but unable to defend myself.,[6],-0.3291
i was unfaithful to my partner once when he was working abroad á for a long period.,[7],0.0
when i recently got an appartment in central gottenburg.,[1],0.0
when i saw a large spider crawling up the wall.,[2],0.0
my employer took too many aspirins for a bad back and also drank á an enormous amount of spirit. this was dangerous and he did á not understand that he had done anything wrong.,[3],-0.8288
"when i left new york, and all my family and my friends behind me.",[4],0.4767
when i slept with a guy because my best friend wanted me to. á he had never had intercourse with anyone and had a terrible á complex about it.,[5],0.6486
when i dated a close girlfriend's boyfriend a few times. he told á me that it was over between them and i accepted it. when she á found out she finished our friendship.,[6],0.6124
"when i broke off with my boyfriend after three years. it was á quite unexpected for him and there was no particular reason for á the break up, such as someone else.",[7],-0.6124
when my son returned from mountaineering - healthy in body and á soul.,[1],0.4019
when one meets new people with whom one is forced to collaborate á with.,[2],-0.4588
the sports fishermen who catch gulls instead of fish with their hooks. á it is often a mistake but it makes me angry.,[3],-0.7311
i feel sad about an event i can not influence.,[4],-0.4767
"when a member of the family complains about the food that is á served, it disgusts me.",[5],-0.6908
[ cannot recall any incident when i felt shame.],[6],-0.4767
i have chosen to put my son in a private school were the á examination marks are low. every time that he gives me his term á results i am left with a sense of guilt.,[7],-0.4939
when i was informed that i had been accepted as a student of á psychology.,[1],0.2732
when i was in a little fishing boat and we ran into hard weather á in the open sea.,[2],-0.1027
when i found out that the guy i was dating at a particular time á had a steady relationship going on with someone else for a long á time.,[3],0.0
i felt sad and depressed when i heard that our cat had died.,[4],-0.875
"when i was working as a nurse in a mental hospital, a patient ate á up the contents of another patient's spitoon.",[5],0.0
"at primary school, when i vomited in front of others in the middle á of a lesson.",[6],0.0
i arrived an hour late for an important meeting ( i had á misunderstood the time).,[7],-0.1531
when i was acceptted as a student of psychology.,[1],0.0
when my son has a pain in his leg (for no apparent reason).,[2],-0.6705
"when, after a week at school, a teacher sent a note home saying á that my son was inattentive and unable to do his lessons.",[3],0.0
when i thought that it was going to be impossible for me to start á studying (due to wrong information from the student advisor).,[4],-0.4767
"at a certain person's lack of cleanliness, at home and á personally.",[5],-0.0516
"when i made the same mistake that i had accused someone else of, and á this was obvious to a third pereson.",[6],-0.5574
when i lost something that was valuable to my sister.,[7],0.2023
when my son was born.,[1],0.0
when i nearly drowned in icy water wearing ice skates. it was á difficult to get out.,[2],-0.7506
when i was pointed out as a problem child in primary school and á my mother took the teacher's point of view.,[3],-0.4019
when i was accused of neglecting work for the wrong reasons.,[4],-0.7906
"my parents attitude towards each other when they should become á reconciled, despite my father's long-time addiction.",[5],0.0
when i was caught stealing money from my father.,[6],-0.5719
i stole a coconut cake from a reception table and when i put á in my mouth i realized that the host was watching me.,[7],0.0
"when after 10 months of national service i was \downgraded\"" and á|did not have to do the remaining 5 months.""",[1],0.0
when i was reprimanded by the manager of the hotel where i á worked during autumn 1984.,[2],0.0
when my parents drove me to a nearby place and went home á immediately instead of waiting a few hours. they could have á easily waited.,[3],0.34
when my ex-girlfriend and i discovered that there was a certain risk á of her being pregnant.,[4],0.0
when i was about to clean the draining board and saw it looked á underneath the sink (i live in a students hostel).,[5],0.4019
when my mother caught me masturbating.,[6],0.0
"as the only person in my family into academics, i ought to have á looked after my younger (and only) sister better, with respect to á her education and life experiences.",[7],0.7184
when my older sister told us that she was thinking of joining the á rest of the family for the winter sports holiday.,[1],0.4019
slept in a chapel and in the middle of the night i realized that á there was someeone else in the chapel. i never discovered who á it was and why he was there.,[2],0.0
"when we were in high school a few guys sometimes provoked a á friend of mine. they called her a pig and then grunted. this á irritated most of the girls. once, one of the girls got angry at á my friend and said something nasty and this made me terribly á angry.",[3],-0.91
i talked to my boyfriend on the phone when i was in high spirits á and had a lot to tell him. i had been looking forward to this á conversation and he did not listen to me to the extent that i á had anticipated.,[4],0.0
a mother who shouts at her child for nothing.,[5],0.0
"when i complained to my mother about how untidy the kitchen á loooked, she boxed my ears ( this had never happened before).",[6],-0.4019
"as i could not be home before midnight i called home at 11.30 and á asked them to leave the door open so that i could get in. i á actually woke up the whole family by calling them so late. my á mother could not go back to sleep, besides she had a conference á the next day and really needed to sleep.",[7],-0.0516
when i got through the first day here at the department.,[1],0.0
when i was cycling past a parked car someone opened the door and á nearly pushed me off my bike and into the traffic.,[2],0.0
when my boyfriend sat up half the night playing computer games á with a friend.,[3],0.6124
when i had to leave my mother and my sister after a week's visit.,[4],-0.0516
when i saw a big spider from very close.,[5],0.0
when i asked a friend to return the money that i had loaned her á and then remembered that she had repayed me in several ways.,[6],0.4939
when one of my parents insinuates something about the other á (they are divorced).,[7],0.0
when i was asked to be a child's godmother.,[1],0.0
on the way down a ski slope which was difficult and steep.,[2],-0.3612
when my mother interfered in my life.,[3],0.0
when i was left alone one week-end without being prepared for á it.,[4],-0.3952
the first time that i saw a surgeon cut off a leg and put it in a á black rubbish bag.,[5],-0.2732
when i forgot about a meeting at work.,[6],0.0
when i demand too much from my friends.,[7],0.3818
when my husband suddenly came to see me at my new job and á brought some flowers and cake with him.,[1],0.0
when i was nearly attackad by a man who had been chasing me.,[2],0.0
"when my father asked me if i was a communist, at the same time he á made it clear that i should no longer see myself as his daughter.",[3],0.1027
"when i applied for a job which i thought i had a good chance of á getting, i was not even granted an interview and did not get the á job.",[4],0.4871
t.v features showing the violation of defenceless people.,[5],-0.4939
when i as a child of 9 or 10 i was playing doctor with the á neighbours boys their mother caught us.,[6],0.2023
when my husband talked about the restrictions he will have to á accept in his life to make our marriage work. i felt that it was á directed at me as it was me who had demanded the changes. we á were with a marriage counsellor then.,[7],0.1779
when we were able to afford a new sofa - a leather one which cost á sek 20000. i had waited for it for 2-3 years.,[1],0.0
vertigo - standing on a ladder and painting the house.,[2],0.0
when my boss enrolled in a course to satisfy his own ends - to á trample on his associates. i have the misfortune to have one of á my superiors in my course.,[3],0.6124
when i argue with my mother about the way she treats her two á children differently.,[4],-0.34
spit and vomit.,[5],0.0
spots on the seat covers of my husband's car.,[6],0.0
not speaking to my sister-in-law due to lack of interest in a á relationship on my side.,[7],0.1779
"when i recently managed to get my first consulting assignment á \myself\"" i.e on my own initiative.""",[1],0.0
i was within a hair's breadth of knocking down a drunkard who á suddenly ran into the street. the fear came later when i á realized what could have happened.,[2],-0.4939
"when my friend, as usual, forgot the tickets at home for a á performance. we missed it.",[3],0.25
"the elections of 1982 and 1985. the thought of what a social á democrat and communist majority could achieve, especially \worker á|share\"" funds and its extension.""",[4],0.0
"a study visit to a chicken factory : the butchery, the smell, á the environment and the noise.",[5],0.0
confession to my parents about my involvement in a moped theft.,[6],0.0
"[ no answer as i see very little difference between shame and á guilt. therefore see answer for \shame\"".]""",[7],-0.8495
when i was appointed to position of trust in a group set up to á change the working environment.,[1],0.5106
i was alone in a cottage i often stay in. i was woken up by a á rustling sound in the middle of the night.,[2],-0.25
"when i tried to explain to a plumber, face to face, that the á toilet was broken and he did not believe it (it had been mended á ten times).",[3],-0.4767
when the result of a project work was treated nonchalantly á intead of being criticized by the teacher.,[4],-0.3612
when programmes on violence or pornography are shown on t.v.,[5],-0.6249
when i talked maliciously about a colleague at work to someone á else. immediately afterwards i felt ashamed.,[6],-0.4767
when i decided to take a week s holiday without consulting the á family first.,[7],0.4019
after my girl and i talked things over our relationship changed á and became positive. a diificult time turned into pleasant one.,[1],0.7845
when we could not land our plane and we knew that the fuel was á running out. bad weather had already frightened us.,[2],-0.7506
when i read about reagan's tactical decision concerning the á south african boycott.,[3],-0.3182
when my half brother became seriously ill with cancer and died á later.,[4],-0.91
a film were a woman was attacked and raped. one did not see the á worst but it had the desired effect - very strong.,[5],0.2936
i made a comment and it was interpreted completely differently á from what i had meant. when i said it i realized how my mother á had understood it.,[6],0.0
i had promised to visit my girlfriend but for different reasons á could not make it. i rang up later to tell her that i could not á come.,[7],0.1901
"when i was offered a high position of trust, which i later á accepted.",[1],0.6597
i had the window open and the door was shut so that the kitten á would not go out. my partner came in and started talking about á something and i forgot about the window and suddenly i saw the á kitten hanging from the window frame. i was rigid with fright á till i got hold of her.,[2],-0.4767
some noisy guests arrived at the hotel. i had been slightly á irritated earlier. at night when i was trying to sleep they were á having a party so i went and yelled at them. i wanted to sleep á as i had to get up early the next day.,[3],-0.1832
when i was told that i had not been successful in getting the job i á had been expecting. i was sure that i was sufficiently á qualified.,[4],-0.1955
when my cat vomited and a worm came out which was still alive. i á was forced to wipe it up.,[5],-0.1027
when i was a child it was found out that i had taken off my á clothes outdoors. it was summer and my friend and i were out á in the woods. it had felt exciting at that time. my parents á discovered that my trousers were back to front and i felt á ashamed.,[6],0.5106
when i stole money from my mother and she asked me later if i was á responsible. i never admitted it.,[7],0.2509
"[ cycling in the spring sunshine gives me such delight. á happiness is to be healthy, my wonderful finance. simply being á here on earth.]",[1],0.9524
"when my relationship with my family is very poor i often fear á being excluded from the group, a fear which is stronger in á situations when an argument is on hand.",[2],-0.8357
"recently when my sister, who is four years younger than me and á very spoiled, shouted at my mother for no apparent reason . the á heart-broken expression on my mother's face made me feel very á angry.",[3],-0.6983
"when i watched the t.v programme called \the living planet\"" and á|saw the far reaching environmental destruction caused by man.""",[4],-0.4404
"disgust is a feeling that i have never experienced with peoplie á but , on the other hand, it has been with repulsive animals, i;e á snakes on t.v.",[5],0.4767
"when relatives have acted strangely, and unfriendly towards me.",[6],-0.5719
"when ,due to hunger and tiredness, i became generally irritated á with my fiancee and made cutting remarks which really hurt him. á later i realized that my unfounded irritation had hurt the person á i love most on earth.",[7],-0.8932
"on a boat trip to denmark, 14 of us had a lot of fun and we á spent sek 10 each on one armed bandits and against all odds we á won the jackpot of sek 1000.",[1],0.7906
"a rainy day, i was cycling downhill and a car door suddenly á opened and while trying to avoid it the back wheels of my bike á got caught in the tram tracks. i somersaulted but had no á injuries.",[2],-0.5499
on the way home from marstrand i was driving behind my father's á car. another car tried to push in front of my father and he was á forced to swerve and he thus collided the car with a pillar. the á other car drove off without even seeing what had happened.,[3],-0.4588
my girlfriend who had spent 6 months abroad broke off our á relationship by letter.,[4],-0.4215
at the police centre a man between 40-50 was brought in. he was á very drunk and in all likelihood had not slept indoors for a long á time and had relieved himself in his trousers.,[5],-0.024
a customer at the shop where i worked came in and asked if the á goods that he had ordered had arrived. i had totally á forgotten about this order and i tried to offer weak excuses.,[6],-0.6222
i was 4-5 years old when i hid the bicycle keys of a not very á good friend. after a few hours i pretended that i had found á it.,[7],0.1158
when i was at the end-of-term party last week and had fun - was á happy and sang and drank only soft drinks. it is possible to á have a good time without alcohol.,[1],0.9118
last summer i was walking along the beach in a bikini and an á awful man came cycling after me. he was shouting and i ran as á fast as my legs could carry me.,[2],-0.4588
in a course i thought that i deserved good marks but i only got á ordinary marks with no justification as to why i was given these á marks.,[3],-0.2144
when i crashed my car and it had to be scrapped then. it was my á fault and i feel depressed as i miss the car.,[4],-0.765
"i had some sort of a stomach virus last week and i vomited in á college in the morning, then in the cake shop, three times during á the trip home and again when i got home.",[5],0.0
when i was an evening school teacher it was my job to make the á coffee but i was not able to get the coffee ready on time and i á thus arrived half an hour late to the class. on top of this the á coffee was undrinkable.,[6],0.6652
many years ago a friend wanted me to with her to southern europe á and i preferred to travel alone. i felt guilty because i wanted á to go on my own.,[7],-0.1531
when i felt that my love was returned.,[1],0.6369
when i was convinced that someonne had broken into my flat and i á woke up and heard sounds that frightened me.,[2],-0.5106
"when it became clear that a man had used many people sexually á and psychologically, despite the fact that many people looked up á to him. i understood that one could not trust him and i was á forced to hide this for a while.",[3],-0.5862
when i feel helpless after having tried to help someone without á any result.,[4],-0.0772
when i think now about the way my father behaved when filing a á divorce.,[5],0.0
"when as an 8 year old, i wet myself in school.",[6],0.0
"when as a 7 year old, i stole money from my mother.",[7],0.0
when i recently got a very positive answer from a clinic telling á me that they would willingly assist and collect data for me for a á clinical pilot study.,[1],0.5984
every time i meet a certain dog that has once bitten me.,[2],0.2732
when after a lot of provocation my child threw a plate on the á floor.,[3],0.0
when i realized that i could not communicate properly with my á closest friend.,[4],0.4939
when i tried to explain to my child as to why there were á magazines wiith naked girls on them at the kiosk.,[5],0.0
when i stole a packet of cigarettes from a neighbour and the á next day i owned up and returned it.,[6],0.0
when i was forced to decline the invitation to my mother's 70th á birthday because of my work committments in another area.,[7],-0.4588
"when i began dansing, the teacher came and told me that i was á very good and would soon get into the ballet academy.",[1],0.4927
"a late saturday night i found myself locked in the central á underground station of stockholm with a group of 50 hard rockers á who were drunk and equipped with various kinds of chains, etc.",[2],-0.4215
"when i was forced to call the telephone company about a bill á concerning a disconnected phone belonging to my landlord. the á bill was four months overdue and in the meanwhile he had been á using my phone, he seemed to have no intention of having his own á phone reconnected.",[3],-0.6369
whenever i read or think about the way people treat animals and á nature.,[4],0.4019
when i saw a t.v programme on animals in the film world á (mistreated and used).,[5],0.0
when i was 13 years old i wrote passionate love letters to my á boyfriend and i later found out that his sister had read them.,[6],0.8225
"when i \hated\"" one of mmy flatmates who was nice to me.""",[7],-0.34
when my 6 month old son is happy and well.,[1],0.7003
a four year girl ran away from her father straight in front of my á car. i was forced to use the emergency brakes.,[2],-0.5719
[ after an examine i had been satisfied with.],[3],0.4215
when a colleague failed to contact me at the arranged time.,[4],-0.5106
when i read racist slogans on the walls.,[5],-0.6124
about sweden's arms exports.,[6],0.0
not doing something i had promised.,[7],0.3612
when i gave birth to a healthy boy.,[1],0.4019
when my husband and i spent a night by ourselves in a house which á was in an area on the outskirts of a large town with which we were á not familiar. we heard strange noises outside the house and the á house had glass walls so the whole thing was even more á frightening.,[2],-0.6461
jealous of my husband's old girlfriend. we met her with her á husband and there was a lot of reminiscing.,[3],-0.4588
when my daughter had problems with her friends and i could see á her predicament from the window. she was given a the cold á shoulder.,[4],0.1027
"when i was an auxiliary nurse at the hospital and i had to change á the nappies, for the first time, of a very old and sick woman.",[5],-0.552
when friends found out that i had been lying about where i had á been on a particular occasion.,[6],-0.0772
when my middle child became very difficult to handle after the á birth of his baby brother and i did not have any patience with á him.,[7],-0.4201
when my husband and i decided to take a few days holiday after a á particularly trying period.,[1],0.4019
before a hospital visit prior to a d&c under anasthesia for an á expected miscarriage.,[2],0.0
exchange of points of view with my sister on a family matter.,[3],0.0258
treatment to become pregnant with a negative result.,[4],-0.5719
"when i woke up one morning and went to the kitchen i discovered á that our dog had diarrhoea. there were small \piles\"" all over á|the floor and the smell was choking.""",[5],-0.4588
"when i was young, about 6 or 7, i did not make it to the toilet á on time. i hid the dirty trousers in the cellar as i feared itá being discovered by my parents.",[6],-0.7579
at work a boy was injured because of my lack of supervision.,[7],-0.6124
when i gave birth to a child and saw that it was normal when it á was put against my breast.,[1],0.0
during labour when the foetal sounds became faint and there was a á big alert for a forceps delivery.,[2],0.2732
"at a cash desk where i had gone to buy 16 rolls of kitchen paper á at a reduced price. after queuing with screaming children; it á turned out that i had taken two 8 roll packets instead of the one á 16 roll packet to which the rebate applied. the assistant said á \you will have to get it another time.\""""",[3],-0.3818
when i first heard that tage dannielsson had died.,[4],-0.5574
the lift of stockholm central station stank of vomit and urine.,[5],-0.4404
on the train a drunk person touched my baby and i reacted very á disapprovingly. i felt ashamed later as the person had not been á aggressive though he could have been.,[6],-0.6194
i get irritated with my son when he screams or is sick all over á his clean clothes.,[7],-0.7003
the high school entrance exam.,[1],0.0
"a gang of screaming and drunk youths \captured\"" a tram.""",[2],-0.6124
an unjust refree decision at a sports event when i was the team á leader.,[3],-0.5106
when my girlfriend left me.,[4],0.0
i was dominated by a certain person and even though i knew it i á could not change my own reactions.,[5],0.2732
when i was given detention at secondary school.,[6],-0.3612
when i splashed a child by not slowing down while driving á through a puddle of water.,[7],0.0
"yesterday, when the final whistle blew at the final match between á ois and ifk and it was certain that ois had won the swedish á title.",[1],0.7003
i was teaching someone to drive and when we were about to crash i á was scared.,[2],-0.6808
a drummer who had borrowed my drums destroyed both the drumskin á and the sticks. he did not repair them nor did he tell me about á it.,[3],-0.4939
when my dad gives priority to my kid brother's band and his á other activities. we both play in different bands and rehearse á in my parents garage.,[4],0.34
a friend unjustly put the blame on me to relieve his conscience á and also spread lies for the same purpose.,[5],0.128
"my behaviour at a recent party. i passed out early, luckily.",[6],0.7184
when i was face to face with my deceived friend after sleeping á with his wife.,[7],0.0772
"when i dived among sharks and the brightly coloured fish on the á outer reef of tvavni, fidgi.",[1],0.3612
"when i missed crashing, by a hair's breadth, into a man who came á out 20 metres ahead of me when i was driving at 110km/h.",[2],-0.296
when i told off a computer teacher who did not want to teach me á beacause of prejudice.,[3],-0.5457
when i could not do anything because of a bad back.,[4],-0.5423
when i discovered that the house we had hired in tonga was full á of cockroaches.,[5],0.0
when i excreted on the mat instead of the potty.,[6],0.0
when i pulled a chair from under someone at kindergarten and he á hit his head.,[7],0.0
when i passed the driving test three weeks ago and got my á licence.,[1],0.0
when the car i was driving skidded on an icy road and landed in á a ditch with one side against a rock.,[2],0.0
when i met friends i had not seen for the last 2-4 years.,[1],0.4767
when a guy chased me when i was out jogging.,[2],0.0
[ no reponse.],[4],-0.296
when the morning newspaper has not arrived.,[3],0.0
"i feel unbelievably happy about the relationship between my á boyfriend and me, it is a reoccurring feeling.",[1],0.6697
a reoccurring fear that something will happen to my relatives.,[2],-0.4939
"when i argue with my boyfriend, i feel as though he feels á superior to me.",[3],0.2732
when i failed an exam last summer. i had worked very hard for it á and i was very disappointed thinking that it was hopeless to á continue at college. i did overreact.,[4],-0.9079
when i argue with my sister. it feels sometimes that i have the á upper hand and i use it. i often argue better and this makes her á terribly angry.,[7],-0.6808
i was very happy when i got an attractive summer job.,[1],0.7841
the birth of my child.,[1],0.0
"when i have to leave the baby in the carriage and go shopping, i á fear that something will happen to the baby.",[2],-0.5267
when during winter the water pipes froze and we did not have any á water for two days.,[3],0.0
i did not quite succeed in breast feeding my baby.,[4],-0.43
the smell of garlic in rush-hour bus.,[5],0.0
"i fell on the ground while crossing the street. my cap covered á my eyes and i felt quite \difficult\"".""",[6],-0.4201
"i have a two-month old baby. when i came here, to the á university, to attend lectures, i had to leave the baby with his á father. i felt guilty.",[7],-0.4588
"during the christmas holidays, i met some of my old friends, á after not having seen them for six months.",[1],0.6908
"we were driving a car of a friend of mine when we turned in the á wrong direction towards an unknown district, and nearly drove á down a precipice.",[2],0.0258
when our religion teacher presented shocking sectarian thoughts á and doom's day as official teaching.,[3],-0.4019
"my grandfather died, when i was an exchange student in the usa.",[4],-0.5574
"i happened to see the video-tape movie \this is america - part á|one\"" at my friend's place.""",[5],0.0
"i insulted a couple of good friends of mine and even tried to hit á them when i was drunk. the next day, i was ashamed of course.",[6],-0.4215
i stole carrots and got caught. i had to apologize to the owner.,[7],0.1027
"in the underground's escalator, a youngish bum asked me for á money. although i did not give him anything, the fellow told me á that i was really good-looking. a man who was in front of me á also turned to look at me.",[1],0.0
i was afraid of moving away from home and moving to helsinki for á my studies.,[2],0.0
"in the student kitchen that we share, somebody drank from my á juice pot (one litre) so that i only got one glass out of the á whole pot.",[3],0.296
my father gave money to my brother but not to me.,[4],0.0
"during the week-end at home, my mother fries greasy and unhealthy á meat dishes which make me feel sick.",[5],-0.7717
i was wearing slippery shoes and i tumbled down in a place where á there were many people walking by.,[6],0.0
"i ate a runeberg's cake, though i knew that i would immediately á put on a kilo.",[7],0.0
"at about nine p.m., i went home by bike on a dark cycle-track; á because of lack of time i had to take the short-cut.",[2],-0.3182
once i had to go home on foot at 5 a.m. i had to pass through a á forest and i was going alone.,[2],-0.25
i missed the train and had to wait for the next for two hours. á for this reason i missed an appointment which had been very á important for me.,[3],-0.323
when my grandmother died. i had lived with her for ten years.,[4],-0.5574
"when i went home by train from sicilia, i was molested by a man.",[5],-0.4404
i lied to someone and some time later this person found out that á i had not told him the truth.,[6],-0.0772
i had to decline an appointment which had been very important for á the other person. for this reason we even got into trouble.,[7],-0.1548
"a person with whom i had been on bad terms, gave me a present. we á became reconciled.",[1],-0.5423
"a friend's father had died, i was to come and see this friend á although i did not know his family.",[2],0.0387
i was watching tv with a friend. after the first film i wanted to á watch another film on the same channel. my friend switched over á to the other cannel without asking me what i wanted.,[3],0.7506
my boy-friend an i seperated on his initiative.,[4],0.0
"a friend's boy-friend treated her very badly, let her serve him, á provoked her and just utilized her.",[5],-0.6697
i had lied to a person because i had thought that i could not á tell him the truth. when he found out he was not angry but á understanding. we talked the whole thing over.,[6],0.1781
i had told a person unpleasant things in a bad manner. he was á very depressed and caused an accident.,[7],-0.923
after having considered it for hours i was able to overcome my á scruples and to call a friend with whom i had fallen in love. i á realized that my decision was right - and was very glad.,[1],0.8479
after having slept for a short time i woke up - i had the feeling á of someone standing beside me and was very frightened. i had to á turn on the light turn on the light for several minutes before i á was able to get to sleep again.,[2],-0.4005
"i moved to a flat. a friend who had lived there before, had left á the flat in a terrible mess. i was very angry about that á sloppiness and impudence.",[3],-0.7178
"my father had a complicated operation. a long time before and á also a long time after that, we did not know how he would get á over it. during all that time i felt very sad.",[4],-0.5256
it was in a tramway-carriage: a stranger insulted a girl just á because she blew her nose. i detested his behaviour.,[5],-0.5106
"quite recently i realized that i had had some erroneous views á about life. for instance, i had always lived for other people, á had forgotten my own person and suppressed my own feelings. i was á ashamed because i had not been concious of that until i had a á conversation about it with a person.",[6],-0.7783
i had a quarrel with near persons. i said many ill-considered á things and i regretted it when it was to late.,[7],-0.3818
in summer when i was sailing with friends in greece i felt joy.,[1],0.7845
i was riding with a friend in his car. at a speed of 120 km/h on á the snow-covered motorway i would have liked to get out.,[2],0.7184
meeting a male friend with whose wife i was having an affair.,[7],0.4939
"walking along the beach with a friend (another girl), talking, á picking up shells, laughing, chasing seagulls.",[1],0.7506
"climbing a mountain to see a view, towards the top we suddenly á came across a ledge with a nearly sheer drop on either side, á which i had to cross.",[2],-0.0772
"a friend suggested in a round-about way that the reason we were á late for something was because of me, and that i'm often late. i á know this was partly true, but felt it unjustified that á particular time and i felt i couldn't do anything about it á anyway (i.e. being late).",[3],0.4317
talking to a very good friend who had just had a very bad á experience which was changing his whole way of looking at life á etc.,[4],0.4364
i came across a group of people with the same basic ideas/beliefs á who were all fighting and going against what they would say was á good.,[5],0.1027
"i was working in a job in which i could not work quickly enough, á and was told that my work was not up to standard.",[6],0.0
i had wasted some time instead of doing something i needed to do á to give to a friend. (also in the time i wasted i had done some á things i did not consider morally right).,[7],-0.4939
on meeting an old friend of mine.,[1],0.4939
when my brother was very late in arriving home from work.,[2],0.0
during a fight with my best friend.,[3],0.7003
when my dog died.,[4],-0.5574
during a movie in which i saw the effect of white settlers in á africa.,[5],0.0
when i got a bad result for one of my assignments.,[6],-0.5423
leaving a friend of mine alone at a dance - i felt i should have á kept her company.,[7],0.296
"when i realised that i was forgiven by the god who is there, when á i realised how much god loves me and that my acceptance with him á is not based on my performance - that he loves me unconditionally á and showed that love in christ who died because i do need á forgiveness.",[1],0.9578
"fear - paralysing - that i would not be accepted by the god who i á believed to be there because i was \morally bankrupt\"" (before á|becoming a christian and realising that that was why christ came to á|free us from sin and to forgive us).""",[2],-0.8407
"at my father's treatment of my mother, at his disregard for her, á and not being committed to her.",[3],-0.443
"at a lack of love of my father for my mum, sadness for him more á than anyone else because he does not realise how much love and á happiness there could be between them, and is, and how much he is á damaging himself apart from mum.",[4],0.6705
"at what i was capable of of selfishly using others for sexual á encounters, while i held a vision of having a deepening á above-board (you know, \girl next door\"") devotion to a girl in my á|head. my drives and actions did not match this so consequently i á|felt disgusted at my failure.""",[5],-0.3612
"at using other people, because of sexual experience that was á using another to the detriment of both. anxiety that i may have á affected another for the worst.",[6],-0.7506
"for the above: guilt at not living up to my own moral á expectation, guilt for not being the type of person my patents á wanted, guilt for just about bloody everything, just realising á that i have failed drastically in my own eyes.",[7],-0.8885
"i was rock-climbing and absailing & felt ok, but suddenly as i á was going over the cliff i was hit by fear - i couldn't go on á absailing down the cliff and had to be actually hauled back up á it.",[2],-0.6486
"i told my boy friend not to park in a certain place because the á car would ger towed away - he didn't listen and it was towed away. á at that stage, our finances were below the poverty line & it á cost us $10.00 - all the money we had to get us through that week á (including rent).",[3],0.25
my sister won a scholarship to norway and it was particularly as á she walked across the tarmac to get on the plane and she looked á back at us.,[4],0.5719
i work part-time as a shop-assistant and a customer spoke to me á very loudly about an indian man & white woman with children - how á horrible that was and would i want to have little dark children.,[5],-0.4939
"my mother told my uncle who is a roman catholic priest á (redemptist father) that i had been living in a de-facto á relationship for three years. he was very, very angry at me.",[6],-0.5956
"i \snapped\"" very abruptly at my mother when she said something á|silly and stupid, (in front of other people) she looked so á|defenceless & hurt & told them that i'm always doing that.""",[7],-0.7943
"i received a wedding invitation from an ex-flatmate, enclosed was á a small note that overcame a lot of the differences that had á arisen between us due to the circumstances in which she left the á flat.",[1],0.0
"one afternoon, helping at home on the property, i was á (mustering) getting in cattle and a bull turned and came for me.",[2],0.296
"getting a terrible exam mark, which i couldn't understand the á reason for, and trying to see a lecturer or tutor, but being á given the runaround.",[3],-0.2617
"watching an old lady running up the street to catch her bus and á miss it, it reminded me of my own mother and how dreadful it á would be to be her in the same situation.",[4],-0.5423
"coming home one night - my sister was home, and had been drinking á heavily and started picking arguments.",[5],-0.4019
when i am travelling by car and have to meet an oncoming car á while overtaking.,[2],0.0
when a close relative is treated badly.,[3],-0.4767
when a close friend died.,[4],-0.1027
when i saw all the starving people in ethiopia on t.v. it felt á awful to see such suffering.,[5],-0.836
when a mistake occurred at work which i was not responsible for. á this was disclosed later.,[7],-0.5207
when i called my boyfriend he asked me if i would live with him.,[1],0.0
last summer in italy i was attacked by a dog.it was terrible to á feel that untidy dirty dog against my naked skin.,[2],-0.8402
when my father's new fiancee treats me like a child. she does á not trust me and constantly misunderstands me. i get á particularly angry when she says nasty things about my boyfriend á with whom she works.,[3],-0.8656
"when the guy i was in love with told me that he had met someone á else and that we would not meet again for a year. although we á did not have a steady relatioship, we were having an affair.",[4],0.6369
when my love for a guy was returned.,[1],0.6369
"when i think of death - not my own but that of my parents, á brothers and sisters.",[2],-0.3506
my parents did not approve my choice of a boyfriend (now an á ex-boyfriend). he happened to be 13 years older than me and he á was considered completely unsuitable for me. idiot.,[3],-0.5106
when my uncle comes (3 times a year) for the traditional á christmas dinner with my grandparents and other relatives and is á very drunk.,[5],-0.4005
i was living at home during the summer vacations and towards the á end decided to take some of my clothes and other belongings to á the appartment in guttenburg. when i had finished i went to my á ex-boyfriend's (relationship uncertain) home and stayed there á till 5 a.m. i had to leave then as my parents needed the car for á work in the morning. my parents do not like my boyfriend.,[7],-0.5439
i met my present boyfriend on a boat trip to england. we had á said that we would call each other when we got back to sweden (we á were not going to the same town in england). as soon as i walked á in he called from england as he could not wait till he came á home.,[1],0.0
when my mother's heart nearly stopped.,[2],0.5106
"there was a sofa in my flat which belonged to the old tenants who á were acquaintances. it should have been picked up a year ago but á they had postponed it. eventually they decided on one date and i á stayed at home despite the fact that i had other things to do. á they did not come, nor did they call and they still have not got á in touch with me.",[3],-0.296
when my ex-boyfriend and i separated.,[4],0.0
"very intoxicated men who incite each other to fight. i met a á vile smelling man on the tram who got closer and closer to me á till i got up, then he got angry.",[5],-0.875
[ do not remember any situation of that kind.],[6],0.5267
when my nephew asked me to tell him a story and i simply did not á have the energy or the will. when i saw his disappointment i was á terribly guilty and read a story to him after all.,[7],-0.8225
when i fell in love.,[1],0.6369
"earlier, i was afraid of speaking in front of a crowd of people.",[2],0.0
a girl i was with went off with another guy.,[3],0.0
at set-backs.,[4],0.0
i worked in a harbour and emptied latrine containers from the á back of the lorries.,[5],-0.1779
the day after the night i drank too much at a party.,[6],0.4019
[ can not think of anything.],[7],0.0
when i was accepted as a student of psychology here at á gutttenburg.,[1],0.2732
i woke up in the middle of the night as i had jumped and shouted á with fear. i thought that someone's cold hand or something á similar had touched my hand. i crept down under the covers and á went back to sleep.,[2],0.4939
when i was a young teenager (14) my brother-in-law to be had á made heavy advances to me. i did not understand very well what á it was all about but i reacted strongly and the feelings are á still there.,[5],0.2811
i broke off with my partner as i wanted him as a friend and not á as a lover. he reacted very violently and i felt guilty as i á had made him so desperately unhappy.,[7],-0.8457
i made dinner for some friends and they appreciated it very much.,[1],0.7506
i was nearly knocked down while i was cycling.,[2],0.0
my father and i had an argument because i do not help enough at á home.,[3],-0.5801
i had intercourse with someone and then i realized that what i á had done was wrong and it disgusted me.,[5],-0.7579
i said nasty things which i did not mean to a friend.,[7],-0.1027
after intercourse.,[1],0.0
disappointment over a friend.,[2],-0.0258
quarrelled with my younger brother.,[3],0.0
when i woke up after a nightmare.,[4],0.0
helping older people on the toilet.,[5],0.296
[ can not think of anything.],[6],0.0
squeezed the puppy in the door.,[7],0.0
when i was notified that i had been accepted as a psychology á student.,[1],0.2732
motor failure on a boat outside gottenburg when we were in heavy á seas and the wind was strong. as we could not steer the boat we á drifted towards the rocks. we did not succeed in attracting the á attention of any passerby until 4 hours had elapsed.,[2],-0.6348
a lady i live with had not bothered to clean up before she went á on holiday (i live in a collective).,[3],0.3408
when i heard that a good friend had committed suicide.,[4],0.4019
i was present when they found a shop-keeper dead in his shop. á he had been shot with a shotgun at close range.,[5],-0.6486
[ i do not remember when i last felf ashamed. i do not usually á feel ashamed of what i do.],[6],-0.7351
my mother accused me of not visiting her enough when she was in á hospital for an eye operation.,[7],-0.296
"after i had made my debut at ullevi against ifk, gottenburg and á got a good write up in the paper.",[1],0.4404
"when i was 7-8 years old, i woke up one night and found myself á alone at home. my mother had gone out to buy cigarattes from a á machine.",[2],-0.25
when i found out that i had failed to pass my exams during the á term by one point. the fact that exactly the same thing had á happened last term did not help.,[4],-0.6765
"when i was touring asia with my present football team, i saw old á europeans with young asiatic prostitutes.",[5],0.0
as an evening class teacher i got positive feedback. when the á atmosphere is good and a kind of relaxed understanding exists.,[1],0.8558
after mischieviously ringing on the chemist's trade-entrance á doorbell and getting caught by him.,[2],0.0
the sight of a man who ran amok (fighting) at a dance.,[3],-0.3612
when out of work.,[4],0.0
"with my mouth full of bun, i drank directly from a packet of milk á which turned out to be weeks old (completely separated). it took á a while for the milk to seep through the bun.",[5],0.0
a boy who shot dead a squirrel.,[7],-0.6486
when i was accepted as supervisor for a student teacher. the á notification came by post.,[1],0.2732
"when i was involved in a car accident last november, after the á first fall of snow. i lost control of the car and it spun round á and landed on the opposite side of the road, on the hard á shoulder. it was stopped by a pole on top of a bank sloping down á to a stream.",[2],-0.7096
"with the job appointments committee when the headmaster in charge á explained that a male teacher was more suitable for the á particular post. i had more years of service than the male á teacher, but this was not taken into consideration. i could have á been given a less attractive job if things had gone the way the á headmaster wanted.",[3],0.5284
a colleague's 17 year old daughter is seriously ill with cancer á and has only a year to live. i heard about it 6 weeks ago.,[4],-0.836
"when a close friend met me at the station in the middle of the á night, when i came back from a long and tiring journey.",[1],0.4939
"having quarreled with a boyfriend, he threatened to leave me.",[2],-0.4939
someone didn't show up at a meeting in spite of having agreed to á come.,[3],-0.3182
"when i understood that my marriage was falling apart, and we á decided to be legally separated.",[4],-0.0516
"at an anti-pornography meeting, when samples from films and á magazines were shown.",[5],0.0
comments from other children on my alcoholic father,[6],0.0
"having failed to help with the 5th of march arrangements (women's á day), although i had previously promised to take part in the á work.",[7],0.2263
"when i was able to buy my new car, after lots of problems.",[1],-0.4019
"after my car accident, when i woke up in a heap of stones.",[2],-0.4767
"when i tried to put up a tent some years ago, i was teased and á hindered by my cousin.",[3],-0.296
when my grandfather died.,[4],-0.5574
no response.,[5],-0.296
"hit a dog with my car, and didn't stop.",[6],0.2235
"car accident. i let a 16-year old, incompetent parson take the á wheel and i feel very guilty about what happened even though i á suffered the worst injuries.",[7],-0.9485
when i was admitted to a certain school as a student.,[1],0.3612
my father has a chronic desease. in the autumn of 1983 he had a á very strong fit or seizure.,[2],0.7485
"a drunken friend of mine was beating up another friend, who was á also drunk.",[3],0.25
when i didn't get a certain job at lillehammer which i wanted á very much.,[4],-0.2057
my boss on the job failed to keep his promise about something he á knew was extremely important to me.,[5],0.024
an exam where questions about very specific knowledge were asked.,[6],0.0
i hit my little sisiter on the head with a stone while we were á fighting.,[7],-0.3612
"when my father managed to begin a \new life\"" after the divorce á|from my mother; resulting in a new little sister for me.""",[1],0.0
"a \near-accident\"" in a car, driving too fast on an icy road.""",[2],0.0
"my mother and her friends were speaking badly about my father á when they were separated, and my brothers and sisters and myself á were allowed to listen.",[3],0.0
"being bored in school, not being able to marry and have children.",[4],-0.2732
when my mother's new husband treated her and my brothers and á sisters badly.,[5],-0.4767
stealing from my mother's purse when i was a little boy.,[6],-0.5719
no response.,[7],-0.296
"i was in hospital, and then was visited by someone quite á unexpected.",[1],0.0
"i was hunting, and was lost in the fog in the mountains.",[2],-0.3182
"i was accused of a misdemeanour, unjustly.",[3],-0.296
slaughtering of animals.,[5],0.0
"i entered the wrong room, and got into a bed where someone á already was sleeping.",[6],-0.4767
i failed to show up at an agreed date.,[7],-0.296
"when i finally managed to get a specific sound from my guitar, á after baving tried for a long time.",[1],0.0
"climbing a mountain, i got stuck and realized i could get neither á up nor down.",[2],-0.25
meeting generally dominating persons in social occasions.,[3],-0.296
"discovering that lillehammer provided no musical environment that á suits my taste, even though i had been told so.",[4],-0.296
can't describe any disgust situation.,[5],0.4847
when the cast general election resulted in norway getting a á conservative government.,[6],0.0
a friend of mine shot himself through the head after having told á me and others that he would do so.,[7],0.4939
when my children were born.,[1],0.0
when i almost ran over a small boy who suddenly was in front of á my car.,[2],0.0
"when my father phoned me to come home from my vacation, since he á no longer had the time to look after my garden and animals.",[3],-0.296
when i was told that a good friend was seriously ill.,[4],0.3818
when i learned that a relative had been spreading rumours about á me.,[5],0.0
"i was talking badly about a person to some friends, and á discovered that his daughter was listening.",[6],0.0
"when my ex-husband left our house, and the children cried because á he was not coming back.",[7],-0.3818
"when my special friend said \i love you\"" for the first time.""",[1],0.8779
"after having watched a crime show on the tv, i was about to take á the dog for a walk. then, suddenly, there was a man on the á porch... (we live some distance away from other people).",[2],-0.5423
when my car suddenly broke down !,[3],-0.4753
when an earlier friend was spreading negative rumours about me.,[4],-0.128
"there is a certain person, whom i only have seen. he makes me á cringe, feel disgust.",[5],-0.4215
cheating to get the best grade on a test in 7th grade.,[6],0.1531
"a kitten had wandered into our office, and i was told to take it á back across the street. when i crossed back, the kitten followed á me and was run over and killed by a car.",[7],-0.6705
when my term paper was evaluated.,[1],0.0
"after seeing a terror movie at the cinema, i was so scared that i á couldn't even drive the car into the garage. i often thought á about the film afterwards, hoping such things couldn't exist in á the \real world\"".""",[2],-0.6532
"angry with my brother, who was making fun of me, teasing me.",[3],-0.0772
when my gradmother died.,[4],-0.5574
i overreacted towards my mother and felt ashamed afterwards.,[6],-0.7003
"when my parents work very hard and get tired - while i go to á school and study instead of helping them. i feel that i'm letting á them down, disappointing them.",[7],-0.6801
got in touch with earlier friends after a long absence.,[1],0.4767
i lost my way on a trip in the mountains.,[2],-0.3182
"being subject to unfair treatment in a working group, someone á \bending the rules\"" was protected by the boss. this resulted in á|more work for the others.""",[3],-0.0516
the death of a close friend.,[4],-0.1779
"was confronted with a person having negative thoughts of other á people because of their social status, beliefs, color and á outlook on life (perspective).",[5],-0.6705
"feeling inadequate in a group situation, being unable to convey á my own thoughts and feelings.",[6],-0.296
i failed to complete a working task within the agreed time.,[7],-0.296
receiving a much wanted letter from a very good friend who lives á abroad.,[1],0.7698
"before getting back the results of a test in school, when i had á worked very hard and was worried about not succeeding.",[2],-0.6727
"one of my best friends accused me of giving up to early on á problems. it was only a casual remark on her side, but i was á angry and hurt.",[3],-0.775
"realizing that school will soon be over, and we will all go á different ways, perhaps never meeting again our friends from this á year.",[4],0.4767
in a public swimming hall i saw a very aggressive man who á practically attacked the children who got in his way when he was á swimming.,[5],-0.5984
"i was making very strong statements about infidelity in couples. á then i discovered that one of my best friends, who had just been through á a very sad case of mutual infidelity, was listening.",[6],0.8176
"i had planned a trip to the south during easter, together with a á friend. she was very sorry when i changed my mind and decided not á to go after all.",[7],0.3832
"a friend which i hadn't seen for years, sent me a small present.",[1],0.4939
"one dark night with no street lights, a car was obviously á following me.",[2],-0.296
"i was subject to false accusations, and got very angry.",[3],-0.7089
i was told by a good friend that we couldn't be friends any more á because of his relationship with another girl.,[4],0.5493
"this is difficult, since i don't remember feeling disgust towards á anyone.",[5],0.0711
"if i don't go to lectures, i often feel ashamed.",[6],-0.4767
i was very angry with a girlfriend for interferring a little too á much with my personal affairs. i told her so rather strongly and á she started crying.,[7],-0.6502
"when my fiancee travelled 2000 km to visit me, and i hadn't seen á her for 4 months.",[1],0.0
"i was beaten up at a private new year's party once, through no á fault of mine.",[2],-0.0108
"i felt unfairly treated at an airport, being told to use a á different counter (for domestic traffic only).",[3],0.0
the murder of two girls on a school trip to berlin (and sexual á crimes generally) a couple of years ago.,[5],-0.6908
when taking part in the mobbing of one of my best friends in á primary school.,[6],0.8074
"when i secretly tried smoking for the first time, being 12 years á old.",[7],0.0
"when the person that i was very fond of, returned to me.",[1],0.4927
not applicable to myself.,[2],0.0
when students in our working group showed no responsibility or á interest in our work.,[3],0.2023
a very close friend left me.,[4],0.539
"some people were unfairly treated, because of their á nationality/colour.",[5],0.0
taking part in the mobbing of some girls in my class in primary á school.,[6],0.0
not applicable to myself.,[7],0.0
a close acquaintace cried for me. i felt happy because somebody á cared.,[1],0.5994
a letter from my boyfriend began in such a way that i thought he á was going to end our relationship. i was afraid of reading the á rest.,[2],0.0
"my nephew is a deaf and also \hyperactive\"" boy. i had been á|responsible for looking after him for a full day, and was very á|tired. then he suddenly grabbed a knife and stabbed me in the á|leg. i got so angry that i didn't feel any pain.""",[3],-0.664
a woman i know is slowly dying from cancer. observing this á process makes me sad.,[4],-0.8176
close friends talking badly of other friends.,[5],0.4767
"my father died after two very painful weeks in bed. i felt á relieved, and was ashamed of that.",[6],-0.807
"we had a day off from school. instead of helping my mother with á her job, i stayed in bed all day.",[7],0.296
renewed contact with an earlier friend.,[1],0.4939
fearing the use of power or reprimands when i belong to the á minority.,[2],-0.5719
"a close friend first said he accepted an agreement, but later á used that agreement as a reason for attacking me.",[3],0.6187
when realizing that my girlfriend and myself in fact had started á the process of breaking up.,[4],0.0
"political and military trnsgressions around the world, generally á speaking. this cannot be described through this questionaire.",[5],0.0
was accused of having hidden intentions in a situation when i á believed i was acting honestly and fairly.,[6],0.2023
"when my aunt took her own life, i felt guity for not á understanding that she needed support.",[7],0.4019
"receiving a postcard form my sweetheart who was abroad on á vacation, not being at all sure if he would write me or not.",[1],0.765
doesn't apply.,[2],0.0
"when i tried to breake it up with my boyfriend, and he refused to á let me go.",[3],-0.296
having to go back home form the u.s. after having been there for á ten weeks to visit my brother and his family.,[4],0.0
doesn't apply.,[5],0.0
doesn't apply.,[6],0.0
"i dated another boy several times, when i was still \going with\"" á|my former boyfriend. this made me feel a little bit guilty towards á|my friend.""",[7],0.1725
finding my glasses again after having lost them in town.,[1],-0.3182
falling off a cliff in the mountains.,[2],-0.1531
having a fight with a class mate.,[3],-0.3818
when the gear broke on my car.,[4],-0.4215
can't remember having had this feeling.,[5],0.1593
can't remember that feeling.,[6],-0.0951
i forgot to lock the outside door at my land lady's place.,[7],0.0
i got a job right after school was over.,[1],0.0
going home alone through the forest after a girl guide (scout ?) á meeting.,[2],-0.25
i get angry when people disbelieve me or misunderstand me.,[3],-0.7906
at the death of a close relative.,[4],-0.5994
"having been unjustly punished, i feel disgust towards the person á responsible.",[5],-0.6808
being caught in changing the truth (lying).,[6],-0.2732
"doing something wrong at home, and then letting my (normally) á more rampant brother take the blame.",[7],-0.6705
having passed the exam required to be an authorized radio/tv á dealer.,[1],0.0
"climbing a mountain where the rocks were very loose. when we á realized the danger, we were very high up, but still had a long á climb ahead.",[2],-0.4582
"being a spokesman for the union, i got into a quarrel with a á colleague who had been acting disloyally over a sustained period á of time.",[3],0.0
"when my grandfather died, with whom i had a very close á relationship.",[4],-0.5574
"reading about executions and massacres which happened during á world war ii, i felt disgust towards those who did it.",[5],-0.8316
"i woke up at the house of someone i knew, not remembering very á much about what had been said or done during the party on the á previous night.",[6],0.4019
"borrowing a car, and then having a minor accident (breaking a á headlight).",[7],-0.4767
succeeding in helping others.,[1],0.6597
"when i realized that we are living on borrowed time, and that the á nuclear holocaust appears to come closer every day.",[2],0.0
"when others let me down, fail to keep agreements.",[3],-0.34
death in the close family.,[4],-0.5994
when people manipulate others through appearing better than what á they really are.,[5],0.4404
participating in a theft several years ago.,[6],0.0
"feeling helpless, not being able to accomplish what i really á wanted to do.",[7],0.0772
i received the message that i'd been accepted at the school where i á really wanted to go.,[1],0.2732
i came home and discovered that someone had broken in. then i á realized that they probably were still there.,[2],-0.4767
i was accused of having drunk a bottle of liquor and then á refilling with water.,[3],-0.5574
"got a package from my parents, without even a small note á enclosed.",[4],0.0
"quarreling with my father, when he made false assertions.",[5],0.0
telling friends about how my parents had been treating my á brothers and sisters unfairly.,[6],0.4767
"i've always defended my sister when needed, at the expense of my á brother. this has led to feelings of guilt towards him.",[7],-0.2732
winning the local soccer championships this year was a great joy.,[1],0.9382
before important sports events.,[2],0.2023
when colliding with my car. i myself was to blame.,[3],-0.4404
"not succeeding in a cross-country skiing competition, which i á intended to win.",[4],0.2896
can't remember any episode of disgust.,[5],-0.5994
"when i got really drunk on norvegian indipendence day, and was á not allowed to participate in football (soccer) games for two á weeks. that was very unpleasant.",[6],-0.7258
when i and the boy next door set fire to a house by accident.,[7],-0.6705
getting the top price in the football pools.,[1],0.2023
was threatened with a knife ... in the military by soldiers form á another unit. the reason was girls.,[2],-0.4588
when my mother treats me as a 10-year old boy.,[3],0.0
getting to know that my uncle in america had a brain tumor.,[4],-0.3818
"outside a night club, a grown man was sitting on top of a younger á woman, beating her up.",[5],-0.296
"my father was a member of the public alcohol and drugs board, á when i was picked up by the police for being drunk in a public á place.",[6],-0.34
"when being illoyal (disloyal) to people close to me. had such an á episode with my sister, who should have received my support and á attention.",[7],0.4019
"receiving close friends form abroad, whom i hadn't seen for á years.",[1],0.4767
"motorcycle accident with two people involved, running off the á road. broke an arm, only.",[2],-0.7096
"having agreed to share the taxi expenses, three people in the á back of the car just ran off, leaving the person up front with á the entire bill.",[3],0.5106
death of a close friend.,[4],-0.1779
can't remember any such feelings now.,[5],0.0
"at a private party i literally fell into the food. the party was á completely ruined for the host, carpets had to be cleaned, etc.",[6],0.2516
"accidentally dropped a friends camera flash, so that it was á broken.",[7],-0.34
selling my used car.,[1],0.0
"almost crashing my car, something which could have led to great á problems.",[2],0.34
realizing that a friend had been talked into signing a certain á contract.,[3],0.6486
"talking to a pensioned and bitter \street order\"" policeman.""",[4],-0.4215
the sadistinc exacution of a student in the usa.,[5],0.0
forgetting an important appointment.,[6],0.2023
not keeping a promise of delivering materials of great importance á to the receiver.,[7],0.6846
managed to run 30 km on skis fairly simply.,[1],0.0
afraid i wouldn't catch the train when i was going to see my á sweetheart.,[2],0.6486
receiving personal criticisms early in the morning.,[3],-0.2263
not getting a job.,[4],0.0
seeing a pornographic film when looking for a place to live.,[5],0.0
when unjustified hurting other people.,[6],-0.4019
"the negative feelings towards me displayed by my á \parents-in-law\"".""",[7],-0.5719
reunion with my wife after a legal separation.,[1],0.128
"the house was on fire, and i was saved by the dog. i am afraid of á the fire, verging on panic.",[2],-0.6486
"physical violence. a friend wouldn't listen to me i repeatedly á tried to warn him, to no avail. result: eight people were \pissed á|off\"".""",[3],-0.8271
my father dying.,[4],0.0
maltreatment of children.,[5],0.0
i lost my driver's licence because of speeding.,[6],-0.3182
"car accident, hurt three of my closest family.",[7],-0.7579
relating to my closest family.,[1],0.0
"thinking of the unknown, what happens at the moment of death, á etc.",[2],-0.5994
"in traffic i often get relatively angry with other drivers. á several transgressions make me mad, especially not yielding to á priority traffic (e.g. coming from the right).",[3],-0.7579
"losing close people and animals. so far, i've felt most when á losing our dog in a traffic accident.",[4],-0.8207
i feel disgust towards those who are responsible for the death of á others.,[5],-0.7579
"talking about a person's unattractiveness, not realizing that the á person was listening.",[6],0.0
"i often feel guilty, and it has to do with other people, e.g. if á i haven't visited my older relatives for a while.",[7],-0.4215
when the contract about my shop was signed.,[1],0.0
"being very close to having an auto accident, almost driving off á the road.",[2],-0.4767
"having gone to school without learning anything, as usual.",[3],0.0
"my sweatheart were away on a trip, and then she got problems.",[4],-0.4019
overeating a traditional type of food - blood pudding.,[5],0.0
forgot to do some shopping that i had promised to do.,[6],0.3612
i crashed my father's car.,[7],0.0
receiving a letter form a girl that means a lot to me á emotionally.,[1],0.0
being close to drowning.,[2],0.0
being slandered by friends.,[3],0.4767
love problems.,[4],0.3612
does not apply.,[5],0.0
"having finally to admit i was wrong, after having denied it for a á long time.",[6],-0.6369
being aggressive against members of my family.,[7],-0.1531
i won the country ski championship.,[1],0.765
i was scared in the dark when i was a little boy.,[2],-0.4404
angry when our team (small boys) lost the county championship á football final.,[3],-0.4019
my grandfather's death.,[4],-0.5994
"a teacher gave me lower grades than i was entitled to, and was á hoping for.",[5],0.4019
was caught stealing apples in a neighbor's garden.,[6],-0.5719
not helping parents enough at home and at the farm - this has á happened many times.,[7],-0.2235
"when the bank let me borrow some money this winter, after my á grant was spent.",[1],0.3612
"once i was stopped by the police in spain, when i had some á \grass\"" in my tobacco.""",[2],-0.2263
"my father accused my brother of having bumped his car, and it was á wrong.",[3],-0.6486
when a girlfriend left me.,[4],0.0
"when a \friend\"" dropped a frog down my neck, and i didn't know á|what it was.""",[5],0.4939
fighting with my father while drunk.,[6],-0.5994
during 7th grade our class mobbed a famale teacher so badly that á she had a breackdown and was hospitalized.,[7],-0.6113
i am a school teacher. at a teacher-parent meeting i received a á good deal of positive feed-back on my work both from the parents á and through them from the pupils.,[1],0.7579
"as a child, when i was at home alone, i felt in an indefinate á manner afraid of the death of my father and mother.",[2],-0.7096
"i had a discussion with my mother concerning my sister's divorce, á we disagreed strongly.",[3],-0.0516
as a ten-year-old i was at the funeral of my grand-father. it was more á the ceremonies held in the church and not really the death of my á grand-father which made me sad.,[4],-0.3067
"i had a discussion with my wife about an over-weight acquaintance of á our's, about her eating habits and the scars caused by her á pregnancy.",[5],0.0
when i confessed to my girl-friend (now my wife) that i had á betrayed her with another woman.,[6],-0.6124
"the same as in \shame\"".""",[7],-0.4767
[ a successful lesson.],[1],0.5859
[ i was thinking about death.],[2],-0.5994
a conflict with a pupil.,[3],-0.3182
when i am at home alone.,[4],-0.25
a saturday night a bus full of drunken people.,[5],0.0
a conflict with a pupil and there were probatory teachers á present.,[6],-0.3182
selling the appartment after my divorce.,[7],0.0
when in an economic crisis i got an unexpected sum of money.,[1],-0.6249
in the dark an unreal figure formed by a shadow.,[2],0.0
"[ when i was treated unfairly, regardless of my motives or deeds.]",[3],0.0
when i noticed obvious marks of old age (in a negative sense) on á a close relative of mine.,[4],-0.5719
"as a child, when i saw an \unesthetic\"" sight.""",[5],0.0
"on a social occasion, i noticed that i reacted on the basis of my á autonomous nerve system (i could not help it).",[6],-0.3089
when i caused needless anxiety to a person close to me because of á my lack of self-insight.,[7],-0.4588
i was coming home from an exam and i supposed that i had á passed it so i ran to a restaurant for a beer.,[1],0.0
i had been drinking with a pal and i later (1 o' clock) had a date á with my fiancee. we were going to a spanish lesson and i was á afraid that she would smell that i had been drinking.,[2],0.0
my fiancee and i were at my parent's place watching tv. there á were only two tv-chairs and we were sitting on them when my á drunken brother came in and rudely chased my fiancee off the á chair she was sitting on.,[3],-0.4939
i had drunk a couple of beers and my fiancee got angry at me.,[4],-0.6908
we were at a hamburger bar and a man at a table nearby started á coughing and spitting into his plate.,[5],0.0
we got into a fight with some chaps in front of our family house. á the value of the property destroyed was approximately 15 000 fim. á i felt ashamed when my parents came to know about this.,[6],-0.7579
we had had a party the night before and we still had some liquors á left the morning after. i went to the kitchen pretending to á prepare some tea and was caught by my fiancee pouring some rum á down my throat.,[7],0.4767
while dancing in a restaurant last week.,[1],0.0
i was on the inter rail in naples alone. after an evening in a á restaurant i was going back to the hotel when a prostitute á approached me to sell herself. i refused but as i carried on á walking i felt that i was being followed by someone.,[2],-0.2732
when a girl left me.,[3],0.0
"i was on my way back from the inter rail, on board the ferry from á stockholm when my father called me at 7 o'clock to tell me that my á uncle had died and that i would be seeing him off on his final á journey within four days.",[4],-0.5574
"on reperbahn, in a restaurant, a \charming\"" old saleswoman came á|to beg a drink for herself.""",[5],0.5859
"at the funeral of my uncle, i was one of the bearers. i was not á familiar with the etiquette and acted tactlessly because of my á ignorance.",[6],-0.6124
"on reberbahn, i was in a \restaurant\"" where drinks were á|overpriced. i did not ask for the prices beforehand, and when á|the bill came i could not pay the bill.""",[7],0.0762
my girlfriend gave me some feed-back and i understood that it á meant that our relationship was about to turn even closer.,[1],0.0
"at the dentist's, waiting for my turn to come.",[2],0.0
"while in the army, i was treated unfairly by my superiors. i was á held responsible for a deed of which i was innocent.",[3],0.6908
when i came to know that my grandmother had died. she was very á close to me.,[4],-0.5574
"in the army, an acquaintance of mine tended to use his position á to advance his own interests.",[5],0.25
"when i lied to my girlfriend, telling her that i had passed an á exam, when i actually did not even take it.",[6],-0.3818
when i spoke ill of a fellow worker in the absence of this á person.,[7],-0.4215
when i look at people around and know that people who are stupid á look stupid.,[1],-0.7783
"when i saw russian roulette on tv. (obviously the movie \deer á|hunter\"")""",[2],0.0
when stupid people push me during rush time in the city.,[3],-0.5267
[ laziness makes one sad.],[4],-0.4767
when i saw hundreds of snakes twisting over one another in a á movie.,[5],0.0
i saw a skid-row (chronical) alcoholic and i was ashamed of the á people with a high standard of living.,[6],-0.4767
when i shot a bird in the head with a shotgun.,[7],0.0
[ being close to another person.],[1],0.0
[ uncertainty about my own abilities in an exam.],[2],-0.1027
[ an unfair punishment.],[3],-0.743
"loneliness, being uncertain of myself in the autumn.",[4],-0.6124
a rich man expressing disgust towards an alcoholic.,[5],-0.0772
"a man asked me: \may i sleep in your stairway?\"" and i answered á|\""no\"".""",[6],0.0
[ the same as in shame.],[7],-0.4767
i went to a doctor with a complaint. the doctor told me that i á was completely healthy.,[1],0.2006
"my father was away from home and he did not come back when he was á expected, he came back several hours later than expected.",[2],0.0
"i had an implicit agreement with my sister about meeting her, á however she had not understood the situation the same way so she á did not turn up.",[3],0.4939
i realized that the girl i loved had to leave me.,[4],0.5719
in the bus i was sitting next to a colleage who was drunk and á behaved in keeping with his state.,[5],-0.34
i had promised to help out with domestic chores and i forgot á about it.,[6],0.6369
i had promised to call a girl but i did not do it.,[7],0.1901
when i unexpectedly received birthday greetings from a person i á like.,[1],0.6486
i returned home late from a party last night and i felt afraid á trying to anticipate the reaction of my father.,[2],0.4019
when i learned that my brother had spoilt an lp of mine.,[3],0.0
when i came to know that a girl i was fond of already had a á boyfriend.,[4],0.4404
a too eager approach by a dirty drunken person in a bus.,[5],-0.1027
i made a major mistake while learning how to use a computer programme á and the teacher criticized me.,[6],-0.6361
"i reproached my mother's cooking and criticised her á personality, and she felt hurt and depressed.",[7],-0.8591
i shot the decisive goal in an ice-hockey match.,[1],0.2263
when i got lost in new york city a late friday night with a á friend of mine.,[2],0.2263
after having quarelled with a relative of mine about politics.,[3],0.0
the death of my grandmother.,[4],-0.5994
when i noticed that a nice person was being exploited á economically.,[5],-0.0516
i slandered a person behind his back and he got to know about it.,[6],0.0
i had quarelled with a friend of mine and i later realized that á it was also my fault.,[7],0.128
i passed an exam which i was not sure at all to pass. i rejoyced á at the result because the possibility of continuing my studies á depended on it.,[1],-0.2411
"in the traffic with a car, i nearly got crushed between a bus and á a tram. the attention of other drivers saved me at the last moment.",[2],0.0
"i was disappointed and angry at the bad quality of a documentay á program on tv. in my opinion, the topic was important and the á program should have been made with seriousness and consideration.",[3],-0.8519
my father had a heart attack when i was not at home (i was still á living with them). he recovered relatively well although he had á to retire (which implied relief from the stress of a small scale á enterprise).,[4],0.5423
"at my grandmother's detestable and selfish conduct towards my á elder sister, although her behavior was due to senility and lack of á understanding.",[5],-0.6597
"i arrived late at a seminar concerning my major subject at á university, although i had been appointed to formally oppose the á paper which was being presented.",[6],0.0
"i had asked the salvation army to take away a piece of furniture á of mine, but i forgot to cancel the agreement (a friend of mine á took it) and i thereby caused the salvation army people some á unnecessary work.",[7],0.7964
"on the cliff by the sea, the silence and the sudden voice of a á bird.(swans of the bay)",[1],0.0
a dark night when i had to go to the outdoor lavatory.,[2],0.0
when i realized that i was far behind the others in the language á course and i could no longer catch up with the others.,[3],-0.296
"the long lasting illness of my grand-mother, and the changes in á family relationships caused by it.",[4],-0.4019
"spoilt, smashed and molded potatoes in the fridge, and having to á clean up the dish later.",[5],0.4019
"a truth expressed unthinkingly at a coffee party. i realized á later that i had been inconsiderate, at a wrong moment and the á wrong place.",[6],-0.6249
"i did not go to the exercises, without any adequate reason.",[7],-0.1695
"when i got home from my job, i found a letter from the university á telling me that i had been admitted to begin my studies.",[1],0.1027
"while watching tv (a war movie), i felt a strong fear of death, á threat and fear of loosing people close to me.",[2],-0.936
i was angry with a friend of mine who behaved in an affected á manner.,[3],-0.1779
i made a long-distance call to people rather close to me and i á thought about the sad incident that had happened to them in the á near past; i knew that they were thinking about it too when i made á the call.,[4],-0.4767
my parents inherited an appartment and this made them behave in a á peculiar manner.,[5],0.1531
when my friend let my personal matters be publicaly known.,[6],0.5106
"when i think about my family (parents, brothers, sisters) guilt á is a part of my feelings.",[7],-0.2732
i unexpectedly met a girl with whom i have always got along well. á ( i had not seen her for several months.),[1],0.2732
when my father was very drunk and raging at home.,[2],-0.7474
"when i did not find the rack used for beating up rugs, in the á yard.",[3],-0.4588
when one of my cat died of a disease.,[4],-0.5574
i felt disgusted at the environment while getting back to my á student lodging. i did not see anything in the suburb which had á been planned by taking people's comfort into account.,[5],-0.2263
my girlfriend was away visiting another city and i brought á another girl home. next morning when i started getting sober i á felt quite ashamed of myself.,[6],-0.5256
i got 100 fim too much when i changed money at the bank. they á soon called me at my job and the situation was embarrasing for á me.,[7],0.0
"in sweden, a friend and i lived in an appartment owned by a finn. á one day, this man came back to the appartment heavily drunk á (hashish and alcohol). he was quite dizzy and he broke down, and á i could not foretell his reactions. however, nothing happened.",[2],-0.4927
"i had an appointment downtown, and the person in question was á half an hour late.",[3],0.0
"in the army, i had been in hospital for two weeks and as soon as á i returned to the company, a sergeant ordered me to fetch a load á on the tractor trailer.",[5],0.0
"on the way back from a summer spent in sweden, i drunk with a man á in the train. i had drunk so much that when i got home i fell á asleep in the entrance hall. i have never drunk that much, á neither before nor after that incident. i was ashamed because my á mother and my sister had to see me in that state and my father á had to carry me to bed.",[6],-0.7063
"while at primary school, i did not let a friend ring a bell á although he would have liked to do it. afterwards i felt bad.",[7],-0.5152
i got a fairly large amount of my taxes back.,[1],0.0
"i was jogging in the forest, in the central park area, when i saw á a man hiding behind a tree. i got frigthened, turned around and á ran out of the forest.",[2],-0.296
"i was coming home in a taxi with a fellow worker of mine. he was á criticizing my earlier conduct towards him, which to my mind was á unfounded. when i reached home, i ran out of the taxi and á slammed the door.",[3],-0.2732
i had had a farewell party at the place where i had been working á for a year. that night i could not fall off to sleep. i was sad á thinking that i would not see my nice fellow workers again.,[4],-0.4082
"i was travelling in a local train when a drunkard, smelling á terribly, entered the same carriage and started eating fish that á was stinking.",[5],-0.7906
"while quarelling with a fellow worker of mine, i was vehement and á irritated and i told him what i thought of him in plain language. á i was ashamed of myself when i met him the next day.",[6],-0.7269
"i was working as a secretary. my boss was to go to give a á lecture, and wanted me to give him the exact address of the á place.",[7],0.0
"a sunny autumn day, after a long rainy period.",[1],0.3612
"years ago, on my way to school by the forest path i came across á an exhibitionist.",[2],0.0
"a person close to me mistook my good intentions for bad, and á therefore associated unpleasant traits to me.",[3],-0.5719
[ a person close to me told me that his positive regard depended á on my conduct.],[4],0.5574
when an untidy and heavyly drunk person made endeavours to á approach me.,[5],-0.34
"as a little girl, i was sick in the middle of a school day and i á vomitted in the basin of the classroom.",[6],-0.5106
i lost my self-control and raised my voice at a child.,[7],-0.3182
i got to know that i had been accepted at university.,[1],0.2732
i had been watching a tv-program on paranormal phenomena. at á night i could not fall off to sleep as i feared that humanoids á were on the move.,[2],-0.4939
"my superior blamed me for some neglects at work in front of á others. in fact, the task in question was not supposed to be á done by me.",[3],-0.4215
my father suddenly fell ill and died.,[4],-0.7506
when a friend of mine got drunk and started to blame and scorn my á other friends and me.,[5],-0.0516
when i forgot a promise made to a friend of mine.,[6],0.6705
it was my turn to cook dinner. i forgot a dish (the favourite of á the family) in the oven and it got burnt and was uneatable.,[7],0.0
my joy was the joy of meeting again. my husband came home after á having been away for weeks (for work). i was on the railway á station to meet him.,[1],0.8225
"i was alone at home and i could hear odd noises coming from above á our bedroom. i knew that nobody lived there since it was an á office. i got frightened (later i was given a \natural\"" á|explanation).""",[2],-0.5719
a relative of mine had come to see my husband to talk to him á about a problem concerning his sister and me. i was angry á because this relative of mine did not dare to speak to me and á instead spoke to my husband. i got to know about it later the á same day.,[3],-0.7184
"the death of my father, even though we had not been very close to á each other.",[4],-0.5994
the male friend of my mother (a widow) moved in to live with us. á i did not like the man.,[5],0.2709
"at school i was talking to a classmate about mathematics. i had á grown weary of it and said : \i would like to throw the book on á|the arse of kuikka\"". my classmate said : \""now, he is sitting á|there and waiting for the book\"" (kuikka was one of the most quiet á|boys of the class). i was ashamed of myself.""",[6],-0.4019
"the death of my father made me feel quite guilty, because my á attitude towards him had been cold and indifferent.",[7],-0.8313
"my mother, sister and i were thinking about old times, our á childhood, and we had a very happy time.",[1],0.6115
"my husband had gone to drive a strange, broken car. at the á agreed time, he had not returned, and i feared that he had had an á accident.",[2],-0.8442
"i am a school teacher. one of the classes does not obey me at all, á keeps on talking, does no work. one afternoon, everything went á wrong, and i got exceedingly angry.",[3],-0.8225
"a young, close relative of mine died, leaving behind a baby a few á months old.",[4],-0.5574
"a series about freud was shown on tv. in it, a tampon had been á set in the nose of a woman, and forgotten there. after great á pain it was taken off (close-up picture), the woman was bleeding á from the nose and the mouth.",[5],-0.0258
"i had promised to lend something to my mother-in-law and i forgot á it a couple of times. when she asked me about it the third time, á i was ashamed at my absent-mindedness.",[6],-0.1531
"a borrowed car broke down while i was using it. it was not my á fault, nevertheless i felt guilty.",[7],-0.5175
i started a new branch of studies after having failed a former á one. when i got back my exam papers i was very happy to know á that i almost had full marks.,[1],0.1761
"i was diving below the ice, in a cave, at a depth of 26 metres. á visibility was almost zero and the oxygen level decreased á threateningly. there were three of us divers on one safety rope.",[2],-0.0258
my mother carried on using mental pressure concerning something á which was serious and a real burden to me.,[3],-0.6597
"my grandfather died, i went to the mortuary and saw the corpse.",[4],-0.8074
[ the same as in anger.],[5],-0.5719
as a child when i was blamed for peeing in the swimming-pool.,[6],-0.4767
"a friend of mine was drunk and having an argument on the street á with a woman, appparently his girlfriend. i was walking on the á other side of the street and thought that i was not supposed to á interfere. later i heard that he had shot himself that evening.",[7],-0.1779
my girlfriend sent me a letter with a shiny picture in it.,[1],0.0
i was about to begin a journey in a car with an acquaintance of á mine.,[2],0.0
on the tv news i heard that nicaragua had complained about the á increasing threat of war with the usa.,[3],-0.875
my girlfriend gave me the mitten (left me).,[4],0.0
watching a violent movie.,[5],-0.5994
the morning after a wild party.,[6],0.4019
"i \picked up\"" a girl and i thought that i had misused my á|position and authority over her as there did not seem to be any á|realistic possibility of continuing the relationship.""",[7],0.0772
"when, to my surprise, i got to know about having got \very good\"" á|high school graduation marks.""",[1],0.6478
"my grandmother was about to die, and it had the effect that at á night, after having read a book, and once in bed, in perfect á darkness, the fear arose that i too may suddenly die.",[2],-0.8519
"when i checked my examination paper and realized that i had been á careless, thoughtless, lazy and hasty so as to make unnecessary á mistakes concerning things i know and understand.",[3],-0.8591
"when we decided, my boyfriend and i, that we would separate, i á realized that he would have wanted to continue our relationship á and the coming separation hurt him.",[4],-0.5267
"when an acquaintance of mine told me about the way his parents á treated their sons in an unequal manner. the most successful of á them got continuous encouragement, and the youngest was not á encouraged and was rejected.",[5],0.0214
"i was talking to a friend of mine about our parents and á education. i said something and then realized that i did not á know my friend's parents, their motives and education. i felt á ashamed at having talked about something i did not know anything á about.",[6],0.0258
my mother told me that the enveloppes that i had been tearing (i á had torn the stamps away) in good faith had been the first-day á enveloppes which my father had collected as a young man.,[7],0.5719
"i am not especially good at english, and after the high school á graduation exam in english i tensely waited for the result the á whole day. in the evening, when i heard that i had done á excellently, i became very happy and the anxiety vanished. my á family was at home.",[1],0.5529
"i feared that i was pregnant. it was not planned and i would á have been compelled to have an abortion, which i would not have á liked at all. fortunately, after a week's anxiety, i got to know á that i was not pregnant.",[2],-0.7212
"a member of a religious sect tried to convert me, using really á evil tricks to persuade me. after he had left, i was anxious and á angry for a long time. after the event, i was alone.",[3],-0.9143
"when my boyfriend wanted to leave me, i felt sad and melancholic.",[4],-0.5574
"in a film, there was an episode where they used a chain saw to á cut a man. i could not look at it, but i could not avoid á listening either. i sought shelter in my boyfriend's arms.",[5],0.1979
"i thought i would be able to use the mangle of the house, and so á i did not want any help. however, i blocked it and i had to get á the janitor to help me out. he reproached me for not having á followed the instructions",[6],-0.2216
"i promised my friends that i would take care of something, but i á kept forgetting about it. when they asked me about it, i á promised to do it immediately. however, i got started only after á a couple of months. i felt that i had betrayed my friends.",[7],0.7003
"when i got an unexpected letter from a guy, who had been my school á mate.",[1],0.0
"when my brother went to shoot wild ducks, i feared that the á boat would overturn and he would drown or that the gun would á accidentally go off.",[2],-0.9201
my father had once again told me that i should be careful and try to á seek admission to other places also apart from the faculty of á social sciences at the university of helsinki. i was not at all á interested in any other place and had no time to study for other á entrance exams.,[3],0.2732
"i would have liked to go out to chat with some acquaintances, but á i realized that i was not wanted. i felt hurt, disappointed, á lonely and deserted.",[4],-0.9022
"when an acquaintance (he was drunk) of my room-mate vomitted on the kitchen á carpet. it was past mid-night and my room-mate had just moved in, á this acquaintance had helped her move in.á",[5],-0.34
"i was carried away while talking about my visits abroad and i á tended to boast a little, till i realized that the listener was á amused.",[6],0.4215
"when i was baby-sitting at my cousin's place, i tried to have a á pleasant time and did not really take care of the child. i do á not care very much about children.",[7],-0.2874
"when i got 21/30 points in an exam of statistics. the result was á unexpected and it made me realize that statistics do not á surpass my abilities, as i have sometimes thought.",[1],0.25
when a big angry dog put its snout on my arm and had i made one á movement it would have bitten me.,[2],-0.5106
when my room-mates were watching video-tapes and prevented me á from watching the news. the first feeling i had was that i was á being treated unfairly and then came the feeling of anger.,[3],-0.3818
"[ when after a night of sleeping in another's arms, one wakes á alone and knows that the lonely arms of the night are not the á same that one meets in the morning.]",[4],-0.5423
"when an unpleasant person tried to make friends with me. a á subtle, small, insignificant, grey being whose helplessness and á neutrality evoked the feeling of disgust in me.",[5],-0.8271
badly chosen words to a vague acquaintance of mine made me feel á ashamed at having given the wrong impression about what i wanted á to say. thoughtlessness.,[6],-0.8316
"when i behaved improperly - fought in a public place. á afterwards, i felt guilty about my conduct.",[7],-0.6249
when my friend told me that he would come and meet me in a á moment.,[1],0.4939
my father had been drinking and i feared him when we went to bed á at night.,[2],-0.4939
my friends promised me that they would definitely call me to tell á me if they were visiting me or not.,[3],0.8074
a close friend of mine had not contacted me for a long time.,[4],0.4939
a friend of mine came to see me when he was quite drunk.,[5],0.1298
i said something especially stupid which i did not mean at all.,[6],-0.5709
"i did not go to help a friend of mine, though she probably needed á me.",[7],0.2363
"when i felt that an exam, which i had feared, was an easy one and á went well.",[1],0.2023
i was afraid when my dog ran out through a crack in the fence á when a train was coming.,[2],0.0
"when a friend of mine was drawn into a fight because of the á stupid gang he belonged to. i felt angry with him and his á friends. they could not think about anything sensible, but would á fool around without taking into consideration the feelings of á other persons.á",[3],-0.705
i felt sad after having had an argument with my boyfriend. i felt á that he did not understand me and that there was no point in á carrying on with the relationship.,[4],-0.7783
"i detested my father who was a drunkard. he would rave, á threaten and blame my mother and me. he finally drove us away á from home.",[5],-0.6124
"when i was on holiday with my former boyfriend, he hit me and á behaved in a very evil and ugly manner in front of the hotel á personnel.",[6],-0.762
"when as a child i stole, from a friend of mine, the ring she had á got in an easter egg.",[7],0.4939
"when i got home from a pleasant trip abroad, i got to know that i á had been accepted at university.",[1],0.6597
"at school, i had acted against the will of the group, and the á next day they promised to take revenge on me.",[2],-0.2263
"my mother had for some time been trying to separate me from a á good friend who, she thought, was not good company for me. á finally, at breakfast one day, we had an argument and i tried to á defend my friend.",[3],0.6591
i got to know about the death of a close friend.,[4],-0.1779
"when i was watching a movie with many violent episodes. they á accurately showed the cutting of corpses, etc...",[5],-0.6597
"when i was caught telling a white lie. at that time, i was not á allowed to stay outdoors after 8 p.m. one day when i was late, i á made up a story that our neighbour had invited me to his place, á though i had actually forgotten about the time while playing with á my pals.",[6],-0.0258
"when before the last exam i have taken, i went out instead of á studying.",[7],0.0
when i was pressing figures on the curtain cloth. i had bought á the cloth after months of hindrances.,[1],0.0
i am a kindergarten teacher and i am thoroughly weary of my job. á after having taken the university entrance exam i suffered from á anxiety for weeks as i did not want to carry on with my work - studies á were the only alternative.,[2],-0.759
"my life-partner, who was drinking more and more, spoke about á kicking the cat. he had never done anything of the kind, but i á knew that he would do so one day, without thinking about it.",[3],0.296
"estrangement from my best woman friend. we have been going á different ways for quite some time now, but the break was total á when she got married as her husband is unreasonably jealous of me.",[4],-0.0772
"my life-partner is going through a crisis (way of life, old-fashioned values) á and can only get out of it by talking bold decisions. i have á noticed his cowardice and attempts to escape his problems by á drinking. i detest his drinking and his being full of self-pity.",[5],-0.2023
"again, a quarrel had come up in our difficult relationship. my á life-partner threw all the books off the shelf. i am sure that it á disturbed our neighbours since this happened late in the night.",[6],-0.4215
"a lonely, neurotic, shy girl lives nearby. she has expressed a á wish to meet me, i have however avoided her (turned down an á invitation) as the crisis my partner is going through uses up all á my empathy.",[7],-0.8658
"begining the week-end with my girlfriend : cozyness, beer and á wine.",[1],0.0
"the fear about my future : work, making ends meet and health. á coping.",[2],-0.4939
"a friend of mine ridiculed me, telling me that i would never á accomplish anything. i felt that he had interfered with my life.",[3],-0.1611
i felt sad at having to leave my girlfriend after constant problems á and failed attempts at reconciliation. my sadness was caused by á the irreversibility of the decision.,[4],-0.9042
a man spat on the wall of a house.,[5],0.0
in an express bus i sat on a seat meant for senior citizens and á invalids.,[6],0.0
when i did not succeed in finding a job after having finished a á nonacademic degree.,[7],-0.3875
"when after an overwhelming anxiety and enquiry, i understood á something about why i exist and what my task in life is.",[1],-0.1779
"at the railway station, while waiting for the last train at night á i noticed that a drunk young man was appraching me in a á purposeful mannner.",[2],-0.34
"while having a discussion with my mother, i realized that she á does not for a moment doubt the justification of her making the á decisions concerning my life.",[3],-0.3612
when i think that i will probably never have a genuine contact á with my parents.,[4],0.0
"while reading olli jalonen's new book, the distant, cold and á selfish relationships between people (in the book) made me feel á disgusted.",[5],-0.7579
when i approached a person of the opposite sex and was rejected.,[6],-0.5106
"when i noticed that my little sister was sulking, because i could á not meet her because of a misunderstanding.",[7],-0.617
"the day i got to know that i would get a shared dwelling with my á boyfriend. my parents place was getting a little crowded with á my growing bother wanting a room to himself. i first felt doubt, á then joy, but also sadness. the feeling of joy was the á strongest.",[1],0.8402
my grandfather had lung-cancer and was being nursed at á home. i felt fear when i was alone with him and he almost choked á on mucus secretions.,[2],-0.791
the outrageous conduct of a relative towards me and those close á to me.(blaming us and lying),[3],-0.7506
we had to finish the life of our 8 year-old dog.,[4],0.0
a very drunk person.,[5],-0.4005
"an argument that grew out of an ordinary conversation with a á person very close to me, when we should have been having a good á time together.",[6],0.1027
"while trying to get my little brother over a ditch, he fell on á his head and started crying. i was scared of having caused him á permanent injury.",[7],-0.8316
[ a chat on the telephone with a friend.],[1],0.4939
"[ meeting some new (unpleasant) people or some new, demanding á situation.]",[2],-0.6124
"[ for example, unfair pushing in a bus.]",[3],-0.4767
"[ when i am, in my opinion, not understood correctly. ]",[4],0.0
[ when some people act very important in any situation.],[5],0.2716
"[ generally, when i am late in attending to matters (for example á paying bills).]",[6],0.0258
"[ if one has planned to do something \important\"" and then, for á|some reason, fails to do it.]""",[7],-0.25
"i was in a dancing-tavern and the atmosphere was one of waiting á for the end of the world. suddenly people began dancing wildly, á inspired by the band. an unbelievable experience : wonderful á that even finns sometimes flare up and forget to think \what á|others are thinking of me\"". it was delightful to dance to one's á|heart content.""",[1],0.891
"i was travelling back home by boat with two friends of mine after á a lovely holiday trip. the night and the sea were dark, and the á wind was blowing. i feared that death was there on the boat, i á somehow felt sure about it. i feared being left alone.",[2],-0.1027
"i was at home, filling my tax report. nobody had time to help á me. i would have liked to do it quickly so that i could go and á meet a friend of mine who had just returned from hospital. i got á angry as both my brother and my father refused to give me their calculator á as i had not asked for it nicely. i could not leave as i á had to wait for help and the tax report had to be done.",[3],0.838
"i tried to talk to my parents over the phone, as i wanted to go á home for the week-end and i knew that i would not be able to bear á it. i tried to reduce the gulf and the conflict between us by á talking in order to unite our worlds. result : hysterical mess, á blinding and blaming.",[4],-0.7964
"my mother called me because she had read through the enveloppe a letter á addressed to me. she denied having read it intentionally and á said \the words just popped out through the enveloppe as the sun á|was shining on it\"". hah hah.""",[5],-0.4404
"i feared that i would have to describe my sexual life to an á older, strange woman.",[6],-0.6124
when i moved away from home.,[7],0.0
the inflammation of the ear of my child got cured and the doctor á said that the ear was completely all right.,[1],0.0
my husband suddenly fell ill seriously and during the medical á examinations we did not know what would follow.,[2],-0.5423
the housing council asked the city to cut 40 linden trees so that á the inhabitants of the lower floors would have a view to the sea.,[3],-0.5106
"my child, unexpectedly started acting in a restless and á disturbing way at school. in addition his performance at school á weakened.",[4],-0.7717
"on a trip abroad, a lady-like member of our group turned out to á be an alcoholic. she spoilt many days of my holidays because of á her behaviour and paranoia.",[5],0.1531
i failed an exam which i thought i would certainly pass.,[6],-0.2263
"i had been guilty of gossiping and blaming others, and one of my á superiors at the workplace made a formal reprimand.",[7],-0.765
when a student of mine (at music) performed and played remarkably well.,[1],0.5849
when climbing up the stairs to the top of a ski-jumping hill.,[2],0.2023
my boy-friend came home late one night without having told me á about it before.,[3],0.0
the breaking up of a long lasting relationship.,[4],0.0
"while watching the movie called \deer hunter\"" on tv, when it á|showed how prisoners were treated.""",[5],-0.5106
when i noticed that a person i found attractive had seen me á picking my nose.,[6],0.4404
when i think that i have been too stict or narrow minded towards á my students.,[7],0.0
when i made up with a girl-friend of mine after having been on á unfriendly terms with her (my fault). i cried with joy that á evening.,[1],-0.4588
"while cycling in the country, i came across a large herd of á cows.",[2],0.0
when i heard that my step-mother had treated my mother in a wrong á manner.,[3],-0.4767
when my friend did not pass the high school graduation á examinations.,[4],0.4939
"when i heard about the advances an acquaintance of mine had made á to my friends, who did not approve of them.",[5],0.4767
"when after having had sexual intercourse with a friend, i thought á that he had told about it to a friend of his.",[6],0.7506
"when i promised a male friend of mine to visit him, and did not.",[7],0.6908
"during lectures, i sensed an unexpressed understanding with a boy á i did not know. we exchange glances ; i think he likes me, and i á like him too. perhaps he has fallen in love with me ...",[1],0.7906
"at night, i walk home past a forest. once, somebody got stabbed á in the forest. i imagine someone attacking me and i hurry up.",[2],-0.7096
"in a tram, the ticket seller was commanding, taking the role of a á leader, trying to emphasize her non-existent authority with undue á strictness towards a good-humoured drunk who could not find his á ticket at once.",[3],-0.2732
"a relationship in which i had put my trust, broke up. i was sad á when i realized how easy it is to forget something that one had á once regarded as great and significant.",[4],0.6486
"a nightmare. i was dreaming about bloodsuckers, which i tried to á shake off from my body, they are everywhere, they get glued, they á suck. and there are a lot of them. i panic.",[5],-0.7845
"i told evil lies about a close friend of mine. i was evil in á order to sound jolly, to charm a person whom i wanted to impress. á i sold my friend, i was despicable.",[6],0.4019
"i met my ex boyfriend by chance. we separated a few months ago á and i am now with a new boyfriend. my ex boyfriend looked á depressed, and i know i am not to be blamed.",[7],0.0654
"[ during inter-rail-trip, after troubles, i met my little á sister.]",[1],-0.4588
traveling as the only female in a railway carriage in the middle á of the night in italy.,[2],0.0
"a male, honduran acquaintance of mine despised my opinions.",[3],-0.4019
when our dog died.,[4],-0.5574
"while walking on the street with a good friend of mine, we met an á acquaintance of hers. my friend started showing off and telling á false stories about herself and praising herself.",[5],0.9153
i was dishonest to my boyfriend concerning something that is á important to our relationship.,[6],-0.4404
a parking fine.,[7],0.2023
"after having at last finished my master's thesis, i felt great á joy and relief. i had been haunted by the thesis during the á whole of my studies.",[1],0.836
"while preparing my master's thesis, i was scared that i would not á accomplish anything as the subject was rather difficult.",[2],-0.7738
"during the summer, at my workplace, a person kept interfering á with my tasks and making unfounded remarks. i felt hatred for á him but it stopped when i realized that he just longed for attention.",[3],-0.6059
"the last time i felt sad and disappointed was when i did not do á as well as i had hoped in one of the final exams. as compared á with the earlier exams, the questions, i think, were unjust.",[4],-0.7003
"after the first of may, i detested my fiance's friends, who had á piled on to our party and spoilt it completely.",[5],0.7003
"after our sad first of may party, i felt ashamed because the á friends who had been invited had to suffer. we, the organizers á of the party, did not drive the intruders away.",[6],-0.296
"at my summer job, i was responsible for making various orders. á it was not me who had ordered some seasonal merchandise, but when á much of it was left over and had to be thrown away in the autumn, á i felt partly responsible for the much too large order.",[7],0.4872
when i met a good friend of mine after a long time.,[1],0.7269
i was camping with a friend of mine and we spent the night in the á forest. i could not fall off to sleep and could clearly hear á noises from outside (steps ?) approaching our tent.,[2],0.7096
when i quarelled with my parents.,[3],0.0
"being away from a very close friend, i was away from finland á for a year as an exchange student.",[4],0.539
when i saw a spider.,[5],0.0
while playing i urinated on grandma's floor and did not go to the á lavatory. my cousin told grandma and she came.,[6],0.2023
"while travelling in a bus with an invalid ticket, i got caught.",[7],0.0
"while having a discussion with a colleague of mine, i realized that her á conception of man and work were similar to mine.",[1],0.0
"while he was drunk, my life partner tried to hit me. i felt á scared and fled to the bathroom.",[2],-0.6486
"a \higher status\"" colleague of mine despised my attitude and á|organization of work.""",[3],-0.4019
"i could not meet my love, after having waited for a month, due to á illness.",[4],-0.7243
"once again, my life partner came back home drunk at midnight.",[5],-0.34
"my love and me rented a room in a hotel one evening. we stayed á there a few hours and when leaving the hotel, i felt ashamed.",[6],0.2732
"[ i had, by being silent, disapproved my love and made him á unhappy. he had not been able to keep his promise. i thus was á thinking about my own conduct towards another person.]",[7],0.5719
i had just moved to the town where i study and i got a postcard á from a good friend (from my home town).,[1],0.7269
"my boyfriend hinted over the phone about wanting to \be free\"". á|he thus did not say it point blank, silence followed.""",[2],0.5106
they had returned much less of my taxes than i had expected.,[3],0.0
after my boyfriend and i had separated.,[4],0.0
"in the morning, the cat of my landlady had vomited on the floor, á near the staircase i take to go to the bathroom.",[5],0.0
"my boyfriend's mother, whom i had not met earlier, made an á unexpected visit. i was lying lazily on the bed, reading a á newspaper and my boyfriend was studying.",[6],-0.5267
the cat of my landlady escaped through the window which i had á left open.,[7],0.0
"i got a letter from my best friend, whom i had not heard from for á a long time (a good letter).",[1],0.8834
someone knocked on the door when i was alone at home (though á there was a door bell). i looked through the peep hole but it á had been covered. i called my sister but she could not help me á as she was hundreds of kilometres away.,[2],-0.5247
"my parents put pressure on me to buy clothes, when i would not á have liked to do so.",[3],-0.5472
"when my grandfather died, i saw my grandmother crying against my á aunt's shoulder (i had never seen my grandmother cry before).",[4],-0.8689
"at school, i detested the spinach gruel which had lumps of flour á in it.",[5],0.0
i told some acquaintances of mine something that i regretted á later.,[6],-0.3818
[ i speak harshly to my parents though they only mean my own á good.],[7],0.4404
when i got a letter from home.,[1],0.0
"while cycling in the country a dog started running beside me, á growling and barking, and trying to bite my foot.",[2],0.0
"disagreements with mother. when i moved from kankaanpss, she had á promised to help me move but broke her promise because of some á hindrance.",[3],-0.5574
"when i had to move away from home to study, and i knew that i á would not be coming back home for a long time.",[4],0.0
when i noticed two spiders running on the floor in different á directions.,[5],0.0
"when i realized that i had been wrong about a person close to me, á because of pre-set ideas and prejudices.",[6],-0.7096
when i reproached my friend because i was myself low-spirited and á disappointed.,[7],0.0258
i found myself a place after looking for one for a long time.,[1],0.0
[ in an aeroplane.],[2],0.0
i was angry at my boyfriend who had promised to come to see me á but did not because he spent the evening with his pals.,[3],-0.1027
"the breaking up of a relationship. we decided that the á relationship could not carry on, so it was no surprise to me. á and anyhow, i had known it would happen sooner or later.",[4],-0.1407
the disgust i feel towards a certain person.,[5],-0.4215
after an event in which i felt that i had acted unfairly.,[6],0.0
"at my job, i got disproportionately angry with a child. my á reaction was not as it should have been.",[7],-0.5106
i went to see the entrance examination results at university. i á rejoyced at my success.,[1],0.5719
"i borrowed a car which was supposed to be used for a long journey á a few hours later, and one of the tyres burst in the middle of á the town and i did not know what to do.",[2],0.0
"an utterance, which i had intended to be a joke, was taken as an á offence. in my opinion, this was stupid, and i got angry.",[3],-0.7717
my best friend had a relatively severe illness. i was sad á because she was suffering.,[4],-0.4767
"a man tried to have sexual intercourse with me, though i had á communicated my unwillingness. later on, i felt disgust at that á person as well as myself because i had partly submitted.",[5],-0.4215
"i told my friend about how i had calculated my salary by cheating a á little. when my friend remarked about it, i understood that it á was wrong to do so, and i felt ashamed.",[6],-0.5667
"i am going steady with a boy, but i had sexual intercourse with á another one, and i felt guilty about it afterwards.",[7],-0.5719
a good report card (a scholarship) in primary school.,[1],0.4404
i was walking home with a friend at night along a quiet street. á something started rustling in the bush : it was an exhibitionist.,[2],0.4939
i got angry at a friend of mine whom i caught reading my notebook á (almanach).,[3],-0.0258
when my grandmother died of cancer.,[4],-0.8402
"in a lift a drunken, fat and untidy man tried to make advances at á me.",[5],0.0
[ sometimes i have by accident said to another person something á in which it is easy to read a negative attitude.],[6],-0.5994
"for the sheer pleasure of it, i quarelled with my boyfriend who was trying á to be especially kind to me.",[7],0.8122
when i made the acquaintance of a certain person.,[1],0.2732
"when abroad, while driving a car along a dark, winding road.",[2],0.0
when my sister took my things without having asked for my permission á first.,[3],0.0
"when i was working, i got treated in a way which i felt was not á democratic.",[5],0.0
"while working as a domestic helper, one day i had not cleaned up á very well and they made a remark about it.",[6],0.5849
"when i decided to move away from my parent's home, my mother told á me that it was as if a part of her had been torn out of her.",[7],-0.25
"when i went to a job interview, i met a person who was very nice, á and his attitude made me glad.",[1],0.7264
"my episode of fright happened when i came to study. i had to á stand in front of my still unknown fellow students and talk about á myself. my hands shook, i flushed and became tongue-tied.",[2],-0.4588
"i felt guilty when i spent a night at my boyfriend's place, á particularly because i had been harsh and spiteful when i had á left home. the reason was that i feared a possible discussion on á the subject and i wanted to leave defiantly.",[7],-0.9001
"i was in a restaurant with my boyfriend when i saw my best female á friend after not seeing her for two weeks. we rejoyced, hugged á and had a long talk.",[1],0.8779
"one evening, while going to meet a friend of mine, i had to cross á a meadow by a dark road. there were bushes on the other side of á the road. the weather was damp and a bit foggy. i heard steps á behind me and kept speeding up my steps all the time.",[2],0.4939
"my brother told me that a person (whom i know) had insulted him. á i am very fond of my brother, and as he himself can not get angry á or hurt, my protectiveness was aroused and i got angry.",[3],-0.6255
"my guinea-pig had been ill for a couple of days. one evening, á when i came home i enquired as to how it was doing. my mother's á expression told me that it had died. my knees refused to support á me and i began to weep convulsively.",[4],-0.8625
"i happened to see two boys fighting, one of them fell down and á hurt his head. the other one used this to spank the head of the boy on the ground.",[5],-0.7096
"i had been away all night without having told my parents about á it. in the morning when i came home, my mother looked tired. á she said that she had been awake all night because of me and that á she was angry and disappointed.",[6],-0.8519
"i had not written to, or called my grandmother, who was lonely, á for a long time. my mother asked me to call her on her behalf á and when i did so, my grandmother was delighted and she told me á that she had been waiting for some news from us.",[7],0.2023
when i was sick my husband bought me a piece of cake.,[1],-0.5106
i saw a man who had had a heart-attack and who was being á treated for it. i feared that my own father could have been á there.,[2],-0.4939
"when i saw a big man hit another one, and nobody did anything.",[3],0.0
"when my sister left to go home, in sweden, after the christmas á holidays.",[4],0.3818
"i once watched the series called \dynasty\"" on tv, and i detested á|it.""",[5],0.0
"i feel guilty as i am not working, and even my studies are not á progressing.",[6],-0.4215
"when my red-cheeked, content child runs to meet me in the yard of á the kindergarten and gives me a moist kiss on my cheek.",[1],0.4215
a neighbour's girl had disappeared and many people were looking á for her. someone had gone to notify the police. something had á certainly happened to her.,[2],0.128
"without my permission, my son had made popcorn after coming back á from school. the consequences were a spoilt kettle and chaos in á the kitchen but what could have happened with the hot grease ?",[3],-0.3291
the death of a close relative.,[4],-0.5994
one of my fellow students used questionable and unfair means to á advance her studies faster than others. i detested her.,[5],-0.6486
my friend told me in a fairly loud voice the blunders she á committed last night.,[6],0.6486
i stopped my car in front of a pedestrian crossing as a child was á crossing the street. the car driving in the next lane did not á stop and the child got hurt. had i not stopped ...,[7],-0.411
"after my vacations, one day after a lecture it occured to me to á buy a rose for my mother. we went together to a pub and my á mother told me that she would be getting married next spring. i á did not known about it and so was all the more glad.",[1],0.5095
"i work at a day care centre, and one day when the children were á outdoors a four-year old boy disappeared from the yard. i was á not looking after them then, but as the manager it was me who was á responsible.",[2],0.5574
"i was on vacation, and therefore i did not attend a meeting of á the day care centre. nevertheless, the very day i came back they á called me early morining to ask me \what are you going to do á|about the matter ?\"" (which had been discussed in the meeting). á|then i got angry.""",[3],0.0
"the fact that my mother is getting married again (my mother and á father divorced about 15 years ago) means that she will probably á move to turku, and our home, which is a one family house, will be á sold (i myself have not been living at home for the past six á years).",[4],0.0
"while travelling in a bus, there were three people sitting behind á me (two men and a woman). they were drunk and the conversation á was unbelievable (about fucking, fellatio, etc...). they tried á to get others to take part in the conversation. i loathed it and á felt like crying.",[5],-0.6486
"when i was seven years old, i stole a chewing-gum from a big á glass bowl on the counter of a nearby shop, and i got caught.",[6],0.0
"i am the secretary of an association, and during the last meeting á i forgot to take the minutes.",[7],0.0
"i had been away from home for a long time and when i came home i á was delighted. it was wonderful to see familiar, dear people and á i was rejoycing in advance. i had been feeling very lonely.",[1],0.8078
"i awoke at night and did not remember dreaming about antthing in á particular. i just felt oppressing fear, it was dark and all the á others were sleeping.",[2],-0.4939
"one winter day i, unwillingly, was outdoors with my younger á brother (10 years younger than me). i lost my temper on him and á wanted to throw my brother down the snow bank we were on. i á pushed him but not as hard as i had wanted to. we were alone the á two of us.",[3],-0.5583
"i was on a class excursion, by boat to stockholm. at night my á class mates prepared to clebrate their motive in life which was á \life is merriment\"". i felt depressed about the way they sought á|happiness.""",[4],0.25
"i was on my way home by bus. a man who had drunk a fair amount of á alcohol started talking, trying to hug and pat a woman sitting á next to him. fortunately it was not me.",[5],0.4588
i gave a wrong answer at school.,[6],-0.4767
"when my little brother asked me to play with him, i told him that á i had no time and that i would play with him the next day. á however, the next day i said the same thing.",[7],0.3818
"when, after a long time, i saw a girl with whom i was in love.",[1],0.6369
when i was walking on a fairly out-of-the-way street.,[2],0.0
"a friend of mine had promised to arrange me some tickets for a á concert which i considered important. he could not get them the á way he thought he would, so he gave up the whole thing.",[3],0.7579
i was sad when i saw that a beautiful girl was not attainable.,[4],0.2023
"i heard somebody talk about studies in a highly enthusiastic á \student-like\"" way.""",[5],0.5413
"while attending some affairs, which were taking some time, with á a bank officer, i felt that my clothes and appearance were out of place, too á raggy.",[6],0.0
"one evening i went out with some friends of mine, although i was á supposed to stay at home with my little sister who is 11.",[7],0.4767
while watching an entertainment program in which there was a clever á and amusing sketch.,[1],0.8126
"when i was in the army, a room mate of mine came back from á furlough and threatened another fellow with a knife.",[2],-0.4588
"the last day of school is traditionally celebrated by singing a á song about all the students who are leaving. in the song á about me, there were things which irritated me a lot.",[3],0.1779
"i worked for seven months in a factory, and made friends with a á fellow worker. later, i visited my former fellow workers and was á told that, while in the army, my friend had shot himself.",[4],0.743
the behaviour of a fellow towards me and some others in the army á was really mean. i detested this.,[5],0.0
"i tried to date a girl, but she refused.",[6],-0.4215
"while doing some calculation exercises, i neglected a part of it, á though i had marked it as done. by chance, i was asked to á demonstrate this very part on the blackboard.",[7],-0.34
"in the army, my result at the shooting exercises got á me a three day furlough.",[1],0.0
"when i was 8 years old, i would usually come home from school á with my mother in a car. for the first time i had to take the á school bus, and i mistook the bus stop and found myself two á kilometres away from where i lived. i was very scared, wondering á how i would get back home.",[2],-0.4927
i read in the newspaper that the student lodging fund was going á to build new appartments for refugees (in my opinion this is the á state's affair). this is when only a fractoin of the students á can find an appartment.,[3],0.0
i lead a rather secure life. the only thing i can remember is a á song from the nineteenth century which is against alcohol. both á the melody and the word (although naive) effected my emotions.,[4],0.0772
"yesterday in the elevator a man started smoking, this is á something i just can not tolerate.",[5],0.0
in primary school i once faltered while answering a question and á the others started laughing.,[6],0.4939
[ generally when i am shopping i feel like i were guilty of all á the thefts through the year (i have never stolen).],[7],0.3244
when my favourite football team made a goal and was about to á win the cup of england.,[1],0.5859
i was less than 10 years old when our neighbour's dog chased me á to the roof of a small shed and there seemed to be no hope of á getting away from there.,[2],-0.3412
"while playing a ball game, i was just about to make a goal when i á was thrown off my feet, and i failed to score the goal.",[3],-0.3612
"when i heard about the death of frantois truffaut, the french motion á picture director, on the radio. i had planned to go and see his á last film.",[4],-0.5994
"i saw a movie called \the thing\"", the film directed by john á|carpenter. the monster in the film made me feel disgusted.""",[5],-0.5267
i had misbehaved at a party and did not wish to meet the person á in question later.,[6],-0.2865
"while playing a ball game, i made a mistake and we lost the game.",[7],-0.4404
when i was in the sauna bath.,[1],0.0
i had a dream in which i was an african elephant.,[2],0.25
"when i came for the lesson, it was cancelled and i had to fill in á a questionnaire instead.",[3],-0.25
"when my car froze, and i could not start it.",[4],0.0
when i saw our computer teacher.,[5],0.0
"when i was going downhill on skis, and fell down twice the first á time.",[6],0.0
when i was involved in a car crash.,[7],-0.4019
i passed an exam which i thought i had failed.,[1],-0.5106
my mother had not come home at midnight. she had forgotten to á tell me about it. i was very young and all alone at home.,[2],-0.4404
my girlfriend started singing (she cannot sing) and did not stop á despite my asking her to do so.,[3],0.2235
"when i was still a child, i saw a horror film on tv in which á there was a rotten human skull.",[5],-0.7906
"as a small boy, i took a coin from an empty taxi cab. my mother á saw it and told the driver about it. i even knew the driver.",[6],-0.2023
when i betrayed my former girlfriend.,[7],-0.6124
"new year's eve party in the country, i hardly knew a person; my á partner spent most of the time at the bar. i had little á opportunity to get to know people because our table was separated á and my boyfriend's parents were present.",[3],0.6395
"christmas eve: there was a tension between my parents, they did á not even try to restore a harmonic atmosphere. mother stayed in á her room almost the whole day. i felt alone and was very sad.",[4],-0.4005
"father said: if you are pregnant, you will have to procure á abortion. i was filled with disgust against my father.",[5],-0.5994
"i had an intimate relation with my boyfriend, but unfortunately á we had sexual problems; therefore i deceived him, but i was á ashamed when i told my friend about it.",[6],-0.8847
i work at a commercial house from 7 to 10 a.m. on a very cold day á in winter i was late - and let a fellow worker stand in the cold á for half an hour.,[7],0.0
"after one year of searching, my friend and i have found a flat we á are able to pay for.",[1],0.4215
car accident in the middle of the night.,[2],-0.4767
"at the weekend i wanted to be absent from school because of a á sports event, but my teacher refused to give me the day off á because he didn't like me.",[3],-0.6668
"when i was six years old, my favourite cat died.",[4],-0.5574
a gigantic spider climbed over my face and what is more - in my á own flat.,[5],0.0
i was very fat and felt absolutely unwell. i was afraid of á leaving the house and getting to know new people.,[6],0.0
i was said to be responsible for my mother getting ill and á growing thin. i did not realize that it really was my fault until á several weeks later.,[7],-0.4144
"i won a car in a prize-competition. the moment i was informed á about it, i felt joy.",[1],0.8176
"my sister had to undergo a very complicated operation, her á eyesight was at stake.",[2],0.0
i had a quarrel with my parents; i was convinced to be right.,[3],0.4019
"i heard that a friend had died in an accident; group situation: á suddenly a friend came in and said \have you already heard á|that...\""; there was a terrible consternation, silence, then á|everybody shouted excitedly \""how could that happen...\"".""",[4],-0.0258
"scuffle in a carriage of the underground in vienna, three drunk á men thrashed a man in a wheel chair - i watched the scene from á another carriage.",[5],-0.34
i put an end to a friendship with a girl - i had only pretended á love and affection to be able to sleep with her.,[6],0.8885
a young girl tried to put an end to her life because of lover's á grief; not until she was in hospital i heard that i had been the á reason for her action.,[7],-0.4939
"in order to be admitted to my final examination, i had to pass á two examinations. as i had not studied very much, i resigned á myself to be left behind. nevertheless i succeeded in these á examinations.",[1],0.235
"i had not told my parents about my bad marks in school. one day, á my father wanted to speak to the teachers. fortunately i could á influence my parents to take it easy.",[2],-0.1531
"i wanted to go to a friend of mine who had a party; at the moment á i wanted to leave, my father said i couldn't go because he needed á me for some work in the afternoon.",[3],0.6908
"a friend of mine, who had repeated a year at school once before, á did not pass the final examination and had to take it again half á a year later.",[4],0.4939
"eco-activists demonstrated against a project to build a power station á at the danube in the middle of a lowland forest (hainburg) and á the government decided to delay it for another year. when my á father heard about it, he said that we needed another hitler.",[5],-0.34
there was a time when my room looked terribly untidy; just at á that time my aunt came to see me; fortunately i could prevent her á from entering the room.,[6],-0.5423
"i was supposed to fetch some friends at the bus stop, but i did á not do it because my father was in a bad mood and i was afraid á that he would grumble.",[7],-0.5719
my boyfriend returned after a long absence.,[1],0.0
my car skidded on the wet street.,[2],0.0
"i wanted to see a friend, i had been looking forward to it and á had certain expectations, but he did not pay any attention to me, á played cards with other people.",[3],0.7347
a good friend quitted me after he had behaved in a strange á manner.,[4],0.6486
in broad daylight i saw an untidy old man pissing and playing á with his penis in the middle of the town.,[5],-0.2263
somebody who knows me very well discovered that i had told him a á lie.,[6],0.3384
"when my boyfriend was away, i flirted with his best friend; i á felt guilty the next day.",[7],0.6597
"recently a good friend only called me when he needed something. á he never said \please\"" or \""thank you\"" or any other kind word.""",[3],0.8761
"my favourite horse died. we had tried our best to save him, but á it was hopeless, he had to be shot.",[4],-0.3818
i read a book about the sexual phantasies of women; i read about á a woman having sexual intercourse with a dog.,[5],0.0
in our flat the bath-tub is in the kitchen. at the beginning i á had very intensive feelings of shame when i had a bath and people á were in the kitchen.,[6],-0.4767
"i had to take care of the plants of a friend of mine for several á weeks. i watered them, but let them stand in a cold room so that á two of them perished.",[7],0.4939
when i met a good friend after a long time. we had had a quarrel á but after two weeks i was really glad to see him again.,[1],0.8171
"when we stayed in vienna with our class, my friend and i behaved á incorrectly. our teacher threatened us with exclusion from á school.",[2],-0.25
when i lost my driving license because i had been driving while á under the influence of alcool.,[3],-0.3182
my mother's death.,[4],-0.5994
when i entered the dissecting room for the first time. i think i á felt disgusted mainly because of the bad smell of formaline.,[5],-0.7845
i think i felt ashamed for the first time when i entered a night á club.,[6],-0.4767
"during a ski tour with a friend, we two had drunk too much. when á we went down the slope on ski, i lost my friend who had lost his á way. i thought that something must have happened to him (he á finally arrived but after a very long time).",[7],0.0516
my father stayed abroad for one year. he does not like to write á letters because he makes ortographic mistakes. i never had a good á relation to him. he wrote me a letter in which he said that he á loved me.,[1],-0.2769
"when i was a child, i was always afraid of my father. just when á he looked at me, i felt frightened.",[2],-0.4404
a colleague asked me to study with her. i could not explain á things as perfectly as she had expected. so she reacted in an á aggressive manner.,[3],0.5574
"during the christmas holidays, i went to see my parents and á stayed with them for two weeks. after two or three days, we had á the same conflicts we had had ten years before when i had lived á with them. they were glad when i left.",[4],0.4588
"old man in hospital, hollow-cheeked, only one half of his nose á and glass-eye, rattling breath.",[5],0.0
when my father came into the bathroom and saw me standing there á naked.,[6],0.0
"i live with my boyfriend, we have a close relationship, i fell in á love with another man.",[7],0.6369
when i met my girlfriend - i had not counted on that.,[1],0.0
"one night i had a feeling that somebody was stealing my car, á but i was too frightened to go and see.",[2],-0.714
when we rearranged furniture in our flat and got stuck in a á chair.,[3],-0.25
a person died (not really a friend).,[4],-0.7531
"several weeks ago, i had problems with friends, i felt disgusted á by a friend.",[5],0.0516
"when i was a child, i thought that i had to be ashamed when á asking and doing certain forbidden things.",[6],-0.5859
when quarreling with friends.,[7],0.4767
"in southern tyrol, i was gathering apples, it was a fine day, i á was not thinking about anything, i felt an overwhelming joy.",[1],0.6808
"my girlfriend and i slept in a lonely hut (we had drunk alcool). á suddenly some soil fell on us, then some water. although we tried á hard, we could not find out the cause.",[2],-0.6486
i helped my little sister (13 years) learning mathematics. á obviously she did not want to understand what i explained and á started to cry. i grew angry.,[3],-0.7665
when my girlfriend told me that she wanted to leave me.,[4],-0.0516
"on a trip i passed by a cellulose factory. it was a fine day, á beautiful landscape; i observed this factory with disgust.",[5],0.2023
"when i went to a sauna with my father for the first time (i was á 16). when i entered the sauna naked, i felt ashamed for a short á time.",[6],-0.4767
"i came home from a discotheque at half past four in the morning, á although i had promised my parents to come home at midnight. from á 3 a.m. i felt guilty towards my parents.",[7],-0.0772
a friend i had missed very much came to see me unexpectedly.,[1],0.25
on my way through lonely streets i met with a huge stray dog. it á stopped at some distance and looked at me. i tried to ignore it á but i was very frightened.,[2],-0.7642
"a friend of mine tried to persuade me to go at her place to act á as a model because she felt too tired. it was a quarter of an á hour before the appointed time, i had just lied down and did not á want to go because it was too late anyway. she said that i only á was talking about looking for work, but if it was possible i á would not accept it. i was angry about this unjust judgment.",[3],-0.9251
"after i had lived with my boyfriend in a foreign country for half á a year, i saw that it was impossible for me to stay with him (for á economic reasons). we separated although i loved him.",[4],0.5994
in a certain book i read about cruelties and violence in prison á and souteneur circles; i felt especially disgusted when i read á detailed descriptions of physical and mental torture of less á powerful people.,[5],-0.94
"when i talked to a psychotherapist for the first time, i started á to cry; first i talked to him but he did not say anything and á after a while i was crying.",[6],-0.7351
"i went shopping with my mother and sister (17 years old). mother á always told my sister what she should buy. instead of assisting á my sister in defending herself against mother's interference, i á just behaved aggressively towards my sister.",[7],-0.3182
"when i worked as an \au-pair-girl\"" in london, i received a call á|from a good friend who told me that she was in london too and á|wanted to see me. i was very glad - after that call and á|especially when i saw her.""",[1],0.8553
it was on st. claus day when i was five years old. st. claus and á his devil servant came to see me. st. claus' devil servant á rattled with his chain and bowled terribly. i was so frightened á that my parents had to ask him to leave.,[2],-0.9541
a friend called me and told me that she wanted to come and see á me. she lived in a village at 50 km distance fom my home town. á next morning i expected her but she didn't arrive. as i got á impatient i called her but her parents told me that she had gone á skiing. i was very angry because i had cancelled an appointment á to be able to see her.,[3],-0.8438
when i was eight years old my father was run over by a car. when á i saw his body i was sad beyond words.,[4],-0.4767
a friend prepared a soup with chicken heads and invited me to eat á it. i saw the eyes staring at me and the tongues hanging out of á the bills. i was so disgusted that i felt nausea and had to leave á the room.,[5],-0.1195
"when i had to go to the gynecologist and to sit on that special á chair, i felt ashamed.",[6],-0.1027
"after a terrible quarrel with my family, i withdrew in my room. i á felt guilty because i had caused this scene by my aggressive á behavior.",[7],-0.7579
i had the unexpected possibility to see a friend i like very á much.,[1],0.6908
i was afraid of a certain examination although i was relatively á well prepared.,[2],0.6249
"at the hairdresser's, i got two stains of dyestuff on my new á trousers. these stains are not removable, so i cannot put on the á trousers again.",[3],0.0
"in 1977, my grandfather, to whom i had a very close relationship, á died.",[4],-0.5574
a drunken man forced me to kiss him.,[5],-0.0516
a friend started to insult another person without reason and i á felt ashamed of her behavior.,[6],-0.4939
"i had to call somebody between 12 and 12:30. as i had no á possibility to call him at this time, i did not do it until 3 á p.m.",[7],-0.296
"after a one year's stay abroad, i returned home. i was even more á glad to see how much my family was pleased to see me.",[1],0.7334
"i went home all alone from a restaurant. it was dark, i went very á fast. behind me, there were some drunk men who shouted at me. by á chance, i met some friends who accompanied me.",[2],0.1779
"a friend who shares the room with me, opened the window in the á morning and left the room the whole day. when i came home in the á evening, the room was so cold that i couldn't stay there.",[3],0.6597
"when my aunt, whom i had loved very much, died. when i heard á about her death, i was not as touched as at the funeral. i really á became conscious of her death at that moment.",[4],-0.8828
a friend told me how he managed to win the sympathy of as many á people as possible. he said he first listened to what they said á and then he tried to only say things they would like to hear. á he would never express his own opinion. i felt really disgusted á when he told that.,[5],0.8078
"in a restaurant, i made the acquaintance of a boy who always told á the same things in a very loud voice. i laughed and said to him á that he always repeated the same things. some time later i heard á that he had undergone a complicated brain operation.",[6],0.4588
after closing the front door i realized that i had left the key á inside the house. i felt even more guilty since it was not my own á house but the house of people i hardly knew.,[7],-0.2609
"on our way to france, my girlfriend and i went to verona. by á chance we met an italian couple - they gave us two tickets for á the dress-rehearsal of \aida\"". it was a different world for us á|full of fascination. after the representation we ate a phantastic á|pizza in a restaurant near the \""arena\"".""",[1],0.6369
"on a mountain tour, my girlfriend and i passed by an inn. near á the house there was a big dog which began to follow us. as my á girlfriend is afraid of dogs, i had to draw his attention to me. á he jumped towards my shoulders and wanted to play with me but i á really did not like that.",[2],-0.3314
i arrived in vienna in the middle of the night. i asked for some á silly information - as i realized myself afterwards - and the inquiry á clerk reacted in a very arrogant manner.,[3],-0.5256
i had to leave my girlfriend for 4 weeks because of my studies. á this happens frequently. the last 24 hours before my departure á are always very depressing.,[4],-0.4754
"when i stayed in the house of friends, i washed my face and á wanted to dry it with a towel. this towel seemed to have been á used over a long time already. it smelled indefinably awful.",[5],0.0258
"a friend of mine has not very much money. therefore, once i á stayed with him and his girlfriend, i bought some meat, but nobody á wanted to go and prepare it for dinner. my friend said \i thought á|you wanted to invite us for dinner\"". \""of course\"", i said, but i á|thought by myself that it must have been enough that i had bought á|it.""",[6],0.8074
"it happened when i still went to school: i got closer to a girl á but i considered it only as an \affair\"". only much later i realized á|how painful this must have been for the girl.""",[7],-0.5927
when i was informed that a short story i had written had been á accepted for publication.,[1],0.2732
some friends and i were crossing a street when one of my friends á was seized by a car and thrown aside. i had seen the car coming á in our direction but i did not have enough time to react and á prevent the accident.,[2],-0.2263
"i wanted to clear up a misunderstanding with a friend that i had á caused. a third person meddled in our conversation, turned my á efforts to ridicule so that i did not succeed in what i had á intended.",[3],-0.3875
death of my grandmother.,[4],-0.5994
"in school i had difficulties mith mathematics. when i had to work á for an examination, i really felt disgusted.",[5],-0.7076
"i played in a stage play. suddenly, in front of 200 people, i á could not remember the words i had to say.",[6],0.5859
one night i did not come home without telling my parents and i á did not want to speak about it afterwards. my mother cried. i had á a bad conscience and felt guilty.,[7],-0.8451
after 3 weeks i saw my girlfriend again.,[1],0.0
"one evening, in the tramway, i was afraid of two drunk men á molesting my girlfriend and me.",[2],-0.7351
"i went singing with a group of young people on january 6th (the á three magi), a local custom called \star singing\"". one of the girls, my á|girlfriend, broke the star. being the accompanying person, i felt very á|angry thinking of the consequences.""",[3],-0.4215
"when the grandmother of my friend died in a hospital. my friend á was crying and i was sad, too.",[4],-0.5267
i saw a physically handicapped young man whose spittle ran out of á his mouth while speaking.,[5],0.0
"it was in a group situation: suddenly it was my turn to say something, but i felt that i was not able to express myself very well - i felt á ashamed and blushed.",[6],-0.2641
my girlfriend's results in school had become worse because i á prevented her from learning (we often went out etc.).,[7],-0.4588
"i went shopping with my parents - my father payed everything for á me, i was very glad.",[1],0.5095
"when i was a child, i heard the floor cracking and i thought á there was a burglar in our house; i hid under the blanket and á trembled.",[2],-0.3612
"during a lecture, a colleague who did not know anything about the á subject, got on my nerves asking silly questions.",[3],-0.0772
when my grandfathers died and i realized how much i would miss á them.,[4],-0.6369
"during a football game, another player who was perspiring very á strongly ran into me.",[5],0.3353
"i tried to pass an examination particularly well, but i did it á worse than ever. i felt ashamed.",[6],-0.8226
"during the military service, i lost a part of an equipment; i á accused another person and he was rebuked and punished.",[7],-0.7579
"at a choral concert i appeared as a solist. the concert5 was very á good, i forgot all the hard work that had been done before. there á remained only an undescribable joy and a feeling of warmth, á security etc.",[1],0.9096
"i am a \cantor\"" - i sing psalms in church. several weeks ago i á|had to sing too, but the organist did not tell me in time. as i á|did not know the psalm, i was afraid and said that i could not á|sing.""",[2],0.0
"during the christmas holdidays i wanted to invite my brother, his á girlfriend and their child for dinner. when i said to my á brother's girlfriend that i would like them to come at my place á for dinner, she refused and never mentioned it again as if i á had never asked her.",[3],0.2263
"several years ago my brother died in an accident. when i heard á about it, i was very sad. it took years until i resigned myself á to it.",[4],-0.902
"i read a book about the situation in south-africa, about the á terrible violations of human rights. i was disgusted with the á white population.",[5],-0.872
"my p.t. instructor also works as a masseur. he wanted to massage á me, therefore i had to undress. for the first few times this was á not easy for me; i got gradually used to it.",[6],-0.3412
"some time ago i took the driving test. i did answer the á theoretical questions very well, but i failed the practical á driving test. it was my fault because i had not enough practice.",[7],-0.8076
when my brother came back home after staying in hospital. he had á undergone an operation which had been a matter of life or death. á when he came home i could see him smile for the first time after á may weeks.,[1],-0.3182
after a short stay in marocco we missed the ferry-boat back to á spain and we had to look for an accomodation. by chance we met a á man who offered to take us to a camping site. while i was sitting in his á car i was terribly afraid because i had heard of people being á robbed in marocco.,[2],-0.5859
"after an exhausting day i came home and wanted to take a bath to á relax. my father wanted to take a bath first and when he had á finished after an hour, there was no hot water left for me.",[3],-0.2023
i met some nice people during my holdidays. when they left i knew á that i would never see them again.,[4],0.4215
"a drunk man attacked his wife and wanted to humiliate her by á insulting her. then he turned violent and started to beat her in á front of her child. she left it happen without saying a word in á order not to make things worse. i watched the scene and tried to á calm the man, but without success. just because he was stronger á we had to comply. from that day i detested him.",[5],-0.859
"for a medical check-up, we - boys and girls - had to take off our á clothes with the exception of our underwear. then we had to go á into another classroom where older pupils were sitting and á staring at us.",[6],0.0
"i allowed my little brother to clean the bathroom in his own way. á my mother came and saw the floor overflowed with water, slapped á my brother in the face and told him to go to bed immediately.",[7],0.3477
one day i did not feel very well and i wanted to talk to á somebody. a friend invited me for dinner and i was very glad.,[1],0.6665
"i was driving my car and it was very misty. it was in the night á and i was alone in my car. i felt totally insecure, nervous and á overstrained.",[2],-0.7559
my mother treated me unjustly as if i was a little child. i said á mean things. i was unable to defend myself adequately.,[3],0.0
when my uncle died whom i had loved very much. i was very sad and á i felt totally helpless.,[4],-0.7496
"i watched the news at the tv, it was a commentary about á \hainburg\"". i felt disgusted when i heard members of the union á|speak about the situation.""",[5],-0.5267
i took the tram without paying. there were many people around me á when i was caught by a controller. i felt ashamed but also angry.,[6],-0.7579
"i behaved in a nasty manner towards a friend, i said things which á i could have said in a more friendly way. after that i felt á guilty.",[7],0.0754
a friend of mine often had difficulties with her parents. once á she had a child she had a better relationship with them.,[1],0.5994
"once our school class went skiing. on a steep slope a boy á standing behind me lost his balance, fell down and drew me with á him. i slided down the whole slope. at about 1 m distance from a á tree i could stop.",[2],-0.5423
it happened in a tram: some older people started to grumble about á the young people just because i had not immediately left my seat á to them.,[3],0.0
"when i was younger i was very good in apparatus gymnastics. i á always won in competitions, but once i was only at the fourth á place.",[4],0.5341
a friend was assaulted by a young man on her way home.,[5],-0.0516
some men were talking about me and my sister.,[6],0.0
during my holidays i had a boyfriend who turned away from me á outwardly. therefore i danced with another man and raised certain á hopes in him. after a while i had to explain to him the á circumstances,[7],0.7579
i received a letter and a christmas present from a person i had á not seen for two years.,[1],0.0
i was at home alone and my mother had asked me to heat the house. á i put too much fuel into the stove. it began to glow and there á was a noise in the whole house as if it was going to explode.,[2],-0.25
at the end of my holiday job i got less money than was due to me á and nobody mentioned anything about that.,[3],0.4019
"my little cat which i had raised all by myself, hanged itself when á playing in the garden.",[4],0.2023
at school a classmate who was a very good pupil had to help á another boy who performed less well. he told him on purpose the á wrong things so that he had to repeat a year.,[5],0.5574
when i was a child i played my mother a nasty trick to make her á feel hurt.,[6],-0.7003
i had promised my friend to take her to an important appontment á but i was late. so she missed the opportunity to get a wellpayed á holiday job.,[7],0.8065
"i have a boyfriend and i am very fond of him. when we had our á \11-months jubilee\"", i had forgotten it. but he gave me a red á|rose.""",[1],0.1646
when i was a child i was afraid of big dogs. one day when i came á home a big dog was laying in front of our door. i was so á frightened that i did not dare to enter the door and i waited á until somebody passed by.,[2],-0.4902
i share my small flat with my friend. on her birthday we could á not see each other until evening because we had to stay at the á university all day. in the evening i left a lecture before it á finished to be able to buy flowers for her. when i was at home á she called me to tell me that she would stay the night with her á boyfriend.,[3],0.6597
"when i was a child i had a grass-parakeet i liked very much. his á legs were crippled so that he could not move very fast. once i á came into the room, did not notice him and stepped on him. a few á days later he died.",[4],-0.2023
when i was younger i often saw my father come home drunk (he had á big problems at that time). once he woke me up in the middle of á the night and shouted at me.,[5],-0.6249
"at school i was bad in mathematics. although my teacher had á admonished me to do my homework, one day i had forgotten to do á it. when my teacher noticed it, i blushed and was ashamed to be á rebuked in front of the other pupils.á",[6],-0.886
when i was a child i often quarrelled with my younger sister. á once i became so angry that i slapped her in the face. she cried á and shouted so that my mother came in and scolded me.,[7],-0.7809
after a weekend at a seminar i saw my husband again. i hurried á home hoping he would be there. we embraced - i enjoyed feeling á his body.,[1],0.765
"one evening i stayed at home all alone. as we lived on the ground á floor, i was often afraid of burglers.",[2],-0.25
"one day, when riding on a bicycle path, a car coming from the á opposite direction forced me to get off my bike although i had á the priority.",[3],-0.4588
my father died unexpectedly at the age of 53 years. he certainly á would have liked to live longer. i was also said because i was á confronted with the fact that i would die one day too.,[4],-0.6249
"one day, when i was twelve years old, my brother took some slimy á substance swimming on the surface of a pot of vinegar made of á cider and threatened to throw it at me.",[5],-0.4588
when i was ten years old a classmate laughed at me because i had á told him that my father had retired.,[6],0.4588
i felt guilty because i had not accomplished a thing as well as i á had wanted to.,[7],-0.4777
a party with friends on new year's eve.,[1],0.7003
when i was hitch-hiking and i went with a man who drived like a á madman.,[2],0.3612
"i was in \hainburg\"" in december and i was angry about the á|politicians and the police.""",[3],-0.5106
i met again a very good friend after a year and realized that á there had grown a certain distance between us.,[4],0.8304
when i listened to a conversation of friends talking about the á power of money.,[5],0.4767
when my grandmother died - at her funeral.,[4],-0.7269
i read about a monk who had been murdered and put into a barrel á which was filled with blood of pigs.,[5],-0.6597
"i went for a walk with a very close friend; we were talking about á our problems, i told her lies.",[6],-0.2551
i had to tell a collegue the time for an appointment with another á collegue. i told her the wrong time - it was obviously my fault.,[7],-0.7003
"i went to buy a bicycle with my father. when i wanted to pay, my á father took his purse and payed.",[1],-0.1027
"my mother had fallen down from a ladder when she had been á gathering cherries. her back was hurt. just when i arrived, i saw á people of the life-saving service giving her medical care.",[2],-0.0772
"i was waiting behind a car which was going to leave the parking á place, because i wanted to park my car there. because of uncoming á traffic i had to wait for a short time - another driver placed á his car on the place.",[3],-0.0516
my partner left me after we had been together for a long time.,[4],0.0
"at a discussion a friend took a \faschistic view\"", what i had not á|expected.""",[5],0.4939
"at a weekend's seminar my trousers suddenly burst, therefore i was á prevented from participating in several activities.",[6],0.0258
"when i was driving my motorbike i went into a bend incautiously á and fell down. i was slightly hurt, the motorbike was slightly á damaged.",[7],-0.6936
before christmas i got to know a girl but our relationshop could á not consolidate before the holiday. therefore it was a big á surprise to get a carefully hand-made present from her. - our á relationship grew closer.,[1],0.7876
"when i was a child, i fell into a cellar (when playing) and could á be freed only with big difficulties.",[2],0.3182
i was angry about several drivers who showed an aggressive and á dangerous driving habit.,[3],-0.7906
when my grandmother died. i had a very deep relation to her (i á lived with her for several years).,[4],-0.5574
some time ago a girl tried to make me up without any action of my á part. she used all possible means. although i behaved refusingly á she did not give up for a longer time.,[5],0.0
when i went to the sauna for the first time and there were men á and women.,[6],0.0
when i was parking my car i was not cautious and bumped into á another car. i caused considerable damage. the driver of the á other car was very angry and i let him insult me because i felt á guilty.,[7],-0.9168
a person whom i had not seen for a long time called me and á invited me for a party.,[1],0.4019
"when i was walking on the street, a group of drunk, bawling young á people approached.",[2],-0.34
"when i was house-hunting: another person got a flat that i would á have liked, too, because he heaped a floot of words on the á letter.",[3],0.4215
when i shoplifted a pair of earrings from coles and my mum caught á me with them in my bag.,[7],0.0
when my mother was tremendous on the phone and we talked for á hours. she was in a good mood.,[1],0.4404
"when i saw a good male friend unexpectedly after a year, as i've á just returned from overseas. i was feeling tired, looking a mess, á and nervous.",[2],0.0258
"when i wanted to talk to someone i liked and whom i have been á told likes me (by his brother and even by himself) however he á avoids any confrontation, and is vague.",[3],0.296
"after having left the company of someone who gave me a lot of á support and made me laugh, found myself alone for days on end.",[4],0.6486
when a boy had continued to use foul language and swearing in á front of a group of my friends.,[5],0.2732
when i was about seven or eight i was caught having stolen a á doll's dress from my next-door neighbour.,[6],-0.4939
"feeling guilt after greed, buying chocolate and pigging out to á the point of feeling sick, especially as i am fat.",[7],-0.7269
when planning to marry.,[1],0.0
no really strong such emotion. just falling off to sleep when i á caught sight of a 5 cm diameter spider crawling onto the pillow á beside me.,[2],-0.6999
my feelings towards would-be in-laws for their participation in á recent broken relationship.,[3],-0.4767
"recent break-up of seriors long-term relationship, helped along á by would-be in-laws.",[4],0.0
"no very strong such emotion. treatment of my sister by her á dancing instructor - he is a \user\"", i.e., takes advantage of her á|good nature.""",[5],-0.4931
"after failing a second attempt at med 4, following a number of á difficult personal circumstances.",[6],-0.6705
failure to complete medical course as a result of failing fourth á year twice.,[7],-0.765
when wayne and sue (close friends) were announced our guardians á at ther wedding.,[1],0.4767
car accident nearly occurred between us and drunk driver coming á in opposite direction it missed us by approx 1 m and collided á (after rolling twice midair) into nearby scrub.,[2],-0.7717
when boyfriend lied to me.,[3],-0.3818
when my boyfriend took me to his father's grave.,[4],-0.3818
on boat trip - saw mother giving young child (aprox 6-7 years) á cigarettes.,[5],0.34
when harassed by this boy - it was sexual (refer to guilt).,[6],-0.6808
"when in grade 3, late home from school every day for weeks á because of harassment from a grade 7 boy i lied to mother about á why i was home late.",[7],-0.7269
getting a part-time job.,[1],0.0
small car accident. black ice on the road - cars in front of us á started zig-zagging and so did we. car in front did a 180¦ turn we á followed and ended up in a gully.,[2],-0.4767
people hunting animals.,[3],0.0
"when my grandfather was sick, and died i felt more sad, though, á when he was sick.",[4],-0.9273
people spitting in railway stations.,[5],0.0
falling over.,[6],-0.1531
eating too much i felt guilty afterwards because i knew i á shouldn't have overeaten as i'm putting on too much weight.,[7],-0.4215
when my last year's second semester results came through - i was á ecstatic.,[1],0.5106
i was sleeping in my room but woke in the middle of the night to á think i could hear noises and see shadows moving. i felt that á someone was in the house.,[2],0.0
"at school, a couple of years ago, a so-called acquaintance told lies á about me to a teacher i was told about it by friends who overheard á the conversation.",[3],0.0772
"my grandfather died. he lived almost as a recluse not caring for á himself as well as he should - dad and we all helped as much as á we could, but it didn't save him from himself. it was an á unexpected death. his second de facto wife was lucky she wasn't á jailed.",[4],-0.6386
"in my penultimate job i was responsible of a sections with á several employers, after several years of dedication i was á dismissed by a new chef, saying that i was incompetent.",[4],-0.2023
"i assisted to a scene where the police attacked a person that á didn't have his documents. the savagery was too much, and the á attacked person bleeded to much.",[5],-0.8591
in a party of friends i got completely drunk.,[6],0.4779
"once in my homes yard, i was plaing football with my cousin and á in a certain quick the ball went on uncontrolled putting down a á bird-cage, killing it.",[7],-0.6486
"when i get something that seemed very hard like getting a job, a á boyfriend, etc. a specific sutuations, was when i started to date á a boy whom i liked for a long time.",[1],0.5974
when i had to assume a position which i didn't expect.,[2],0.0
"when i was dismissed unjustly from the firm where i worked, á because there where persons that didn't have problems, and á wouldn't miss in the jobs they occupied if they were dismissed.",[3],0.4023
"i felt very sad when i had to give up something that by right was á mine and although i didn't get it, a kind of suvenir that people á don't give you the right to have.",[4],-0.5256
"the acts of brutal violence in generally disgusts me. fights, á phisical aggrssion, etc.",[5],-0.9325
i felt ashamed when in a certain occasion i had to read a text á and didn't stop stuttering.,[6],0.2144
when i was reproved eighth grade of high school.,[7],0.0
"when i talked with a teacher yesterday who, to say the least, was á rude and unwise and had irrelevant opinions about a friend.",[3],0.0516
the loss of the woman who loved me most till today.,[4],0.3818
in a sexual experience with an unknown woman where after the á sexual act i only could go away without looking backwards.,[5],0.0
"when i wanted to kiss a friend and didn't succeed, i felt shame.",[6],0.0701
"on a telephone talk where i was agressive and stupid without the á least, reason or better motive.",[7],-0.128
when i succeed in writing something i felt and doing it i felt á well and very happy for being able to express to myself something á that was suffocating me.,[1],0.8516
when i crashed my car.,[2],0.0
when in a difficult moment i couldn't express myself correctly á and my thought came out with distortions bringing about highly á negative and distorted results.,[3],-0.8473
when i heard about the death of somebody i liked very much and i á was not present either to see the person or to try to share my á emotions with other friends.,[4],0.4939
"when i saw a woman subjugated by money and not being able to hide á how she hated herself for not having the will power to get out of á such a situation because it was convenient, according to what she á told me.",[5],-0.7096
when somebody suddenly said something (about me) at a wrong á moment and i didn't agree (at that exact moment i was needing an á extremely positive word).,[6],-0.0816
when my mother surprised me while masturbating.,[6],0.2263
i forgot to water the flowers in our flat and was rebuked by my á friends who share the flat with me.,[7],0.6486
after my final examination at school i was glad that the á examination was over and that i had passed it.,[1],0.4588
"when i was a child, i had a nightmare. at that time, i was not á yet able to tell anybody about it, so i was very frightened. i á could not explain myself all that and i had to deal with it by á myself.",[2],-0.4927
i was angry with a person who behaved terribly at a ball á offending her relatives.,[3],-0.8807
"when my grandfather died. when i heard about his death, i had a á bad feeling in my stomach and i felt as if i had lost something á very precious.",[4],-0.8319
my brother caught a spider and let his frog eat it.,[5],0.0
once i spoke without thinking very much - it was quite a á nonsense.,[6],-0.4522
i was not sure whether i should help an old woman going down a á flight of stairs. i just watched her and saw how difficult it was á for her to do it.,[7],-0.193
for about one year i had a rather bad relation with my father. á last christmas eve he invited me to stay withhim and i was very á glad about it. it was a fine evening.,[1],0.1477
"i live outside graz - so i have to go by bus. one day i went home á from the bus stop alone. it was dark, i had to go through a á forest and there was a dark figure behind me. i was very á frightened.",[2],-0.4902
my sister had promised to help me to do a translation from á english into german. but the day i needed her she told me that á she was busy - i was very angry.,[3],-0.5089
"several years ago my mother died. she had been ill for a long á time, but nevertheless her death came unexpectedly. i did not and á i still do not want to believe that it is true.",[4],-0.7338
i have a horror of spiders and snakes. on a walk through the wood á i saw the body of a slow-worm (without the head).,[5],-0.5719
i came home from a party rather drunk. i said things i would á never have said normally. next morning i was terribly ashamed á about what i had said.,[6],-0.7506
an accident happened to my little cousin because i had not taken á enough care of her. she fell on the floor and her hands were á hurt.,[7],-0.5106
i had a little cat which was very sick. as i liked it very much i á went to a veterinary with it. he told me how to tend it and it á really recovered its health. everybody said that i had saved its á life.,[1],0.2516
"when i was a child, i had a terrible nightmare with st. nicholas' á devil servant. i asked my mother if he really existed and she á said yes. the following nights i could not sleep and a á light had to be left turned on.",[2],-0.7003
"as i usually do not start learning until a short time before an á examination,, i once made up my mind to try to work for a longer á time. but once again i did not do it - and got a bad mark.",[3],-0.6956
a friend told me about his cousin who is my girlfriend. he said á she had treated him in a mean and nasty way. i was surprised á because in front of other people she had always treated him in a á friendly way. i am very sad about it.,[4],0.079
"i went out with my sister, her boyfriend and his friend. i did á not like this young man. but suddenly he overcame me and kissed á me. he was very strong so that i could not defend myself.",[5],0.87
during the oral part of my final examination i made a mistake in á speaking so that all the teachers laughed at me.,[6],0.1531
there was a time when i did not get on well with my sister. i á always grumbled at her and said bad things about her to my á mother. so my mother always scolded her.,[7],-0.6501
when i passed my final examination at school.,[1],0.0
"when i was on a cave excursion with friends, i suddenly lost them á and was afraid of losing my way in the cave.",[2],-0.2023
when i felt being treated unjustly by a teacher.,[3],0.0
when my grandmother died; i had a stronger relation to her than á to my mother.,[4],-0.25
when i was molested by an old drunk man.,[5],-0.6486
when i had a latin examination in school.,[6],0.0
when i had drunk too much and nearly got an alcohol poisoning.,[7],-0.7351
when i met my girlfriend again in another town after a long á separation.,[1],0.0
"when i went home alone early in the morning, i had to go through á a wood.",[2],-0.25
"a friend was unpunctual, we wanted to prepare ourselves for an á examination.",[3],0.4939
when my grandparents moved to another part of the town.,[4],0.0
at the butcher's i saw an animal which had just been slaughtered; á blood was dripping on the floor.,[5],0.0
in school i was very bad in running long distances and my á class-mates laughed at me for this reason.,[6],-0.2006
i had to take care of my little brother. when i met a friend i á did not pay attention to him for a certain time and he was hurt á while he was playing.,[7],0.7348
"on my birthday, an old friend of mine sent me a card. i had not á met him for a year and i was very glad that he had thought of me.",[1],0.7574
once i spent a night with a friend at the secondary school. we á told each other horror stories and suddenly we heard uncanny á noises. i was terribly frightened.,[2],-0.7906
"when we still attended school, my brother and i usually went to á see our aunt and to show her our term's report. she rewarded us á with money. although my reports were as good as my brother's, he á got more money.",[3],0.7269
"my friend was pregnant, but lost her child during the second á month. i went to see her at hospital - she was crying. i felt á very sorry for her.",[4],-0.7839
"when i attended school, our class visited an institution for á mentally and physically handicapped persons. although i tried to á control my feelings, i was disgusted.",[5],-0.5267
"after a party i spent the night with a friend. we both were á drunk, the morning was disillusioning. a friend was me leaving á the room and i felt shabby and immoral.",[6],0.34
i had to take care of a neighbour's child. i did not look after á it all the time and the child fell down and was hurt. i felt á guilty.,[7],-0.4588
"a very good friend of mine had been away for three months. when á we met again, we ran up to each other and embraced.",[1],0.7698
one evening my father told me to go into the cellar and get him a á beer. i was terribly frightened at the idea of a man sitting in á the cellar and assaulting me. for my defence i took an empty á bottle with me.,[2],-0.8807
i had stolen a bottle of rum from a person who knows me well. he á threatened to call the police if i did not pay 500 shillings.,[3],-0.5864
when my uncle died i saw a funeral for the first time. all people á stood around the open grave and cried.,[4],-0.8834
"at a party i met a girl who drew me to her, told me some nonsense á and always wanted to kiss me.",[5],0.4215
i put my head into the pullover of a girl to see her breasts. the á girl looked at me so that i felt ashamed.,[6],-0.4767
"my uncle had promised to buy me a bicycle. as time went by and i á had not received it yet, i asked my father to buy it for me. á later i heard that my uncle had wanted to offer me the bicycle on á my birthday two weeks later.",[7],0.3612
"several days after my final examination at school, i was sitting á in an airplane on my way to greece. i enjoyed that moment very á much.",[1],0.5106
one night i was lying in my bed awake but i had my eyes closed. i á saw figures with terrible faces and black frocks bending over me á and touching me. i opened my eyes but i could still see them. i á had the feeling that somebody was in the room. it was terrible. á only when i turned on the light i was able to go to sleep.,[2],-0.8674
i had arranged with a friend to go with him to carinthia by car. á we had arranged a place where to meet. i was a bit late and my á friend had left already. i had no money to go by train. i nearly á started to cry because i was so angry - it was very important for á me to go to carinthia.,[3],-0.2613
our dog had to be shot because he had killed a roe. i liked him á very much and so i could not resign myself to that. i hated the á hunter who shot him.,[4],-0.7063
i was sitting in a station-hall and watching a lavatory á attendant. she was very dirty. she started to eat something out á of a dirty cup - it must have been something like lard. then she á took some breadcrumbs out of the pockets of her apron and ate á them. i had to leave - i felt like vomitting.,[5],-0.3167
"i had to go to the doctor's because of a veneral disease. i told á the doctor that i must have been infected by my boy-friend. this á was not true, but i was ashamed to tell the truth.",[6],-0.608
"when we were playing, i hurt my little sister, but towards my á mother i did not admit that it was my fault.",[7],-0.7382
my neighbour was not able to set his car in motion because it had á snowed heavily. i helped him - he was thankful and invited me.,[1],0.5719
"i was skiing with friends and they wanted to ski-jump. i did not á want to be left behind, so i braced myself and followed them.",[2],0.4363
"at an examination i got a bad mark just because of a small á mistake. when i went to the lector and wanted to talk about that, á he did not listen to me but sent me away.",[3],-0.4497
my cut was run over by a car. after searching for a long time i á found her lying in a kerb. i was rather shocked and angry with á the driver.,[4],-0.8779
"when i watched a report about el salvador on tv, i saw people who á had been murdered by terrible methods.",[5],-0.8176
at a cross-country race i wanted to take a short-cut (which is á not allowed). i was caught and disqualified. all my friends had á observed that.,[6],0.0772
during a discussion i reacted very aggressively and so i made it á impossible to continue discussing.,[7],-0.3804
on my birthday i got a present that i had desired for a long á time.,[1],0.2732
"when i am discussing something with a person and i realize that á the other person is thinking over her own argumentations instead á of listening, i become angry.",[3],-0.5106
when we were on holidays my girl-friend had to leave me after 4 á weeks and i had to stay in turkey for some more weeks because i á had a job there.,[4],0.34
i studied medicine for several semesters. i was always disgusted á when we had the dissecting-course. i cannot understand why some á persons like this course.,[5],-0.2263
"some time ago we had a tournament in our tennis-club. for á tactical reasons i was chosen to play against a much weaker á player than i am. although it would have been enough simply to á win the game, i defeated him extremely. this would not have been á necessary.",[6],0.0516
i had a discussion with my girl-friend. after some time we á started to quarrel and at least - to get the upper hand - i said á that she was not as important to me as she might believe. some á time later i apologized for that.,[7],0.6004
on new year's eve i went in a disco with friends. i amused myself á and got to know many other people.,[1],0.7096
"i had to go to the dentist's. when he touched my tooth with his á drill, i was terribly aftaid of the pain i would feel any moment.",[2],-0.7845
i was very hungry and just wanted to start eating when a friend á called me who usually talks for a long time. i was angry because á i was prevented from eating.,[3],0.0
"my sister, whom i like very much, asked me for a favour which i á refused her for some flimsy reason. some time later i felt sorry á for that and something like sadness.",[4],0.3612
on my way to a concert i went with a man who tried to molest me. á at that moment i did not care much but now the impression fills á me with disgust.,[5],-0.7823
"i asked my friend to come with me to a disco because i wanted to á be with a person i know well. but when i amused myself with á others i let my friend sit alone, although i had asked her to á come.",[6],0.8462
"i called my little sister to make her pick up her toy from the á floor. when she still refused after i had asked her for the á fourth time, we began to quarrel. at last the whole family was á involved in this quarrel and trouble was brewing.",[7],-0.5994
"i had a singing-lesson, but i was not very good. the last á exercise was singing scales. i did that very well and my teacher á seemed satisfied.",[1],0.5196
"a teacher wanted to instill a certain opinion and a certain á behaviour into myself, what i refused. i was afraid when i saw á him.",[2],0.25
a friend had promised to call me at a certain time. i expected á his call impatiently but in vain.,[3],-0.2846
years ago on christmas eve i felt very sad because i realized for á the first time how i missed my father who had died at christmas á years ago.,[4],-0.8479
"a man whom i like, was drunk and tried to molest me.",[5],-0.4588
it was the time when everybody spoke about and discussed á hainburg. i was also asked for my opinion. i was ashamed because á i had no firm view of the whole thing and therefor was not able á to join the conversation.,[6],-0.4767
"i was on a concert-tour and therefor seperated from my á boy-friend. but i needed warmth which was given by a male member á of the orchestra. my feelings towards him were not very deep, but á his feelings were. i felt guilty when he said \i am not a á|radiator\"".",[7],0.0772
"on my 18th birthday i passed the driving-test. i was glad because á i had had to study very much, because i had been lucky and á because - as a proof that it was really difficult - not everybody á had passed the test.",[1],0.4601
at about midnight i had to go by bike through graz alone. on the á whole it was a distance of several kilometers. a car followed me á through the streets. only when i went into a one-way street the á car disappeared. the rest of my way home i was very afraid.,[2],-0.4404
i had studied for almost one week for my physics-examination. á with difficulty i passed the examn. i was angry about the teacher á and also about myself because i had not remembered enough during á the examn and because the time that i spent studying was wasted.,[3],-0.836
i had cared for a horse for 2 years. one day it was sold and i á cried for several days because i was so sad.,[4],-0.5847
"a friend of mine was telling jokes which i felt to be very á disgusting, especially because i was eating.",[5],0.1335
at a carneval-party i smooched with a man - some days later i was á rather ashamed for that.,[6],-0.4767
"by fun i had a tussle with my sister. suddenly i obviously hurt á her unintentionally - and she ran out of the room, crying.",[7],-0.4939
"during my first week in graz i met a girl who i had got to know á in the train from amsterdam to graz. although i had considered á her very sympathetic, we had seperated without changing our á adresses.",[1],0.5563
"many years ago i saw the film \psycho\"" by hitchcock for the first á|time. when i saw the film i was alone and afterwards i hardly á|dared to go to bed and hardly was able to sleep.""",[2],-0.25
"i had got a bad cold. my father said i must be crazy to go by á motorbike at those temperatures. when i answered him that i did á not care about a cold, he said that if i did not care for á anything i could leave him (it was for the second time he said á something like that).",[3],-0.8341
"i was at home alone when i realized that a young roe approached á our house. i hid because i did not want to frighten it. it á limped. some time later, when i thought that it had already run á away, i saw it lying on our terrace. i came nearer and saw that á it was terribly wounded. i informed the ranger who said that the á roe must have been attacked by dogs. he had to shoot it.",[4],-0.9183
several years ago i stayed with friends in the mountains for one á week. we lived in a hut and had to cook for ourselves. one day my á friend did not succeed in preparing spaghetti. that dinner was á terrible - nevertheless we all ate rather much and had an á improper and unsavoury conversation.,[5],0.1461
my mother and my grandmother were talking about one of my á grandmother's friends whom i hardly know. i gave some deprecatory á comments on him whereupon my grandmother told me that the man had á died recently.,[6],-0.128
"when i still went to primary-school, i went on a ski-trip with my á family. after skiing we went to a restaurant for lunch. suddenly á my father said that he had forgotten something in the car. he á gave me the key and asked me to go and get it. i had difficulties á with the key which was already bent. i asked my mother to help á me. when she tried to turn the key it broke. we had no second á key. my mother was blamed for all that and i did not say a word.",[7],-0.8176
"i had not studied very much for my final examination at school, á so i had to take an additional examination in french. the oral á examination was not very hard for me - the more i was glad when i á heard that i had passed it.",[1],0.5826
"when i was 8 years old my tonsils had to be operated on. this is á not a complicated operation, but just before it started i was á very afraid so that i will never forget it.",[2],0.2498
"my parents are divorced, father pays alimony for me. two years á ago my sister who lives with father, suddenly asked mother for á money. as she considered the amount of money my mother offered á her too small, she brought an action against mother. i was á terribly angry with my sister.",[3],-0.7845
"i arranged with a friend to go skating the next day. he asked me á to wake him up by telephone at twelve o'clock because we had come á home late in the morning. next day i called him - he was not at á home. as something like that had happened to me several times á before, i came to the conclusion that one cannot rely on anybody á and i felt very sad.",[4],0.3197
whenever i see a spider or a snake i feel disgusted.,[5],-0.5267
"when i had slept with a boy for the first time i felt ashamed for á three reasons. first, because i was only 13 years old, second, á because i did not really like him, third, because he had caught á me napping.",[6],-0.6627
"i had been together with my boy-friend for two and a half years, á when he got to know another girl and not even tried to conceal á that from me. i drew my conclusions and left him - i also felt a á bit guilty for what had happened.",[7],-0.4215
my boy-friend told me that he would take me to the training of á the life-saving dogs.,[1],0.0
i was in a dark cellar and saw a glowing red point. i thought á that it was a person with a cigarette - but it was only the red á switch.,[2],0.0
a man treated his dog very badly - he insulted and beated him á until the dog kept lying on the floor with his tail drawn in.,[3],-0.8777
a horse which i had liked very much was taken away.,[4],0.4215
on tv i saw a report about church in amerika. a priest was shown á who was performing miracles in front of the camera - i felt á disgusted.,[5],-0.5267
"when i was a child, my uncle came to see us. i spit at him and á ran out - i do not know the reason for that. my father came after á me and insisted on my apologizing.",[6],-0.0772
i quarreled with my boy-friend. he said it was unfair that i á always started crying so that he had to give in.,[7],-0.7351
"to be able to prepare myself better for an important examination, á i did not spend the nitht with my girl-friend but in the á students' hostel. i had not done that for months. the day when i á had the examn, somebody knocked at my door at seven o'clock in á the morning. my girl-friend who likes sleeping late, had come to á be able to be with me.",[1],0.7227
"i studied medicine for several semesters and at that time i á developed a great fear of examinations. i was most afraid of my á examination of anatomy. while other students were examined, i was á dissecting. i was able to hear everything and was waiting with á fear until it was my turn.",[2],-0.3182
"when i come home in the evening, the first thing i do is to sit á down and smoke a cigarette. one day i found the flat in a totally á desolate state. my girl-friend had wanted to tidy up but had not á finished.",[3],0.0
my son's mother told me that she wanted to move to vienna and á take the child with her. this means a rather long distance for á me. my whole family was sad and dumbfounded so that my own á feelings were intensified.,[4],-0.6908
when a very near person got into an awkward situation but showed á only helplessness and indecision.,[5],-0.7684
i spent an evening with my girl-friend. when we wanted to go to á bed i was totally drunk. next morning i felt rather ashamed.,[6],-0.6997
"i threw away an object, which belonged to a friend, because i did á not know what to do with it. my friend was very sad about that á and i felt guilty.",[7],0.0534
after a long time i saw my boy-friend again.,[1],0.0
my first public appearance in front of a rathe big audience.,[2],0.0
"i was angry about how the government acted concerning hainburg, á especially when i saw a discussion about it on tv.",[3],-0.5106
death of my father; he died of laryngeal cancer.,[4],-0.9169
when i got indecent offers.,[5],0.0
when i bought new skis; i was ashamed to tell the assistant that á i am not good at skiing and therefor bought racing skis.,[6],-0.6711
my schoolmates were teasing a pupil who was not able to defend á himself very well; i should have taken his part.,[7],0.2716
"i thought that i had failed an examination, but when i was á informed about the mark, i saw that i had passed it.",[1],-0.2846
before an examination: i had the fealing that i had not learned á enough.,[2],0.0
"once when i was playing table tennis i was already sure that i á would win , but at last i lost the game.",[3],0.128
my grandfather's funeral.,[4],-0.3612
in cinema i saw a film which showed how a person was torn out his á guts when he was still alive.,[5],0.1531
"i was sitting in a restaurant with friends. they asked me á something which they thought i should know. actually i know it, á but at that time i was not able to remember it.",[6],0.2617
"i had an appointment with a friend. i promised him to meet with á him, but at last i did not without having informed him.",[7],0.431
"when i had a psychical crisis, i met a girl, who told me that she á had had almost the same problems and how she had finally overcome á them.",[1],-0.7605
i had climbed on a cherry tree alone and there was a thick á caterpillar beside my fingers. i feel disgusted by caterpillars á and snakes. i was terribly afraid of the caterpillar crawling on á my fingers. out of the fear i was almost unable to climb down.,[2],-0.9042
a friend of mine told other people that i was a slattern (because á of an occurence that had happened some time ago). when i heard á about that i was very angry.,[3],-0.101
"my grandfather was seriously ill, he had only a few days left to á live. i had always loved him, but never told him. when i saw him á for the last time, i had the feeling that i had omitted so many á things i could not do again. - there was a fly sitting on his á forehead and he was too weak to drive it away. i was very sad á when i saw that.",[4],-0.8171
"normally my father never tells vulgar jokes, we do not speak á about sexual things, too. but once he told such a vulgar joke, á that i was really disgusted. he did not tell me, but some of his á friends, but i was present.",[5],0.1382
"when i was 6 or 7 years old, i pulled down the trousers of a á friend because i wanted to know what she looked like. my mother á watched that and (as a punishment) sent me into the house. we á never spoke about that; i think it was as embarassing for her as á it was for me.",[6],0.3612
"when i told my boy-friend, who loved me very much, that i wanted á to put an end to our relationship. a long time before i told him á that and also a long time after that i felt guilty, because i had á hurt him so much.",[7],-0.3182
"unexpectedly i met some persons who i like very much. á spontaneously they invited me and integrated me within their á group, although it was late in the evening.",[1],0.3612
"after a footballmatch i went home by car, a friend drove. i did á not realize that he was drunk until we were in the car. he was á madly racing. several times we were in dangerous situations and i á told him to be cautious, but he did not care.",[2],-0.7304
"a friend of mine uses butter instead of oil when he is cooking. i á am always angry about that, because it is an unnecessary luxury. á recently we both were cooking and he wanted to use butter again. á when i had already put the oil into the pan, he poured it out á again and put the butter into the pan.",[3],-0.0258
"after some friends had come to see me. they had stayed for á several days and we had got on very well. when they had left, i á had a feeling of emptyness.",[4],0.7178
"i had a quarrel with a friend who lived with me in the same flat. á he moved out. before he went he invited me and some friends for a á drink. at last he was totally drunk and smelled disgusting. á besides, he told lies about us and behaved as if he was to be á pitied.",[5],-0.5984
"i went to see a friend. there were other people, too, and á everybody brought some present. i was the onlyone who brought á nothing. my friend was very hospitable and did not show anything á - although i knew how he felt.",[6],0.1461
"with a group of handicapped people we went to a party. when we á wanted to leave we were not able to find one of these people. i á had told his mother that we would leave at 4.30 p.m., actually it á was planned for 3.30 p.m. therefore there was a delay.",[7],-0.0
"i had a quarrel with my fianct. when he admitted his fault, á everything was allright. it was then for the first time that he á surprised me with coffee and cake and a bunch of flowers.",[1],-0.1027
"after my boy-friend had beaten me for the first time, i always á trembled when somebody knocked on my door or when i heard steps á coming nearer.",[2],-0.5994
i had not eaten anything for 2 days to be able to pay the fine á for my fianct. but he stayed in another town and spent one á thousand shillings in the restaurant during the same time.,[3],0.0516
"i had to give up my love, because it did not work out well.",[4],0.5245
i was insulted without a reason by a drunk man.,[5],-0.6908
"my boyfriend had drunk too much and beaten me. when i had to show á the letter the door, which was almost crashed, i felt ashamed.",[6],-0.8074
i spied on my fianct and was terribly jealous. later i saw that á there was no reason for that.,[7],-0.8316
my sister had a daughter. i saw the baby for the first time á through a pane of glass and she looked at me.,[1],0.0
"my mother, my sister and i were sitting in the sitting room and á watching a film on tv. my father came home drunk and told us to á turn off. when we did not do that he switched off the fuse and á started shouting. we were sitting in the dark and i was afraid á that he would do us a harm.",[2],-0.7096
i bought an aquarium which made me much pleasure. i was watching á the fish when my father came in and asked me how much i had payed á for it. he said he would not pay for the current that it would á require.,[3],0.6119
"when i was 9 years old, i got a cat, but after 3 days he died. i á was very sad, because i had nursed him and taken him to the á veterinary's - but in vain. although i had had him only for a á short time i had liked him very much.",[4],-0.8883
"when my grandmother was about 80 years old, she lived with us for á several years. i saw her illness. i did not even want to breath á the air that smelled of her presence.",[5],-0.4445
"i am left-handed. when i attended the first form, we learned to á write with pens. i smeared everything i had written. all my á friends had written well and wanted to know why the teacher was á looking at my note-book. i was ashamed.",[6],0.2732
"when i was 4, we spent our holidays at the seaside. my sister and á her friend wanted to go to a bay on an undangerous way. i wanted á to arrive before them and went on a shorter, but more dangerous á way. when i arrived, i found nobody there. i waited for a long á time, but nobody came. on my way back i met my mother who had á been searching for me desperatly. she did not scold me, but i saw á how much she had worried (herself).",[7],-0.3823
"when i was 17, i had a mystic vision. i melted into a dazzling á light, which omitted perfect love. the physical experience became á unimportant, i heard or saw the words \overcome egotism\"". the á|feeling of joy remained for month after that experience.""",[1],0.875
"when we had swimming instruction, we had to take a header from á the springboard. i usually refused to do that, but at least i was á forced to.",[2],-0.6808
"when i played in a chess championship, i was disturbed by other á people. i asked them to be quiet, but in vain.",[3],-0.431
when my flute-teacher was replaced by a new one.,[4],0.0
"when i was a child, i was sometimes forced to eat things that á disgusted me.",[5],-0.7506
"when i was 12 years old, some friends of our family had come to á watch tv. i lay on the floor and moved my pelvis. when the other á people had gone, my mother told me that it had looked as if i had á wanted to make sex.",[6],0.4767
when i shirked the gymnastic lesson i met the director of our á school who asked me what i was doing.,[7],0.0
"when i was in a situation which seemed hopeless for me, i moved á back to my parents. for my father it went without saying anything á (normally he ofter grumbles at me).",[1],-0.4588
"i lived in a flat with a couple. the woman was so jealous of me, á that she sometimes had crying fits. eventually her husband could á not stand that any more and wanted to kill me.",[2],-0.913
i have a very big family. at my grandmother's funeral we all met á and everybody pretended mourning. in reality it was like a á fashion-show: everybody wanted to show himself.,[3],-0.4404
often a dog which is treated very badly by his owner comes to us.,[4],-0.5256
"after a pleasant evening with friends in my flat, one of them did á not want to leave, because he wanted to sleep with me. he said á that he had fallen in love with me, that he felt alone and so on.",[5],0.7921
"i look up to my karate-teacher. when i came to a training lesson á after i had not trained for one week, i was totally stiff. i was á ashamed.",[6],-0.4767
my sisters asked me to fetch them at a discotheque which is 5 km á off. there was a thick fog and snowfall. there was not enough á room in the car for all of them and they asked me to go there á once again. when i did not do that they had a way to make me feel á guilty.,[7],-0.4215
when i heard that i had passed my final examination at school á (with success).,[1],0.5719
before my final examination.,[2],0.0
when my mother kept me in leading-strings.,[3],0.0
when my father died.,[4],-0.5574
when i worked at the life-saving sevice and saw the first exitus.,[5],0.0
when i made a fool at an examination.,[6],-0.4404
when i had wrongly explained someone an important exemple for an á examination.,[7],0.2023
last year i went to see friends in yugoslavia - two girls with á whom i get along very well.,[1],0.6697
"before i went to the urologist's i was afraid for several á reasons: because it was for the first time, because the medical á check-up might be painful, because of the uncertainty and because á someone had informed me about it.",[2],-0.6486
my girl-friend did not understand me; i was angry with myself á because i had problems when we seperated - i could not resign á myself to it.,[3],-0.6077
a friend who was 22 years old died.,[4],-0.1027
"when i was in the army, we got a certain dish for dinner that i á do not like at all. we were not obliged to eat, but i was very á hungry.",[5],-0.0013
i had to pay a fine because of speeding.,[6],0.1027
"a friend who was 22 years old, died of leukemia; i had not known á that he was so ill and therefore had not cared.",[7],-0.7467
when we got a young dog.,[1],0.0
i was afraid before i went to the doctor's.,[2],0.0
i had an accident with damage to the car body.,[3],-0.743
my dog died of a cerebral tumor.,[4],-0.7351
when i worked at the life-saving service i was disgusted by a á patient whose outward appearance was distasteful.,[5],-0.5267
"when i was a child, i had a medical check-up. i had to undress á myself and was examined by several doctors.",[6],0.0
"when a classmate wanted to sit down, i pulled his chair away, so á that he was slightly injured.",[7],-0.3415
"when i heard that a good friend, who had been abroad for a long á time, would come and see me.",[1],0.7269
when i had my first oral examination after a long time; á especially one day before the examination when i had the feeling á that i had not studied enough and had not enough time to make up á for it.,[2],0.128
"i heard friends grumbling at me in an adjoining room, although á they had behaved in a friendly way when i was present.",[3],0.743
when my brother died.,[4],-0.5574
i read about a murderer who brutalized his victims by cutting á open their stomaches and taking out their bowels.,[5],-0.8957
when i was a child: i had told my mother a lie and she found it á out.,[6],0.0
my father had been alone for a long time because my mother and á sister were on holiday. i had not seen him for a long time and á when i finally called him i realized that he had been very sad á about that.,[7],-0.4005
i unexpectedly got a present from my father.,[1],0.0
when i had to go through lonely streets in the middle of the á night.,[2],-0.3612
my boy-friend had promised me to come home at about 10 p.m. he á did not return until midnight and had consumed a lot of alcohol.,[3],0.3612
"a relative, whom i like very much, left for the united states.",[4],0.6486
"when i was walking on the street, i slipped on the dung of a dog. á i did not fall down, but i felt disgusted by the bad smell on my á sole.",[5],-0.8847
"some persons, who are important for me, came to see me and i had á not washed the dishes.",[6],0.2023
"i was looking after my cousin's little daughter; she fell down, á was slightly injured and cried vociferously.",[7],-0.578
i met again a very good friend whom i had not seen for a long á time.,[1],0.7698
i got lost in a foreign town. i did not know the language of that á country and it took me hours to meet my friends again.,[2],0.2023
"a friend had promised to get me a book which was very important á for my work, but she forgot it.",[3],0.5262
"my dog, whom i had had for eleven years, died. i watched his á soporification.",[4],-0.5574
a drunk man bumped into me and wanted to grip me. fortunately i á was able to break loose.,[5],-0.5719
"when i stayed on a nudism beach, a man was watching me in a á disagreeable way. i had the feeling that he was examining my á body.",[6],-0.296
"i had a quarrel with my father. he was depressed, because á somebody had treated him injustly. as we had an argument, it was á impossible for me to help him.",[7],-0.4767
my friend came to see me after she had stayed abroad. i waited at á the station.,[1],0.4939
after a motor accident (i was the frong-seat-passenger) i spit á blood.,[2],-0.4767
at an office an application that i had made was turned down á because of a scrupulous interpretation of the rules.,[3],0.0
my uncle died - i felt sad at the funeral.,[4],-0.8481
i saw a drunk man tottering behind his wife and insulting her á awfully.,[5],-0.6808
"after an oral examination i shook the professor's hand, but he á had only stretched it out for my ball-point-pen.",[6],0.2263
i spread abroad an intimate secret.,[7],0.0
i bought a christmas present for my girl-friend. on my way home i á was really glad about having found such a suitable thing.,[1],0.5095
"my fear appeared in the form of jealousy. i was afraid that my á girl-friend had fallen in love with another man, i was afraid to á lose her.",[2],-0.6705
i was angry when i watched a ski-race. all the austrian skiers á dropped out.,[3],-0.5106
"during my holiday i met again a friend who had tried to commit á suicide. she had just left hospital, her lips were trembling, she á looked miserable.",[4],-0.4767
"on my way home in the middle of the night i saw a drunk man and a á woman who were quarreling, beating each other, shouting and so á on. i felt disgusted especially because they treated each other á in such a degrading way.",[5],-0.9118
my girl-friend and i live in one flat with another couple. we get á along very well and usually we share everything. once we two were á sitting in our room and eating a cake when the others came in.,[6],0.5563
"i was on a visit to friends who have a baby. the baby was crying á in another room, but soon it became quieter and it seemed that it á would fall asleep. i went into the room where the baby was lying á - and it started crying again.",[7],-0.8674
"i went to fetch my girl-friend at the station. when the train á arrived and i saw her descending and running up to me, i felt á glad.",[1],0.4588
"when i wanted to go into a house, there was suddenly a big dog á standing beside me. it was hardly moving, but i did not know how á it would react later on.",[2],0.0
"my father had bought too many goods for his shop, there was not á enough space to store them.",[3],0.0
a friend died of cancer when he was 18 years old.,[4],-0.7003
at a party i saw two persons having a fight. the aggressions and á the hate between these persons produced an unpleasant impression á on me.,[5],-0.7964
during a discussion i said something rather stupid and á unnecessary.,[6],-0.5267
"when i was driving my car, i wanted to pick something from the á floor of the car and drove into the guide-rail. i thought that i á should not have done that and felt guilty.",[7],-0.4215
on my birthday a friend came to see me unexpectedly and brought á me flowers. i usually do not see her very often.,[1],0.4939
i was awakened by a dream in the middle of the night. i dreamt á that a stranger was in my house.,[2],0.25
my boy-friend had promised me to come an 10 a.m. - he was 3 hours á late.,[3],0.3612
when i heard about a murder of a 16-year-old girl.,[5],-0.6908
when i broke the piggy bank of my brother and my mother á discovered that.,[6],-0.4215
i was sitting in a restaurant with friends and i knew that in the á meantime my girl-friend must have come to my flat and found the á door closed.,[7],0.4767
after i had been away for a long time a friend told me that i had á passed all my written examinations.,[1],0.4939
"recently my younger brother disappeared for two days without á leaving a trace. usually he tells me when he wants to do á something like that, therefore i was afraid that something had á happened to him.",[2],0.1531
i played chess with my 12-year-old brother. i made a stupid á mistake - and he won!,[3],0.1511
it was only once that i really felt sad: at my grandfather's á funeral (after a long time of suffering he had died of cancer).,[4],-0.9515
"3 years ago i served in the army. once a collegue denounced me á because of a delict, which is usually committed. i was arrested á for 3 days. i still detest this man.",[5],-0.25
once i went home totally drunk and roused all our neighbours from á sleep.,[6],-0.4005
when i was in the puberty i smashed the favourite toy of my á little brother because of a fit of rage.,[7],-0.2732
"after i had had a disappointment in my private life, my friend, á who studies in vienna, came to see me spontaneously.",[1],-0.0258
before an oral examination - which i did not take eventually.,[2],0.0
a friend had promised me to give me a lift to graz. to be sure i á called her before we went. she told me that she had just promised á another person to give him a lift.,[3],0.8591
i am sad because some relations to friends are not very good.,[4],-0.3865
"i think i have hardly had a situation where i felt disgusted. á perhaps once, when i saw a big spider.",[5],-0.5267
when my boy-friend left me and i wanted to persuade him to stay.,[6],0.0
"i promised my mother to come home on her birthday, but at last i á was prevented. nevertheless it would have been possible to go but á i did not.",[7],0.2263
seeing relations from overseas after a few years.,[1],0.0
unknown person knocking repeatedly on backdoor when no one else á was at home.,[2],-0.296
"boyfriend \chatting up\"" another girl.""",[3],0.0
a friend breaking up with her boyfriend.,[4],0.4939
accidentally seeing a friend in a compromising situation with a á stranger.,[5],0.2023
parents finding out i smoked.,[6],0.0
not thanking relatives for a favor done.,[7],0.4019
emotional reassurances by spouse.,[1],0.4588
movement in bush late at night while camping.,[2],0.0
heated discussion with spouse concerning new house.,[3],0.0
loss of close relative.,[4],-0.3182
the price i was charged for work on my car.,[5],-0.2023
caused fault in v.c.r. by not following instructions carefully.,[6],-0.4714
losing my temper with my spouse.,[7],-0.6597
a night spent with a group of friends.,[1],0.4767
a car came very close to hitting me whilst i was crossing the á street.,[2],0.0
"a friend whom i had gone out of my way to do something for did á not bother to acknowledge my efforts, and treated me badly á thereafter.",[3],0.2815
a girlfriend ended our relationship in an abrupt and unexpected á manner.,[4],0.0
"a friend once reacted childishly (he is 23 yearrs old) to my not á responding in his favour to a request, that is: he asked me for á some money i refused, and his reaction was quite childish.",[5],0.3415
"on one occasion whilst engaging in horseplay with my girlfriend, á i caused her to be physically harmed.",[6],-0.1779
i borrowed money from a friend and did not pay back the debt when á i said i would.,[7],0.2491
getting a phone call from a very old friend.,[1],0.539
before giving a seminar to a rather large audience.,[2],0.34
being stopped by the police for a traffic offence which i don't á think i committed.,[3],-0.25
death of a parent.,[4],-0.5994
at a social event when none of the guests would help to serve á food or clear tables. it was all beneath them.,[5],0.6486
"the mother of a small child found me shaking the child in á exasperation, because i couldn't get it to sleep.",[6],-0.1779
the more than satisfactory result of a recently-completed á university subject was communicated to me by phone.,[1],0.4173
"i was a passenger in a jumbo-jet which was accelerating down the á runway and almost at the point of take-off, when the pilot á suddenly braked and put the engines into reverse thrust, in an á obviously urgent attempt to stop the aircraft. the hostesses show á signs of concern and my first thought was that something was on á the runway in our path and that we were in danger of hitting it.",[2],-0.5859
"a person walking his dog allowed it to defecate on the footpath á outside my house. although it had happened before, this was the á first time i had witnessed it. all the skills i had learnt from á py 263 were thrown out the window when his indifference to my á protestation was obvious to me.",[3],-0.0516
"while walking through an old mining area, i unwittingly disturbed á a wallaby which, in its resultant flight, accidentally fell down á a deep mine shaft. on investigation it seemed uninjured, but it á was impossible for the wallaby to get out, and also for me to get á it out of the shaft. to prevent its suffering a slow death, i á shot it.",[4],-0.9161
"a colleague and i were sitting on a bench next to an old man in a á shopping centre. the old man coughed and spluttered somewhat, á then with his fingers removed the resultant phlegm and mucous á from his mouth, and transferred it onto the armrest of the á bench.",[5],0.0
"i had promised to contact a friend about a particular matter by a á certain date, then thought no more about it until the friend á reminded me after the date had passed.",[6],0.836
a neighbour complained about smoke from my backyard incinerator á entering his house after a change of wind direction. i lit the á fire after originally checking that the wind would not blow the á smoke in that direction.,[7],-0.6249
"on my birthday, when a very close friend sent me a huge bouquet á of flowers.",[1],0.6983
"when i heard that there had been some women raped at uni, just á near where i usually park my car and walk by myself at night. á although i wasn't in danger it unnerved me for days and i was á fearful whenever walking through the area.",[2],-0.7205
"when the person i am going out with let me down in a situation á that i was depending on them, and didn't show respect or care.",[3],0.1645
when i found out that a person i went to school with had died in á a car accident.,[4],-0.7717
"when i heard about the way a parent of a friend had mistreated á him, and caused a great instability.",[5],0.8074
"when i realised that i had become too emotionally involved with á the person i'm going out with, and when i began to like someone á else and questioned whether i really care about person i'm with.",[6],0.6801
"when i came very late one night (or morning !) and my parents á were waiting, not so much angrgy as disappointed.",[7],-0.5255
one of my friends and i had breakfast in a restaurant. it was á spontaneous and lots of fun.,[1],0.7506
i was walking home late at night from lectures and someone á deliberately started following me. it was dark and i was scared.,[2],-0.4404
"at one of my close friends saying she didn't like the way i am á nice to people i don't know, or who have been nasty to me.",[3],0.049
leaving melbourne to move interstate - leaving relatives and á friends behind.,[4],0.4767
disgust at a girl i know for continually feeling sorry for herself á and never acting positively to do something about her problems.,[5],-0.8472
i am ashamed of the horrible way i used to treat my little á sister.,[6],-0.5994
often i forget to give my immediate family birthday presents.,[7],-0.2263
i noticed that meryl streep and i had similar cheekbones and jaw á structure.,[1],0.0
i do not recall being scared in the near past.,[2],0.3412
as for disgust.,[3],-0.5994
girl i was fond of did not initiate conversation as i expected in á tutorial.,[4],0.4404
"i realised that someone was insidiously attempting to shit me off á i was disgusted with him for doing so, because i afforded him á with no excuse to do so.",[5],-0.8032
"i do not seem to feel emotion such as shame, guilt or fear - far á out !",[6],-0.8268
i cannot recall feeling guilty in the near past. remark - subject may not have taken the exercise very seriously.,[7],-0.008
"when i was complimented and called \delightful\"".""",[1],0.765
when my mother was angry with me over my friends and boyfriend.,[2],-0.0516
anger towards my lover for being late.,[3],0.0258
the death of my twin sister - suicide.,[4],-0.8555
disgust with myself for consistently making foolish errors in á communicating with others (asking for 1/2 kg of nuts when i only á wanted 50 g).,[5],-0.8658
"i had been rude to my mother at a time when she needed á comforting, not anger (death of my sister).",[6],0.7044
guilt - because i had not written to my sister for months before á she died.,[7],-0.6908
my current lover and i had been very busy with work and study and á had not had time alone together for almost a month until one á afternoon recently when we made love for hours and then showered á and ate together.,[1],0.867
a workmate and i had been antagonistic with each other for some á weeks - he had reacted violently to my criticisms of his work á standards.,[2],-0.8126
"i had been having a heated argument with a lover - whose á intention was that we should marry in the near future - and was á rejected by her when i started to cry. when i stopped crying for á a moment she said \there, have you got it all out now ?\"".""",[3],-0.8442
"i was alone in my parents' house, having made plans to spend the á afternoon with a lover (plans which the lover cancelled), á watching a movie and considering my life and circumstances - á pressures of examinations in particular.",[4],0.5106
i discovered some pornographic literature in a workmates drawers. á the literature featured pictures of naked women defecating on one á another.,[5],0.0
"upon returning from a journey of about two weeks duration, i á found that a collection of pornographic literature had been á removed from my room i had previously thought that no one was á aware of the existence of this material.",[6],-0.296
"my mother and father had forbidden me to ride my scooter on the á road, and i had transgressed (together with the \wild\"" kids from á|across the street) by riding my scooter down a steep hill near á|our house. my mother sent the boy next door to collect me, and i á|was severely scolded.""",[7],-0.7003
blank.,[1],0.0
"after going through a glass door, i sustained a number of serious á cuts which were gaping open.",[2],-0.296
the mother of a person with whom we had been sharing a housing á accused me of trying to rip her off over payment of bills in the á house.,[3],0.1531
"watching \11 am\"". they had a programme on the starving refugees. á|their plight was a source of sadness for me.""",[4],-0.6908
"a girl with whom i was staying having sex with a person for about á 3 nights running, and then with his brother the following night, á and back again.",[5],0.0
during an argument an acquaintance accused me of having insulted á her parents by having had sex in their house which they á overheard.,[6],-0.7906
a girl whom i hadn't seen for a period of time told me that she á had been pregnant and had an abortion - i was the father.,[7],0.0
when my boyfriend last told me he loved me after i gave him an á impulsive kiss.,[1],0.7717
"when my boyfriend was leaving to go home one night, i had a very á deep sense of uneasiness and an unwarranted fear that i wouldn't á see him again.",[2],-0.7003
anger with boyfriend's best friend for alienating me and blaming á me for personality changes in my boyfriend and changes in my á boyfriend's attitude to him and his obvious egoistical attitude á himself in doing so. i also lost one of my best friends - his á girlfriend.,[3],0.7579
death of paternal grandmother to whom i was very close - died of á cancer.,[4],-0.9211
disgust with oneself after being intoxicated enough to go to bed á with a stranger.,[5],-0.5994
"i feel shame every time i think of very dear friends of mine á abroad who were family to me for a year, and now 2 years later, i á have attempted, but have not actually gone through with á corresponding with them, to express my feelings and gratitude.",[6],0.7605
"after being told that an ex-boyfriend had been hurt by my wearing á something he had given me when i was with another guy. i was á unaware of my actions really, as i had not considered the fact á that he had given it to me, and might see me. i still respected á his opinions of me.",[7],-0.2732
when i thought that my high school love and i had a mutual á emotion.,[1],0.6369
i was on my surf ski. rather large waves to strong current á separated me from my ski and we both began to drift slowly á (actually rather quickly) away to sea. the direction i was á drifting in was taking me straight over a reef on which rather á large sharks were constantly being caught. (i was alone with no á one to help me).,[2],0.5719
i was enjoying the company of bird life while i was eating lunch á in a park when a group of people began throwing sticks at some of á the birds - for no reason other than the satisfaction of seeing á them being scared away.,[3],0.296
"when i left my sister's house after staying there for a few days. á she has two little boys, and they are very warm people (the á family). at the time, i was in need of this sort of contact, and á i grew very fond of children (no, i'm not a paedophiliac).",[4],0.6582
when my father revealed inconsistent morals.,[5],0.0
when i woke up after a night of drinking i couldn't remember and á discovered several untoward things had occurred.,[6],0.0
leaving home when my mother thought i had no reason to go and á felt that i was rejecting her. she is a constantly depressed á person (a bit of a worry-wort) and i felt guilty about having á given her this additonal problem.,[7],-0.9186
i'd just got the top mark in an exam.,[1],0.2023
"my brother and i were driving to brisbane when he drove back onto á the road, perhaps cutting off another car but not noticeable - á this driver did his best to drive us off the road for about 1/2 á an hour.",[2],0.7615
"i was at the corner shop, which i patronise regularly i had only á a $ 50 note and i purchased about $ 3 worth of goods that i á really needed - the keeper made sarcastic remarks to others about á people using him to cash notes.",[3],-0.0258
"my mother died of cancer after a 4 year illness - i think the á most pregnant moment of sadness was the next morning, just as the á sun rose.",[4],-0.9274
a lecturer in great detail spoke about his sexual experiences.,[5],0.6249
i was walking outside the union refec after rain when i tripped á and fell.,[6],0.0
i stole 5c from my mother's purse for a choo-choo bar - i was 6.,[7],0.0
"on a sailing boat at night, under a full moon, listening to pink á floyd, drinking good wine, with good company, the boat being á steered by autopilot, and a full eclipse of the moon.",[1],0.7003
fear of sexual overtures from a close relative in the family.,[2],-0.4939
when my rights to use a shared house had been usurped by á co-owners out of pure selfishness.,[3],-0.0772
at rejection / being ignored by a loved person held in great á esteem.,[4],0.4939
"viewing the nuclear war film \threads\"".""",[5],-0.5994
"following heavy stirring / ridiculing a close friend who was á very vulnerable to such attack - inspiring fierce, defensive á counter-attack.",[6],-0.2484
"guilt at having pressed another person to expose/explore his á personal weaknesses/faults, to the extent that the other person á was made to feel terrible/defensive.",[7],-0.2732
family member survived an operation.,[1],0.5106
i was walking to my car at night and thought that i was being á followed.,[2],0.0
i walked in on a teenage patient of mine (i work in a hospital) á as he was going through my office drawers and he had removed á money from my purse.,[3],0.0
death of grandmother.,[4],-0.5994
when i became aware that an acquaintance had stolen from friends.,[5],-0.0258
caught cheating on a diet.,[6],-0.5574
i had shown anger toward my dog and he was killed later that day.,[7],-0.8481
a close married friend has just had his first child.,[1],0.4939
stranded in the north of fraser island with a submerged 4 wd hire á vehicle.,[2],0.5719
not being alowed on a school camp with the class i'd been in for á 11 years (i had stayed down due to illness),[3],-0.4019
"at the funeral of a friend about 20 years old, who was killed in á a hit-and-run motorcycle accident.",[4],-0.7845
a female friend was violently ill on the return journey from a á wedding reception we attended. getting her out of the car when á home took quite a while.,[5],-0.5267
cheating in a minor geography exam at school.,[6],-0.5574
"i wasn't able to see my girlfriend on her birthday and because i á was late arriving home from uni, i didn't phone her as arranged á at a certain time (she rang in the meantime).",[7],0.2732
having received an offer to do post-graduate work.,[1],0.0
taking a trip to crocokile country i fell out of the boat and was á motivated by fear of being eaten to perform great swimming feats.,[2],0.5994
last night - finding that someone in the house had eaten an á entire packet of almonds i had bought for a family treat.,[3],0.4019
the loss of my father as he died of a massive and sudden heart á attack.,[4],-0.5859
when after a party celebrating a friend's 21st birthday - upon á leaving i found 10 people outside throwing up and further 4 á unconscious.,[5],0.7506
having had a very heated argument with my sister - i began á hitting her about the head with a newspaper i was holding.,[6],-0.4173
a situation where i stole a friends wife's wallet.,[7],0.4767
"winning a tight tennis match. one set to play, and the team was á behind by 3 games. we won the last set 6-2 and won the match by a á game.",[1],0.9217
"when at school, i threw a duster at another child and hit him in á the head. the blow caused a flesh wound and i was afraid of what á would happen to me when the teacher found out the circumstances.",[2],0.0
finding that a subordinate at work was still not willing to á cooperate after discussions to try and resolve an attitude á problem.,[3],-0.0258
death of the family dog.,[4],-0.5994
"we had friends to dinner and one of them threw a beer bottle in á the air, and it bounced on an expensive table and damaged the á table .the person did not apologise.",[5],-0.2462
after making a joke about a friend's marriage that was too á personal.,[6],0.296
carried out a vandalistic act on some windows at an old army á location.,[7],0.0
"arriving in new zealand as a teenager - first overseas trip - á something \exhilarating\"" about the change of scenery etc.""",[1],0.4019
as a child (i.e. 5-7) hiking in reasonably rugged bush and á becoming lost for a duration of 5-7 hours.,[2],-0.3182
"following an argument with my brother, he broke my golf clubs.",[3],-0.6486
leaving the house myself and a female friend had shared for 6-8 á months because of the friendship which developed and our approach á to each other in occasional instances of several personal crises.,[4],0.8176
"discovering a good friend had lied to me, resulting in a á detrimental relationship with another person.",[5],0.5423
no specific instances - perhaps having lied as a child resulting á in someone else being blamed for the event.,[6],-0.7845
"leaving university in 1982 following exclusion and lying to á parents/friends about reasons for leaving, i.e. lying about the á fact of having been excluded.",[7],-0.886
going to a friend's wedding and seeing many of my old friends á whom i had known before i moved to a new district five years á previously.,[1],0.4767
"car accident. travelling as a passenger along narrow bitumen road á at night - trying to overtake semi-trailer. the truck pulled over á onto our side and we hit the wet dirt, swerved back into the á truck, back onto the verge, over a guide post and into a ditch.",[2],-0.6705
at school when i had a shouting argument with a friend over my á ability to carry out a particular duty in the correct way without á harming her.,[3],0.7117
"looking up end-of-semester results, and finding i'd failed three á out of seven (subjects).",[4],-0.5106
when i found out some family friends were embezzelling the á company they worked for - using company petrol and food supplies á and claiming furniture and crockery.,[5],0.4767
when my best friend foud out i'd been lying about something i'd á been doing behind her back.,[6],0.6124
"after having told an authority figure a very large lie i was told á she believed me, because she believed i had never lied to her.",[7],0.3578
"after being away on a holiday for 2 months, a friend, who lived á interstate, had remembered when i'd get back and phoned to á welcome me home on the night of my arrival.",[1],0.836
walking along with a dog barking at you and following you.,[2],0.0
doing a group assignment and being left to do all the work and á take the blame for any mistakes.,[3],-0.5994
after training for an australian championship competition for a á year and then injuring myself 2 weeks before the competiotion.,[4],0.4404
someone ruining someone's property just for the fun of it.,[5],0.3182
a friend giving me an expensive christmas gift while i gave her a á cheap one.,[6],0.8176
talking about someone behind their back.,[7],0.0
"i was captain of the school swimming team. the team was only two á points in front before the last relay. we won the relay, which i á swam in, and thus my team won the championship.",[1],0.8834
"i was in about grade 7, i came home from school one day and was told á that my mother had skin cancer and would have to go to the hospital á straight away.",[2],-0.5423
brother provoked anger. it was when mother and father were away á and we had to look after ourselves. he accused me of being á selfish and a snob.,[3],-0.9201
shifted from melbourne to brisbane. all my old school friends á gave me a party and i had to say good-bye to them all.,[4],0.7003
was picking up my father from work and on passing through the á valley watched three prostitutes walk up and down waiting for á someone to pick them up. clothing was disgusting.,[5],-0.5267
had a very good friend. we grew apart i found myself running her á down to other friends.,[6],0.868
guilt after fighting with my sister (for) telling her how bad she á was.,[7],-0.7964
"when i won the \under 18\"" showjumping at the brookfield show. the á|competition was very stiff and there were many riders competing.""",[1],0.5719
"when i was on holiday, walking back to where i was staying, at á night, and two men started closely following me. there was nobody á around that i could run to.",[2],0.4019
"when my mother and father split up i was angry: i felt deprived á and \different\"" from other children at school.""",[3],-0.7506
"i was terribly upset when my kitten got hit by a car. he didn't á die, but for several weeks we thought he might have to be put á down.",[4],-0.2563
"when i heard that one of my good friends, when at a party, had á got herself involved with some very undesirable characters and á was experimenting with drugs.",[5],0.6712
"when i hadn't studied for an exam, so i pretended to be sick so i á wouldn't have to go to school. i lied to my mother - she realized á i had been lying when she got home from work and found that i had á been over to a friend's place.",[6],-0.8519
"when i was young, i stole some money from my mother's purse. it á wasn't very much, but i can remember when she found it gone i á felt very guilty.",[7],-0.6297
day i received my t.e. score and acceptance into my chosen course. á,[1],0.4588
first day at university (i didn't know what to expect).,[2],0.0
"at a school dance when my supposed \best friend\"" kept walking á|away from me whenever i came near her.""",[3],0.8126
"at end of school - function to \celebrate\"" ? leaving friends who á|i'd known for up to 12 years.""",[4],0.7783
"while watching a film of an experimental operation on a cat's á brain in which the cat had metal pieces protruding from its eyes, á mouth etc. to keep the head stable while being cut open.",[5],0.0258
"when my mother asked me to do a job for her which does not á require much effort on my part, yet i refused for selfish reasons á and saw her have to do it.",[6],-0.6486
"after having been told not to take the car, i took it anyway and á felt guilty about having taken it.",[7],-0.4215
"eating biscuits and drinking milo (chocolate energy drink made á with milk and usually drunk warm) with my friend at college. we á get on really well, don't withold any feelings about each other's á friends and are pretty good at cheering each other up when we are á homesick.",[1],0.9516
going to a disco by myself to wait for some friends. we had á separated and hadn't planned where to meet. i wasn't sure if they á were even going to this place so i felt very conscious of being á alone.,[2],0.0356
"a person ignored my advice, did not pay any attention to what was á saying. she acted as though i wasn't even there. we were doing á group work so everybody had the right to speak yet she just á ignored me. she made me feel insignificant.",[3],-0.6912
a friend of mine is having psychiatric problems because of his á mother's death ages ago. he is really quiet and because it á relates back to his childhood i feel sadness for him. he doesn't á lead a normal life and it just seems unfair.,[4],-0.8555
"at school, when the only thing people my age could think of was getting á rolling drunk. they couldn't have a good time without firstly á getting drunk.",[5],-0.7356
a girl i was with yelled something out to this group of guys i á knew. it sounded really childish.,[6],-0.3597
"i didn't tell my parents exacly what had made me so late in á getting home one night. i left out some details and somehow, i á felt i had lied to them.",[7],-0.3818
getting a good mark for a subject i had worked hard at but á expected only a moderate mark.,[1],0.1901
"when cleaning up a pile of junk under our house, a huge spider (a á \jungle spider\"") ran out near me. (i do not like even small á|spiders).""",[2],0.049
"at the hardware store, trying to convert imperial to metric á measurements, i made a mistake, and didn't buy enough tiles for á the bathroom. i was angry at myself, because i hope to be a maths á teacher.",[3],-0.4215
my father died last year after an 8-week severe illness.,[4],-0.836
"during the py 102 film session on tuesday, one of the films shown á was of an experiment on a live cat involving strapping it into a á machine for possibly days, and doing things to its brain.",[5],0.0
several years ago i was caught riding the train without a ticket. á the station-mistress treated me like a criminal almost.,[6],-0.2263
"i was walking quite quickly and unthinking through a children's á playground, when a toddler ran in front of me i knocked him over á and he hit his head quite hard and began crying.",[7],-0.5849
i got a good reaction from my tutor and tutorial group for a á presentation i'd given that i was very worried about.,[1],0.1045
"a man was yelling outside my window at 3.00 am, yelling threats, á though not to me.",[2],-0.4215
"going away for the weekend, leaving my college room open - when i á returned several friends had had a party there, leaving the mess.",[3],0.5106
passing away of my father.,[4],0.0
at a party where the boys were telling revolting stories about á the girls they'd been with.,[5],0.4019
getting slightly intoxicated at the 1984 i.c.c. ball.,[6],0.0
i felt guilty about going out when i should have been studying á for a presentation i had to give on wednesday the next week.,[7],-0.4215
when i received the results from my final examination - higher á school certificate - and received a mark that was beyond my á wildest expectations.,[1],0.0
"walking around the university at night by myself, having been á previously warned of rapes, etc.",[2],-0.765
"when i received the mark well above requirements for the course i á wanted to enter, yet i was not accepted - anger at the injustice á of it, because i didn't receive early release of h.s.c. marks.",[3],-0.1068
"when i left all my friends at school (break up) knowing we would á probably all go our separate ways, and none see one another for a á long time.",[4],0.4767
"at my father, when he yelled and accused my sister's friend (over á the phone) of doing something he didn't do, or know anything á about.",[5],0.25
"when i was little and didn't own up to placing a lolly on the á varnish, this pulled it all off and i didn't admit my guilt.",[6],0.0572
"i felt guilty when i skipped a two hour practical class i knew i á would miss out on more information which i did not know, but i á couldn't cope with going.",[7],-0.296
got through first semester university.,[1],0.0
at the tender age of eleven a friend and i left a party and á proceeded to walk through dark and secluded streets of a bad á neighborhood to find a telephone (recent spate of horror movie á watching had occurred).,[2],-0.3182
in a situation whereby a friend's actions were deliberately á against my wishes and (with) no regard to my feelings.,[3],-0.1531
"i broke up with my boyfriend of seven months, but it was a very á \indepth\"" relationship and so after feelings of grief and loss á|were over i felt an immense sadness.""",[4],-0.9186
a situation where i ignored my beliefs and principles for a trip á of whimsy.,[5],-0.3182
i bacame involved with a boy for a very brief moment not because á i liked him but because i needed some sort of company. the á consequences weren't as i expected and caused me much shame.,[6],-0.5023
ignoring my parents'wishes.,[7],-0.4019
getting back with my boyfriend after a year away - apart.,[1],0.0
having my luggage checked at customs.,[2],0.0
when a friend wouldn't speak to me and wouldn't tell me why.,[3],0.4939
thinking about friends overseas.,[4],0.4767
hearing of a filthy situation over the phone.,[5],0.0
sending pictures home when i'd put on so much weight.,[6],0.0
borrowed someone else's towel without asking.,[7],0.0
"when i opened my te score envelope, and saw i got into á physiotherapy.",[1],0.0
when i was bringing in the shopping and nearly stood on a snake.,[2],0.0
"when i was accused of \bitching\"" about best friend.""",[3],0.6249
"at our senior dinner - separated from school friends, nothing á will ever be the same again.",[4],0.4767
at a night club watching little tarts trying to earn a living.,[5],0.0
when i was little - mum caught me telling a lie about who broke á the cup.,[6],-0.4215
when i used to tell mum i was going somewhere else than where i á was (going).,[7],0.0
when my brothers had passed all of their exams and were able to á graduate from their courses.,[1],0.0
when i was caught in an elevator and it got stuck between floors.,[2],-0.25
when i was put into a tennis team below my standard.,[3],0.0
when i have seen people very drunk and making fools of á themselves.,[5],-0.7089
when my friends were rude to a girl.,[6],0.0258
when i was rude to my mother and got angry with her.,[7],-0.743
when my present boyfriend asked me initially to go out with him i á had waited a long time for this to occur.,[1],0.0
"when somebody broke into our home one night when my mother was á out, and my sister and i had just gone to bed.",[2],-0.4215
when my sister lost my favourite jumper at a party and failed to á tell me for several days after it happened.,[3],-0.4404
"when my father passed away of cancer, i was extremely saddened. á he was not very old, which made matters worse. the actual death á was horrendous, but the moving funeral saddened me more so.",[4],-0.9568
"when walking along the beach with my boyfriend, we saw 2 people á having sex on the sand dunes in full view of everyone. it was the á fact that they chose that area in which to have sex, that á disgusted me.",[5],-0.5267
"when i told my sister i had slept with my boyfriend, and she at á first was mad at me i then felt shame for this act, but not á guilt.",[6],-0.2333
"i stayed at the coast for a weekend with friends. my brother came á to drive me home, but was rude, and in a hurry to rejoin his á friends. i was embarrassed because the family involved was á extremely nice, and hospitable to him.",[5],0.4748
"i allowed my then boyfriend to touch me, if only briefly.",[6],0.0
i ate 12 biscuits one night after tea while watching tv - i don't á know why.,[7],0.0
"when i saw my brother in church, and publically accept jesus á christ as his saviour and lord.",[1],0.3818
"i was seven years old and swimming outside the flags at the gold á coast. i was caught in a rip and taken out about 100 m. i á couldn't swim too well, but an older friend (17) swam out and á saved me.",[2],0.8221
"while at school i had to write an essay for doing something wrong á that i didn't do. i wrote the essay about how i was mistreated and á got saturday morning detention along with a few other kids, but á they didn't show up.",[3],-0.4215
when one of my closest friends died unexpectantly.,[4],-0.128
when i saw a male engineer one year and came back to find he was á now a female (i don't know it/them personally).,[5],0.0
"when dad went to a sports day and was the only parent there, and á he was cheering for us.",[6],0.5106
we owned a shop and i used to serve in it occasionally. we á sometimes took lollies out of the stand and dad caught me one á day.,[7],0.0
on holidays - just driving along a road beautiful scenery. just á with my boyfriend - not really talking but just feeling á overwhelmed.,[1],0.6486
lying to a friend about something that was trivial.,[6],-0.0772
"i had promised to do a task for someone that was close to me, and á from the outset i knew it was important that i do it, but when it á came to it, i let them down.",[7],0.2846
good news about a sick relative.,[1],-0.1027
walking in the dark by myself.,[2],0.0
"getting terrible meals, but paying heaps for them.",[3],-0.2617
when felt lonely about writing my family.,[4],-0.3612
person talking about a situation while eating.,[5],0.0
felt it after i spoke terribly (got mad at) the person who is the á most important in my life.,[6],-0.6915
not giving up something for lent.,[7],-0.2584
when i received my te score and my acceptance from university - á it had been a goal since i left the bank a year earlier.,[1],0.4588
every time i see a spider or a snake.,[2],0.0
my younger brother and i had been fighting over the tv/video. he á kept on turning it on and off every 2 seconds and was not á listening to my authority and was being cheeky. we fought and i á ended up in tears - he'd won.,[3],-0.1779
the first time i left home.,[4],0.0
"on a camp - boys and girls in one cabin. one guy forced himself á upon another girl and was having intercourse, while the girl in á the bunk beneath was pretending to be asleep and not be ill.",[5],-0.069
when my new jeans split while i was with the youth group.,[6],0.0
"when i was 17, i told mum i came in at midnight, when really it á was 3.30.",[7],0.0
can't remember specific event - besides just being moderately á happy until a year or so ago.,[1],0.5719
left alone in dark when young.,[2],-0.25
can't remember exact example.,[3],0.0
close relative is dying of cancer - found out last week.,[4],-0.6597
"doctors ignored relative who complained about pain, and is now á dying of cancer.",[5],-0.9136
"one of my best friends'fianct broke off the relationship because á his feelings for me were stronger than for her. i felt the same á for him, but did not really encourage him to leave her or stay á with her - still felt shame.",[6],-0.78
after the fact that made me ashamed i felt sadness.,[4],-0.7184
a person that eat half of a cockroach in a cake without knowing á it.,[5],0.0
"a situation where we were the center of attention, and things á happened without my control on them, that showed our disagreement, á and ignorance.",[6],-0.6124
when i let a person assume a fault that i committed.,[7],-0.1531
"when finally i found a place to live, i felt relieved, predicting á changes in my life, and i became happy.",[1],0.743
when i dreamed that i was being attacked by a friend.,[2],0.0516
when i was left by the person i loved without any reason.,[3],0.5994
to fight with a sister and to know that she doesn't care.,[4],-0.6402
to be kissed by soembody i didn't expect to.,[5],0.3818
"a day when i was getting out of the shower i covered only the á front part of my body with a towel (i was 7 years old), and i á didn't see that my cousin was in the room.",[6],0.0
when i finished a love affair where i was responsible of the sad á end.,[7],0.5267
i felt it when i received a letter telling that i had been á classified in a national concourse of p... i felt happy and á vanity about it.,[1],0.4215
"i felt fear when once i was asleep and dreamed that i was dying á asfixiated by a cardiac attack, i was afraid and woke up á desperate. altough i wasn't afraid of death i was afraid.",[2],-0.6656
i feel it when i see that somebody is traying to made a stupid of á me.,[3],-0.5267
i felt it when i was at home and saw a discussion without sense á between my parents.,[4],0.0
when i see all the putridness of people. the fact is the catarrh á and spits that whash the streets of s.paulo.,[5],0.0
i felt it when i felt that i was being observed as an object of á pleasure (sexual) when i opened and took off a shirt in a á classroom at p.v.c.,[6],0.5719
i felt it when playing i pushed my brother and he fell down á cutting himself in pieces of tile.,[7],0.0772
when i asked my girlfriend to marry me.,[1],0.0
when i almost drowned myself in the municipal swimming pool that á i use to go almost not excaping.,[2],-0.5584
i was with my girlfriend when some guys that i don't like made á fuss at my girl.,[3],-0.2755
the death of my grandfather.,[4],-0.5994
to go through the underground way at suburb station of lapa. poor á people and the ambulants badly dressed up in a passage badly á kept.,[5],-0.8519
in a fight with my girlfriend in a luncheonette where everybody á stared at me in such a way that i had to leave it.,[6],-0.4215
i pointed a failure of a friend of mine.,[7],-0.0258
when i met a friend that i hadn't seen for some time.,[1],0.4939
when i got in jungle where there was a great number of snakes.,[2],0.6597
when an unknown person provoked me verbaly and physically.,[3],-0.2732
when my team lost a championship.,[4],0.1531
"a dirty person, smelling bad and unknown laying on me.",[5],-0.7506
i confused a girl with another.,[6],-0.3182
once when i complained i caused a great discussion between my á parents.,[7],0.34
when i began to date a boy with whom i am till now. this was 16 á months ago.,[1],0.0
i learned that my girlfriend had been unjustly missed from work.,[3],-0.296
i got separated from the man i loved.,[4],0.5994
an acquaintance of mine revealed himself in a light unexpected to á me.,[5],0.0
once as a school girl i was copying at a class work and my á teacher spotted me.,[6],0.0
i was in a sanatorium. in front of me a boy fell down from his á invalid's chair. i could help him but i didn't. i felt like being á paralysed.,[7],-0.2059
when i took my entrance exams successfully and also when i got my á school leaving certificate because the delivering ceremony was á extremely official.,[1],0.4939
when i was to sit for my first entrance exam. i had fear of a á possible failure.,[2],-0.7579
i was indignant at the unimpartiality shown by the referees at á the football match between bulgaria and france.,[3],-0.4215
when i got separated from the man i loved so much.,[4],0.5994
"when i was watching some scenes from the bertoluchi's film á \twentieth century\"".""",[5],0.0
when i was a school girl and i copied at a class work.,[6],0.0
"when i have sometimes been unfair to my parents, when i have á happened to deceive them over some trifling things.",[7],-0.7003
when i was admitted to the sofia university.,[1],0.1027
when i come home late at night.,[2],0.0
"when i talk to silly, petty-minded and unmanageable people.",[3],0.0258
when my friend (girl) went abroad for two years.,[4],0.4939
when i happen to witness some sadistic acts.,[5],0.0
when i have a plain appearance.,[6],0.0
when someone is accused or punished instead of me.,[7],-0.6369
i was admitted to the university and a niece was born to me.,[1],0.1027
i was bitten by a dog.,[2],0.0
my grandfather's funeral.,[3],-0.3612
i was alone at home on new year's eve.,[4],-0.25
i was on a walk with my child when i met a drunk woman.,[5],-0.34
i was unaware that i had walked the streets in torn trousers.,[6],-0.4215
once i worked as a designer. a fitter was hard hit in a damage á that occurred at the building site i had designed.,[7],-0.5574
my admittance to the university.,[1],0.0
a grenade blew out next to me.,[2],0.0
an unjust calumny concerning me.,[3],-0.5106
unrealisation of the desired profession (aviator).,[4],0.2732
disgust with a subordinate.,[5],-0.5994
i lied to a friend.,[6],0.1531
betraying someone's trust.,[7],-0.0516
friend's fianct left her for me.,[7],0.0
winning queensland chess championship.,[1],0.743
"when in a car accident where car was total wipe off (wipe out, or á write off).",[2],-0.4767
with self at losing an important game that i should have won.,[3],0.4404
death of grandfather (unexpected).,[4],-0.5994
someone smoking on electric train (electric trains are á non-smoking) with alcohol smell coming from person.,[5],0.0
when bathing at surf beach & lost togs.,[6],-0.3182
promising someone to do their job and then not being able to do á it due to transport troubles.,[7],-0.0772
"receiving a very personal letter from a lady that i like, which á revealed that she was more enthusiastic about me than i had á thought possible.",[1],0.7178
introducing myself at a first tutorial this year at university.,[2],0.0
i was angry at a university tutorial when an ignorant loudmouth á persisted in trying to dominate the conversation.,[3],-0.7096
"i left my home in melbourne to come to q'land to study and before á i hopped in the car i hugged my mother and shook hands with my á father. sensing immediately my father's sadness, i also had a á flood of the same emotion.",[4],-0.1531
"when one of my parents verbally, personally abused the other.",[5],-0.5106
"i felt something akin to shame after a heavy night of drinking, á along with waking up with a woman i had just met whose husband á was an epileptic. i was later to know that she knew my mother.",[6],-0.4767
"i felt guilty about talking negatively, and agreeing with a á person who was doing likewise, about a non-present third person.",[7],-0.1027
being in love for the first time.,[1],0.6369
as a child - stepping on a rusty nail - being told that i might á get tetanus.,[2],0.0
"as a child - about 8 years old - walking across a paddock - being á set upon by another boy who claimed it was \his land\"" - being á|intimidated by the boy - crying, being punched, etc.""",[3],-0.4767
as a child - having a dog - it getting a disease and dying.,[4],0.0
being in a malaysian city with my girlfriend coming out of a á picture theatre - seeing her rush up to a taxi that a very old á sick man was trying to get to. seeing her take over the taxi.,[5],-0.552
as a child - being sent to the shop by mother - buying some á chocolate - getting caught by mother.,[6],0.0
as a child - accidentally stepping on a pet guinea-pig - it á dying.,[7],-0.34
"when i achieved my first 6 at university after a long string of á 3's, 4's and 5's (7 is the highest mark awarded, 3 is a conceded á pass).",[1],0.4019
"one night going downstairs, and hearing a strong stirring of á brances, which was not the wind.",[2],0.5106
"i was informed by my flatmate that, when we'd moved into our á flat, she'd expected us to buy our food separetely - this event á actually happened some 5 months after our sharing began. prior to á this, she had said nothing.",[3],0.4215
"having to decide on a termination of a pregnancy, after á discussing it with friends, family and the man involved.",[4],0.4767
when a friend didn't invite her own parents to her graduation á ceremony.,[5],0.4129
"saying something quite rude, but in jest, about a photograph of á someone, but it didn't quite turn out that way.",[6],-0.2838
"when i was about 14 years old, i \borrowed\"" a can of drink from á|the refrigerator, intending to replace it later that day. but it á|was found missing before i could do anything - no one owned up to á|its disappearance.""",[7],-0.6808
"when i was a child, my beloved cat gave birth to four beautiful á little kittens. before she had them, she came up to me and i á followed her out, then witnessed them being born.",[1],0.802
"on embarking on university life. i came from a different city and á did not know anybody at the uni. i was frightened because my well á known and loved friends, also all my security had been taken á away.",[2],0.8225
"when my brothers were being cruel to my boyfriend, because his á flat-mate bent back one of my brother's fingers. it wasn't his á fault.",[3],-0.3699
"upon moving away from home for the first time to a different á city, i felt no longer \under the wing\"" of my parents even though á|they would always be there to help me. i felt a sense of loss, i á|was now all alone in the world, responsible for my own actions.""",[4],-0.128
"i was sitting at a rock concert, listening to an extremely loud á band. a tiny baby in a crawler had been left by his young mother, á right out in the sun next to a speaker, and was screaming - á probably in pain.",[5],-0.7096
"because i was lazy and unthoughtful i did not get into contact á with a very close friend when she shifted from the gold coast to á brisbane, for a month, despite her efforts to contact me. i felt á shamed when i finally confronted her again.",[6],-0.5302
"when i felt i had let my parents down, especially my mother, by á having sexual intercourse for the first time, and a few times á after that. also, when i went on the pill.",[7],0.0
"the weekend after i argued with my parents i went home again and á they couldn't have been nicer. as soon as i walked in, mum kissed á me, then dad, and thanked me for the birthday presents i'd left á for him, including a very sentimental birthday card.",[1],0.4917
"before uni started, i had to leave home and take up residence in á brisbane (the \big smoke\"") leaving home, my family, and moving to á|such a big place was quite intimidating at first, and i was á|anxious about it.""",[2],-0.5256
"my flatmate was asking questions about my relationship with my á boyfriend, whether i wasn't treating him as unfairly as i claimed á he'd been treating me. as a result, i was angered, and became á defensive.",[3],-0.4939
"a very close friend from victoria visited me over the holidays. á having enjoyed his company immensely over 10 short days, i was á overwhelmed by sadness when he left to return to victoria.á",[4],0.7703
"one of my flatmates and i came back to the flat monday morning, á to find a real mess, left by the guy we share with.",[5],-0.0772
"first weekend back home after one week at uni i scolded one of my á sister's best friends for using our telephone. very silly, but i á was annoyed because she was there at a time when i needed to be á with my family.",[6],0.1145
"when my bictorian \friend\"" was staying at my house we ere going á|places together, and sleeping together. at the time i had a á|boyfriend locally. the first time i had to face him after á|sleeping with the guy from melbourne i felt very guilty.""",[7],0.0276
"joy of giving birth, and of sharing that joy with my husband. á moments of complete happiness and feelings of so much love.",[1],0.9677
"attempted rape by 5 guys - held my arms behind my back and á molested me, constantly threatening to beat me. penetration did á not occur as the driver of the car stopped that.",[2],-0.9169
"anger at doctors for their treatment of me after giving birth. á they left part of placenta behind and i bled heavily for twelve á weeks - due to this, i felt weak and emotional, and they said i á needed psychiatric treatment and give me no support.",[3],-0.7057
"when my son was diagnosed as having cerebral palsy, at age 5. he á would have to endure so much labelling, stigma and discrimination, á even though his case was relatively mild.",[4],0.0
i have an adopted aboriginal sister i felt disgust due to the á racism she has been subjected to.,[5],-0.8402
i can't remember ever feeling shame.,[6],-0.5377
"when i decided my first marriage had ended, and left with the á child. i felt overwhelmed by guilt as i was separating mother and á child.",[7],-0.2263
"receiving notification that i had made a successful application á to the speech therapy course at uni, gave me a very good feelig á of achievment and joy.",[1],0.8955
not included on questionnaire.,[2],0.0
"my ex-boyfriend began to date my best friend. after they had been á seeing each other, i found out that he had been sleeping with á another girl, without my friend knowing, i told my friend what he á had been doing behind her back.",[3],0.839
"my mother left my father for his best friend, and he moved to á papua new guinea. despite the fact that i am closer to my father á than to anyone else in my family, i had to move in with my á mother, and say good-bye to my father, not knowing when i would á see him again.",[4],0.8126
"when i discovered my mother had been having an affair with my á father's best friend, and then ran away with him without even á speaking to me about what she was doing letting me come home from á school simply to find her gone. i was filled with disgust and á contempt.",[5],-0.0772
"i recently became sexually involved with my sister's lover. i á care for him very much, but i am ashamed of the hurt i may cause á her.",[6],-0.7391
i once stole a shirt from the department store in which i work. i á have been promoted to work in a very privileged section of the á store. their belief in my integrity makes me feel even guiltier.,[7],0.6801
seeing a close friend who had just returned from twelve months á overseas.,[1],0.4939
finding myself alone in a public toilet block with a man known to á have had great psychological disturbances.,[2],-0.296
"after seeing an \uncertain\"" child work on a model for several á|hours, i watched a \""bully\"" of the same age destroy it, telling á|the child that it was worthless.""",[3],-0.8957
"leaving home to move closer to university. as an oldest child, á this experience was traumatic for both my parents and myself.",[4],-0.5719
viewing the results of senseless vandalism to a local primary á school.,[5],0.0
i slept with a man purely because i found him physically á attractive and was under the influence of alcohol.,[6],0.4404
"inventing a fictitious series of events, as a result of which i á ended up in a conflict with my two closest friends.",[7],0.2023
"when i finished my exams after 12th grade, i was worried about á getting a t.e. score high enough for physiotherapy. when i found á that i had been accepted i was ecstatic, or more appropriately, á could jump for joy.",[1],0.7906
"when going for my driver's licence for the third time, because á everything, it seemed, hinged on getting it. i was really nervous, á and the testing officer made me a little afraid as well. there á were lots of things to worry about. i passed however.",[2],-0.5356
"when a so-called friend let me down, when she promised to tell me á when a certain concert was occurring, and that she'd get me á tickets. i was really looking forward to it. she did nothing, á just told me out of the blue one day what a fantastic concert it á was going to be.",[3],0.886
when my family heard that my mother's cousin who lives in á england wrote us to tell that he had cancer of the lymph glands.,[4],-0.6597
"when i found out how the people of ethiopia were starving and á their government was spending millions on celebrating being in á power so many years. then i saw all these people on tv needing á food, etc.",[5],0.2263
"i went to visit montrose home for crippled children to interview á a handicapped child. i interviewed two boys and it went really á well. i promised i would visit them, but never got the time. now i á hope they've forgotten me, but i feel ashamed of letting them á down.",[6],-0.0544
"i was driving my parents' car into a carpark in front of a shop á we own, and scraped the corner of the front panel on the back á corner of my father's utility. i didn't tell anyone, i lied about á the bump (later i had to confess).",[7],-0.3818
"two years ago, somebody i like very much wanted to give up his á studies. i tried to make him understand the importance of what he á was going to do, not only of the difficulty to find a job but also á because he will decrease his culture etc. this person made the á test to the college entrance examination and to our great joy we á found out that he succeded in entering at the university.",[1],0.928
"one night, when i got out from the university i saw two strange á people near my car. when i got near, they moved away, and then á came close again. i had a feeling that they were assaulters. á after i left i discovered that the windshield was broken.",[2],-0.5267
one day in a crossroad somebody crashed my car. i got out and á this person laughed at me. i felt such a great anger that i got á in my car and went away.,[3],0.5267
"i don't know why suddenly i thought that what i was feeling for á my boyfriend was not really love. after almost three years being á together, this matter of fact shaked me and i felt a great sorrow á that i can call sadness.",[4],-0.6322
returning home in the late afternoon i saw an indecent act made á by a man with the purpose that i saw it.,[5],0.0
in a school parting we agreed to go to a restaurant. á we met at school and we separated us in several cars. my car á broke and we arrived late. all those who already had arrived á stand up and applauded us when we entered two hours late. á all the restaurant attention was turned on us.,[6],0.2023
"when i was a little girl about eight years old i broke the bey á from a closed. mother asked who did it. i said that it wasn't me, as á i almost never lied, and my brother did it more frequently in á spite my brother denieing it my mother gave him a few slaps.",[7],-0.6479
when i entered at the university.,[1],0.0
one night i and my friends went to the cemetery. we stopped the á car in front of the wall and suddenly the grave digger appeared á over the wall looking like a ghost. i was already afraid and á almost died.,[2],-0.5434
when one teacher unjustly gave me zero in a test saying that i á was cribbing.,[3],0.0
i went to a restaurant with my boyfriend for dinner. there we saw á a couple. the man of the couple was a negro and he hadn't manners á for eat.,[5],0.0
when the teacher asked me to read my composition that was the á homework i stood up and invented one because i hadn't done it. a á colleague saw that in my copy book there was nothing written and á he accused me and so i was called in the director's room.,[6],-0.296
when i took away my best friend's boyfriend.,[7],0.6369
when in the end of a semester i got the approval in a matter that á i judged very difficult.,[1],0.1045
crossing a street of several ways the cars began to move and i á thought that i was going to be trampled.,[2],0.0
"i went to the school library and asked for a book, but the á librarian told me that there wasn't such. however when an other á colleague asked for it she gave it to him.",[3],0.0
some colleagues decided to go out on a saturday not inviting me á to decide either the place nor the time.,[4],-0.2411
a teacher giving a test was called by a student by his first á name. he (the teacher) said that he didn't give him this liberty.,[5],0.7506
one day in the intimity with my girlfriend i had an ejaculation.,[6],0.0
when i answered to my mother with rudeness.,[7],-0.3612
the situation in which i felt happiest in my life was when á i was with the person i love for the first time.,[1],0.8555
fear of thief.,[2],-0.765
i feel anger when somebody forbids me to do something.,[3],-0.7184
i felt sad when i was despised by another person.,[4],-0.7003
i felt disgust of dirty.,[5],-0.7783
shame of not doing something well.,[6],-0.6012
i felt guilty when i couldn't help a person.,[7],-0.6197
"when i got through the examination for my driver licence, and á when i finished i knew i had passed it.",[1],0.0
i was inside the car with my husband and we were assaulted with a á gun at 10 o'clock in the evening.,[2],-0.7003
when they changed my office to another room without my agreement.,[3],-0.3875
"i couldn't sleep, and began to remind of my childhood. we are many á sisters and at that time we were spanked a lot and i don't know á why i started to remind of the spanks they and i had had, their á shouts when this happened.",[4],0.0
when i red a report in the magazine vesa about an iranian telling á what she had lived in the prisons in iran. i felt disgust about á that people.,[5],-0.5994
i made a comment that at the moment didn't fit.,[6],-0.2755
"when my niece was 3 years old she was in the living room while we á were fixing the table for a birthday party and, as every child, á she couldn't stay calm. she burst a balloon. when i told her to á be quiet her father pinched her. i believe if i hadn't said anything á this wouldn't have happened.",[7],0.1872
"i was in ilha grande with a wonderful sun, with wonderful people, á with a wonderful sea, with a wonderful boy.",[1],0.9413
when i was looking for a job i felt a lot of fear but the fear á was greater when i found it.,[2],-0.4854
this feeling occurred to me when my colleague entered in g.v. á (university) and i didn't.,[3],0.128
"when i applied for the college entrance examination to fuvest, á and i wasn't approved in the second fase.",[4],-0.3252
"i had this feeling when i met a girl, not that she was dirty but á she was to \fresh\"", dump and childish.""",[5],-0.5977
"i was very fat, and was ashamed of my body.",[6],-0.4767
when my ex-boyfriend didn't want to sleep with me anymore and i á insisted. we made love but he felt very badly and i felt guilty.,[7],-0.7783
i felt happy when my mother borrowed me the car in order to let á me go out alone for the first time.,[1],0.4019
i felt afraid when i smoked maryhuana for the first time in my á life with a lot of friends in the middle of the street at day á brake.,[2],0.4767
"i felt anger when i had a fight with my father, and he beated me. á my mother came to help me (because i was beeing beated) and he á also beated my mother.",[3],-0.5574
it happened when i lost two very intimate friends in a car á accident.,[4],-0.2551
i felt disgust of my father when i knew he had a lover.,[5],-0.0258
when my mother found out that i smoke maryhuana.,[6],0.0
"i felt guilty when i \stole\"" the boyfriend of a friend of mine.""",[7],0.1027
always when i am well succeded.,[1],0.2732
when there is danger nearby.,[2],-0.5267
i feel anger when things don't come out as i wish.,[3],-0.25
when i couldn't go for a trip with my friends in a holiday.,[4],0.7003
disgust of drunkers and of blood.,[5],-0.5994
shame of being reprehended.,[6],-0.4767
when i shout at a colleague in classroom.,[7],0.0
"when there was a possibility of getting on better in professional á life. i valorized very much this aspect. people showed me this á possibility, not the real fact (even because until now ...)",[1],0.4404
"when i was curious about it and went to a spiritism session with a á friend. i had already been there other times (many times when i á was younger) but that day, even if i don't believe in á spiritism i was terribly afraid that something would happen to me á (sort of incorporation !).",[2],-0.5334
when they denied a job to a person that i propsed giving political á reasons that has nothing to do directly with the professional á level.,[3],-0.128
"during an informal talk with a friend when we talk about the life á of another person, a common friend, that is in a situation of not á being able to assume certain problems that he decided to solve, á that is, she herself suggested the problems and decided to solve á them but didn't get it until the moment.",[4],0.431
"when my friends and i were camping in a weekend, and with little á food, we met a middle age couple from a small town that invited á us to eat in their house. their house was small, badly built with á old and dirty forniture and utensils. the problem was with pans, á and dishes, and even the food.",[5],-0.6808
when i went to meet the family of my boyfriend in a party in his á house. his mother was eager to know me and all his friends ready á to make jokes about the situation.,[6],0.8957
"when i met another person i began to go out with him, and my á boyfriend (with marriage accorded) met us together he did a great á scandal, he broke the engagement and i began to go out with the á other, and it didn't work because my mind was all mixed up.",[7],0.34
when i got a wedding ring of diamond from the boy i loved.,[1],0.743
"afraid of getting alone without friends, without anybody.",[2],-0.5505
when they stole my dark blue tennis.,[3],0.0
"when i became conscious that men don't wnat anything they don't á have a goal. they have: sex, but this isn't important.",[4],-0.2235
when i went in a clinical hospital and saw in what conditions á people are attended there.,[5],0.0
"in the last day of carnaval i met a boy and began to flirt with á him. i was in love with him. when he introduced me to his friends á i died of shame because i was with them before, i met my á boyfriend in carnaval.",[6],0.1531
"when i didn't pass the examinations for fuvest i felt myself á guilty for i should have studied. i had the opportunities, and á i drew them out.",[7],-0.0516
when i met again a great friend and talked a little while with á him. when i see again another i miss.,[1],0.7717
"i feel afraid of the way a great friend looks at me, and also a á little afraid of the directions that it's going.",[2],0.8074
"i felt anger of a friend when she met \a date\"" and become nervous á|and pest as she always gets when she meets him.""",[3],-0.3818
"when i knew almost the same day about two great friends of mine á that had serious existential crisis, and mainly when i notice á that i'm in the same situation that they are, but i didn't á realize it.",[4],0.2263
"when some friends and i get acquainted a guy during vacations i á thought he was disgusted and \a friend\"" of mine for whom i feel a á|little disgust wanted to stay with him.""",[5],-0.25
i felt shame when i had to talk with a person that i hadn't seen for á many years. shame that he wouldn't recognize me or that i á wouldn't know what to say.,[6],-0.7351
"when i wished secretly and lied to a friend of mine because i á didn't want her to stay in my house on the beach (as she always á does), and wouldn't stick on me.",[7],0.0971
when i entered university.,[1],0.0
i have been afraid several times. what marked me was that i á almost didn't enter university.,[2],0.0
"i'm crazy about football. when my team lost a goal in the paulist á championship, and so it lost the classifications.",[3],-0.5233
"when my grandmother, my second mother died.",[4],-0.5574
when a girl that i liked didn't accept my curting.,[5],0.1571
when i had my first sexual relation and it didn't work.,[6],0.0
"when my father had a serious fight with my sister, because of me.",[7],-0.4404
"when i met a girl and asked her for a date and she agreed, (i á thought this girl would never like me), this was an emotion of á joy.",[1],0.5845
"the same fact about the girl (22 years, married - guilt - á disgust), the fear was the main factor in our relationship.",[2],-0.8481
about the car (sadness) i felt anger the way i acted after á negotiating it.,[3],-0.765
to buy a car and didn't like the business and the car.,[4],-0.2755
"i met a girl (22 years old), married. i liked her. i asked her á for a date and i kissed her. i discovered that she lived nearby á where i passed every day. i got amused thinking that her husband á would be ... or me . i didn't talked to her anymore.",[5],0.802
"when my mother looked in my drawer (where i keep my personal á things) and she found some porno photos that i have kept from á more than a week, and split it.",[6],0.0
"about the girl (22 years, married) i felt guilty of the á relationship.",[7],-0.4215
i felt joy when i red my name in the list of the approved in the á entrance college examination.,[1],0.765
"i was visiting my parents in law when the house was invaded by á three strange men, and they committed an armed assault.",[2],-0.5423
"nearby the end of the year my wife and i were having a car ride, á when it appears another vehicle, driven by a drunk driver and á provokes an accident.",[3],-0.7783
"to have a friend who i didn't see for months, and under the á circumstances that i met him made me feel happy, and perhaps á because it has been one of the good things that i learned with á this friend.",[1],0.9267
"when i left a carnaval ball at 4 o'clock a.m. i was alone in a á foreign city and i had to go back home, when a guy appeared and á tried to \catch me\"".""",[2],-0.25
the fact that i hadn't been informed about something and i had the á greatest trust in this person.,[3],0.8176
"a friend of mine lent me his apartment for holidays and besides á this he was a fine person. months later i knew that he died á tragically in a moto accident. he was very young, and i felt sad á and couldn't believe it (until today).",[4],-0.7845
in contact with a poor family of northeast it was offered to me a á crab to eat at my request. but the fact that this crab was á prepared antihygienically and his appearence was also á antihygienically it caused me disgust but i ate it anyway.,[5],-0.7227
it was my birthday and all the members of the group made me a á surprise in a public place at 10 p.m. giving me flowers and suvenirs.,[6],0.5423
"attending to a demand made by a client (i work in a bank) i á suggested her an application of money in a week ahead, but i á informed her wrongly. the client arrived a week after and the á application wasn't made and she lost with this a lot of time and á money.",[7],-0.4939
"when, after a long time of searching i got my first job.",[1],0.0
after some time of work i was transferred to another place and in á an other quite harder job.,[2],0.0
"when i used to go to my chief asking about any doubt about the job á and he didn't care, didn't answer me, leaving me speaking alone.",[3],-0.7293
"when i knew that a person that i liked very much didn't react the á way i would like to, even that i knew about his feelings for me.",[4],0.6486
"when i knew that a person who i didn't like, had about me other á feelings.",[5],-0.2755
"after lot of explanation, to fail in my work.",[6],-0.5423
my brother and i were at home watching a tv program when i á started to tease him and in this joke i hurt him without á knowing the seriousness of it i went on. he got angry and gave it á back to me. at this moment i felt anger at him but knowing that á it was my fault.,[7],-0.85
when a person that i like very much got near to me.,[1],0.3612
"i was at home alone, and heard noises on the roof, and doorknobs, á and drawers.",[2],-0.25
"when a person is privileged in account of situations that are á unjust, and disloyal to colleagues and friends.",[3],0.4019
"when i was betrayed by a friend, and decided to stay apart form á her.",[4],-0.2023
after a serie of facts that occurred between a colleague and me i á started to feel a certain necessity to get apart and i didn't want á to see her anymore.,[5],0.2211
"i went to study in a public library but i didn't know it well. i á got a book and wanted to study hearing music. then i went to a á place were i could do it, but when i passed by a door a bell rang á and a man came saying that i couldn't leave with the book.",[6],-0.2498
i broke the gutar of a colleague but as it happened in a moment á when nobody was present i could escape from the guilt.,[7],-0.3612
"i made the college entrance examinations for p.u.c. it was what i á wanted more. when the first list came out i got frustrated. i á wasn't in. when the second list came out without hopes i started á to read the newspaper and my name was thre. i was in the bus and á felt like crying so that everybody could hear me. the cry was hold, á and 1982 became forever a mask in my life.",[1],-0.8567
i remember when i was a child of a storm that made me terribly á afraid. i thought that the house was coming down and that in the á next day i would be dead. everybody was awake and i stayed all á night in bed without falling asleep.,[2],-0.8154
once in my work it happened a fight between the person in charge and me. i á got so angry and spoke out everything i felt at the moment.,[3],-0.7809
"i remember the day my father died. i was 11 years old and my á sadness was so great that until today i remember everything á about that day, from the clothes i was wearing to the reactions of people, á the despair of my mother and brother. it marked me a lot and was á the greatest sadness i felt.",[4],-0.2748
"i was sitting in school, waiting for my sister to go home. suddenly a á boy put fire in a paper and threw it were i was sitting. the á paper didn't get me, but i felt terribly disgusted at this á cowardliness and irresponsibility that caused a great á discussion. we went to the director and he, drunk as always, said á that i was ... attention in school. i felt disgust of this á situation, and of the persons implicated in it.",[5],-0.9325
some times i was ashamed of presenting seminaries or even to á speak in class.,[6],-0.4767
"in adolescence i had a very violent fight with my sister i hold á her stong in her neck, she had a throat surgery what make me feel á guilty about the future reactions she might had injuring the á surgery.",[7],-0.8712
"the day i received the key of my apartment and we could enter in á it, for my fianct and i had bought it yet in plans, and it seemed á to us that this was almost impossible to happen.",[1],0.0
"i had a driver licence but i didn't drive for a long time, than i á started to drive again, and had to get into hard transit and á highways.",[2],-0.1531
"when my boss cut off my vacations saying that in that month it á wouldn't be possible, and after some time he let another girl á take vacations that month. the anger was because of the á resentment. resulting from our bad relationship.",[3],-0.9042
my fianct's family was adopting a 5 years old boy. i felt á myself close to him as i never felt before. after some time his á mother demanded the care of the kid and we were obliged to send á him back.,[4],0.3182
"there is a girl at my work that doesn't take care much of her á hygiene she comes always with her hair oiled, a not very agreable á smell, and a bad appearance. beside this she tries to be nice.",[5],-0.5152
"a day i was with my boyfriend and a couple of friends in a bar, á and he said something that i didn't like (i don't remember what). á without thinking i slept him in his back, getting ashamed and á sorry just after.",[6],-0.3421
"when i was starting in romance with my husband, we went out to á curt, and we stayed in the car \making love\"". at the time i was á|seventeen and i was very immature until a day i lost my á|virginity.""",[7],0.7579
it was when a friend took me to a place and gave me as a gift my á astrologycal map with the explanations of a psychologist.,[1],0.7269
"when i was dreaming that i was being chased, in the upmost of á horror the door of the closed felt down synchronicaly with the á dream scare.",[2],-0.7096
"when my mother slapped me in the face, i felt anger at that á moment.",[3],-0.5719
when i deeply felt that i could lose the person i love best á because of my foolishness.,[4],0.5994
i felt disgust toward meat when i felt sick with the steak after á a week only on meat.,[5],-0.802
when i had to act alone a character for a public (40 people).,[6],-0.25
when i stared to much at a pastry that a woman was eating and at á the same instant the pastry felt on the floor.,[7],0.0
"in a day when at work, in school, and relationships came out as i á wanted, and i was recognized in my work.",[1],0.0
"when i woke up in the middle of the night because of a dream, it á wasn't a nightmare, it was an uninteligible dream in wich i woke á because of a certain end.",[2],0.6249
when i was robbed in a bus.,[3],0.0
when i try to get closer at a person and she misinterpreted me.,[4],-0.3182
when i felt the smell of industries that pollute.,[5],-0.5106
"when somebody i knew greeted me and started to talk with me and i á didn't know, i couldn't remember who he was.",[6],0.2732
when i unjustly accused a person of my family of something she á didn't really do.,[7],-0.296
"i was travelling in the south of brasil, near the end of the á year. i was well settled with 3 friends. at the evening of 31 m., á somebody, also with us, took from his purse pints of all colours, á and the 4 of us, and other friends, that were at the same beach, á painted each other and we went to the beach with champagne.",[1],0.8591
"i was walking from my friend's house, a few blocks from my house, when a á car began to follow me. he waited i passed by it rotateed a little and á stopped on my way. i changed completely my way and the car went á on following me until i turned at a corner and running i hid in a á garden of a house, waiting for the car to pass by. i went back home á terribly afraid.",[2],-0.7605
"one day i lent my tennis i just had washed to my sister because á she asked it. i asked her not to soil it as i had just washed it. á next day i looked at the tennis, and it was dirty with wax. she á could not have soiled it. it was lack of consideration. i felt á very angry.",[3],-0.8313
the second time i went to the entrance exam to v.s.p. and á didn't get approved.,[4],-0.3252
"i was travelling, we were 15 person, one of them i met at the á travel and didn't like her. one night i was asleep while she and á her friends were talking too loud in the kitchen. i got up to ask for á silence and since that day i felt constant disgust for her.",[5],-0.4423
"i was working in i. when a friend of mine borrowed his car so i á could get bach there, i had to come to s.paulo and his car was á here. he said :\when you get the car tell my mother that you are á|only taking the car bacause i asked, for she doesn't like me to á|borrow it\"". next day he borrowed me it again for i had to come á|back again. when i was coming back i crashed the car quite a lot. á|one of the first person i met at the accident was his mother, á|that said to me \""you weren't to take the car only yesterday ?\"" á|(before i saw her i was already ashamed).""",[6],-0.6261
"i had a date with a boy, but i didn't feel liked, and didn't go, á i wasn't home purposely at the time we arranged.",[7],-0.4585
"a friend of mine that is abroad undertook recently an axam to á enter on university in dallas, and was approved.",[1],0.7184
i felt afraid of losing somebody i love to another person because á i was an incomprehensive person and lots of time i fight with á this person.,[2],0.0
in certain occasion i have a fight with my boyfriend. during the á fight i closed the door at his face. he went away but came back á next day.,[3],-0.2617
"last year, when i took the college entrance examinations i á failed the fuvest. it was for me the most frustrating situation á because i had studied all year long, and only thought about this.",[4],-0.7574
in a certain occasion i saw a dog in the street eating something á so strange gooey that i wasn't able to eat lunch because i á remembered the scene all the time.,[5],-0.0686
"i had never made a malicious joke in front of my boyfriend. last á week i did it i was funny, he loved it, and i died of shame.",[6],0.3182
"when my parents fight lots of time, when i'm the reason of the á fight, i feel guilty.",[7],-0.7906
when i knew about my first job.,[1],0.0
when i was just to be divorced.,[2],0.0
my mother in law slept in my bed.,[3],0.0
a terrible fight that i provoked with my friend.,[2],-0.5574
in the last year of the high school we had a huge fight between á my group and the graduation commission (two students of my á classroom) because they accused us unjustly of a gossip about á them.,[3],-0.4939
when i was 10/11 years old my father travelled very much for his á work (he passed three months away from home).,[4],0.0
i saw a film where snakes were crawling everywhere. i felt them á crawling over all my body with that ... skins. the noise that á they did disturbed me very much.,[5],-0.3818
in a play (secret friend) during the time of the high school i á had to give a present to a boy and i was very ridiculous because á of this.,[6],0.4228
when i was a child i used to play with my cousin gushing wather á to each other in front of the door of my house. one day we á decided to gush with on a passing car. the driver stopped and á went to discuss with my mother and my aunt that were there.,[7],0.128
when i got a small present form a person i like very much.,[1],0.3612
"when a friend of mine discussed with me, i felt fear of losing á her. this occurred because we had a missunderstanding between á mutual colleagues.",[2],-0.3818
when a boy tried to fool me so he would be ok trying to show me á that he is a gook boy.,[3],-0.1779
"in the 12/83 my boyfriend asked me to forget him, as it would be á easy.",[4],0.25
when my oldest sister discovered that her boyfriend had another á girl.,[5],0.0
we where in a bar and my friend had a fight with some guys who á were in the table aside.,[6],0.1531
when i deny something to my sister and after a while i feel sorry á and try to bypass the situation.,[7],-0.4019
when i saw my name in the newspaper and i knew that i entered at á the university.,[1],0.0
when my father died i felt myself alone and the fear possessed me. á i was a child and all my sisters and brothers (8) were young.,[2],-0.8316
i loved a person and he went away. it wasn't necessary that he á left me to reach his goals.,[3],0.6124
"a close friend travelled to another country. when i knew that he á would only come back after many years, i felt very sad.",[4],-0.0498
when i watched a film about the problems of abandoned children á (pixote).,[5],-0.6908
"when i began to date, the first gestures of affection made me á feel ashamed. note: for guilt go to record n¦231",[6],-0.2023
the day i decided to get out of my house i saw in my brother's á eyes that they blamed me for the situaiton.,[7],-0.4767
i had a friend who i didn't see for a long time. we had a á relationship from much union and interaction. it was more that á one year that i didn't see her. she appeared in my home and we á talked.,[1],0.4939
i was sitting on the bus coming back from school. a man from á nearly forty years sat beside me. after a while i looked at him á and saw that he was looking at me with opened throusers and á holding his penis.,[2],0.0
"my mother was ill and asked me to prpare our lunch. i went to do it, á and while i was working, she stayed behind me telling what i á had, or not to do. i asked her to stop meddling, and to go to á bed. when i went to ask for help to my sister, my mother said that á i was proud, that i asked for help only when i wanted and that i á wasn't able to cook by myself.",[3],0.5423
when on christmas day my grandmother died. i received the á news when i was coming back from a party on the 24th at 5 am.,[4],-0.2263
"the same event described under fear - in the bus a man sat beside á me, with his trousers open and holding his penis.",[5],-0.4939
when i went to a halloween party and had to walk through a shopping á center dressed like a witch.,[6],0.4019
"i had parked in a corner, and when i was going out i didn't watch á if another car was coming and went out. the car that was coming á was obliged to stop suddenly. it didn't crash but for a little.",[7],0.0075
when i got a record as a gift from a friend.,[1],0.7269
"once when i crossed the street, and was nearly trampled by a car.",[2],0.0
a girl entered in the division where i work and greeted everybody á but not me.,[3],0.1406
a dear friend was removed from the division whre i work.,[4],0.7003
when somebody despised a friend of mine.,[5],0.128
when a friend told me a story and i stayed dumb because i had no á story to tell.,[6],-0.3182
"when i slapped a nephew who did something that i considered á wrong, and i was reprehended for this.",[7],-0.4767
"i wanted to go out to walk but i didn't know either where or á with whom, suddenly an invitation appeared.",[1],0.0
"passing (by car) over a bridge where only one car could pass. there á was a precipice on both sides, no protection grilles, and the á bridge was completely muddled.",[2],-0.296
when my chief accused me of an error that i hadn't made.,[3],-0.5994
when i knew about my sister's in law finacial situation and what á she was facing.,[4],0.0
to see damaged lettuce (with worms) in the icebox.,[5],-0.4404
when a group of friends began to make critics about me.,[6],0.2263
when i knew that my niece did a bad schoolar examination because á i couldn't explain her the lesson.,[7],-0.5423
"i felt a great joy when i knew that my father was going to sell á the apartment from guarusa, because in some way we were helded by á it, that means that we didn't go to any other place, because we á had the apartment.",[1],0.836
"the day that there was a black-out in the city, and i was in an á exposition, i felt fear that something more serious was á happening, like a revolution for example.",[2],-0.3167
"i don't use to lie to my parets about what i do, and the two á times that i felt anger were when they doubted me i said that i á was going to the club, and they didn't believe me because the day á before they had met me at fliperama. i had the wish to kill them.",[3],-0.8316
i felt very sad when i saw the first list from the names of the á people who entered at the university and my name wasn't there.,[4],-0.5256
"i felt disgust about all my friends. after having done a great á effort to organize an evening together, and didn't work out, they á put the blame on me. after this, i feel disgust towards those that á blame me.",[5],-0.6597
i feel ashamed every time that someone makes me a positive or á negative critic.,[6],-0.6486
yesterday i broke my sister's raio. she hears it always when she á has school examinations and now she has examinations.,[7],-0.4215
when i discovered that i and my friend would be licensed at the á first call. this emotion was accompanied by a great relief. it á was the coronation of a year of sacrifice and extrene discipline.,[1],0.886
"the week before i entered to army, when we were being selected. á during 5 days i had to pass 10 hours a day waiting for the á answer, which at last was the worst. the fear of being convoked, á of hearing the fated phrase, was constant.",[2],-0.8074
"when i was misleaded by a person who assured that something would á not occur, that i had no reason to prepccupy myself, and suddenly á i saw myself implicated by the fact, because of the incompetence, á and irresponsibility of that person.",[3],-0.4588
"when i didn't succeed to enter at the university, i felt that the á college entrance course sistem prejudiced me, that my integrity, á and effort weren't corresponded.",[4],-0.4456
when i had to plunge in a swamp of fetid and stagnant water.,[5],0.0
"when i accused unjustly a person of robbery, who proved me the á contrary, almost caused a public fight.",[6],-0.5859
"when in the initial interview for the recruiting, i don't know why, á i accepted to do the test for army.",[7],0.2732
i felt joy when i entered at the university.,[1],0.5859
"one day, when i realized that i was alone, i felt fear of á loneliness.",[2],-0.7906
"i felt anger when i saw that i was being misleaded by my á boyfriend, he went out with other girls. i felt anger for his á falsity.",[3],-0.8126
"when my boyfriend was changing his behavior there was something á wrong, i felt sad, because it's desagreable when a relationship á is ending.",[4],-0.7351
"i felt disgust when i realized that i had eaten something fatty, á and vomited too much.",[5],-0.5994
"when i realized that my bathing suit was spotted, i had became á menstruated.",[6],0.0
when i robbed a loop in supermarket.,[7],0.0
"a meeting with the family and the friends i felt dear and loved, á sharing the gladness of being together at a birthday.",[1],0.9081
when i saw a horror film.,[2],-0.5719
when my sister took something that belonged to me without my á permission.,[3],0.0
when i felt alone and without love.,[4],-0.6562
when i visited a creche. the conditions weren't too precarious á but the children were in conditions of physical and emotional á penury.,[5],0.2263
when i fell down.,[6],0.0
i lost a conference because i hadn't got in touch with a certain á person to inform her that i would go with her. i thought she knew á what i wanted.,[7],-0.0516
after making an effort to enter at university i found a course á and a school of higher education which were compatible with my á experience and potentiality.,[1],0.0
i had an important amount of money with me and felt fear of being á assaulted.,[2],-0.7003
when i realized that the person i was courting hadn't been really á by my side for a long time already. he had deceived me and i let á him deceive me.,[3],-0.6808
when i noticed that i do many things to the pregiudice of myself.,[4],0.0
seeing persons spending money in a shopping center with á completely indifference to the misery reigning in our country.,[5],-0.6361
"i felt ashamed to be brazilian and to live under a military á dictatorship that despoiled the people, when during my military á service.",[6],-0.4767
facing the possibility of having a child when it wasn't either á desired or permitted.,[7],-0.2057
i felt joy when i passed the worst phase in my life and á discovered how many people considered me important to them.,[1],0.128
i felt fear some months ago of losing the person whom i loved á when she said to me that she didn't love me.,[2],-0.6449
"i felt much anger and perhaps i feel it till now, against my á girlfriend's sister who incited her to betray me just when i á needed her very much. she didn't think of anything, simply á passed over everything.",[3],-0.836
about my girlfriend's sister who is a viper as i discovered some á time ago.,[5],0.0
i felt ashamed of feeling sorry about myself when i passed á through the situation of being betrayed by my girlfriend.,[6],-0.7845
i felt guilt when i betrayed the person whom i loved.,[7],-0.296
i didn't like my former fob and felt joy when i received a á telegram offering me a new one that i though better and for which á i had been waiting.,[1],0.6798
"i was in a train where a fight occurred. one person who was there á opened his handbag and took out a gun, another who fought too á looked among his things for a weapon to fight.",[2],-0.8779
without the employer's knowledge and even without any á communication their bank accounts were changed and their personal á accounts closed.,[3],0.0
my brother wanted me to buy a flute with him but i didn't accept á afterwards i regretted it because he became sad.,[4],-0.8841
i felt disgust when i saw a dead animal on the roadway.,[5],-0.8481
i was in a bus with my school material when i fell and sat on the á lap of another passenger.,[6],0.0
"when i forgot to take out money for my mother. she asked me what á she would do, because i had messed up her program for the á following day.",[7],-0.34
the day that my boyfriend appeared at home with a pair of rings á for our wedding.,[1],0.0
"one day i was near home, kissing my boyfriend in a car when my á mother appeared and asked me to go home, because she didn't know á about the event.",[2],0.5719
"a ex-boyfriend tried to prejudice me before my fianct and his á family saying things about me that let his family worried. we had á to postpone our wedding and we were already using our wedding á rings. to be honest i didn't feel just anger, i felt hate.",[3],-0.5862
"the day that the results of the college entrance examinations for á the s. paulo university were published and i didn't find my name á on the list. entering this university was my greatest wish, and á the fact of not having succeded caused a great frustration, and á not only sadness.",[4],0.8835
"when i saw the film \memorie of prison\"" i saw a scene of á|masturbation of a man in the hold of a ship apart form fact that á|the film wasn't pleasant i had a leg of coconut candies in my á|hands.""",[5],-0.7186
"the day my boyfriend saw and touched my breasts when i was á without my shirt, only with my pants.",[6],0.0
"one day my boyfriend put my hand on his penis and i felt well, á but after i felt a guilty conscience because i hadn't thought á about the consequences that this could have brought if i had gone á farther.",[7],-0.2617
when people remember us and shows interest about what we do.,[1],0.4588
when i had to talk with an important person about a job.,[2],0.2023
"when my brother went out with my new shirt that i adored, and á returned it dirty with grease.",[3],-0.0258
"i felt sadness when i notice that i'm not important for a á determinate person. we do many things for a friend, and we see á soon after, that he doesn't do anything for us, nor thinks of us.",[4],0.1301
when i needed another job and tought that a good and known person á (my employer) could help me. he simply said that he couldn't help á me.,[5],0.5175
when i arrived late at the job and met the most troublesome boss.,[6],-0.5563
one of my pupils escaped from school to the street.,[7],0.0
"i felt glad to live again when i went to a meeting about the á \knowledge\"". there are 4 techniques of meditation that connect á|you with the essence of the human being.""",[1],0.4588
"i received a phone call from a high school friend whose younger á sister studied with me at the university and gave me a lift every á moning. she was going to get married to a guy whom i knew too and á who had died when he fell from a building, i was afraid to lose á somebody since i had already lost a brother in an accident.",[2],-0.8176
"my grandmother is a highly authoritative person, who lives alone, á is independent, but doesn't know to live without commanding the á others. i hate this!",[3],-0.7809
"i am always sad when my boyfriend goes away. he lives and studies á in an other city. we have gone steady for 2 and 1/2 years and á everything is going very well, but sometime this situation makes á me feel bad and very lonely.",[4],-0.8687
i felt disgust when i kissed a guy that i know. i was on the outs á with my boyfriend and this person appeared but he has nothing to á do with me.,[5],-0.1655
"i felt ashamed of my body in spite of knowing that it is more or á less beautiful and also knowing that my boyfriend considers me á beautiful, but this was only in the beginning.",[6],0.1289
i always feel guilty when i see my mother sad or fed up with á life. i really dont know the reason.,[7],-0.7096
when i bought my car.,[1],0.0
"i was alone at home, a man forced the front door which was á locked, forced and tried to open a window.",[2],-0.7906
when i had a serious argument with a dear person.,[3],-0.0516
"one night a very dear person said: \i hate you\"". of course it was á|an impulse and this person didn't feel that about me. the person á|expressed regret, and everything was settled, but i can't forget.""",[4],-0.0784
when i met my boyfriend with another girl.,[5],0.0
when i was still a child i was told off in face of other persons á for having touched an object that didn't belong to me.,[6],0.0
when i fought with my sister and said that she had provoked this. á she was very seriously scolded.,[7],-0.659
the birth of my daughter.,[1],0.0
i should have given a test lesson to get a job. i had no courage. á i didn't make the test.,[2],-0.3875
discussion with my mother about the way to educate my children. i á felt anger against my mother.,[3],-0.5719
"i was returning from the universtity at night when i was accosted á by a boy who molested me, passing his hands on my body.",[5],-0.4404
when a friend of mine visited me and my house was in a mess.,[6],0.1779
"my daughter was a baby and was crying to be taken on my lap. i á felt very nervous and moved her away and went out. as soon as the á feeling of nervousness passed i was taken by an enormous feeling á of guilt, for having rejected my daughter.",[7],-0.8689
"i found a human \treasure\"" that i desired and got immediately. i á|didn't think about anything. when i touched him i imploded but i á|am whole.""",[1],0.2846
"i was in the dark room, it's insecure and has holes covered with á wooden sheets in the roof the establishment had already been á assaulted and could be assaulted again.",[2],-0.8625
"and she said absurd things, false things that filled my ears and á inflated my head which seemed to be caught in a carcass where the á heart wanted to explode and where the arm wanted to knock down á the world.",[3],0.6369
one day i heard from a friend that the boy i loved had gone out á with her and not with me.,[4],0.7964
i saw a magazine with photographs of dead and maimed people whose á limbs were separated from their body like a head on one side and á the leg on the other.,[5],-0.4215
in the classroom we discussed with the teacher. he told me things á that affected directly in a negative way my job and my behavior á in the classroom in front of the other pupils.,[6],-0.6486
"the greatest guilt i felt and i didn't know if it was really á justified is that when i was a child i had a brother very close á to me. he became ill, and asked me to see him in the hospital. á i didn't go, when his situation became worse in the u.i.t. (unity á of intensive therapy) i went and he died.",[7],-0.5302
one of the greatest joiy was when i succeded in acquiring a á motorcycle through my own efforts.,[1],0.6369
"i'm afraid of driving on the special seat of a mororcycle, mainly á with certain colleagues who by exces of self-confidence drive á beyond limits or measure in the traffic and the main victim is á always the person who sits behind the driver.",[2],0.4019
"i felt much anger when my fahter interferred in my relations with á another person whom i liked very much, ending something that i á adored.",[3],0.2263
"one of the greatest sadness was when my grandfather died, because á i loved him very much.",[4],0.3818
my main disgust is against codfish because i detest even the á smell of it.,[5],-0.5994
sincerely i'm a very timid guy and so even in very simple á situations sometimes i am ashamed.,[6],-0.3167
the only guilt i considered reasonable was my reproval at the end á of the semester at the university.,[7],-0.2732
"when i got a stereo walkman from my father when he had finacial á difficulties. i thought that although he promised to give me that á present, he was not obliged to do so.",[1],0.0772
that someone would discover whom i really love.,[2],0.6697
when a colleague was rude with me because she didn't understand á the subject about which i was discussing.,[3],-0.4588
for not having succeded in getting the job as a translator that i á wanted.,[4],0.0
when i saw a man who hadn't the lower ... in a car á exhibition. he was passing a handkerchief from inside to outside á of his mouth.,[5],0.2235
when i went out with a friend of mine to meet her ex-boyfriend á who didn't know that she was engaged to be married.,[6],0.7096
"the same event described under \shame\"".""",[7],-0.4767
"when i passed the whole weekend with my boyfriend, coming back á home on sunday afternoon he met my parents for the first time.",[1],0.0
when there was a fight at home and my father threatened to throw á a chair on my brother.,[2],-0.6808
i felt anger against a person who told bad things about me in my á absence.,[3],-0.802
"after a disagreement between my parents, when i was alone with my á father and my sister, the aggression continued, when my father á tried to put me and my sister against my mother revealing facts á that had happened in the past like a talk between my father and á his mother in law where she told him that my mother was not quite á save.",[4],-0.7214
when in my childhood we were forced to take cod-liver oil.,[5],-0.4588
i feel ashamed when i am praised.,[6],0.0258
"when i provoked a fight with my mother, hurting her feelings very á much.",[7],-0.7506
"i was in the living room at home with an ex-boyfriend, it was á nearly a year that we had separated, during the talk he began to á remember our courting and gave me a long kiss.",[1],0.4215
"i was with a friend in a stationed car when, suddenly a man á appeared on my side and an other with a gun on his side the á hold-up lasted a few minutes but it was terrible. i had never á seen a gun so close.",[2],-0.7814
"i was on a farm with a few friends and during the talk i á discovered that a friend of mine, was being betrayed by her á boyfriend and a 3rd friend of ours.",[3],0.6705
i was watching television. it was about midnight when a very dear á friend called saying that his father had died in an accident.,[4],-0.0883
i was working in a classmate's house with a group. a girl began á to graze her foot against mine under the table.,[5],0.0
"i was talking with an aunt of mine that i adore and i found á courage to say \i love you\"" and just after that came the shame.""",[6],0.836
this feeling comes frequently when i go out at night and tell my á mother that i shall come back early. but then i get home a 5 or 6 a.m.,[7],0.0644
always when i meet the person i love.,[1],0.6369
when i and the person mentioned above had a suspicion of á pregnancy.,[2],-0.3818
"when i left after the examination to enter the university, and á even though i had studied the whole year i made a bad exam.",[3],-0.5423
when i thought for an instant that a very good relationship with á a person had finished.,[4],0.4927
when i heard the bad news about the death of a close person.,[5],-0.8126
when i tried to hide a fact from a person for irrelevant reasons á and considered such an attitude childish.,[6],-0.4404
it happens sometimes in connection with certain persons with whom á i have frequent relationships but nothing special.,[7],-0.3263
when i entered in the university after a year of struggles.,[1],-0.3612
practicing wind-surf my body was caught under the sail. on trying á to get out my leg was caught in the lashing. i was afraid of á dying by asphixia.,[2],0.0
"in the university we were convoked to a stroll like a freshman i á was still innocent about the manipulation. on seeing the goal of á the exaltation to poor character people, i felt anger on feeling á myself mass of maneuver.",[3],-0.5574
"in a social situation i became interested in a woman. we talked, á we laughed, we enjoyed each other. she desappeared for a few á minutes, and a little after appeared with an other man.",[4],0.8402
"i saw a man falling on the walkway. he seemed half dead, and was á immobile. i felt disgust for the people who passed by without á doing anything to help.",[5],-0.7964
"in the traffic i insulted a man who crossed my way. afterwards i á paired with him, and felt shame because of mine lack of pacience á and ridiculous attitude.",[6],-0.8807
a great friend of mine travelled with the intention to change his á life. he didn't succeed and returned depressed. i had not power á to support his frustration and his behavioral change.,[7],0.2434
a friend of mine travelled very far. i miss her but feel joy too á because fer life is taking the right direction as she wants. so i á feel joy for her mainly.,[1],0.9196
"motorcyclistic accident where for some minutes i didn't know if i á was alive or dead, i remained \cold levered\"" during the situation á|but felt great fear.""",[2],-0.5994
when i acted in a negative way at a certain moment by laziness á to concede a moment of the time i thought to be my own.,[7],-0.3818
when i met my mother after months of absence.,[1],0.0
when i whatched a horror film on a friday 13th.,[2],-0.5719
discussing with a certain person about a job i was getting and á that perosn was negative and pessimistic.,[3],-0.6249
when i felt lack of aid from close friends.,[4],0.2023
when i saw a fight i had a physical reaction of disgust and of á deep perturbation.,[5],-0.7579
"walking on the street passing by an air duct, my skirt went up.",[6],0.0
being disloyal with persons i loved.,[7],0.5994
i got a present from a great friend (a dog).,[1],0.8074
"there was a scene of shooting in front of my house, i was very á afraid. two armed men confronting. i didn't discover the reason á of the incident.",[2],-0.1531
i was waiting to receive the participation on the profits and did á not receive it.,[3],0.4404
i didn't get the job i wanted.,[4],0.0
i went to eat at my aunt's house and she served macaroni with a á horrible appearence. i felt the sensation above. the worst was á that i was practically obliged to eat.,[5],-0.8225
when i saw my father coming out of the bathroom. he thought that á he was alone at home and came out without his clothes.,[6],-0.25
when i misled a person: i said that i would do her a á favour and didn't.,[7],0.4404
when i can see my parents because now i am far from them.,[1],0.0
when i sit for examinations.,[2],0.0
"once, during a performance i did not sing the way i had to.",[3],0.0
when i got separated from the woman i loved.,[4],0.5994
when the americans set their nucleaar missiles in europe.,[5],0.0
"when i don't say the truth, when i don't do a certain thing á thanks to my laziness.",[6],0.032
once i promised to do something but i didn't do it.,[7],0.1901
when i was admitted to the bulgarian state conservatoire.,[1],0.1027
i am afraid if i'll finish the term.,[2],0.0
i was angry when my abilities of a singer were underestimated.,[3],-0.5267
i feel sadness from the fact that i was not born with a better á appearance.,[4],0.0
i was disgusted with the hypocrisy of my colleagues from the á group.,[5],-0.5267
shame i feel when i am not properly dressed.,[6],-0.4767
a sense of guilt i felt once when i couldn't defend the á confidence my teacher had in me and thus discrediting him at a á concert.,[7],0.296
i have a new born child.,[1],0.0
i could have been killed by a falling object.,[2],-0.7269
at a certain situation i felt myself neglected and undeservedly á harmed.,[3],-0.6597
the sudden death of one of my parents.,[4],-0.5994
getting separated from my family for a week caused me a sense of á sadness.,[4],-0.4404
"i felt it when i saw a colleague of mine eating like a beast. at á the same time he was making gestures, speaking and making the á hell of a noise.",[5],-0.4767
i felt a sense of shame when i compromised a colleague of mine. i á got an information from him which i quite out of place shared á with another colleague of mine and it resulted in an unpleasant á consequence for him.,[6],-0.5859
i promised to fulfill an errand. later i understood it was á impracticable. the explanation i gave was accompanied by a sense á of guilt.,[7],0.5106
"i felt joy most strongly some years ago, when i took part in a á nh competition and i was the first.",[1],0.8553
i feel fear when i only imagine i could lose confidence in my own á abilities and powers. a similar feeling i feel sometimes before á an exam.,[2],-0.0258
"i feel anger when i see a \parent\"" beating and punishing his child á|in the street. recently i was a withness of a similar case.""",[3],-0.8834
i feel sadness when i only imagine that i could lose a close á person. some time ago i lost a man whom ai greatly respected.,[4],-0.5434
"a similar feeling i felt quite recently while travelling in a á taxi. the driver treated me roughly and dishonestly - he chose á the longest route, he overdrawed almost one lev more and he tried á to be intimate with me.",[5],0.128
"some days ago i fell down at a public place, i came into notice á but thank god i was not mocked at. though it hurt badly, at the á first moment i felt shame, not ache.",[6],-0.5833
"i felt guilty because of the pain i caused to a very close á friend. but over the feeling of guilt, my conviction of being á right dominated.",[7],-0.4055
"when my nephew was born. the birth was hard, it was a big baby.",[1],-0.1027
late one night i was pursued by gipsies who had no good á intentions.,[2],-0.3412
my brother accused me undeservedly before my parents. i was not á guilty. he was misled by his wife.,[3],0.0341
when i left my boyfriend. i found another girl at his home but he á did nothing to relieve the situation.,[4],-0.395
i found a big black beetle in my coffee cup. it was alive big and á it was moving its limbs.,[5],0.3818
when i had to prepare and read a paper to my fellow students but á i didn't cope with the task.,[6],0.0
i had thrown with the ashtray a still lighted cigarette in the á plastic wastepaper basket. it had burnt out and my landlords made á me a row that i might had set their flat on fire.,[7],-0.34
some time ago i was present at the wedding party of two close á friends of mine.,[1],0.7003
i was crossing the street together with some colleagues of mine á when i suddenly found myself almost under the wheels of a truck.,[2],0.0
someone stole my ski at vitosha and of course i was the one to be á blamed. i left them without supervision.,[3],-0.4767
i got separated form my closest friend. he went to work abroad.,[4],0.4939
a drunk man had fallen in the street and he was shouting obscene á words.,[5],-0.8271
i had borrowed some money and i exceeded the time-limit.,[6],0.0
i couldn't fulfill a promise.,[7],-0.5216
"an encounter with a man whom i love, after a very long á separation.",[1],0.6369
"i woke up in the middle of the night of a nightmare, i was alone, á it was very quiet and very dark.",[2],-0.25
a shop-assistant behaved rather roughly with me though she hadn't á the slightest grounds for it.,[3],0.0
i saw a friend of mine who had suffered a very heavy contusion á after an accident.,[4],-0.4767
i caught a glimpse of a black-beetle.,[5],0.0
i was made a very sharp remark at a rehearsal.,[6],0.0
"i couldn't fulfill a request of a girlfriend of mine, though i á categorically promised her and i believed there wouldn't be any á hindrance. it was partly for objective reasons but also because á i couldn't organize myself.",[7],-0.203
"at a success of mine, at a real achievement.",[1],0.5719
"i was looking after a dying patient at work one night, a young á woman, my colleague was talking to her relatives and ... to á offer them any support emotionally, physically and then sent them á down to the coffee shop to have a dinner rather than offering the á facilities available for their use cause it involved her having á to do some work. seeing them again i felt disgusted at her á attitude.",[5],-0.1779
"i put on a lot of weight in a few months and every time i met á someone i knew would avoid them, usually by hiding because my á self image was low and i was ashamed of what i had done to á myself.",[6],-0.8225
"i was involved in a ... attempt on a man i had developed a close á warming relationship with. although i knew i had done everything á i could and that his progress of a \normal\"" life was poor i felt á|guilty as if i could have done more.""",[7],0.0772
for the first time in my life telling someone i loved them.,[1],0.5994
"when i was ringing up a guy who was my teen idol, and was in á auckland. i was really scared, i didn't know what to say or do.",[2],-0.4927
"when my mother decided to clean out my room and throw out what á she thought was junk, without my knowing about it, so i returned á home to find half my stuff gone.",[3],0.4019
when i couldn't find my dog which was missing.,[4],-0.296
i was disgusted with a friend's behaviour when she got absolutely á drunk so that she vomitted all over my house.,[5],-0.7251
"i was taking place in an anti nuclear protest and was shouting á protest loudly to some american sailors of the u.s. texas á submarine. a guy came up to me and said that's your brother á screaming at, i felt shame and i realized screaming at another á person isn't good protesting. now i'm a silent protester.",[6],-0.9131
"i felt guilty after getting really angry with a friend and having á an argument. i was being stubborn and proud, and selfish, because á my friend let me down, through no fault of her own.",[7],-0.4469
"when i met my boyfriend and we discovered that we shared the same á ideals and goals in life, and that we could share all our á feelings and thoughts and felt that the world's not so bad when á you have someone really close to share your life with.",[1],0.8872
"i had called a boy who had dated me, and told him that i was ill, á while, actually, i didn't want to go out with him, later on, he asked á me if i was feeling better, then i felt ashamed.",[6],-0.4063
when i hurt my parents in one way or another.,[7],-0.5267
when i passed the driving test after three failures.,[1],-0.4588
when i nearly caused a traffic accident with my car.,[2],-0.4767
"when playing a football match, there was one player who made mean á tackels, kicked at everything and did things having nothing to do á with football.",[3],0.2023
a close friend decided to stop with his study and to go back á home.,[4],0.25
we had a birthday party with 5 friends. one of us frequently used á hard drugs. on the party i discovered that the other 3 friends á also used them. while we agreed we would help the big user to á stop using it.,[5],0.9153
"during a family reunion, they started talking about me wearing an á ear-ring.",[6],0.0
"it was my mother's birthday. my father and i used to buy a á present together. however, now i had bought something together á with my girlfriend and i forgot to ask my father.",[7],0.0
for instance when a girl is interested in me and likes me.,[1],0.6705
"walking at friday night through nijmegen, going to a pub or a á disco.",[2],0.0
i felt dusgust with a self-iterested person who ruined the life á of another by means of utterly unfair methods.,[5],-0.7574
i didn't do an important job and it had an adverse effect on á other people.,[6],-0.4753
i stroke a person undeservedly.,[7],0.0
i sensed this feeling when i passed successfully the second tour á of a competition.,[1],0.5893
i felt fear when my mother was heavily ill.,[2],-0.7184
i felt anger against a colleague of mine during a rehearsal in á acting. he hadn't learnt the text of an opera act in the course of á several months and thus making difficulties for the rest of my á colleagues.,[3],-0.7096
i felt sadness when i had to get separated from the woman i loved á who had to leave for her motherland.,[4],0.2023
"i felt disgust with the alcohol, after i happened to see a young á man, who was dead to the world and who wallowed on the pavement. á this \sight\"" i watched from the bus.""",[5],-0.8481
"i felt shame and i couldn't look into my teacher's eyes, after á not attending his lectures.",[6],-0.4767
i felt guilty after i battered to death a classmate of mine.,[7],-0.7717
"i was happy when at difficult times i could find support in my á friend and my fianct, i was happy because of their spiritual and á moral help which gave me new power to struggle. i was happy then, á i felt it in my soul.",[1],0.9423
i felt it at the same time when i felt disgust.,[2],-0.5994
i felt it on the same occasion when i felt sadness which finally á grew into anger.,[3],-0.765
my living and working conditions at home were unbearable. we used á to live in a three room flat together with two more families. the á discords caused a change - one of the families moved out. the á other family stayed with us but i drifted away from my fianct. in á fact we were two families in the flat. then i found myself alone á in the struggle for this life because my fianct did not stay next á to me my grief and sorrow took on large proportions. i wanted to á commit suicide but instead i threw myself against the cause of á the irritation.,[4],-0.9757
"i am disgusted with my sister's husband. on an early sunday á morning after having knocked at my door, he suddenly rushed in á and finching me still in bed he began quarrelling about á something. i could not understand. i heard his last words: \don't á|stare at me so because i'll beat you in your bed\"" i got up á|terrified and a thrashing followed.""",[5],-0.5267
i feel shame mixed with anger with the behavior of some á incultivated people because my fianct is a foreigner.,[6],-0.7783
i felt guilt because on account of my ambitions i nearly turned á my sister out of my parents home.,[7],-0.2732
that was what i felt when i was finally accepted in the bulgarian á conservatorie after i had applied a couple of years.,[1],0.2732
i experienced this feeling when the doctors found a nodule in one á of my mother's breasts. it turned out to be an occlusion á resulting from continious sucking but for a few days i was not in my á reason.,[2],0.0804
i had an accident with a trafic police car that was packed at a á curve without any visibility and against all traffic regulations á in a strong snowstorm. as a result i still cannot repair my car á because of the missing spare parts.,[3],-0.25
"a sudden doubt made me run for a long time in a rainy autumn á night. when i reached the intended place i saw my beloved in á another man's arms. a sudden blow, grief, i cannot qualify it, it á is painful for me to remember about it.",[4],-0.6369
"i felt disgust with a man i had trusted and respected, to whose á problems i had always shown deep understanding.",[5],-0.1027
i was given the task to learn a page of music text for a small á part. but i had forgotten all about it and i felt quite awkward á when i had to show what i had prepared.,[6],-0.3269
some time ago i slapped my son without trying to understand who á the real culprit of a damage was. after that i felt guilty and á bad but it was too late.,[7],-0.6428
my boyfriend made me a proposal.,[1],0.0
i was to be given an audition to get a role. i had a competitress á and i wasn't well prepared because i was ill.,[2],-0.6463
"a whole crowd of us went to a folklore festival. the instructor á of the cast where my boyfriend played was traveling with us. we á decided to catch the train that leaved early in the morning á because we had business on the following day. the instructor á tried to get the upper hand and made us catch the train in spite á of everything, all the time he made me angry.",[3],0.2732
when i quarrelled with my boyfriend.,[4],0.0
i am disgusted with the fact that bad singers play at the opera á (and not only there) only because they are protegts or lovers of á an important felow while at the same time some young and able á singers work in a quite different field of life.,[5],-0.0772
i feel shy to show all my worth when i work for the first time á with a conductor or a producer unfamiliar to me.,[6],-0.0258
i offended my mother.,[7],-0.25
when i heard what mark i had got at the entrance examination and á i realized my admittance to the university was almost certain.,[1],0.204
once i was alone at home. i suddenly felt unwell and there was no á one to help me and call first aid.,[2],-0.128
when i was admitted to a language school. on the day when i was á informed by a message and my parents congratulated me.,[1],0.1027
when diving deep into the sea to reach the floor i felt á breathless. i was cautious but i doubted i should be able to come á to the surface and inhale.,[2],-0.3919
when my friend (girl) promised to help me go to the hospital and be á examined by good experts and she deceived me.,[3],0.8126
when i had stayed abroad for a long time and i had remembered á about my friends and relatives. i felt sad and i wanted to see á them as soon as possible.,[4],0.0
i felt it when i saw our headmaster blushed ingratiating himself á with high ranking officials.,[5],0.0
"when i hadn't learnt my lesson and i asked the teacher to give me á \a three\"" and he agreed but even he felt quite awkward.|nb: in bulgarian schools \""a three\"" is the second worst mark.""",[6],-0.7269
when i shouted and quarrelled and for no reason i had been rude to my á mother and when my behaviour had been influenced by other outward á factors.,[7],-0.6369
"when you are satisfied with something, when you achieve something á you have striven to.",[1],0.4215
"one fears many things, for example one fears going to the á dentist. but as far as i am concerned this feeling is connected á with the examination session.",[2],-0.2174
when you are unjustly assessed at something you are sure to have á been right.,[3],0.3182
"for the loss of a close friend or relative, but you feel grief á when you are away from home, too.",[4],-0.5927
they wanted something to happen but i didn't.,[3],0.0
i couldn't be with a girl on whom i was very keen.,[4],0.4201
"i and my friends got acquainted with a guy from sofia who turned á out to be gay, but we found that out only after 2 or 3 days.",[5],0.2617
my first girlfriend. i had the feeling that she was going out á with me only because of my defect.,[6],-0.2263
years ago i ran away from home which disappointed my parents.,[7],-0.4767
having passed an exam.,[1],0.0
having a car accident.,[2],-0.4767
i shared a secret with a friend and it later turned out that he á had revealed it to another person with whom i didn't get along very well.,[3],0.7902
the loss of a very good friend.,[4],0.6566
negative statement concerning me of a friend before strangers.,[5],-0.128
"adultery with the girlfriend of a friend of mine, of which he á learned.",[6],0.4939
adultery with a friend's girlfriend.,[7],0.0
i'm glad when i have good relations with my colleagues and most á of all when we are at a party.,[1],0.8225
i experienced it once when we were on a drive. our car passed by á the one comming from the opposite direction at an incredibly á small distance.,[2],0.0
"i get angry with people who attain certain status without á deserving it, only with the support, authority and influence of á other people.",[3],0.2023
i feel sad when i see things done against men and nothing could á stop it - at least i think so.,[4],-0.2987
i have experienced disgust with some people - usually double á dealers.,[5],-0.5994
i am ashamed when i am not prepared in a subject and i have to á answer in the presence of the patients.,[6],-0.5812
i feel guilty when i should have done something at any rate but i á haven't done it.,[7],-0.2263
i experienced it when i was accepted at the medical higher á institute.,[1],0.2732
i felt it when i sat for my exam in anatomy.,[2],0.0
i experience that feeling when i am unsulted without deserving á it or when someone deceives me.,[3],-0.2732
"i feel disgusted with toadies, hypocrites, chameleons.",[5],-0.5267
when i do something unworthy.,[6],-0.4588
when i offended my parents without wanting it.,[7],-0.25
after each successfully passed exam i am happy.,[1],0.7845
a friend of mine gave birth to a child. very dangerous delivery. á i was afraid for her and for the baby.,[2],-0.0498
"i get angry when someone imputes on me things i never can do, á naturally negative. servility, \connections\"", impudence, traits á|that get me mad.""",[3],-0.8807
my brother is a soldier. he promised to come home in a furlough á but in the last moment he phoned and said that he could not come.,[4],0.1901
"i am disgusted with liers, hypocrites, slanderers, flunkeys.",[5],-0.6124
recently i saw a young girl fawning on a man. and what for - á money and things. i was ashamed to be a woman.,[6],-0.4767
when i have been overhastingly offending or hurting.,[7],-0.7184
after the term exams i happened to meet a person that i respect á and of whom i think very highly. it was nice that although we see á each other rarely he had not forgotten me.,[1],0.7801
few years ago my father was very ill. he stayed at a hospital for á a long time. then i experienced that terrible feeling that i á might lose him.,[2],-0.8122
i have a friend that i deeply trusted but it happened that i lost á my confidence in her for which she herself was to blame.,[3],0.4012
"we are several friends but our characters are very different and á we inevitably split in the two extremes. it is sad that i myself á don't know what to do, i try not to hurt either of the \parties\"" á|because there are conflicts to which one i should belong.""",[4],0.1813
"i stayed for several weeks with a friend of mine before she moved á to live with her husband. one evening he came drunk and made an á awful scene, which i still remember.",[5],-0.296
"in the past i experienced this feeling almost all the time - á wherever i went, in different sutuations. i was small and i had á to be taken to kindergarten, but me the fool didn't dare to tell á exactly where, finally as a result i was late.",[6],-0.548
"my roommate got married and invited me to share a flat with them. á but with a young couple there should not be a third person. i am á to blame for not following the advise of the others, but it is á not late still.",[7],-0.3612
"i experienced this feeling when i was accepted as a student. á because everything turned out different from my expectations. á although i passed the exam successfully i was accepted as a á student only when i didn't expect it at all, namely at the á beginning of september.",[1],0.792
in the real sense of the word i experienced fear in my first á months in the army. during my first night of duty. the cause for á all this was a bear. i became panic sticken (may be for the first á time) and even forgot that i had a gun.,[2],-0.836
when i was a soldier i quarrelled with my commander and may be in á revenge for this he detailed me on duty two successive nights. á naturally he checked me up on the second night and found me á asleep for which he sent me to the cells.,[3],-0.3182
sometimes i experience sadness for the sports high school and for á my unrealized dreams in the sport. anyway there i spent six years á of my life.,[4],-0.0516
"sort of awkward. i'd introduced (a lover) but introduced as a á friend to some members of my family, and my niece yavanna who's á six was home from school and at mum's and dad's and was really á silly and at first it was ok, but it went on and on - yukky pooh! á you eat your snot, etc. and i felt cross she wouldn't stop. but á she had an audience and was in one of those moods. once i'd á accepted it was something everyone does at time i felt better - á it was partly having my friend there.",[5],0.9638
"in my 20s - and was going out to dinner to celebrate a friend's á birthday. her (older - in 30s) cousin, really wanted me to get á drunk cos i'd visited their (cousin & wife) place quite a bit, á but had always been very careful - brought up to believe in á moderation in drink (but not guilt repression etc). i mixed á drinking with smoking (which i rarely did) and got drunk and had á to leave the table to get sick in the loo, and later went home á and was sick again; have never felt so awful in my life. and i á didn't want to face or tell my other flatmates, or family.",[6],-0.9177
i used to pinch change from my father's mantlepiece (never my á mother - she didn't get enough housekeeping) and then i'd feel á when we went to church as a family i'd felt awkward cos i felt á i'm expected to go to communion and i would but i was afraid and á guilty 'cos i committed a mortal sin.,[7],-0.8047
spontaneous picnic with sister and friend and children - great.,[1],0.8074
can think of no time that i have felt fear.,[2],-0.6597
"teenage neighbours smashed my letterbox for the fifth time in a á couple of months. it was a deliberate action of kids who had á stayed in my home, had meals there yet took a dislike to my á daughter.",[3],-0.3818
guy i cared for went back to canada to live.,[4],0.4215
bus driver driving roughly - old man fell off seat into aisle - á driver wouldn't stop - disgusted with her behaviour.,[5],0.5667
"a daughter in court for staff pilfering, she was dressed like a á \street walker\"" - i had a friend form overseas with me and was á|falsely trying to impress with my family.""",[6],0.8225
reported neighbour to police for taking to my daughter with á baseball ball - her counsellor rang me and after long talk á convinced me the woman was o.k. i felt guilty for ringing the á police then guilty for feeling guilty about it.,[7],-0.6369
meeting with two of my friends i had not seen for 15 years. they á were special people to me.,[1],0.7003
"i was in the korean war. we were attacked with mortars, me and á companion. we stopped the jeep and ran for cover. fortunately á neither of us was hit but we both came close to being killed.",[2],-0.9032
"i've a situation of responsibility an employee who had a habit of á being late, came late again after promising to say he would be at á work in a few minutes, then arrived 3 hours later. he had been á drinking.",[3],0.4019
my brother in law was dying of cancer. to see him wasting away á was very sad.,[4],-0.8883
disgust at myself when i stroked a sleeping girl's private parts.,[5],-0.5994
my son was apprehended for shoplifting at the age of 14. because á i too had been apprehended at the same age i felt the shame of á not having been able to prevent my son from acting in the same á way.,[6],-0.4588
i removed an article of clothing belonging to my employer while á in a position of trust.,[7],0.5106
when we took out an 84 year old woman for the evening and had á hamburgers. she described the evening out as her happiest night á out in 20 years.,[1],0.6369
"while tramping on a narrow path two of us were confronted by a á woman with two snarling dogs, demanding we get off the property - á via a flooded river !",[2],-0.4574
"a friend got angry and drove \like a lunatic\"" with me and others á|in his car. i was angry about his dangerous driving.""",[3],-0.802
a boy i look after for the probation service deliberately á offended to provoke a reaction from the police.,[4],-0.5719
"4-letter words on a tv programme (roche) while we were á entertaining \conservative\"" relations who wanted to see the first á|episode.""",[5],0.4404
a young visitor to the house stole money from an elderly á visitor's purse. it wasn't noticed for some hours.,[6],0.0
i had to leave an important function early because of family á commitments. someone else had to complete my job.,[7],0.2732
i was seriously injured in a road accident. the very first steps á i took with only one crutch to support me i felt so good. i enjoy á being alive.,[1],0.7189
"i was attacked, standing in a doorway, by a pack of 5 dogs, á alsatians and farm dogs with my escape route blocked by a shut á fence.",[2],-0.5267
"in the house where i live there is a new flatmate. his friends á unfortunately are the dirt of society, intelligent, fashonable, á rich and bored. at a party recently they were doing things i á didn't like done in my house. i felt angry at them.",[3],0.2709
i was driving near my girlfriend's house and i decided to keep á going because it was late and i would be back in the next few á days anyway. the next day she was killed in a road accident.,[4],-0.8225
my girlfriend came home after a business dinner at the most á expensive place in town drunk as a skunk. whats more she drove á home and couldn't remember doing so. i was disgusted by her state á and her actions.,[5],-0.7003
a good friend of mine told me in comfidence that once he had á tried to commit suicide. to meet him you wouldn't think so. i á told another friend of mine about this when she was feeling á depressed about her twin brother's suicide. i broke a bond of á confidentiality.,[6],-0.6249
"when i was young i stole something from a shop and got caught, á then i was taken to the police station and my parents had to come á and get me.",[7],0.0
"when i found out that a set task (i.e. 2 essays and a test), the á thought of which had oppressed me, were not on the date i had á thought.",[1],-0.4767
when confronted and in my opinion hassled by the police.,[2],-0.2023
"disgust - no. maybe it is more precise to say revultion at a worm á or a snake. but i mean it in a social aspect when somebody had á behaved like a scoundrel to you, when by his actions he has made á you change your attitude towards him but i thing this feeling the á way i meant it, is not typical for the people interrelations.",[5],0.4093
when you betray the trust you have been given. this is connected á with copying at a class-work at school.,[6],-0.2263
"when i have forgotten to warn somebody for something, or when i á have forgotten to bring something i have been asked for.",[7],-0.4939
"when, for example, i was in my eleventh school year and i learned á i had been classed for the bulgarian language and literature á national olympiad.",[1],0.0
"when, for example, my grandfather fell seriously ill. it was á necessary for him to be operated and i felt great fear of losing á him because he is so dear to me.",[2],-0.2105
"when, for example, i was not approved to continue my studies at á the moscow university, no matter that i had the highest marks and á in general the best records of all the candidates.",[3],0.4203
"when, for example, i left for the first time my parents and i á went to live in sofia.",[4],0.0
"when, for example, someone is calumnating.",[5],0.0
"when, for example, i fail in my undertakings.",[6],-0.5423
"for example, when i have promised something but i haven't á fulfilled it.",[7],-0.3067
some time ago a close relative of mine got off cheap with the á worst.,[1],-0.6249
the last time i felt it was when i was coming home late at night.,[2],0.0
i haven't often felt this feeling. once someone stole my garment.,[3],0.1593
recently i happened to remain alone for a long time.,[4],-0.25
i don't remember about a situation when i have experienced this á feeling. maybe it was when i saw a drunkard in the street.,[5],0.128
i lied to my best friend and i wouldn't reform what i had done.,[6],0.7003
it happens to me quite often. i can't describe a particular case.,[7],0.0
"realizing one's desire, an experienced feeling of satisfaction á from the realization of one's desires and aims.",[1],0.7269
"fear of the loss of a close friend, of feeling the ground slipping á from under my feet.",[2],-0.2023
"attitude to some manners of dealing and some \sanctioned\"" á|relations.""",[3],0.0
feeling unable to preserve one's ideas and ambitions as innocent á as they are when you are young.,[4],0.4404
attitude to a related family.,[5],0.0
"exaggerating certain circumstances, wrong attitude and evaluation á of these circumstances.",[6],-0.4019
low evaluation of other people's cares.,[7],0.2263
i won a sport contest.,[1],0.5719
if a close relative's life is in danger.,[2],-0.5267
a close person lied to me.,[3],-0.3818
getting separated from my girlfriend.,[4],0.0
encouter with a prostitute.,[5],0.0
a theft committed by me.,[6],0.2732
lack of respect for my parents.,[7],0.2023
before an examination.,[2],0.0
unjust punishment of a friend of mine.,[3],-0.5106
after the loss of a close relative.,[4],-0.3182
when somebody behaves like a scoundrel. recently a colleague of á mine used the name of another one for his own benefit.,[5],0.6705
i travelled on a bus and i forgot to punch the ticket. a ticket á collector came in and i had to pay the fine. i did it with a feeling á of shame.,[6],-0.296
i forgot to convey an important announcement.,[7],0.2023
meeting a loved man.,[1],0.5994
"i felt a physical fear, if i can call it this way, today, in the bus where á i was sitting on the first seat. while turning the driver didn't á see the tram which was making a dash towards us (coming from the á side i was), and whose driver intended to cross in yellow á light.",[2],-0.4939
"at an unjust, or to be more precise, at a bureaucratic treatment á of one's personality.",[3],-0.5106
when one is alone and knows that all the others are celebrating.,[4],0.4019
"at the sight of an insect, such as the black-beetle.",[5],0.0
when not fulfilling any of my obligations to a person whom i á respect.,[6],0.4767
when something unpleasant happens to a friend or relative of á yours and you are at the bottom of it.,[7],0.0258
"i sensed such a feeling when i understood i was admitted to the á university. i was at home, the atmosphere was still, though i á myself was full of suspense. i tried to do different things. when á the telephone rang and...! yes, of course there were other á situations when i felt a similar feeling but i was unmindful of á them.",[1],0.4295
this feeling i sensed quite recently. it was arisen by the á terrific thought that i might lose the man i loved !,[2],0.7263
"anger i felt when my boyfriend told me he didn't mind breaking it á off with me, i.e. each of us to take his own road. because until á that moment, he deliberately restricted our dates. the motives á were brought to my knowledge later.",[3],-0.743
"sometimes, when i'm alone i am seized by this feeling. but it á always helps me to come round and at the same time to judge if it á is worth. very often this feeling is caused to me by people - á friends who i love and respect.",[4],0.9722
such a feeling springs up in me sometimes when i have meals at a á catering establishment. it is a result either of the look of the á food or when watching the way some people eat.,[5],0.128
this happens to me when i am not prepared in a given subject.,[6],-0.1695
"quite unconsciously i offended a girlfriend of mine. it was á really worthy to pass this fact over in silence, but i acted so, á because i believed i was right. in fact it often happens to me to á feel guilt, after i have already done the deed.",[7],-0.2927
when i was admitted to the university.,[1],0.1027
"i had to have my tonsils out. i had been making up my mind almost á for a year - i was afraid. but during the two hours in the á hospital room, while i was waiting to be called for the operation i á felt a real fear - of the pain, of what they were going to do to á me, of the unknown.",[2],-0.8674
in a conversation my boyfriend expressed definite and quite á pretentious opinions and he took up an attitude towards a theory á which he himself had never known. his information was from á fortuitous sources.,[3],0.2732
"summer, heavy rain, storm - i was standing with my face stick to á the window: the childhood, something was going away forever this á summer, i was leaving my home, i was going to study in another á town, for the first time i was leaving my parents, friends, i had á to manage myself, a long and loved period of my life was over - i á was crying.",[4],0.5994
i saw in the street a man spitting.,[5],0.0
"i talked with a man who stammered and without controlling myself, á i started to talk imitating him.",[6],-0.2263
"always, and this happens often when i do not keep my word.",[7],0.0
when i understood that i was admitted to the university.,[1],0.1027
i felt this feeling when one day my landlord's cat had crept á under my bed and i couldn't cope with it during an hour and a á half.,[2],0.1593
i feel this feeling when i am to fill in a questionnaire or a á form.,[3],0.1593
when the man i loved decided to leave me forever.,[4],0.5719
"i have felt this feeling when a person whom i believe and respect, á lied to me.",[5],0.2789
"i feel shame when sometimes, (unconsciously) i behave unethically á and without understanding the problems of the man i love.",[6],0.52
when i offend somebody unfairly.,[7],-0.296
a quarrel was followed by the decision of leaving a person close á to me. several days later my regret was great. i was beside á myself. quite unexpectedly he came and the conflict was calmly á solved. i was glad at the possibility to be with him.,[1],0.7506
"one evening i was watching the news on tv. again they were á talking about the danger of war. suddenly i imagined what it á might mean for me, for my friends, for the people close to me. i á felt it a very near and possible event.",[2],-0.6369
"unfair and unjust attitude toward a person close to me, what i á was the witness of, caused anger in me.",[3],-0.8779
"the thought that i'll never sit at the school desk again, caused á a deep grief at the end of my eleventh form.",[4],-0.4939
i felt disgust with a person whose behaviour was out of the á elementary human norms.,[5],-0.5994
i had not punched a ticket in the bus because i had a card. but á when the ticket-collector came it turned out that i had forgotten á it. the shame i felt was great though it was not done on purpose.,[6],0.0387
at a moment of affect i offended a person very close to me. he á had given me ground for that but it was a trifling in comparison á with the way i insulted him. a moment later i felt a sense of á guilt.,[7],-0.8225
when i understood i was admitted to the sofia university.,[1],0.1027
"i broke my knee when i was skiing over \yastrebetz\"" (a racing á|track in a bulgarian winter resort).""",[2],-0.4215
"the doctors from belogradchik town determined a wrong diagnosis á to my son. a month later, after some complex examinations at isul á (a medical institute in sofia), the diagnosis was categorically rejected.",[3],-0.6124
"my son lives with my parents in the country and i feel this á feeling always when leaving for sofia, but the last time it was á quite strong.",[4],0.7302
a colleague of mine asked a lecturer to put him a higher mark in á order to keep his good mards and thus to continue getting a á scholarship for an excellent grade.,[5],0.765
i felt this feeling during the exam in higher mathematics.,[6],0.1593
my son drank four pills of diazepam every two hours instead of á amidophen.,[7],0.0
"i am a sportwoman as well. i felt joy when after an year of á practice, at a contest, i covered the norms for \a master of sports\"".""",[1],0.7096
"i felt fear once, when the car in which i travelled directed á towards the precipice along the road.",[2],-0.4939
when i see how people around me pass by certain unjustice because á of indifference or cowardice.,[3],0.2263
when i left a man in whom i really believed.,[4],0.0
disgust with drunk people.,[5],-0.743
when i try to lie.,[6],0.0
when i had had the possibility to act or to do certain activity á better but i had not done it because of reluctance or á carelessness.,[7],-0.5719
when i broke my leg i felt fear.,[2],-0.7184
when someone lies to me.,[3],-0.4215
at an unjust insult or injure.,[4],-0.765
from the cigarette smoke. usually i feel disgust from it when i á am in a restaurant.,[5],-0.5994
when i promise to do something but i don't fulfill it.,[6],-0.3525
when i don't fulfill my obligations.,[7],-0.3412
when my affairs with the girl i love settled positively.,[1],0.8225
"in a dam lake, when the water was let flow to water the plants á and i and two other boys were near the water pit. we rescued á ourselves only thanks to the flippers and the tyre that was with á us.",[2],0.6908
"it was quite recently, at the football match between the national á teams of bulgaria and france. i felt strong anger with the scottish á referee who ran the match quite partially.",[3],-0.1027
when i am alone and listen to a song which i like very much and á which i had listened before together with friends.,[4],0.5574
a striking act of ingratitude at a public vehicle.,[5],0.0
"i counterfeited a mark in the school register during the lesson á in gymnastics. i felt this feeling two days later when i stood á face to face with my teacher, whom i highly appreciated and á respected.",[6],0.8083
in a fit of temper i told things that were unjust and they á greatly hurt my mother though she didn't show it.,[7],-0.807
i passed successfully the preliminary exam for a participation in á the children assembly.,[1],0.4939
i was alone in my room at the boarding house when at 12 o'clock á someone knocked violently on the door.,[2],-0.7003
a friend of mine promised to come with me to the cinema but he á didn't come.,[3],0.431
i felt sadness when i remembered my former boyfriend with whom i á got separated an year ago and when comparing him with my present á one with whom things are not much of a success.,[4],0.2023
"recently in the tram, a man ran his fingers over my girlfriend á then over me.",[5],0.0
"i had to prepare a report but i couldn't write it. i read from a á book off-hand, i was quite uneasy and i felt i didn't manage.",[6],-0.5913
my father got a slight heart attack after a telephone call of á mine.,[7],0.2698
bulgaria won a football match against france.,[1],0.5719
i was going to knock down a pedestrian with my car.,[2],0.0
i was neglected undeservedly.,[3],-0.5267
my grandmother died.,[4],-0.5574
a man was unfair to a girlfriend of mine.,[5],-0.4767
i didn't offer my seat to a pregnant woman in the bus.,[6],0.0
i didn't attend lectures.,[7],0.0
i felt joy when my two twin sisters were born.,[1],0.5859
"the night before my wife had given birth to our twins. i felt á fear in the hospital yard, i feared if everything was going to be á in order.",[2],-0.7506
"about a month ago the regional council refused to pay my wife the á due maternity benefit, because of bureaucratic reasons.",[3],0.1027
some months ago my wife gave birth to twin sisters. she had no á idea of looking after babies and she felt quite oppressed. the á fact that i couldn't help her caused grief to me.,[4],-0.8765
"i feel disgust with some people when i see what they are capable á of, including lack of any dignity, when trying to find a seat in á the tram.",[5],-0.2263
some days ago i had a car accident. it was quite slight but á through my fault. i felt strong shame because i had the spirits á of a good driver.,[6],-0.1154
some days ago i had a slight car accident through my fault.,[7],-0.6728
the period when i was pregnant and when i gave birth to my son. á i can say those were the happiest months in my life.,[1],0.6369
a fear from the loss of a close friend as a result of his á behavior.,[2],-0.3182
"when i encountered not only with my father's lack of á understanding but also with his unwillingness to understand me as á a parent, as far as things for which i (not he) have proves to be á right are concerned.",[3],-0.1655
from the fact that my husband and i are not in good terms.,[4],-0.3412
"i was disgusted from a quarrel between two married people, in á which the children were involved as accusers of one of the á parents.",[5],-0.5267
when i don't succeed to fulfill a promise.,[6],-0.4086
"when i am not able to fulfill any request of my son - can't take á him out to ride his byke, because i am tired.",[7],-0.6492
i felt joy when i saw my daughter after a separation of twenty á days.,[1],0.5859
"i felt fear when i sat for one of my exams. though my fear was á not quite justifiable, i still remember about it.",[2],-0.7506
i thought him a good friend but he tried to lie to me several times. á last time was the height of impudence. he promised he would come á home but he didn't. i felt a sense of anger and insult.,[3],-0.6369
a fear of lack of personal powers.,[2],-0.6705
"at an undeserved attitude toward a man, when human personality is á not treated decently.",[3],0.0
at an irrevocable loss (with respect to human relations).,[4],0.2023
"at an unworthy behaviour of a man, pettiness, stupidity and á mostly at a philistinism.",[5],-0.7096
at a weakness on my part.,[6],-0.4215
when i don't justify the confidence of people that i respect.,[7],0.1022
because of a conflict with my parents there was a possibility to á interrupt my studies.,[2],-0.5719
i feel a strong anger when i am treated unjustly.,[3],-0.1027
at a prolonged separation with my family.,[4],0.0
i was looking for an object when i came across a rotten corpse of á a rat.,[5],-0.7906
i feel this feeling at one and the same degree when i am not á prepared to overcome certain obstacle in my life.,[6],-0.1131
i offended a person who had done much for me and who had helped á me for everything.,[7],-0.25
"the day when my son said for the first time \mummy\"".""",[1],0.0
before an exam in logics.,[2],0.0
my husband and i were invited at the house of our nieghbours then á we got an invitation on the part of my parents which we had to á refuse. a a result they called me by words that provoked my á anger.,[3],-0.7906
my son lives in the country. i feel sadness when i see mothers á having walks with their children.,[4],-0.4404
"the behaviour of a colleague of mine, which doesn't correspond to á my norms of behaviour.",[5],0.0
i was to take part in a cocktail party on the occasion of our á national holiday as a servant.,[6],0.6597
i ignored and offended my parents on the eve of the new year.,[7],-0.5106
"the sense of joy comes to me always after a period of depression, á as an organic feeling for an upsurge. i don't exclude the á situative feeling but in this case the reason is not in me, it's á out of me.",[1],0.2223
i bet that i would jump down from a window. i was sure that i á would jump but before i did it i rather felt fear.,[2],-0.5647
"a honest \sliding\"" on the part of a girlfriend of mine. á|terribly crossed i started breaking things and tearing books.""",[3],0.5106
"alone i am coming back home in the night after the serial á \explanation\"".""",[4],-0.25
a lie on the part of a person close to me.,[5],0.0
i thought i had taken a decision but i hesitated.,[6],-0.4497
i feel this feeling most often before me not before the others. á my outside is iron but actually i'm wasting away.,[7],-0.5002
my son was born.,[1],0.0
i had a car accident.,[2],-0.4767
i was drawn up a statement for an infringement of the traffic á ordinance. in fact i was innocent.,[3],-0.1779
i lost a close friend.,[4],0.2263
i saw a film about the nazi concentration camps during the war. á after the film i felt disgust.,[5],-0.8316
"i was nailed. i lied in connection with a book which i took from á the library, because i had to keep it for a longer time.",[6],-0.3818
i didn't give back in time some money that i had borrowed. my á friend relied on them.,[7],0.4939
after 10 days of hard work and having suffered many changes i á passed my last exam.,[1],-0.5574
before going to the dentist.,[2],0.0
when i am made to do things in which i see no sense and i waste á my time. some time ago i had to participate in a sociological á investigation and then i got really angry.,[3],-0.8221
"when i feel i must be with somebody, to talk with somebody - but á i am alone.",[4],-0.3612
"some time ago a man tried to teach me something. \tried\"" because á|it is very difficult to teach somebody when you yourself are not á|competent and cultured.""",[5],-0.4201
"i am ashamed when i am not ready for my seminar in internal á diseases, simply because the assistant professor is a person who á deserves high respect.",[6],-0.2755
"we had promised, with a friend of mine, to take our friends to a á restaurant and after having looked for a place for hours without á finding one, and not being helped by the others we had to give up á the idea.",[7],0.8316
when i am with friends and i do what pleases me this often á happenes.,[1],0.7003
when i have to go in for an exam and the examinor is a person á with a whimsical character and unsteady requirements.,[2],0.0772
"i unfairly got a low mark on an exam and i failed to win a grant, á since then i don't have much confidence in myself at an exam.",[3],-0.2028
it happened that i was alone - with no contacts with friends.,[4],-0.0258
"i met three drunk boys, almost children, they didn't look like á normal people.",[5],-0.5439
i was totally unprepared for a seminar conducted by an assistant á professor whom i highly respect.,[6],0.5256
i got back too late after a sunday going out without having á called up home to tell where i was. my mother hadn't slept the á whole night.,[7],0.0
i was happy when i understood that the girl i liked was in love á with me.,[1],0.8934
i am afraid before an exam or colloquium.,[2],0.0
i get angry when my smaller brother misbehaves and talks with indecent á words.,[3],-0.7096
when my dog was stolen.,[4],-0.4939
"i detest any kind of constraint and hate the attempts of elder á people to force me to a norm of behavior without having legal or á moral rights to do it. i felt this emotion when a neighbour of á mine made me kick out my guests because they had talked very á loudly and threatened that with \connections\"" she will expel me á|from the inst.""",[5],-0.8741
i experienced long ago when i was sightseeing bulgarians in a á foreign language.,[6],0.0
my mother developed hipertonia and i think i too am to blame á bacause with her it is a stress disease.,[7],-0.6369
when i met with friends that i hadn't seen for a long time.,[1],0.4767
"one evening a friend of mine was telling a fearful story, nobody á took it seriously but i got frightened.",[2],-0.6369
i got angry with a stranger in a train who behaved impertinently á and immorally,[3],-0.7506
when i failed at the first entrance exam.,[4],-0.5106
the event which got me angry got also an aversion in me.,[5],-0.7351
once i was not ready for a seminar and i was asked to leave.,[6],-0.3204
i felt guilty when once i made my mother angry.,[7],-0.7269
six months ago when i got acquaintanced with a person whom i á trusted infinitely and from whom i expected help and friendly á feelings. with him i found much in common - in our views and in á our fate.,[1],0.8402
few days ago i really experienced fear. it was connected with á unexpected actions on the part of a group of people. this evoked á in me many negative emotions.,[2],-0.8008
"i always get angry when somebody deceives me, or tries to conceal á his lie skilfully and this offends me even more.",[3],-0.8555
sadness - this is an emotion which i have felt very often á recently. i can't remember a concrete example. i will describe my á general impression from severl situations which evoked this á feeling in me.,[4],-0.128
"i became disgusted with the man on whom i had counted, who i had á trusted, the man who should have been my mainstay - my father. á i could hardly make myself (and the others) believe in this á emotion. it has cumulated after events and deeds. everything can á happen in this world.",[5],-0.0772
"i am ashamed of the way my father behaves with my mother and á sister, and with me too.",[6],-0.4767
"i didn't keep a promise i had made to a man, and in this way i á lost his esteem and confidence in me. i caused him a lot of á trouble.",[7],-0.3944
when i was accepted as a student.,[1],0.2732
i was a bit frightened when it was found that there was something á wrong with my liver. however it turned out that it was not á serious and i need not worry.,[2],-0.5223
with the girl whom i may be loved truly. when she refused to come á with me to an occasion (she was from another town).,[3],0.6808
for the girl who halped me go on living and made me happy - when á i don't see her even for two or three days.,[4],0.5719
"for a drunk man (about 20 years old) that i met one evening, and á who behaved impudently with the girls standing by.",[5],-0.34
i was embarassed at the exam in microbiology. i was ashamed with á myself - how little i knew and how good was the examinor. i á rarely become ashamed.,[6],0.33
recently when i made a slip and blurted out indecent words in my á mother's presence.,[7],0.0
"i felt it when on duty in the hospital i understood that i was á not afraid to face death, that i also helped a little to relieve á the pains of a patient.",[1],-0.6682
"fear overwhelmed me when right against the car i was in i saw á another one, as if out of control of the driver.",[2],-0.4588
i felt it when a girl who was dear to me lied to my face. i got á angry with the fact that she knew i didn't believe her but she á kept on telling lies.,[3],-0.705
"sadness, no, i felt something much stronger when my father died.",[4],-0.5994
i got disgusted with a man who was beating a woman in the street. á i just happened to be there but i was abhorred by the rudness.,[5],-0.8316
"i was ashamed of the way i deceived that i could not help a á friend, although it was absolutely possible for me. nothing was á revealed but i haven't called up this person since then.",[6],-0.3672
"i had an appointment with a colleague of mine to give her my á lecture notes. i couldn't go and i didn't send them, and so the á girl missed a day for the preparation of her term exams.",[7],-0.296
when i knew that my husband and i were going to have a child.,[1],0.0
two years ago i saw a film on the tv. even now it makes me á afraid.,[2],0.0
when my husband stays late at a meeting and i have to be alone.,[3],-0.25
the loss of a person i loved very much.,[4],0.3818
deception from a person i loved very much.,[5],0.25
i didn't tell my parents that i was going to sofia. i told them á that i was going to a seminar. my mother knew that i was lying but á she didn't stop me.,[6],0.0341
the assistant professor saw me cheat at the preliminary á examination.,[7],-0.4588
i was very happy when i got the message that i had been accepted á as a student in medicine.,[1],0.7264
i felt something close to that when i saw that there was a man on á the terrace of the flat.,[2],0.0
i got angry when i learned how short a time we had to prepare for á the term examinations.,[3],-0.5106
i felt sad when my first boyfriend and i left each other. it was neither á his fault nor mine.,[4],-0.2124
i felt it today when the bus driver shouted rather indecent words á at a man without any reason whatsoever.,[5],0.0
at an exam in pharmacology i tried to prompt a coleague (she á asked me something) and the assistant professor made me a sharp á remark.,[6],0.0
my grandmother has been in a hospital for a week and i still á haven't had time to see her.,[7],0.0
when i learned that my parents were going abroad and leaving me á alone for a few years.,[1],-0.25
i was at the seaside and my brother disappeared for a couple of á hours.,[2],-0.2263
"some time ago i was disgusted with the \cleanness\"" of the á|refectory of our institute.""",[5],-0.5267
we were at a football match and when we were leaving the stadium á (the stadium was packed with people) and i lost my shoe in the á crowd. our attempts to find it didn't give any result and i had á to go home without one shoe. in other words to cross the whole á town !,[6],-0.3802
i felt guilty last year during the winter term exams. a colleague á of mine asked me to give him my lecture notes (i had very good á notes and i had passed my exam in advance) but i still don't know á why i didn't give them to him. that colleague failed and he was á on the verge of not passing it at the supplementary examinations.,[7],-0.6432
when i was admitted to the institute. i had problems with many á people about my applying for this institute and i decided to á prove that one can pass excellently without visiting any á preparatory couse. that is - i proved what i could do on my own.,[1],0.4215
once as a child i dreamed of a fire. since that time i hadn't á wanted to sleep in that bed and had feared the night darkness á (and so it is now).,[2],-0.765
a chief was unjustly punished on an autumn brigade and the one á who was really guilty kept silent. i stepped in front and told á the truth. the guilty chief called me in after the roll-call and á threatened me.,[3],-0.8622
years ago i fell in love for the first time. as natural for every á school-girl i was day-dreaming. later (after 3 years) we left á each other. no one was to blame but i felt deep sadness. even now á i remember about it quite often.,[4],-0.4215
"it was at a comsomol(??) meeting, the last one because we were to á graduate. the way one of my fellow-students behaved made me feel á disgusted.",[5],-0.5803
"i was at a children's camp abroad. the people (the leaders, my á coevals) were very king to us. one night we smeared our foreign á friends with tooth-paste while they were sleeping and then we á roused the whole camp by our shouts. later i was so sorry. i á didn't utter a word for two days, then i went to apologize.",[6],0.4135
"when i was in the fifth class the rating was done in our á mark-books. i hadn't been examined yet but i had heard from my á classmates about the scolding they had got at home. my first á mark was in geography - good 4. i judged i had known for more á than that and i put down \very good\"" for fear of being scolded. á|naturally my parents guessed all about it. they rebuked me for á|what i had done.""",[7],0.5337
when i learned i was admitted to study what i wanted most - á floriculture (this is a narrow specialization from the general á one).,[1],0.1027
i was walking on the pavement when a white car rolled on it and á directed towards me. i was quite near the house wall when it á rolled by and hit me.,[2],0.0
my grandmother's brother had taken active part in the resistance á movement. he had been in prison many times and there he lost his á health. he became an invalid. when we phoned to first aid the á nurse on duty behaved quite unkindly when she understood how old á he was (79).,[3],-0.4404
my boyfriend is a soldier. he was on a leave. i felt sad when we á had to get separated again.,[4],-0.5106
i felt disgusted about a teacher who had rejected all that was á human in her. she refused to accept the flowers we gave her for á the eighth of march and asked for a foreign parfume instead.,[5],-0.743
i was examined by a teacher i greatly respected. i was well á prepared on the subjects but he put some side-issues to me and i á couldn't answer.,[6],0.4933
i had undertaken to help my sister for her class work but some á unexpected circumstances prevented me from doing that.,[7],0.25
"i was very glad when i learned i was a student already. i heard á about it over the phone, i didn't believe it at first.",[1],0.5095
i had worries about a certain illness.,[2],-0.5267
"i suffered from a gynaecological illness. i was quite displeased á to hear that my roommates had talked about it and they had á misrepresented the truth. i felt deeply hurt when i learned that á it was done by a \good\"" acquaintance of mine.""",[3],-0.8218
when my first boyfriend left me. i tried not to let him á understand i felt miserable.,[4],-0.4939
i hate hypocrisy. my friend (girl) tried to intrude into my á affairs with my future husband. after that she behaved as if á nothing had happened.,[5],-0.128
"i feel shame when i have made a promise, i can't keep it and this á has negative effects which are caused by my behavior.",[6],-0.6705
i felt it when i came home after the examination session and i á said i had not passed my last exam.,[7],0.0
i felt glad when i took the rather difficult organic chemistry á examination.,[1],0.128
this was what i felt when my boyfriend went to bourgas to study á there. i had the feeling i would lose him. anyway the distance á plovdiv-bourgas seemed to me so great.,[2],0.6176
"i confronted with this feeling at the institute quite recently, á the pedology lecturer was the cause.",[3],-0.0772
this feeling was quite deep when my friend (girl) died in a car á accident.,[4],-0.4588
i am disgusted with the behavior of a car driver whose car would á run over me and my friends during our autumn brigade.,[5],-0.0772
i felt shame when i discontinued my education for eight months.,[6],-0.4767
"the sense of guilt came over me too, when i interrupted my á studies. why ? because i felt guilty before my parents ! they á believed in me though this event did not make them disbelieve me.",[7],-0.6709
"i sensed a strong feeling of joy when in the plant, at my working á place, i got a message that i was admitted as full time student at á the higher agricultural institute.",[1],0.8402
fear when fulfilling my obligations on my first night fatigue á duty as a soldier.,[2],-0.6369
when on a car journey a fellow student crossed our way with his á own car and we had to bump into a roadside trunk.,[3],0.0
the loss of a close relative who was ill with cancer.,[4],-0.8591
i am disgusted with a nieghbour who is looking for all sorts of á quarrel with my parents and me. he feels we are hampering his á living close to us. this has been going on for quite a long time.,[5],-0.5267
some time ago i promised to meet an acquaintance of mine and to á carry him some promised papers. i haven't done it until this day. á now i feel quite awkward when i meet him.,[6],0.4779
a sense of guilt before my parents when i had to discountinue my á studies in the first year because of unpassed exams.,[7],-0.2732
after a difficult exam. when i had not hoped to take it and had á got a high mark. when you present someone with something and he á feels glad.,[1],-0.1739
fear from the unknown. i felt fear when i sat for the entrance á examinations.,[2],-0.7506
i feel angry at people's indifference at our ability to be á present at an event and to stay partial to what happens.,[3],-0.296
"when you are far away from relatives and friends. i feel sad for á my early years, for the freedom and the carefree years of á childhood.",[4],0.7845
"i feel disgusted with the bootlickers, with helpless people.",[5],-0.7506
i feel ashamed when i act dishonestly toward somebody.,[6],-0.4767
i didn't visit a very close friend at the hospital and some days á later he died.,[7],-0.0314
"i was sitting for an exam in biochemistry, i was very excited á because it was a supplementary examination. i passed the exam á very well and was glad because i recovered my selfconfidence.",[1],0.7956
"students fear many things but we seem to fear the examinations á most of all. i remember i was horror stricken before my á microbiology exam, because it was a decisive one.",[2],-0.9387
it was necessary to organise a competition in connection with a á celebration. everyone was to be present at that event. it turned á out that there was no audience at all because everyone had á pretended to be very intelligent and no one had come. i got á furious.,[3],-0.6213
when i part with my friends i feel always sad for some time. i á can't remember a concrete example now. for example i have just á parted with a friend of mine and i am feeling sad.,[4],0.1531
"in autumn i had to move to another lodging. my landlords, quite á intelligent people, warned me i had to move in the nearest á future. but i had difficulties in moving my luggage because i á couldn't wait for a car to come. how amazed i was to hear them á threatening me they would throw our my things. and at that my á luggage was well packed and did not stand in their way. i was á quite disappointed and disgusted.",[5],-0.8872
"during our last exarcise in agricultural machines we went out in á the yard to examine a row of machines. but we seemed not to have á fulfilled our task well, because when our teacher came and asked á me a question i was unable to answer. i felt awkward because he á didn't deserve it.",[6],0.6652
i remember about an unpleasant event in relation to my mother. i á felt guilty before her.,[7],-0.7096
when i succeded in establishing a contact with a girl (who is now á my girlfriend).,[1],0.0
i fear before each exam.,[2],-0.4939
when my bosom friend tried to lie to me.,[3],0.4939
when i quarrelled with a very close friend of mine.,[4],0.539
when i see the acts and deeds of a blind drunk man.,[5],-0.6249
when i wasn't well prepared for a terminal exam and the teacher á tried to give me a three by asking me some very easy questions. i á burned with shame then.,[6],-0.3372
when once my mother asked me to do some work for her at home á because she was busy and moreover this work was to be done by a á man. but it remained undone.,[7],0.0
"i feel joy usually after each taken exam, the last one was in á february.",[1],0.5859
it was not long ago when i and two of friends of mine got quite drunk á and one of them began to rave under the influence of the alcohol. á i felt fear of what could have happened.,[2],-0.4201
"i felt anger at my last exam, i felt angry with our teacher, á because he did not rate me objectively and i failed.",[3],-0.8834
"i met a girl some time ago and i cared very much about her but it á happened so that we left each other. i felt some sort of sadness, i think á i can call it so.",[4],-0.5251
i had a very good friend (boy) and i thought i could rely on him á but he behaved badly with a girl who used to trust us completely.,[5],0.5626
immediately after the new year holidays i happened to visit a á party where there was a lot of alcohol and i became drunk. on the á next day i felt sort of ashamed when i remembered what i had said á and done on the night before.,[6],-0.1263
last year i put off an exam for the autumn session without á knowing if there was a supplementary examination session. when i á came home with my exam unpassed i felt guilty before my parents á when i remembered how much they had done for me.,[7],-0.4215
when i was admitted to the higher institute.,[1],0.1027
i felt fear when i fell down and broke my leg into pieces and i á could not feel it at all.,[2],-0.7184
i felt angry when i failed in an exam about which i knew quite a á few things and i did not deserve to be plucked.,[3],-0.765
when my mother and father were on an excursion in chechoslovakia á and i was at a student camp and i heard over the radio about the á events that were taking place there.,[4],0.0
i felt disgust with alcohol in general when a close friend of á mine got so drunk that he didn't realize what he was doing and it á was quite shameful.,[5],-0.8079
i felt ashamed when my parents found out that i had deceived á them.,[6],-0.7184
"i felt guilty when i had taken the car keys and i had an accident á but as my parents did not know who was to blame, they punished my á brother because i had no driving licence and they thought it á impossible that had driven the car.",[7],-0.9161
i felt joy when i was admitted to the higher agricultural á institute.,[1],0.6369
i feel fear quite often but this feeling was very strong last á year when my husband was quite unexpectedly sent to the hospital.,[2],0.6934
that was what i felt with a teacher who put down quite unreal á marks.,[3],0.0
i felt sad when a friend of mine died and i felt that something á had irrevocably gone away from me.,[4],-0.5423
"i felt disgust with a lady teacher who used to nag, to mock, to á interrupt everyone of my fellow students each time we had a class á with her in our first year.",[5],-0.891
that was what i felt when i told my first lie and then was á cought.,[6],0.0
i felt guilty when i failed to take an exam though i had had á enough time to read for it but i hadn't made use of it.,[7],-0.4678
i was for the first time on a brigade this year. at that time my á sister was to bear a child. i was mad with joy when i opened the á telegram from my parents and learned i had a nephew.,[1],0.1531
it was some years ago when one evening some people came home and á told us my father was badly injured in an accident.,[2],-0.836
"i faced this feeling when i realized i wasn't admitted to the á institute in the first classifying, in spite of the high mark i á had got at the entrance examination.á",[3],-0.4715
always when i get separated from my friends and relatives from my á home town.,[4],0.4767
i feel disgust with my first boyfriend who made fun of our love á in an abominable way.,[5],0.5574
i have always felt ashamed for some people's behavior to their á too old parents. i have felt hurt and shy when they have left á them to the mercy of fate.,[6],-0.7184
i feel always guilty before my parents when i come home and have á to tell them i have failed an exam.,[7],-0.7269
naturally when i got myself discharged this was my second á birthday.,[1],0.0
when i failed my first exam at the higher institute.,[2],-0.5106
a nuisance used to live in our flat a month ago. i experienced á this feeling when i tried to chase her out.,[3],0.1593
after my father's death.,[4],-0.5994
with an alcoholic.,[5],0.0
once i had dinner at an elegant restaurant and i did not have á enough money to pay the bill. there were a lot of people there á and i felt quite awkward.,[6],0.204
something very unpleasant happened when i was a soldier and i was á directly involved in it.,[7],-0.5256
"i felt the greatest burst of joy when after being heavily ill for á a long period, my father came back home.",[1],0.7351
i was terrified during an axcursion in italy. i was lost and left á alone in this unfamiliar country.,[2],-0.8074
i took part in a football match. the referee was extremely á partial to the opposite team. this stirred up my discontent and á anger.,[3],-0.5719
when my first girlfriend an i left each other.,[4],0.0
during a summer holiday at a bar i happened to see a dead to the á world woman.,[5],-0.3818
when i first had a sexual intercourse.,[6],0.0
i remember when i was a little boy i broke a swiss dinner set á quite involuntarily.,[7],-0.3687
when i got a message that i was employed as a nurse at a á kindergarten.,[1],0.0
when i first sat for an entrance examination.,[2],0.0
"when a teacher though pretending to be a highly cultivated á teacher and a man, slapped a classmate of mine in the face quite á undeservedly.",[3],0.1027
when i got separated from my first love.,[4],0.6369
"many times, when my father used to come home drunk and maltreated á physically me and my mother.",[5],-0.34
when for the first and the last time i tried to crib and the á teacher was with her back to me but right when i was taking the á materials out she turned round and saw me.,[6],0.0
when at times unconscienciously i speak to my mother in a high á tome but after that i am sorry and i feel guilty.,[7],-0.631
being invited out by a person i wished to get closer to. he á telephoned and invited me to go out with him the next night.,[1],0.0
watching a horror movie with friends.,[2],-0.1531
the breakup of a relationship. after the event i was upset/sad á then angry maybe 2/3 weeks later.,[3],-0.5106
"the funeral of a friend who was killed in a car accident. she was á of my own age, there were many of my own friends present, as well á as her family etc.",[4],-0.4019
"disgust for a person who treated me badly, and has treated other á people similarly - including lying, hiding facts, being á deceitful, unfair, etc.",[5],-0.9559
losing my temper and allowing myself to act childishly by yelling á and screaming at a person who i felt had done me wrong - in á effect lowering myself to their level.,[6],-0.9022
guilt at often being unable to visit a close relative in hospital á after her death i felt very guilty and wished i had done more.,[7],-0.8439
achievement of a task by a friend who had begun a new job. she á wasn't confident of handling the situation so was thinking of á leaving the job only after 2 days employment.,[1],0.1461
"walking home at night after university - part of the way, there á are ano lights and i am walking down a thoroughfare with the á thouth of no one hearing me if i have to scream.",[2],-0.5994
when my son omits to carry out certain duties at home that he á knows needs doing.,[3],0.2732
when i saw my niece (5 yrs) crying in the hallway for her mother á who had passed away about a month ago.,[4],-0.4767
with a woman who had walked into my place of employment and á urinated on the floor in front of everyone.,[5],0.0
"when i found a letter addressed \to mum\"" by my son, 6 months á|later, he begged me not to sell his new shoes which he messed up á|after wearing them for the first time.""",[6],-0.34
when i had lied to a friend/son about some things we had á discussed and i had to be one better.,[7],0.0772
felt joy a few years ago when i was away on holiday. and sat very á close to my best friend looking straight into the eyes.,[1],0.9413
i had to tell someone that i was interested in remaining celibate á and alone. and that my spiritual master strictly prohibited á sexual relations outside of marriage. this caused great fear á through lack of conviction afraid to hurt someone's feelings á despite my own being hurt in the process.,[2],-0.7579
"in a sociology class i felt very angry towards some members of á society for exploiting the polynesian people, dawn raids by á police (martin luther king, blacks in s.a.). but this was just a á reflection of my own shortcomings.",[3],-0.5017
"felt sad about some street kids in queii square, aotea square. á because they had been sniffing glue and some were very young. i á went into the role of a performing clown.",[4],-0.4767
"i was disgusted by my paranoid attitude towards myself, my á homework at university and disgusted about my lack of retention. á especially in learning another language.",[5],-0.8779
"i felt shame at the hurt i caused to my family especially my á parent father, shame of hurting people emotionally. a misconceived á self-blaming that didn't do me any good. shame at being myself as á i am.",[6],-0.91
i felt guilty at being part of the successful people. felt guilty á at being a student when other people were not. guilt about being á a potential success in various areas of society. (so stupid this á emotion),[7],0.0808
"when i meet old past pupils of mine - and find they are all doing á well - i feel joy. yesterday i met a young woman (20 yrs) i'd á taught her at 6 yrs, then at 12 yrs and hadn't seen her for last á 3-4 yrs; she was no longer a waitress but a meter maid for á council.",[1],0.3291
"a maori language oral test, yeaterday - although i had studied á intensely - once in the examiners room \i blew it\"" - i was so á|nervous i couldn't reply easily - it was very important, but i á|got only blankness.""",[2],0.0074
"a friend visited and made comments that my house/garden were not á as neat/tidy as in the past. i'd not seen her a year - she á implied i'd gone to the pack (i'd only been working full time, á and taking 3 university exams part time).",[3],0.4939
when my father a 4th/5th generation colonial (from eng.) attacked á me verbally about my chosen partner. a man whom he discarded á because his colour skin was not white. his ultimate disgust á saddned me.,[4],-0.8519
"people who came to our home - and requested \put out your smoke\"". á|that we should not smoke in our house... and asked not even á|politely. it disgusted me because i think people need to adapt to á|the situation.""",[5],-0.5267
"put down by my father - at a family outing at mutual family á friends dinner. told \not to speak\"". the attitude by him was á|negative/i was in mid 20s, i had done many things - a wide range á|of experiences. probably greater than he.""",[6],0.6808
"not attending school, when am not sick - but in need of mental á rest. staff on your return query your \sickness\"" - it is easier á|in n.z. to be sick, rather than confide other personal reasons á|etc.""",[7],0.0261
my 3 children - each top his class in the final exams 1984.,[1],0.2023
a truck (big one) nearly mowed me off the road (i was driving a á small lazer).,[2],0.0
a shop in downtown wouldn't accept my visa card - before december á last year.,[3],-0.2924
"my dog of 16 and 1/2 years - \lord grey\"" died in his sleep - his á|death caused me more and deeper sadness than i thought.""",[4],-0.7624
a sour looking man was beating his thin dog in remuera.,[5],-0.4588
i told mr winter of downtown fashion to go to - when he did not á accept my visa !,[6],-0.3561
when i accepted a lunch invitation from a past male friend.,[7],0.6486
when my daughter was born.,[1],0.0
when my mother entered surgery for a quadruple heart bypass. i á felt intense fear at the time she was actually wheeled away.,[2],0.3182
when my husband got picked up in our new car for drunken driving. á we had made a pact the other would not drink and so therefore á would be the driver for the evening etc. i was not present at the á time.,[3],0.0
when my grandmother died very suddenly without warning.,[4],-0.3183
when the n.z. rugby union announced that they would proceed with á a rugby tour of south africa.,[5],0.0
when i was unable to respond to a welcome in my indigenous á language of maori at an important function where i was the only á woman in the group and it was expected of me.,[6],0.5859
when i made an excuse to get out of participating in an important á family occasion that i should not have missed.,[7],0.4567
"being reunited with my family after not having seen them for 5 á years, at the airport. sheer elation at getting through the á \paper work\"" collecting bags and the anticipation of coming á|through the customs gate.""",[1],0.4404
"i caught a huge eel on a fishing line which i had pulled into the á boat. i cut the line and threw the whole lot back into the water. á later that day and about ten miles away i went swimming and á someone made the comment wondering how far eels could swim, i á abruptly ended swimming for fear at an unseen eel for a few days á until we had left the district.",[2],-0.4588
"my partner without discussing with me the situation decided it á was time for us to have a break and went ahead and arranged his á own life for the next 6-12 months, then told me the day before it á was about to happen having been tolerant and friendly for the á preceding week.",[3],0.6486
"i had been living in an overseas city and made the decision to á leave the city and come home about 12 months before i met a whole á new set of friends, leaving them at the airport was sad and á traumatic as they had helped me in many ways and i knew i á wouldn't see many of them again.",[4],-0.5994
after i had managed to fail my first year at university i was á scared as to what i was going to do with my future. i didn't want á a mundane 9-5 job and yet i didn't know if i could pay my way á through an unsubsidized year at university to settle down and á continue my studies.,[2],-0.7919
this situation keeps occurring - when my little sister disagrees á with me or vice-versa. we have very similar temperaments and i á always end up feeling angry at her and myself for fighting so á much over unimportant trivial matters.,[3],-0.8235
"when my grandmother, who has been living with us for 14 years, á had a stroke and was left paralysed on one side. she has been á quite close to our family and to see her suffer in this way makes á me feel really sad.",[4],-0.7841
"a gathering of a social sports club at which they proceeded to á show pornographic videos and then afterwards (when most people á had had quite a bit to drink) carried on in a very degrading, á unmoral manner - especially females exposing and flaunting á themselves with no shame or embarassment.",[5],-0.6017
"like guilt - the most ashamed i have ever felt was when i began á to feel guilty about having sex with my boyfriend when it was á only \the thing to do\"", and not really an act of love.""",[6],-0.1513
"this feeling of guilt really applies to moral/religious views. i á (being catholic) went against what i was brought up to believe in á and had a sexual relationship with my boyfriend. many months á later, when i was doing some deeper self analysis i began to feel á guilty and realized that i had gone against what i wanted for á myself and my future.",[7],-0.5267
my mother along with some of my friends gave me a surprise á birthday party - they invited a large number of my friends along á too.,[1],0.8834
my mother did not come home till late at night (ages ago). anyway á if i don't know where my parents are and when they'll be back i á start thinking that perhaps they have had an accident and are á perhaps dead.,[2],-0.8126
because i am the captain of a basketball team i usually organise á a roster system so that everyone in the team can have a turn at á doing either a duty or a ref. a lot of the time the girls can't á be bothered or just forget - i usually have to fill in.,[3],0.016
so as to be closer to the university i have left home and moved á into auckland. it now seems as if i have left home - especially á my family - forever.,[4],0.0
a friend of mine goes out with this guy. she sleeps with him but á is quite happy for him to play around - as well as herself.,[5],0.905
no response.,[6],-0.296
i did not attend a social studies observation class for 1 whole á week (i am a student trainee teacher). anyway the other teachers á thought this was okay because the teacher i was supposed to á observe was not well liked. the teacher was in fact really nice á to me - but i wanted to get out of teaching a hard topic he had á given me.,[7],-0.0455
passing my pharmacy exams which meant my tertiary education for á pharmacy completed.,[1],0.0
when i was in a car with my parents and friends and we had to á back up (reverse) pass a river which when i recall it (i was only á about 5 yrs) seemed we were going to fall in and drown.,[2],-0.1531
when my boyfriend wouldn't dance with me on my graduation night á because he thought i could dance with my friends who were á friendly.,[3],0.743
when my sister (really my niece) died of cancer at the age of 2 á yrs after i took her to the doctor at the age of 1 and he á diagnosed it.,[4],-0.8505
my brother gave me a beating because he could not beat me á verbally.,[5],-0.4588
i found i was pregnant and unmarried.,[6],0.0
when i had to go to reconciliation before converting to á catholicism but then once received - o.k.,[7],0.0
joy for me is when all my family gather around home for special á occasions as christmas etc. it really gives me joy to see my á family and relatives and to observe natures productivity process á which have been going on for centuries.,[1],0.8901
"i had this experience of fear when few people were fighting at a á social one night, which one of my relative was involved. my fear á was greatly for him because he was being assaulted badly.",[2],-0.9371
never really had the experience just yet - n/a.,[3],0.0
"this occurred when my girlfriend and i have to finish our á relationship due to some circumstances between her and her á family. i was really sad, hurt and couldn't really find any á reason why am i still living. is this life is all about ? this á was one of few question which crept up vividly every time i á thought about what had happened.",[4],-0.7947
i'm very disgusted when i see people abusing their body with á drugs and alcohol. they take advantage of these things usually á for an excuse for the fantasies which they like and so they do á things stupidly and unjustly.,[5],-0.7089
this i experienced when going around with more than one girl.,[7],0.0
"letting jesus take control of my emotions i.e., ill feeling.",[1],-0.3182
had fear of losing husband.,[2],-0.7003
when present boyfriend's mother approached my parents and self - á to leave her son alone - as she did not want me for a future á daughter-in-law.,[3],-0.3447
when boyfriend could not stand up to his mother or for himself.,[4],0.0
"disgusted with boyfriend's mother - her overpowering, á over-protecting and selfish attitudes.",[5],-0.7579
when ditched - divorced by husband.,[6],0.0
when i had to lie about my age to be accepted as a member of a á group.,[7],0.2732
my cousin asked me to be a bridesmaid for her. this made really á happy because i was adopted into the family and her asking me á made me realise that she saw me as a cousin and not just another á person. there were other cousins she could have asked but she á asked me.,[1],0.3589
that if ever i was really naughty i would be sent away from my á mum and dad to another family. i was fostered from age 5 and á didn't get to mum and dad until i was 6 and then legally adopted á at 14.,[2],0.1027
(1) my father died. (2) my natural father contacted me a year á after my father died and this angered me more as i thought he á should be dead and not my father.,[3],-0.9231
my father died. i was away at the time and did not know until two á days after.,[4],-0.5574
a child told me she had been sexually abused by her step-father. á i only knew the child and had not come into contact with either á parent. i tried to do what was best for the child. the event and á the stepfather disgusted me.,[5],-0.3612
"when my natural parents name would show up on papers and not my, á what i call real name.",[6],0.3612
i lied to my mother in the sixth form she said she would ring to á find out and i had to tell her i had lied.,[7],-0.6369
joy at meeting a woman i love very much.,[1],0.8402
when approached by a gang of youths in town at night.,[2],0.0
"when a man, a stranger to me, personally insulted a close woman á friend of mine in public.",[3],-0.0258
after my father died suddenly of a heart attack.,[4],-0.3612
when a man spoke very sexistly in the company of some friends of á mine.,[5],0.4767
when i went to explain to a lecturer whom i liked that the work á expected of me was not going to be in.,[6],0.4215
when i masturbated in my room.,[7],0.0
"when my lover and i felt like we had gone full circle. and our á relationship was new, fresh, vital etc. once again.",[1],0.8689
"my daughter was 2 yrs she went up to a colt tried to hit it. it á turned on her and kicked her over the heart, sent her flying á through the air. i left my mother and sister to deal to her as á they are nurses. i felt i didn't want to know if she was going to á die, it was just too much.",[2],0.0201
"my anger is with men, their inability to be human (not all men).",[3],-0.7506
"the saddest i've ever been was when my lover was killed, á hitch-hiking to work.",[4],-0.6908
with the n.z. rugby union wanting to send the all blacks to south á africa.,[5],0.0
"that my brother and father are into alcohol, two men with á priviledge. not using it positively.",[6],-0.4168
"when i betrayed my lover, she told me something in confidence, i á felt at the time i had to relay the information back to the á person concerned, as i felt the situation volitile, did this á without telling my lover, she felt like piggy in the middle, as á she was not directly concerned. maybe you could call it gossip i á felt different after i had slept on it. if i had waited, thought, á now i would not have done it.",[7],0.2091
"a good friend, the wife of the vicar of my church came up to me á from the pews (i am in the choir) and shook my hand during the á time for an informal \greeting\"" in the church service. she said a á|few words.""",[1],0.8885
"i walked up the main street of auckland at 10 o'clock at night. i á expected it to be very active with people, gangs, fast cars etc, á thought it was actually quite quiet, though also oppressive. i á walked about half a mile and bought a drink along the way.",[2],0.0754
someone in my family (my brother i suspected) ate a bun which i á had made for myself. it was during a long telephone call after i á had just made it and put it in the oven warming drawer.,[3],-0.0772
"sitting in a bus, i heard behind, the voice of a girl i was á friendly with. after her talking for some time with another girl á i decided it wasn't her in fact that someone miming her, which it á was when i finally looked. i was talking to a friend at the time.",[4],0.7506
having moved into a flat within the last week i felt some disgust á that a bathroom tap had been left to drip with a faulty fawcet.,[5],-0.7351
"i criticised an action of my mother and for the first time she á genuinely took notice of it. i felt shame that i was almost á taking the part of a husband, or at least an equal which i should á not.",[6],-0.7096
"i felt that i contributed to a possible rift in the relationship á between a boy and girl soon to be married, in my flat after i á moved in. after stating my celibacy to him which she overheard á and didn't previously know about i suspect.",[7],-0.296
"my friend replying to my letter and again saying he was attracted á to me and suggesting we write, talk and get together and see how á things went and his suggestion that i could ring and doing that it á was really good - though really insane conversation.",[1],0.7351
"being sexually assaulted (not rape, but passionate kissing) by a á friend's father - he stopped when he was driving me home. i á hadn't wanted the lift, had refused 3 times, and then felt it'd á be rude to refuse again. was really afraid of what he might do.",[2],-0.8017
"i live by myself and a few weeks ago was woke by a man on the end á of my bed coming up my bed at me. i was really angry, told him to á get out. he was surprised, hesitated; i started to move towards á him and he backed off - kept telling him - loudly, but firmly to á go. because i'd got the initiative, i succeeded. a very powerful á message.",[3],0.7501
"when my grandmother died - i wasn't sad so much that she'd died á because she was old, but because she lived in the last few years á in an old people's home and had nothing very much that was hers - á no chair, or private space, and when i went to visit she would be á sitting in the \lliving\"" room the tv room. it was hopeless. and i á|felt awkward so i didn't go and i was sad 'cos how i couldn't.""",[4],-0.94
"when during a social evening with my father, brother, sister, á close friend and my father's 2nd wife - i had an argument with my á father, who abused my friend who was sticking up for me.",[3],0.1531
when the girl whom i have lusted after expressed reciprocal á feelings and then days later changed her mind.,[4],0.0
when a close friend wilfully cheated me.,[5],-0.0258
while intoxicated i invaded someone's (a girl's) personal space á to a large extent.,[6],0.0
while intoxicated i damaged my sister's car in a minor way and á someone elses in a minor way.,[7],-0.4404
girlfriend arriving back from overseas and picking her up from á airport. when she finally appeared from customs and we came in á contact again.,[1],0.0
fear of punishment for having broken an item of value to my á parents.,[2],-0.7964
that a friend had been badly beaten and stabbed many times and á the person that did it got away without any punishment from the á law.,[3],-0.4537
the death of an animal we had reared.,[4],-0.5994
finding that a girlfriend of mine was a prostitute and had been á seeing many others during our relationship.,[5],0.0
not having owned up to the responsibility an incident where á family car received minor damage.,[6],-0.4939
"had started a relationship and did nothing to keep it up, partly á the use of another person.",[7],0.0
the feeling of joy when again i had confessed my sin and á experienced god's forgiving grace and cleansing power - total á enlightenment and freedome - bliss.,[1],0.8779
"riding through a bush fire on an island of australia - on a á pushbike as a little boy - all alone, lost and surrounded by á smouldering wood and flame.",[2],-0.6908
"when bicycling along, a courier van started to tail me very close á - i sped up and moved over and he just did the same. i reacted á violently, much physical responding in the dangerous situation.",[3],-0.7845
my cat was sick and i had to take him to the vet to be put down - á no one else there to do it.,[4],-0.6705
when someone i had had a relationship (purely sexual) with came á up to me after i had used her and acted as if nothing had á changed.,[5],0.0
when a close friend entrusted me with a secret and i let the cat á out of the bag.,[6],0.6124
making a sexual pass at my cousin with whom i have a very close á personal relationship.,[7],0.0
first time i slept with my present girlfriend. had been best á friends for a year but had been hesitant about getting involved á emotionally.,[1],0.2846
waiting for a taxi - when within 1/2 an hour two separate people á challenged me to fight for no apparent reason except they were á drunk.,[2],-0.765
deliberately provoked by someone close. angered by the á deliberation not the provocation.,[3],-0.6597
my girlfriend let me down badly 3 times in one week. these á instances summed up all the negative aspects of our relationship á which at the time seemed doomed to fail.,[4],-0.9382
a close friend took part in a racist violent action.,[5],-0.6908
cannot recall the emotion with any force.,[6],0.0
slept with someone close to my girlfriend and myself.,[7],0.0
"hearing that i had been successful in getting a position whereby á my financial, physical, spiritual and emotional needs will be á well catered for. this position fulfils a lot of my aims for the á last five years of my life.",[1],0.7579
"when i decided to leave my steady, secure employment to come to á university. because i didn't know if i could cope with all the á requirements of study and also being older i didn't know if i á would enjoy mixing with younger people, also financial á insecurity.",[2],0.3818
when a close friend failed to live up to the expectations i had á of him - thereby causing pain to his spouse. i believe that my á anger was probably a reaction of fear that i wouldn't be able to á live up to my own expectations.,[3],-0.8834
"departure of a very close friend - for a long stay overseas, á sharing in the sorrow of her parents who were left behind.",[4],0.4364
i get disgusted with the inherent racist attitudes of my á brother-in-law in putting down various ethnic groups and also my á unwillingness to challenge him about these attitudes in order to á keep the peace.,[5],-0.5574
my failure to provide the appropriate emotional/spiritual level á to a sexual relationship that had a large physical content. born á out of inconsistency with my personal beliefs and value shame at á largely using this sexual partner.,[6],-0.6124
when i deliberately engineered a situation to cause tension á between friends so as to bolster the impression one of them had á of me !,[7],0.4574
hearing fran wilde introduce the bill.,[1],0.0
being harrassed for being gay; suggestions of being physically á beaten - acting as informal bouncer in a gay bar.,[2],-0.4215
landlord putting up rents sneakly and slimily.,[3],0.0
listening and watching a tape of someone with aids being á prejudiced against at a counselling course on aids with 20 á others.,[4],-0.4404
hearing norman jones get hysterical in parliament about law á reform (on the radio - listening with 2 others).,[5],-0.0258
watching muldoon act as my p.m.,[6],0.0
"adolescent guilt growing up feeling \bad, immoral\"" sexual á|desires, some 10yrs ago.""",[7],-0.7506
won a prize for effort.,[1],0.7906
assaulted by drunken neighbour.,[2],-0.5267
i was playing in a football tournament and saw the rules openly á disregarded.,[3],-0.2023
death of brother.,[4],-0.5994
reading literature on aids/homosexuality.,[5],0.0
i am ashamed at myself sometimes when i am working with á handicapped people and don't wish to be seen in public with them.,[6],-0.6551
i was late meeting someone for an appointment.,[7],0.0
"i was feeling really low - had been a series of fights with my á siblings, been under pressure at school and wasn't going to the á party i wanted to go - instead i was going out with my family. a á guy called and said, in effect, that i was \nice\"" and he liked á|me. hence the emotional joy.""",[1],0.785
i was watching a movie alone - it was a horror movie. the music á was a deep pulsing type - not really music. and a light flashed á on and off. it was in the complete darkness of a movie theatre á that was almost empty.,[2],-0.8024
"my sister and i were fighting as usual. she's older tham i am, á bigger built and stronger i couldn't win in a physical battle and á in a verbal battle i couldn't seem to get through to her to á really hurt her.",[3],-0.8971
"my paternal grandmother had died. we weren't close but she was á blood. i didn't cry but i was sad, partly due to her death and á partly i think, due to the fact that i couldn't/didn't cry.",[4],-0.7301
my older sister used to pick on my brothers and sisters all of á whom were younger than her. on one occasion my brother did á something my sister didn't like. a full-scale battle began.,[5],-0.5733
"my first real experience with a boy. we were alone. i was quite á young and pretty naive and he was pretty crude and real, sort of, á macho. it was dark, at night during the summer and we were á talking.",[6],-0.1027
i was using my sister's stereo while everyone was out. i know she á wouldn't want me to and i would get into trouble if she found á out. but she was only partly justified in forbidding me to use á it. she never found out.,[7],-0.3193
winning a rowing race at a karapiro regatta. with 7 other á friends.,[1],0.7579
"being alone in europe and having to catch a train and bus to the á airport, then board the plane alone.",[2],-0.4588
at school teacher for not allowing us to go out on new year's eve á when on a class trip overseas.,[3],0.0
i was in a car accident on the way back from a weekend rowing á regatta we'd won. 5 others were in the car. i thought i'd never á be able to row again.,[4],0.1531
our boarder burping after meals !,[5],0.0
felt ashamed when in a group conversation and could not á understand words or comprehend the topic of discussion.,[6],-0.4767
guilty when i hadn't walked my dog for quite a few days and had á given her no attention.,[7],-0.6124
when i won a position on the track-team for the trans-tasman á games when i was eleven.,[1],0.5719
when i was jumped by three men in a deserted area.,[2],0.0
once a person in authority (school teacher) was telling blatant á lies about me and the headmistress would not let me defend á myself. she was also telling lies about other members of my á family.,[3],-0.6486
when my mother died.,[4],-0.5574
when somebody who had been a bully and had acted cruelly to á others who were unable to defend themselves was taken down a few á notches and he began to grovel. i was disgusted with his á grovelling and the manner in which he had treated others.,[5],-0.886
when i was twelve i was babysitting some children but i did not á act very responsibly and one of them was injured.,[6],-0.5499
when something went wrong for me i lashed out at someone else á whom i loved and who was not in any way responsible for what had á happened (my sister).,[7],0.4767
easter holiday - i had been working weekends and had just left.,[1],0.4019
haven't been frightened for ages.,[2],0.3412
i visited a special education school. the headmaster applied a á policy of strict positive - negative reinforcement to the á children involved. children who measured up to his standards were á made a fuss of - children who didn't were ignored.,[3],0.5517
i felt sad with the two situations i described before. the cat á and the school. sadness was intermingled with the other feelings.,[4],-0.7184
"next door nieghbour ran over his cat in driveway, he tried to á finish it off with a flat shovel. i would have taken cat to á veterinary to either kill humanely or cure.",[5],-0.6908
haven't felt shame for ages.,[6],0.3724
"i borrowed a friend's books and forgot i had them, she asked for á them back and i told her i didn't have them. i duly found and á returned them.",[7],0.0
"getting my kitten, found at work several years ago, taking him á home in a box on my motorbike, showing it to my defacto.",[1],0.0
obscene phone call where the person knew my name.,[2],-0.5859
at work being shifted to another area.,[3],0.0
"enrolling at varsity, being told i couldn't get in to certain á papers.",[4],0.2732
noticing my flat had maggotts !,[5],0.0
"a serious drug error while nursing that i knew i was responsible á for (patient lived, no complications fortunately).",[6],-0.4404
forgot to turn up on prescribed day for jury service.,[7],0.0
when i was finally able to return to a job that i enjoyed doing á after several months absence (i was not needed during this time).,[1],0.5106
when i was attacked by a teenage boy and had my wallet stolen.,[2],-0.7351
someone who was speeding was forced to slow down when i pulled á out onto the road and proceeded to abuse me at the next set of á traffic lights.,[3],-0.802
when someone i was close to became a paranoid schizophrenic and i á was unable to see this person because of the situation.,[4],-0.25
"when someone whom i considered my friend, without telling me he á was annoyed, proceeded to ignore me for several meets with no á apparent reason.",[5],-0.4767
when some unforgiving acquaintance dragged up an old and rather á embarassing situation from my past.,[6],-0.0516
when i made a mistake at work and when questioned about it á pretended i had nothing to do with the problem.,[7],-0.6705
at my wedding - standing with the man i love and acknowledging á that fact to members of family and friends.,[1],0.8074
as a result of breaking the indicator light as mentioned á for guilt.,[2],-0.2732
arriving home from work after a long and tiring day to find no á dinner prepared as i had expected.,[3],-0.0772
at the death of my husband's father's mother which occurred á during university examinations and therefore i was unable to á attend her funeral.,[4],-0.7506
with a manager who insists on making crude innuendos pertaining á to sex.,[5],-0.5719
cannot remember such a situation.,[6],0.0
breaking the left hand indicator box by moving too close to á structure.,[7],0.4939
waking in morning (early morning) and having whole day to myself.,[1],0.0
being driven by friend who suddenly swerved and skidded a little. á it was night and on a long trip. we ended up on side of road.,[2],0.4939
friend (male) hinted that my talking to other men at a pub was á immoral. he implied that i should remain only with my boyfriend á the entire evening.,[3],0.0516
on rising. no apparent reason.,[4],-0.296
"prolonged \niggling\"" of friend on a single theme which i á|considered of no consequence.""",[5],0.25
felt i had not appreciated my parents enough. regretted the á problems i'd caused.,[6],-0.7907
"boyfriend doing cleaning in situation where it was my job to do á it. later snapped at him over trivial thing. he looked downcast. á i felt guilty - \he's just done all that work for me\"".""",[7],-0.6908
when my first niece was born.,[1],0.0
in a flat in sydney - rough area at home on my own - the flat had á been burgled the night before and no way of locking the door.,[2],-0.296
when the bus driver failed to stop and pick me up at a bus stop.,[3],-0.6705
when my uncle died of leukemia at age 35.,[4],-0.5574
watching an alcoholic woman who was approaching everyone at the á wharf for cigarettes - a prostitute in auckland (elderly).,[5],0.0
stealing money from my parents when i was young.,[6],-0.5719
two timing - going out with 2 guys at once (secretly).,[7],0.0
"when i went to the pub with a large group of friends, we drank á and danced.",[1],0.4767
watched a horror movie which involved sexual attacks on women.,[2],-0.765
my boyfriend promised to take me to see a game of tennis and rang á saying he was going to the pub with some of his friends instead.,[3],0.6808
my mother was unwell and went for many cancer tests. she spent á time in hospital being opened and closed many times.,[4],-0.6597
"i was driving along and saw this young guy urinating into the á gutter, in broad daylight.",[5],0.0
i kicked the dog outside on a cold night because he was annoying á me. the next day he came down with the flu and we thought he was á going to die.,[6],-0.8481
i spent all weekend with a friend instead of studying for my á exams.,[7],0.4939
birth of children.,[1],0.0
being alone at night.,[2],-0.25
in a hurry to get to lectures and the car would not start.,[3],0.0
when grandfather died.,[4],-0.5574
obscene phone calls.,[5],-0.5859
"being with a close friend, in the city, who was involved at the á present point in time in outrageous activity.",[6],0.0516
telling white lies.,[7],-0.4215
thought had discovered true love.,[1],0.7906
stopped at lights in mangere late one friday night on way home á from work. alone in car when someone came up behind the car and á started banging and shaking it. light was red and had nowhere to á go until light changed. when green i took off.,[2],-0.5574
when fired unjustly from a job as casual bar-person. charged with á giving away free drinks. not done so and had witnesses to prove á it - both patrons and bar staff. other staff were supportive.,[3],0.5106
close friend leave to go overseas for an indefinite period. á farewell scene at airport.,[4],0.4588
when employer made a pass at me whilst i was at work.,[5],0.0
when caught shoplifting and the police were called in parents á also informed.,[6],0.0
when caught shop-lifting as for shame.,[7],-0.4767
receiving understanding from within self of a subject i had á previously wished to understand better.,[1],0.4404
to talk in a meeting - expound my thoughts on a subject. fear á delayed me acting to do this.,[2],-0.6249
towards wife's laziness in not performing her usual duties á because of television watching.,[3],0.0
watching suffering in third world country.,[4],-0.4767
observation of people lost in the profit motive - i.e. business á managers to their actions esp.,[5],0.1531
on own reading book. recall came to mind of slight sexual á exploitation of a female (years ago) i.e. had her on even for á sexual motives.,[6],0.0
telling a lie to wife over phone about what i had been working á at.,[7],0.0
meeting best friend at the airport (boyfriend) who i had missed á terribly.,[1],0.3818
confronted outside a party by some very nasty character - á gesturing to a car full of mean-acting friends - felt in danger.,[2],-0.5095
no response.,[3],-0.296
my cat died painfully and slowly.,[4],-0.7906
having unwanted attention paid to me in my place of work - á harrassment (and sexual harrassment) by another worker - á disgusted by his implications.,[5],-0.6486
close friend discovered i had deceived them. felt shame at having á done it and knowing that they knew.,[6],-0.4215
two-timing - going out with person other than guy i was in á relationship with.,[7],0.0
i was very pleased and happy when my older sister came home from á living somewhere out of town and i hadn't seen her for months. we á are very close sisters.,[1],0.7996
i was skiing alone and the mountain became covered with mist and á i thought i was lost and was going to panic.,[2],-0.765
my parents didn't allow me to go to a social function that all my á friends were attending.,[3],0.3472
"while still at school a friend died of cancer, after being ill á for a long time, she was 17 yrs old.",[4],-0.8225
at a party my best girlfriend got really drunk and went off with á a guy she knows i really like.,[5],0.7906
i was severely reprimanded for a trivial offence in front of á members of my peer group while still at school.,[6],-0.6486
someone asked me to do something and i made up an excuse and said á no. i then went and didn't the same thing with someone else and á hoped the first person never found out.,[7],0.4404
when my brother who has been out of new zealand for 10 years came á to visit with his wife which none of our family had previously á met.,[1],0.0
"when i had to give a speech about some historical event, to an á audiece of about 200 people my own age whom i did not know.",[2],0.0
in arguments with a close friend or relative where my point of á view is completely disregarded.,[3],-0.3384
"when my grandfather whom i had met only once for 3 weeks, died á after several months. i was really sad because he was a lovely á person and i did not have the means for his company.",[4],-0.4927
i once saw a programme on tv describing how certain wild life á films were made and was disgusted by the treatment of certain á animals in this particular programme of the polar bear.,[5],-0.0516
the 2nd time someone i had met cared for came over to my house i á was absolutely inebriated and was sick into a bucket.,[6],-0.128
the first time i went away with my boyfriend and lied about where á we were staying.,[7],-0.3818
"when my former boyfriend and i reconciled and he decided that i á was very important to him. i had always wanted us to get back á together again, but had doubted the likelihood of this, so i was á very happy when my small amount of faith was vindicated.",[1],0.915
"when riding in a very fastly-driven car on a lose metal road at a á very late hour - no other cars on road, and driver was taking á corners very sharply. i felt afraid - because if an accident á happened, the area was very isolated. also, i feared for driver, á after i was dropped off - would he make it home safely.",[2],-0.8622
"when at very short notice i agreed to work in place of a friend á who was sick, and owner of the restaurant refused to allow me a á drink later in the evening (which is usually always available for á workers), did not thank me, and was generally indifferent towards á me - i felt i did not deserve this.",[3],-0.2982
"when i learned that my former boyfriend had become engaged - á although i was glad that he had found what he wanted, i was very á sad at my own personal loss, since i had always hoped we might á one day reconcile.",[4],0.3862
when reading a newspaper story of a man who had committed á incestuous acts on his two-year old child - the thought that á anyone could do such a thing is abhorrent to me.,[5],-0.4588
"when dropping a carton of boiling soup onto a co-worker's leg - á causing great pain, and for me, severe embarassment at my own á ineptitude, and shame that another person suffered as a result.",[6],-0.7964
"when my sister had the opportunity to do some modelling work. and á i was quite jealous - later on the photographer decided not to á take her photograph, and she was very upset - i felt guilty as a á result, almost as if i had caused her to lose her opportunity, by á not being genuinely happy for her in the first place.",[7],-0.8436
"i did a solo flight from ardmore to kaikohe before i got my pilot á licence. i can remember it was gorgeous day and i was on a á natural high, cruising up the coast with my maps and compasses á and gear. other pilots had seen me off and wished me good luck á and it was a real adventure.",[1],0.9287
a friend (female) and i were on holiday on great barrier island á by ourselves. one night we were nearly raped by about 20 locals - á they came to our bach and tried to break the doors down. all of á them were stoned or drunk and we hid under the bunks and were á totally terrified. eventually these guys gave up and went looking á for us on the beach. we escaped and slept in the bush for 2 á nights.,[2],-0.4927
"i \cooked\"" the engine in my father's car - it was actually his á|fault because he hadn't fixed the temperature gauge or told me. á|when i finally got home i was absolutely screamed at and the á|anger i experienced was over the injustice of it all plus the á|huge row which developed.""",[3],-0.7425
"this sounds really predictable and usual but it was absolutely á heart-rending at the time. my first lover (i was 15) just rang up á one day and announced that he had found another woman. i never á saw him again and it hurt because i was positive that it was á \true love\"" !!""",[4],0.9558
"i once saw an old man up the road, fossicking through the rubbish á bins and the gutter. i was really disgusted at first but i've á seen him a few times since then and now i feel really sorry for á him and i often give him cigarettes when i see him, because he á mainly goes after cigarette butts and it is revolting.",[5],-0.5
"when i was 15 my mother discovered various items in my room which á 15 year olds aren't usually expected to have - mainly alcohol, á marijuana and contraceptives !",[6],0.0
"a holiday at a whitesand deserted beach. a cool evening near the á end of summer and we had a fire in the sand - toasted á marshmellows, cuddled and drank champagne.",[1],0.5859
"skiing down a very icy slope, very fast in white-out conditions. á out of control with no idea of what i was doing or where i was á heading.",[2],-0.296
my best friend at school told lies about me to a boy i was seeing á and went out with him herself.,[3],0.6808
i found a baby opposum on the road and took it home and cared for á it for a week. it had to be force-fed and carried in a fur pouch á under my jersey. my father had the vet put it to sleep as he said á they carried diseases.,[4],0.4215
a boyfriend with whom i split up with came over to a friend's á house where i was visiting with a male friend. in a confrontation á in another room he tried to find out if i was aroused by my á friend by feeling my parts.,[5],0.6808
i told my primary teacher i hadn't done my homework as my mother á was in a car accident. my teacher rang that night to see how my á mother was - she was fine i.e. no accident !,[6],0.1396
i told my pesent boyfriend that i was an australian as are my á parents. as the relationship developed i found it harder and á harder to confess and became sure it would end our relationship. á he eventually found out when told in front of me by my mother.,[7],0.3182
"winning a race that i had been training for, for many weeks. á (running race).",[1],0.5267
"when i was very young and we moved as a family to auckland from á wellington, this meant new school and friends (etc.).",[2],0.4767
when someone ignores what i am saying or doesn't let me have my á point of view and they monopolise a conversation.,[3],-0.2732
"when i got into an argument with someone and was very abusive, á but they were a close friend and i later regretted it.",[4],-0.3811
when a close relative got quite drunk. it was a relative that i á had respected for a long time and looked up to as a child.,[5],0.1045
"when i had come home drunk the day after a party, i felt very á ashamed in front of my parents.",[6],-0.4728
when i crashed by bike into an old lady crossing a road and á knocked her down.,[7],0.0
listening to the opening bars of tchaikovsdy's symphony no.2 á fourth movement at my sister's wedding.,[1],0.0
"as a passenger in a vehicle travelling from the steep side of á arthur's pass in the middle of a sleet-storm, icy roads, sheer á chasms to one side, sheer face to the other.",[2],0.0
"as in sadness (a), relating to this slaghter of fur-seals.",[3],-0.4404
a) a documentary in which baby fur seals were being á clubbed/spiked to death by canadian seal-hunters. brutally á graphic. b) description of a disfigured orphaned child in hiroshima á calling for her mother.,[4],-0.836
"the repression of rioting and non-rioting \blacks\"" in south á|africa by the police of that \""democracy\"".""",[5],-0.3818
breaking an implicit promise.,[6],0.3182
at the age of 12 (or so) i stole from a ranger's fruit tree an á apple. (and eventually was compelled to confess - dostoersky á would like this).,[7],0.4019
seeing my sister after about 2 years of not seeing her. only á spent 1 hour or so before she was off overseas with her husband á for 3 months.,[1],0.0
i imagined i heard footsteps up the hall while sleeping in bed á one night by myself in the house.,[2],0.0
stopped at a fast food shop with friends and a few locals wanted á to fight us for no apparent reason. they hit and picked on one of á my friends.,[3],0.128
my father recently having a heart attack - spending a few months á in hospital.,[4],0.2732
my flatmate and close friend living and sleeping with another á close friend of mine.,[5],0.7506
sleeping with a girl on a saturday night and then not contacting á her in later days.,[6],0.0
stealing money from a milk token jar from a close friend of the á family when visiting.,[7],-0.128
talking with someone i admire a lot.,[1],0.4767
held under water by a large wave and thought i was drowning.,[2],0.0
came back from surfing to find car broken into and gear and money á stolen.,[3],-0.743
caused a family disturbance.,[4],-0.3818
friends calling me fat - pear shaped in front of a nice girl.,[5],0.7096
when i considered writing a load of crap for this emotion.,[6],-0.3818
beating my brother up.,[7],-0.4588
"i was \best man\"" at my brother's wedding a year ago.""",[1],0.6369
mugged while on holiday in the u.s.a.,[2],0.4019
"i am one of four directors of a company. we inherited land held á by our family - ours is the 5th generation. a \democratic\"" á|decision was made to stap-bank an area of mangroves.""",[3],0.0
social situation - at the pub - a close friend of 2 years told á the group around us of advances i had made.,[4],0.4939
a drunk walked out in front of a car at night. both lower legs á were broken. his shoe was thrown about 50 yards after the á accident.,[5],-0.8689
"my father died 4 years ago, 18 months after my mother died. i á feld my sister was responsible for his death, in that she \hadn't á|loved him\"". i felt ashamed for myself, and for my family.""",[6],-0.9169
my grandmother wanted me to help her. i was driving a tractor á pulling a dead branch off a tree. i told her she didn't respect á me.,[7],-0.6315
hearing my girlfriend accept my offer of marriage.,[1],0.3818
canoeing across harbour in winds - 20 knots and rising seas.,[2],0.0
brother continually interupting while i was talking on the á telephone.,[3],0.0
hearing of the death of a friend who had been skiing.,[4],-0.1779
flicking through a magazine showing pictures of homosexual men á committing various acts.,[5],0.0772
being caught by parents in a compromising situation with á girlfriend.,[6],0.0
describing to mother how a hole in the wall had appeared while i á was babysitting.,[7],0.0
when i found out i had passed all of my university exams.,[1],0.0
almost crashing into the back of a car while driving along the á motorway on my motorcycle.,[2],0.0
when my girlfriend of two years told me it was all over.,[3],0.0
"a person i really like left for overseas for a few months, i had á hoped to go out with her soon.",[4],0.659
"i deliberately avoided a person who i wanted to hurt, and who á wanted to talk to me.",[5],-0.7003
i passed on some gossip that was untrue and cause two friends to á have a fight who were already experiencing difficulties with each á other.,[6],-0.34
missing lectures and avoiding university work for no reason when á it had to be done.,[7],-0.7003
when i received my u.e. accredited as i was totally unexpecting á it and i was so happy.,[1],0.6948
"i went to see a movie and i went with a friend, it was really á frightening and it made me stop and think about the world around á me and what it is really like out there. i was frightened all á that night.",[2],-0.3788
"when my flatmate put me down because she \thought\"" she was better á|than me, or she felt she was.""",[3],0.4404
when a very close friend of mine went into hospital for a major á operation and i couldn't see her for a while as i was not a á relative she had no relatives in n.z.,[4],0.3134
one of my very good friends came to me for advice as her á boyfriend had been hitting her and beating her quite harmfully.,[5],-0.0828
when i let my girlfriend use my essay to help her to write hers á and the tutor found them alike.,[6],0.4019
when i had to lie to my boyfriend so that he wouldn't suspect i'd á bought him a xmas present as expensive as i had.,[7],0.2235
"i received an assignment back, and got an a+ grading.",[1],0.0
"i was walking home one night (after getting a bus to my town) á when i was confronted by a group of males (about 6), they would á not let me pass - they made comments etc. - i crossed the road á and hurried home.",[2],-0.2023
"i lent a text-book to a person i did not know very well, they á lost the text-book and gave me no compensation.",[3],-0.6737
at the beginning of the year i moved to a new city - i felt sad á as i had to leave many friends and family members behind.,[4],-0.0516
i read a newspaper article about dogs being stolen in order to á use them for fighting purposes.,[5],-0.6908
i was amongst a group of people talking about how the maori á people were stirrers and causing trouble in our country. i felt á shame to be a pakeha when other pakehas had such narrow á conservative views.,[6],-0.7003
i took my father's car to church one sunday (i told them that's á where i was going ) i decided instead to go for a drive to the á beach - on the way i got a puncture.,[7],0.0
getting university entrance accredited and arriving home from á boarding school on accrediting leave.,[1],-0.0516
thinking that i had been seen smoking at school by a teacher - á waiting to be summoned to the headmaster's office.,[2],0.0
when my mother rejected my boyfriend and made unfair judgements á on him.,[3],-0.7506
at my grandfather's funeral - my grandparents virtually raised me á as my mother was a solo-parent and had to work.,[4],-0.3612
watching a tv documentary on seal clubbing.,[5],0.0
i ate very fattening food in front of my boyfriend who would like á me to lose weight. i am supposedly pursuing a modelling career á but first i must lose weight. i had been trying to diet.,[6],-0.5647
"i let my pet budgie loose to fly around my room one afternoon. a á few hours afterwards i found he was still free, went in and out á of my room leaving the door open. my cat got in and killed my á budgie - this happened to 3 budgies.",[7],-0.5423
the birth of my first child.,[1],0.0
a large german shepherd dog ran and barked at me (he didn't bite á fortunately).,[2],0.0
most recently when the chairman at the new zeeland rugby union á announced that the all blacks' would accept the invitation of á south africa to play rugby in that country.,[3],0.6124
when i was told a friend's baby had been born with only partial á sight. this was her first child and she was not young (the mother á that is).,[4],0.0
when i first saw the state of a cafeteria in the grounds of the á university. due to students own lack of concern for the á environment in which they eat and drink. rubbish and spilled tea á and coffee left everywhere.,[5],-0.3182
"when i as a pakeha (white) new zealander, was just as racially á prejudiced as other people whom i had condemned.",[6],-0.7003
when my husband discovered i was having an affair with another á man.,[7],0.0
"i was biking with my boyfriend, the sun shining after a long á period of bad beather, afterwards we spent the evening and night á together.",[1],-0.5423
"i was hitchhiking and was picked up by a stranger he drove into á the woods and wanted to make love with me, i refused and escaped á from the car. when walking in the wood and hearing the car i was á afraid.",[2],0.4588
in a discussion the leader wanted to stop because she was of the á opinion that we were not involved and she misjudged our reactions á as negative. we however only posed several questions which she á couldn't answer.,[3],-0.7096
when my grandmother died. she stayed with us until i had the age á of 10. when she died i was 13 and i remember the moment after the á funeral: i sat on the table and cried.,[4],-0.9062
when i heard about the disaster in bophal (india).,[5],-0.6249
"once in a public ladies room, i opened the door of a cubicle that á was taken, although it was not locked.",[6],0.0
"in a playground i was playing at the seesaw with a little niece. á i wanted to stop but nobody came to help me. when i got off, all á alone the seesaw fell down with a big smash. my niece got hurt á above her eye. now there is a scar.",[7],-0.5789
when passing the final examinations for social worker.,[1],0.0
"sleeping alone in a tent, while hearing several noises such as á rustling etc, i am afraid that there are people who are up to no á good.",[2],-0.6814
"a man kept a seat taken by putting his coat on it after a while á the chair was still empty, i asked him if i could use the chair, á he didn't agree for the chair was for his coat.",[3],-0.4423
when the relationship with my girlfriend broke up.,[4],-0.4215
a piece of work was marked as bad by the teachers i and some á fellow students didn't agree with their vague criticism. i felt á myself taken in by the teachers and felt disgust.,[5],-0.9154
some weeks ago i experienced a day that everything went wrong i á broke several things i felt very ashamed for i am not a sloven.,[6],-0.8516
"i had made an appointment with a girl to go to the movies, but á actually i had no mind when we arrived at the cinema, it was a á full house. i then went back and she went to the movie alone.",[7],-0.6486
a friend came to tell me that her father invited me to go on á holiday with them in benidorm otherwise i could not afford to go á on holiday.,[1],0.8225
at the age of 12 years i always had to take care of my little á brother and sister i never could sleep then. i always imagined á creepy men sneaking into our house.,[2],0.4939
"the landlord had selected a new lodger on her own, while we used á to do that it was not what she had done, but how she did it that á made me angry.",[3],-0.6652
"it was a complex situation concerning a relationship with a á boyfriend, i had broken the relationship for some reasons. á meanwhile, as i felt it, i had most sorrow.",[4],-0.7778
i saw a terrible accident happen and i laughed a lot of the á fright and because i was nervous.,[6],-0.7845
my mother wants to talk very often about her life. i dislike this á because she always talks negatively about the same people á whatever i do it doesn't help.,[7],-0.5938
at the moment when i heard the result of an examination and it á proved that i succeeded the second year of my study.,[1],0.4215
i have a fobic anxiety for elevators. this anxiety is worst at á the moment when the doors have to open. i have it often in the á elevator at our university.,[2],-0.7701
when someone accuses me without reason and is not willing to á listen to me.,[3],-0.34
my boyfriend decided to make an end to our relationship.,[4],0.0
a person i know who tells lies and so pretending to be better á than she is.,[5],0.2006
when i am in an auditorium with people and i ask a silly question á so that everyone starts to laugh.,[6],0.5719
i moved to nijmegen for my study. soon after this my mother had á to be admitted in hospital because of cardiac compliants. i knew á that my moving was an important reason for this.,[7],0.296
i can't give one description here. i often feel joyful when i á have done things good in relation to other people especially when á my friend says he loves me and i also tell him that i love him.,[1],0.9578
i was afraid when my first boyfriend threatened to make an end to á our relationship because he didn't love me enough while i loved á him very much.,[2],-0.3544
"a good friend deceived me. because of that little quarrel our á relationship finished, mainly because she was not honest. i was á very angry about that.",[3],-0.4758
i was very sad when my first boyfriend finished our relationship.,[4],-0.5256
i was once raped (one year ago) by a man who was a lot older than á me and whom i just met. maybe it wasn't rape but the man wanted á more than i wanted to give him since there were other people in á vicinity.,[5],-0.1106
i felt shame when i didn't study enough for my exams and as a á result i failed. i then invented idle stories to talk it good for á myself and the others.,[6],-0.5423
i felt guilty when i once went out with another boy and made love á with him while i had a close boyfriend.,[7],0.34
when my boyfriend came back after being away for 10 days.,[1],0.0
when i was sitting in a car next to a man who was masturbating.,[2],0.0
"when my mother told things to my sister, which i told my mother á in confindence.",[3],0.0
tonight in bed when i realised how bad my relationship with my á friend was.,[4],-0.0772
"when i was in eindhoven on an exhibition of hernan nitsche, who á made paintings with real blood. there were also photographs about á the killing of cows.",[5],-0.6597
when i made an end on a relationship after three years.,[6],0.0
that i didn't want my friend to leave on holiday for 10 days á because i thought i would miss him. i was constantly trying to á persuade him.,[7],-0.2382
when i was making music together with my friend. it sounded very á good and we were very satisfied.,[1],0.8581
when my cat ran under a car and came home wounded. he could á hardly walk. i didn't dare to go to a veterinarian because i was á afraid he would kill him.,[2],-0.6908
i had to unscrew something on my car. i didn't succeed after two á afternoons of trying. a feeling of anger built up itself.,[3],-0.703
"losing my girlfriend who made an end to our relationship. by this á i lost an important source of support, certainty and joyful á moments. i cried very intensly when that happened.",[4],0.4404
a few days ago i saw two dandy girls of my age. i disliked their á clothes and their way of doing.,[5],-0.4019
"during carnaval i danced for a few minutes normally i don't dance á because i am rigid in my moving around during a dance, i stopped á very soon.",[6],-0.34
i had a girlfriend which i used to call regularly. then i didn't á phone her for a while. at a certain moment i felt a little á tension which became worse.,[7],-0.4627
at an important moment in a volleyball game we made a point and á by this we won a set from a much stronger competitor.,[1],0.7964
when i went out with my dog in a forest late at night when we á were on a camping.,[2],0.0
i had an appointment with someone at a certain time. the other á person didn't appear.,[3],0.2732
when i entered the operation theatre and underwent a difficult á operation.,[2],-0.3612
"when my friends left without waiting for me, after we had arranged á to go out together.",[3],0.4767
when they gave away my dog to other people without my knowledge.,[4],0.0
"when i had to eat scraps from a dust-bin, because of a bet.",[5],0.0
"at the airport, eighty beer cans that i was carrying in a á bag spread all around while i was going through the metal á detector.",[6],0.0
"when i took a car which was not mine, and suddenly it stopped á working.",[7],-0.2263
when the real madrid team of basket ball qualified for the final á of the europe cup at athens.,[1],0.0
on the scenic railway at the fairground.,[2],0.0
"at having an argument with a stranger, in the street.",[3],-0.3612
[ the same as in guilt.],[4],-0.2732
when i entered a toilet in a bar and it stank.,[5],-0.4404
the day i finished my military service.,[1],0.0
"when i was a child, one day, i was going home late at night and i á did not notice an uncovered man hole and fell in it. i was in there for á several minutes.",[2],0.0
"one day, when i was a child, my grandmother shut me up in a room.",[3],0.0
the day i left my first girlfriend.,[4],0.0
"one day i was in the countryside with several friends, and we á began to eat figs, after we were all full we noticed that all the á figs were full of worms.",[5],0.4767
"when i got my fingers stuck in one of the side holes of the door, á in the tube.",[6],-0.25
i ran over my dog with a bicycle when i was carrying him tied to á the handle bar.,[7],0.0
when i won the first prize in a cross country race.,[1],0.7906
i found myself involved in a fight in which a person died and i á had to intervene with some risk.,[2],-0.8074
an argument among friends in which my opinions on the way to á spend spare time were disapproved.,[3],0.1531
i was forced to leave an unforgettable friend.,[4],0.0
i saw the gare of a prison. this gare and the building were in á deplorable condition and were full of rubbish.,[5],-0.5106
a mishap suffered on misinterpreting a girl's proposition.,[6],-0.4939
"i thought that i could have avoided the above situation (the one á in fear) if i had concentrated more on my work, which i hate.",[7],-0.8519
"when i passed the last exam, which i had doudts about.",[1],0.0
before i had a tooth pulled out. i was very upset and ill.,[2],-0.7146
when the real madrid football team lost against the inter in the á u.e.f.a cup.,[3],-0.3182
when my dog died. i had reared it for nearly three years. it á had been ill for several days and had not eaten anything. one á morning i found it dead.,[4],-0.8934
"on a trip to santander a child sitting beside me fell ill and á started to vomit, seeing this made me feel very bad.",[5],-0.7645
i fell down in the bus when it braked suddenly and everybody á started looking at me.,[6],0.0
"when i finished a test type of exam and did not dare to answer á any question, i doubted whether i would pass the exam or not.",[7],-0.2732
"when i was back home after a long time, meeting beloved people á and close friends.",[1],0.7506
when i heard about the treatment of a friend in jail. really á inhuman. i never realised that such things also happen in the á netherlands.,[5],0.4939
i cannot remember a situation in which i felt ashamed. i was á eating with some people and a little boy i took care of. i warned á him often not to knock down his glass of mild. when i took á out his chair i knocked down my own glass.,[6],-0.25
my mother always took my side. that brought about quarrels with á my father. i knew she didn't like that and i felt very sorry for á that.,[7],-0.4025
"when on holiday in greece i called my best friend, she told me á she passed the examinations and that she had been admitted to the á study for speech therapy.",[1],0.8885
"together with a little brother i biked on a lonely road in the á polder. then we were annoyed by a boy on a motorbike: he á took over, stopped, took over, etc. then we saw he had something á in his hand, we turned until we came across a man, who á accompanied us.",[2],-0.4215
we lived with 3 persons in the loft of a house. it often occurred á that other persons again and again climbed the stairs with much á noise. when i was studying i couldn't concentrate and got angry.,[3],-0.5106
"i partly colored my hair black. my mother didn't like it and á reproached me to be a \subversive element\"". later on she stated á|that this was due to my friends. as i see it, this all resulted á|from colouring my hair.""",[4],0.0232
"i was shopping in utrecht with friends, we also ate some chips á and snacks in a snackbar, then we saw a shabby fellow. he took a á cold half eaten croquette (a snack) from a rubbish bin and eat á it.",[5],0.4767
i had subscribed for this test. we were informed by our á secretary where the test took place. we went over there and thought á there was a course. so we went back again i felt ashamed that the á secretary again should see me.,[6],-0.4767
"i was out with a friend in a place where it was very, very busy. á when we wanted to go i bumped a person, who dropped his glass á beer i offered a new one but he didn't accept it.",[7],-0.1719
"it appeared that i gave correct answers to all questions during á an examination of personality while i thought i performed very á badly. even now, i don't know how i managed it.",[1],-0.5233
"my father was very angry with me, and i locked me up in the á shower. then my father knocked his fist through the door, i was á scared to death.",[2],-0.8858
"my sister borrowed some lp records for a party. she had left them á in the car on curatao. due to the heat they were crooked, so i á couldn't play them again.",[3],0.169
"when my grandmother died, her life was heavy and her last hours á were terrible.",[4],-0.7717
"when i watched tv and saw a performance of \prince\"" (a popidol). á|disgusting he'd better be a stallion.""",[5],0.4404
we had arranged a beach party with 20 people. there my father got á drunk i felt very ashamed.,[6],-0.4754
when i flew out to my mother and made rude remarks because i felt á so tense (studied too hard for an examination).,[7],-0.7591
"unofficially i was informed about my results of the final á examination of the secondary school. a teacher wrote them up for á me. when i went outside, i started crying with joy.",[1],0.1779
"i am thinking about death, the eternal of it, the unknown, the á sense of being here. often, laying in bed in the dark and quiet, á the fear makes me feel dizzy.",[2],-0.8402
"if they force me to eat something i don't like. for example, my á parents always twaddle and whine, when i don't eat all the food.",[3],-0.5588
"i had to leave den helder and all friends and acquaintences, á after having spend two weeks there with my friends.",[4],0.7184
"being on view in a meat-factory. pigs being cut open, pigs being á suspended from nods, blood everywhere, decompsition.",[5],-0.6369
"when i have suffered a terrible fit of eating, that frequently á occurs. then i eat everything, i act like a glutton i eat big á amounts of food, sometimes even half a loaf.",[6],-0.3182
when my father (physically handicapped) asks me to do something á and i raise several objections. often i can fix it in few á moments.,[7],0.0
when the parents of my girlfriend gave permission to spend our á holiday together.,[1],0.4019
when the relationship with my first girlfriend broke up and i á realized it too late.,[2],-0.4215
someone who always took care for the key of the sportshall stayed á away without letting us know. next time he did as if nothing had á happened.,[3],0.4939
when my last relation broke up.,[4],-0.4215
"when working in a chemical laundry, i saw rats and maggots in the á washing.",[5],0.0
when i forgot the birthday of my best friend and i innocently á came to visit her one week later.,[6],0.8689
"when i made love with a girl, which i don't really love. however á i know that she loves me.",[7],0.6503
when i passed the driving test (on the second try).,[1],0.0
"i was walking in the wood at night with my boyfriend. very á romantic. suddenly i heard a car driving very slowly with the á lights out, it looked as if they were looking for something.",[2],0.4549
i am a teacher in arts and crafts (boys from 15-16 years). for á them it is obligatory and they dislike it. they tease me. when one of á them cut up some material i flared up.,[3],-0.7184
my sister was in coma for 3 months (due to a train accident). now á her brainfunctions are disturbed. she will never be able to walk á and she can hardly talk.,[4],-0.6908
i lived together with my boyfriend. one night he stayed away and á next day he told me that he had chat up with another girl.,[5],0.0
"i talk too much, cannot keep things secret. i promised a friend á not to tell something to anybody. neverthless, i did, and she got á informed about it. i felt very ashamed.",[6],0.3197
my parents appreciate very much me and my boyfriend coming and á have dinner with them at christmas. however we decided to visit á his parents. my mother was rather disappointed.,[7],-0.1027
"when i started a relation with a girl, with whom i have fallen in á love already some time ago.",[1],0.4019
"once sitting in the cinema, i became very anxious (watching a á \cold\"" film). i do not know the reason.""",[2],-0.3167
"i work for a journal. once the lay-out came to nothing, due to á thoughtlessness of some colleagues.",[3],0.0
"my mother was stuck by an apoplectic fit, was hemi-paralyzed and á suffered an aphasia.",[4],-0.4019
each time i am confronted with reports about repression and á torture.,[5],-0.8074
i wrote a letter to my father to ventilate my bottled up á feelings. afterwards i thought it was too negative.,[6],-0.5719
i chatted up with a girl who i didn't love. she however was á fallen in love with me. i felt responsible for her sorrow.,[7],-0.4153
i felt very happy when i heard i had passed the examination to á move up to the second year course.,[1],0.6115
on a holiday in france i made a walk in the woods all alone and á very relaxed. then a motorbike took me over and i saw the man á watching all the time. suddenly the man stood behing me and i ran á away fast.,[2],0.6361
"i invited two friends. we should go out together. those two girls á kept talking about boys, chatting up etc. i bacame sick of it.",[3],-0.0516
"i felt very sad when my boyfriend wanted to break our á relationship. our relationship lasted two years, we shared á everything and all this was finished.",[4],-0.2484
"i broke an egg, with which there was something wrong, into a á little cup. there was a thick white \wad\"" in it. i tried to take á|it out and throw it in the sink.""",[5],-0.7096
"when i was 10 years old i stained our bench with a fountain-pen, á i tried to twin the cushions, but then there were colour nuances. á then my mother catched me, she saw it and became very angry.",[6],-0.7086
"i spend the night with my boyfriend, while there was also a á friend of his. we all lay on the floor to sleep. when my á boyfriend was fallen asleep the other boy and i started petting. á after 15 minutes i felt miserable and awoke my boyfriend to tell á him that.",[7],-0.3612
i liked to see off my aunt (from zaire) to the airport. that á appeared to be impossible because i had to go to school. for long á time i wasn't sure if i could accompany her. two days before the á departure they told me i was allowed to miss school.,[1],0.0613
"i went to the ballet lessons with a little friend in the dark. on á a very quiet place a boy approached us from behind and asked at á what time the lesson would be finished. i gave him an avoiding á answer, he took me up and wanted to run away with me.",[2],0.1298
i was sleeping nicely until in the middle of the night when i became á awake because a friend called me for some (in my opinion) á nonsens reason.,[3],0.7269
"my boyfriend with whom i had a longlasting relationship, fell in á love with another girl, then he asked me something which implied á that he loved that girl more than he loved me.",[4],0.9226
"on school, during a fancy fair, there was a stand of amnesty á international. there i read (for the first time) a description of á the tortures of a woman, what they did to her.",[5],-0.296
a friend catched me while masturbating. i am not fully sure á whether she saw it or not.,[6],0.255
when i was 4-5 years old my mother gave me some parts of a á chocolate bar and ordered me to bring it to my father working á outside. on my way i could not resist the temptation and ate it á myself.,[7],0.0
"when i had to undergo the final examination of secondary school, á i lived together with a girlfriend. we both were afraid to fail, á but it appeard that we both had passed.",[1],-0.3071
"when i had left my home, my father, under false pretences, got me á in his car and drove home where we were all alone. he was seethed á with rage because i withrew from his authority. he hit me, kicked á me and threatened me.",[2],-0.8074
"when my father took away my cherised diaries to burn them (i was á also very sad) \oh, how i hated him\"".""",[3],-0.8221
"i felt very sad when i left home because i could not stand it any á longer. i do not regret it, but i missed my little sister very á much (and she missed me). these feelings wear off over time.",[4],-0.7295
"a friend and a girlfriend went to rome for 10 days with their á class. when they were back home i heard people tell \strange\"" á|stories about my friend and that girlfriend.""",[5],0.6808
"when my mother found a leaf of my diary where i had written about á my mother's lack of education, especially her poor arithmetical á insight.",[6],-0.6887
"very often i take care for my little sister and oversee her á duties. most of the time everything went fine, but sometimes she á absolutely didn't want to obey; then i hit her (we frequently á were hit by our father).",[7],0.19
passing my driver's examination (after two failures).,[1],-0.4588
when i was six years old we were on holiday in france. there was á very heavy weather then.,[2],0.4019
"a quarrel with my mother because i thought she said very á unreasonable things about me, that hit me strongly.",[3],0.2732
the disease and subsequent death of a close acquaintance. sadness á was accompanied with feelings of powerlessness (i also á experienced sadness in the situation described under guilt).,[4],-0.8957
when i take a look into a slaughter-house and when listening to á stories about torturing people or animals.,[5],-0.6124
"making bloopers: e.g. telling something negative about a certain á person, while that person is standing besides you and hears á everything.",[6],-0.3818
"i wanted to finish a relationship after 3 months. unfortunately á my friend had a different opinion. i could not answer his á feelings this made him unhappy, and me feel guilty.",[7],-0.5859
"when a friend of mine had her period, while thinking she was á pregnant.",[1],0.4939
fear to come and live in nijmegen.,[2],-0.4939
when the coach of our team degraded me to the second team.,[3],-0.4215
when a friend died.,[4],-0.1027
when i saw a documentary film about world war ii (about hitler á and his adepts).,[5],-0.5994
"when i embarrassed a friend by asking him aloud if a certain á person was \the source of gossip\"" he told me about, while that á|person was also present.""",[6],0.2732
"when i realised that i had rejected a boy, who was fallen in love á with me, rather bluntly four times.",[7],-0.1531
"spending the nitht with close friends, after being away (out of á nijmegen) for a while.",[1],0.4767
"just before i started my study i had to move, i was very afraid á to be left alone and that i could not manage it.",[2],-0.25
"when anybody wants to make me feel guilty. for example: i should á do something for my mother, but things didn't go as she hoped. á then she threatens: i'll do it myself.",[3],-0.2263
"when a close friend took leave of me, because she went to israel á for one year.",[4],0.4588
i wanted to take something from under my bed. while doing this i á felt a dead bird laying under my bed.,[5],-0.6486
"i stayed at home for a period because i felt depressive and i á neglected my study when people adked me, i told them that i had á freeterm and studied hard. i felt ashamed for my behavior and á lies.",[6],-0.9062
"after a quarrel with my mother in which matters were \inflated\"" á|enormously.""",[7],0.0258
"a fellow player, quite unexpectedly, scores a goal, which means a á draw.",[1],0.0
"in college, i started a discussion with the teacher referring to á a question i posed. i felt very unsure and i was afraid to fail.",[2],-0.6997
"while playing indoor-hockey, there always is an older man who á frequently and intentionally plays the ball out of the field. in á my opinion this is very childish, because we play for fun only.",[3],0.719
"i was together with my family one night, a few days after my á father had died, during that conversation i expressed my á displeasure because nobody understands me.",[4],-0.5574
"salo, a movie film by pasolini. people were misused and tortured á for the fun of a few elder italian authorities, during world war á ii.",[5],-0.6369
"i was jerking me off in my bedroom, when suddenly, my mother came á in. she looked at me and immediately left the room.",[6],0.0
my girlfriend and i agreed to go to the cinema. however i á completely forgot our appointment. i remembered it two hours á too late when i went to visit her.,[7],0.2732
when my boyfriend once again told me that he loved me after a á period in which he felt very depressive.,[1],0.2516
"i was walking alone in the street late at night (2.30 am). it was á very quiet. then a man approached me and said \hello\"".""",[2],-0.25
"when, late at night, i discovered that they had stolen my bike.",[3],-0.4939
"when a friend, after being free of drugs for half a year, started á using them again.á",[4],0.7579
"in a disco, there was a dirty little chap who punched my bottom.",[5],-0.4404
when a friend who comes visiting me unexpectedly asks for coffee á and i refuse to give him this.,[3],0.25
watching a football game. this remindes me of the time when my á father was still alive and when we watched football games on tv á together.,[4],0.3818
seeing someone who has bleeding nose.,[5],0.0
asking someone to give me back the money i once lend him because á i needed it myself.,[6],0.0
when i tell someone no. in other words when i refuse to do á something although i could have helped him.,[7],-0.296
when i got a good grade for an exam in statistics.,[1],0.4404
"one night at three o'clock i was followed by a cardriver, who á tried to molest me.",[2],-0.4767
my father promised me a bicycle for my birthday. just before my á birthday he forgot he promised this to me.,[3],0.6124
a younger brother of a good friend of mine died (asthma).,[4],0.3612
i read a book about torture. the book described exactly how the á torturing was done.,[5],-0.836
i made a joke about the rat of a boy. i compared his rat with a á sausage. i told the boy he had a delicious sausage.,[6],0.7096
after a courtship of three months i made an end to it. the boy á was very sad about this.,[7],-0.5256
i had a very pleasant conversation with one of my friends.,[1],0.7713
i had a dream about my fiancte leaving me and making an end to á our relation.,[2],0.25
my bicycle was demolished.,[3],0.0
"during the funeral of my grandmother, when i saw my mother and á other family members crying.",[4],-0.6808
a fellow student who seemed very nice later on proved to be a á slimy fellow towards a professor.,[5],0.4754
my father was very angry with another man in the presence of my á friends.,[6],-0.1263
i once drank too much alcohol and became very ill. this was in the á presence of my friends.,[7],0.0018
this week i was phoned by an old friend with whom i lost contact á a few years ago.,[1],0.2263
i was raped by a friend.,[2],-0.34
"last year i had a friend visiting me for several days. the only á thing he did was sleeping, drinking, taking pills and thinking á only about himself.",[3],0.4939
"my girlfriend does practice and therefore leaves me alone at á night and in the weekend. in addition, she is very busy doing á several things. so we don't see each other often.",[3],-0.25
"my father suddenly fell ill. he stayed for 3 months in the á hospital: the last month on intensive care of the academic á hospital, then he died.",[4],-0.4939
"bisshop ter schure intoduced himself on tv to the dutch nation. á he spoke as if he was god himself, and didn't discuss the way he á had achieved this position.",[5],0.2732
after having failed my driving test.,[6],-0.5106
"when i see that my mother forces my little brother (15 years) to á work very hard for school. i don't agree that she constantly puts á him to work, but i don't tell it to her, so nothing changes.",[7],-0.2267
"i thought that someone was angry with me but, by hindsight, that á didn't appear to be the case, he even liked me.",[1],0.3716
"once, late at night, i was biking home and overtook a man. he á said to me \hello darling\"" i was terrified and imagined the á|wildest scenes.""",[2],-0.0516
"my parents thought that i didn't do my best to pass the final á examination (secondary school). when i achieved a good grade they á said nothing, but if i had had a bad grade they would have become á very angry.",[3],-0.8973
when i caused much pain and sorrow to my boyfriend by finishing á our relationship.,[4],-0.7717
"when i read about or think about environmental pollution, the á armor race, starvation, etc. then one realizes that mankind is á bad, most important is power and money, at the cost of nature and á mankind.",[5],-0.3415
when i imitated a teacher behind his back - walking very silly.,[6],0.101
i told someone that i still had a relationship with a boy á although it was finished already 3 months before. that person á seriously discussed several things relating that issue. then i á felt very miserable because i had told lies.,[7],-0.7902
a meeting and a conversation with a woman (somewhat elder than á me) who considers me as her child (she also has one child of her á own). last two years i lived with her (no relationship).,[1],0.0
"as a child i suffered of nightmares. even since than, i have á never been so anxious and fearful.",[2],-0.8511
"when talking with my sister, she often ventilates prejudices, á which my father also adheres.",[3],-0.4215
"i was in a hopeless situation in a dirty place. no study, no á work, only loneliness.",[4],-0.8407
"it is very difficult to relate it to a certain event. i am á familiar with the disgust of sartre (la nauste), a frequently á occurring cause may be described as \the self-assured dullness\"".""",[5],-0.7902
"recently, i left my bag in the car of someone who picked me up á while hitch-hiking. i spent some effort to find out where he á lived (i succeeded).",[6],0.4215
"in biarritz (the south of france) i met some english students á who, especially for me, went to paris and gave me food, while i á didn't have any more money.",[7],0.0
"when i passed the driving test already on the first try, although á i felt more and more uncertain as the day came near.",[1],-0.4131
"when my father suffered with dizziness. he had to be á hospitalized, because the physician didn't know what was wrong. á because his stools were black, i thought it could be cancer.",[2],-0.8934
"when i arranged our holiday in paris, and my girlfriend raised á criticisms all the time.",[3],0.2023
"when it suddenly appeared that our dog was dangerously ill and á probably would die. we had not expected this because he á was always very healthy. fortunately he survived because we, in turn, á gave him medicines during the night.",[4],-0.5279
"when a girl in my class (on the secondary school) appeased the á teacher, resulting in getting a higher grade. this occurred often á with her.",[5],0.2263
when i arrived too late at a meeting of mentor (the night before á the introduction of novices on the university start).,[6],0.0
"when my father told me that i should help my mother more often, á because she was so busy. and i realized that he was right.",[7],0.4019
"passing an examination, although i felt sure i had failed.",[1],-0.25
"i lived in a student-house, where you shared the lavatory and á shower with a fellow student. the shower cubicle formed the á connection between both appartments. my neighbour very often was á drunk and aggressive. one night, i was afraid that he would enter á my room.",[2],-0.1531
"i suffer from a disease of my muscles. therefore, i am only able á to attend lectures for half a day. so, sometimes i miss á obligatory lectures. however, the teachers do not take into á account my disease, and punish me with detention work, resulting in á an overload.",[3],-0.91
"i suffer form a disease of my muscles. however, i cannot talk á about it and my feelings, the consequence with my parents. they á try to repress it.",[4],-0.7096
"grandfather lives in a home for the elderly. he always looks á forward to visits. on his birthday (by coincidence it was on á \mummy's day\"") however, nobody went to see him. is the own family á|more important than grandfather ?""",[5],0.2023
"going out for dinner, or during one ice-cream and four spoons.",[6],0.0
i borrowed a piece of music of someone and i always forgot to á give it back. that person wrote me a letter asking me to give it á back. i did so and i told him an idle story why i kept it for so á long.,[7],0.0
when armed robbers broke into our house at night.,[2],-0.4215
when a pick-pocket robbed me of my money (k20) while i was á buying bathing soap.,[3],0.0
when i failed the grade seven examination.,[4],-0.5106
when my friend who was drunk insulted me in public for no reason at á all.,[5],-0.5719
when i tried to steal a book from the bookshop and was caught.,[6],-0.4939
when i was caught with another man's wife. i had taken the á opportuinty as this man was abroad but he returned that night.,[7],0.0
the day i learnt that i had been admitted to the university.,[1],0.1027
"when i had gone for a boxing tournament which ended at 2 o'clock á in the morning. i was alone on my way back, and i could hear the á barking of the dogs, the nocturnal animals and the sound of my á own footsteps. there had been a rumour circulating that there á were ghosts in that area.",[2],-0.25
"in 1983 a sadist provoked my sister in my presence. he tried á to force my sister into accompanying him to his place, but my á sister did not agree and so she was kicked and she fell down. á there was a fight.",[3],-0.766
"when my father passed away in 1978. i was left alone with my á mother who was very sick so i had to go and live with my aunt, who á is very short tempered, till my mother was discharged from the á hospital.",[4],-0.6801
when i learnt that my best friend had failed the exams.,[5],0.6249
i broke my friend's badminton racket and she kept quiet about it.,[7],-0.4215
"\boy, you have been admitted to the medicine school and your á|uncle is coming back fron canada next week,\"" my father told me á|and it was a happy moment.""",[1],0.6249
i was in form five at the boarding school and my friends and i á had gone drinknig beer in the nearby village. and we were caught á red handed there by a form master.,[2],0.4767
when my mother quarrelled with my aunt over me.,[3],0.0
my elder brother had been expelled from college and he was so á frustated that he attempted suicide - he drank bottle fragments. á i was very sad when i learnt this.,[4],-0.8718
"i found out accidentaly that while my uncle was away in canada, my á aunt had been bedding a young man on a regular basis.",[5],0.0
it was during a school holiday - i was found necking a girl in my á room by my father.,[6],0.4019
i was in grade seven and my class was planning a protest against á a rude and immoral teacher. i sneaked out and told the á headmaster about it and so the plan was foiled.,[7],-0.7906
"i won the first prize at the science fair, the first of the kind á at school and i was only in form ii then.",[1],0.9136
a close relative of mine died in a serious car accident. i was á one of the first two people to see the corpse and i had to do it. á before going in to see it i was afraid as it was the first time á that i was seeing a corpse.,[2],-0.9371
my younger brother destroyed and gave away some of the books that á i had intended to keep for as long as possible.,[3],-0.4939
"when a close relative of mine passed away, it was the first time á that someone so close to me had died.",[4],-0.5574
a person whom i thought to be honest took and spend the little á money that i had and i had no way of getting any money in the á few following months.,[5],0.2732
"while watching a religious film, i got very excited and made a á number of comments which were reproached to me by an elderly á person who respected me.",[6],0.7264
i beat up a female friend after i heard the defamatory stories that á she had been telling. i was later called to explain my á behaviour.,[7],0.4939
"my 21st birthday celebration, when i cut the cake and received á the presents.",[1],-0.2732
before one of my final exams of the third year - natural á sciences.,[2],0.3612
when some seniors tried to scold and insult some juniors on á account of what the juniors were supposed to have said at á secondary school.,[3],-0.7184
"when an uncle of mine, who was close to me, passed away after á having had a stroke, before his first daughter could be named.",[4],0.0
when my sister's boyfriend accused her of having been sleeping around.,[5],-0.296
when i could not hold my bladder while making a telephone call á and ended up wetting myself.,[6],0.0
when i was made to feel responsible for the emotional state a friend of á mine was in.,[7],0.7269
my fianct left me for my best friend.,[4],0.8126
people who discriminate other people disgust me.,[5],-0.5994
"on new years eve i drank too much alcohol, so much that i had to á vomit in the presence of other people.",[6],0.0
i have cut loose from my father a few years ago. i know he is á very sad about this.,[7],-0.7778
a recurrent lovesickness.,[1],0.0
i was sexually assaulted one night by a stranger.,[2],-0.5267
meddlesomeness of my mother about the way i live. she thinks i am á to free in my behavior for instance when a boyfriend stays the á night.,[3],0.5106
the dying of a close member of the family.,[4],0.0
"seeing maltreated, dead animals.",[5],-0.6486
a much older man took advantage of me during my childhood (four á to eight years of age).,[6],0.25
"when my friend needed my help very much and i, at that moment, made á an end to our relationship.",[7],0.7096
when i passed a very important exam.,[1],0.2716
when a man rang the doorbell and wanted to enter the house with á violence. i was alone at home that moment.,[2],-0.7269
"a friend came to visit me late one night. he promised to stay á only a quarter of an hour, but he stayed 5 hours !! he didn't á leave and i was very angry.",[3],-0.527
"i had to terminate a training because i wasn't suited for it. i á was very sad about this, because i very much wanted to finish á that training.",[4],-0.5256
during my birthday party a friend drank too much alcohol. so much á that he had to throw up. worst of all was that he couldn't leave á my friend alone and that he was molesting her.,[5],-0.166
i tried to swindle a jeweller because my watch was broken and i á wanted to have it repaired it was a pity but they detected it.,[6],-0.5927
"someone had to do a lot of efforts to make something work. with á my help he would have finished much sooner, but i wasn't in the á mood to help him.",[7],0.6597
i went to visit friends and it was very companionable.,[1],0.4767
"i wanted to get in contact with a girl i loved, but i was afraid á she would refuse me.",[2],-0.09
during military service a superior reproached me unjustly. this á led to friction in a lot of situations.,[3],0.5423
disappointed love. the girl made an end to our relationship while á i thought she was in love with me.,[4],0.743
during military service i heard the story of someone who tried to á commit suicide and as a result of this got a week custody.,[5],-0.5106
i thought of myself as being clumsy when i made love for the á first time with a girl.,[6],0.6369
a friend of mine had a bicycle-accident because i pulled at his á handlebar.,[7],0.4939
sitting alone in a quiet room concentrating on things happening á around me which pleases me.,[1],0.1779
"sitting alone in a quiet room, concetrating on things happening á around you. thoughts come into my mind which make me afraid.",[2],-0.25
when a teacher tells a story which isn't true. it only reflects á his way of interpreting reality.,[3],-0.3252
i have high expectations for my future but if i pursue the á subject in this manner i will not attain this.,[4],0.0
i heard a broadcasting programme about parapsychology. the people á in this programme used very difficult words which i couldn't á understand. they acted exaggerated without showing any feeling.,[5],-0.5519
a girl asked me why i didn't dance. i told her i was ashamed to á dance. i felt myself ashamed having to tell her this.,[6],-0.7351
i saved up money for a good purpose. as i also have to organise a á party i am afraid there will rest only a little money for the á good purpose i feel guilty about this.,[7],0.8176
my sister and brother in law returned from sri lanka where they á adopted a child. i went to pick them up at the airport.,[1],0.0
during a football game i made an offence towards an acquaintance. á later on this acquaintance also tackeled me and the game became á very rude.,[2],-0.6697
i work at a petrol station. when there is a foreigner who wants á petrol my collegues treat him very impolite.,[3],-0.0498
"an uncle of mine who just retired, having worked hard all his á life, got a cerebral hemorrhage.",[4],-0.1027
a student who lives in the same house where i live is an alcoholic. he á tries to manipulate other people with his money when he has drunk á too much.,[5],-0.34
when i went to a disco with a friend i started behaving badly á embarrassing him without reason.,[6],-0.3612
"when i talked to another student about the notes she got last á semester, not knowing that she got a lot of bad grades.",[7],-0.5423
when i got my drivers licence.,[1],0.0
when i stayed alone in a house in great brittain and there was a á lot of rumour in the newspaper about a murderer still being free.,[2],0.2023
the stories about the way my grandmother treated my mother.,[3],0.0
when my mother was proved to suffer from a very serious disease.,[4],-0.624
the stories about my aunt who was beaten and humiliated by my á uncle.,[5],-0.6369
"i omitted to do a favor to a friend, while he was very much in á need for help.",[6],0.8225
when i had a little accident with my boss'car.,[7],-0.4228
every year during carnival i am very joyful i have an intense á feeling of happiness then.,[1],0.8622
the only event i can remember is having a nightmare when i was á very young (3 years old) i dreamt about a machine which was going á to crush me.,[2],-0.1531
i am usually angry at myself. this happens often. for instace á when i want to pet without falling in love and it soon proves á that i have fallen in love with him.,[3],-0.498
losing a boyfriend for the second time to my friend. he fell in á love with her. the same thing happened a few months earlier with á another boyfriend.,[4],0.7003
there is a person whom i disgust. evrey time i see her i get this á terrible feeling i disgust her whole appearance.,[5],-0.886
when i am angry at someone without a good reason. later on it á proves that he didn't do anything wrong.,[6],-0.4857
my mother always evokes feelings of guilt in me. for instance á when i miss the last bus i know she will be concerned for me and á stay awake till i arrive.,[7],-0.4019
when i came again in contact with a girl i liked very much. and á most important she also liked me.,[1],0.7713
do not remember.,[2],0.0
after a hard day at the university i also had to make dinner that á evening. it failed because of a frying pan which broke.,[3],-0.7579
when my father had a cerebral hemorrhage.,[4],0.0
a story i heard recently about a baby dying after sexual á abuse.,[5],-0.6369
during a party i overheard a conversation about china. when i á wanted to give my opinion one of the people came out to be chinese á and his opinion was right of course.,[6],0.4019
when i didn't bring my girlfriend home one night. later she told á me that a cardriver solicited her.,[7],0.0
when an old schoolfriend phoned me to arrange an appointment to á talk about old memories. i hadn't seen him for 8 years.,[1],0.0
standing in a crowed shop or in a closed room with too much á people in it. this gives me a fearful experience.,[2],-0.4939
my older brother who gives me unwanted advices about problems in á my relationship with my girlfriend.,[3],-0.5574
my girlfriend left the house in which we lived together a few á months ago. this made me very sad.,[4],-0.5256
"when my parents behave very \witty\"" towards me, they make insipid á|jokes about which they laugh. or my mother who treats me like a á|little child.""",[5],0.4767
making an unexpected talk with a professor in the canteen. this á made me shy.,[6],-0.25
"flirting with other girls while i already had a very good á relationship. when there are problems in my relationship, the á flirting increases as does the feeling of guilt.",[7],0.3597
"occurs frequently. a recent experience: when going out with many á friends, nice music, after the examinations, i felt so happy i á could have embraced everybody.",[1],0.892
"i lived alone in a repulsive area in the city of rotterdam. i was á annoyed, heard a lot of burglary and assaults. especially in the evening á and the night i frequently felt anxious.",[2],-0.8442
being treated unfairly and being hurt by someone i love.,[3],0.2023
"when i finished a relation after four years, leading to much á sorrow for the other one and myself (\although it was the best á|solution\"").""",[4],0.2023
"every time i meet a certain person. we cannot get on well á together, we dislike each other.",[5],-0.3213
when coming up for trial because of shop lifting.,[6],0.0
being catched when stealing.,[7],-0.5719
i fell over head and ears in love with someone who appeared to be á in love with me. it made me so happy that i could hardly sleep á and eat for one week.,[1],0.9342
one night i had to bike home all alone after a party. then i á found out that i was pursued by a man in a car.,[2],0.1779
"i had a quarrel with my father, because i was of the opinion that á he decided in an authoritarian way which tv program we should á watch. i became very angry and started throwing things through á the room.",[3],-0.5563
"my boyfriend finished our relationship when i started studying á psychology in nijegen, because then we would not be able to meet á frequently anymore.",[4],0.0
"a friend had a quarrel with the mother of her boyfriend because á she and her friend decided to go and live together. she needed á money for removal, then she made a great effort to reconcile.",[5],0.8885
"i was catched when, as a little girl, i played tricks. i was very á startled then and wet my pants.",[6],-0.088
"i was of the opinion that 12.00 pm was too early to be back at á home after going out, so i stayed away longer, knowing that my á mother would be worried.",[7],-0.296
i was called and invited to have a talk about a job i wanted to have.,[1],0.0
once late at night (around midnight) a person asked me to give á him a lift. he suddenly tried to attack me but i could escape. á after this he followed me for a little while.,[2],-0.0
there was a lot of irritation between me and a person who lives á in the same house where i live. suddenly it became too much for me and i á accused him of several things.,[3],-0.6705
the end of a relationship (after 4 years) by doing this i hurt á the other person very much.,[4],-0.5267
i saw a terrible accident in which the driver of a motor was á thrown through the frontwindow of a car. his face was completely á away.,[5],-0.7351
i am troubled by hair growing in my neck. i was troubled by this á for a long time and was much ashamed when someone brought his/her á hands close to my face.,[6],-0.8126
against the will and without the approval of my parents i went á for a few days to my boyfriend in germany.,[7],-0.3724
when a friend of me came for an unexpected visit.,[1],0.4939
when i thought the house was on fire at night.,[2],-0.34
when i was at an official meeting i asked a question to a person. á his response was not directed at me but at the chairman.,[3],0.0
when the mother of a good friend of mine died.,[4],0.3612
a teacher was very blunt in his relation to a child so that the á child was very upset when arriving at home.,[5],-0.4391
i was very angry at someone.,[6],-0.5563
that i didn't take the time to make an appointment with someone.,[7],0.0
after i saw my family and good friends back after staying one á year in a foreign country.,[1],0.7184
when a good friend of mine behaved in a very cool manner to me á for a very long time.,[2],0.8268
i was in the library of medical psychology and walked into the á wrong direction. a man who came out of a room threated me very á denigrating and i became very angry in a resisting manner.,[3],-0.7713
a good friend of mine died. during the funeral i felt an intense á feeling of sadness.,[4],-0.2732
when an uncle of mine who is very ill started to cough wich á sounded very dirty. (he can't help it of course).,[5],-0.8198
at christmas night there was a good movie on television which i á wanted to see for years. i was whining about it till someone told á me it was very childish. then i felt shame.,[6],-0.5563
a good friend of mine who is at the moment in a foreign country. á i didn't write her for several months and now i feel guilty.,[7],0.5106
when i go out with my friend with enough money and good sense to á our favorite dancing.,[1],0.8442
when going out i am threatened regularly by two punk-girls.,[2],-0.4588
a friend started to shout at me. he called me an old frump.,[3],0.4939
my relationship with a boyfriend was finished and i didn't á succeed a years-course.,[4],-0.3875
my father is someone i disgust. so when he comes close to me á a feeling of disgust overwhelms me. when i stay a week-end at my á parent's place i will remember it for long time.,[5],-0.8442
after a party in which i made love with a boy in public. later on á i heard that others were talking about me and called me a slut.,[6],0.4767
"when i got associated with a boy one year ago, i neglected my á best friend. when the relation with this boy finished she behaved á very easy-going towards me. i felt guilty then.",[7],0.296
when i made the winning goal during a very important football á game.,[1],0.6697
a terrible cloud-burst started when we were camping in a tent on á a great bald field.,[2],0.25
"seeing for the first time pictures about the so called á \treatment\"" of jewish people in nazi-germany during world war ii.""",[3],-0.5994
the death of my mother-in-law after a long sick-bed. at the á moment of dying i was with her.,[4],-0.5994
i was looking at a one-man show on television. he told very á disgusting things so that i started to be disgusted with it. á (later on it proved that this was his intention).,[5],-0.7951
i was drinking a glass of wine and eating something when there á suddenly appeared pictures about the famine in some parts of á africa.,[6],0.0
when i don't go to my parents on sunday and phone them to tell á them that i have to study. the truth is that i listened to sports á on the radio.,[7],0.3182
when it appeared that i was not pregnant when i was several weeks á overtime.,[1],0.0
the same situation as with sadness. i was afraid about what my á parents would further do to distroy my relationship.,[2],-0.4404
once again my parents distroyed a relationship.,[3],0.0
i had this feeling when my parents distroyed a relationship with á a boy because they thought he was bad and irresponsible.,[4],-0.698
after the accident which i described in shame. i came to myself á and saw how terrible everything looked like. i disgusted myself á and everything i saw.,[5],-0.8807
a sudden end to the relationship with my first girlfriend.,[4],0.0
i heard part of a conversation in which one talked very low about á women.,[5],-0.3384
"in an important situation for me, my father behaved inadequately.",[6],-0.0516
when i took the car of someone without saying it to him.,[7],0.0
i felt joy when i heard that i was accepted for the free á university in driebergen.,[1],0.8481
when a good friend of me told me one evening that she didn't want á to live anymore.,[2],0.7076
"i felt anger when at the end of a telephone call, a good friend á told me that she would go to travel next year with another good á friend. we couldn't talk this out.",[3],0.8176
i was very sad when i had to leave persons with whom i had a very á intense relationship i also had to leave the environment which á was part of this.,[4],-0.4964
i felt disgust after watching a picture on television about á torturing political prisoners in india (this happened in the á india of indira ghandi).,[5],-0.9042
i made a very insulting remark against a person whom i care for á very much. this event was caused by a third person who didn't á like the person i insulted.,[6],-0.6911
i felt guilt towards my mother when i went to live on rooms in á nijmegen where i study.,[7],-0.2732
when my boyfriend and i went out for a dinner and subsequently á went to his family. we had a very nice evening.,[1],0.4754
when i walk through streets late at night. this is because i and á my friends were attacked one night without any reason for it.,[2],0.0258
when i got the feeling that i had to do all the housekeeping á while my boyfriend didn't do anything. this happened in a period á of exams when i had to study very hard.,[3],-0.0498
when my best friend got a boyfriend. because of this a á relationship of ten years was finished abruptely.,[4],0.8126
i feel disgust when hearing or seeing other people being treated á inhumanely. for example torturing in chili.,[5],-0.836
in my opinion guilt is a feeling which goes together with shame. á here then i refer to the situation of guilt.,[6],-0.7003
when i became angry at my boyfriend without any reason. i know he á cannot bear me being angry at him and that he can't study anymore á then.,[7],-0.765
the day i heard that i passed the high school exam.,[1],0.0
"i was living in rooms in a very lonely, quiet neigbourhood. á during the night it was very silent and this frightened me. the á fact of being alone in that house frightened me.",[2],-0.877
we had to move to a very different city because the company where á my father worked also moved to that place. it was very difficult á for me to make new friends than.,[3],0.079
a very close friend of mine died. i read it in the newspaper. i á didn't know what to do and thought about it the whole day.,[4],-0.0314
a girl who also hires a room in the house where i live always á tries to make a quarrel with everyone available she disgusts me.,[5],-0.4767
a teacher spent a lot of time helping me without wanting to be á paid for it. for the exam i didn't got a good grade and i felt á ashamed.,[6],-0.5116
i knew i had to take an exam very soon but yet i couldn't start á studying. i also knew it was very imprtant to succeed the exam á this time.,[7],0.6903
"when christmas holiday started, i felt very joyful when i á finished my last exam.",[1],0.7841
i was raped once when i went through a dark alley at the back of á our house. the man pushed me in the bushes. i fought back and á succeeded to escape.,[2],-0.5267
i was very angry at my father when he didn't give me as much á money as my brother to use for studying. once again my brother á was better off then me.,[3],-0.1761
when my gradmother died. i felt very sad then ... the feeling á started to be worse after a while.,[4],-0.8622
when i ate a rotten apple.,[5],-0.5106
when i didn't meet an appointment i had made. the person phoned á me but i thought of something (i told i was ill) so that i didn't á have to go.,[6],-0.5719
when i have to take exams i am very excited and have not much á time for the housekeeping. then my friend has to do everything.,[7],0.7089
my boyfriend was playing with my cat. he was playing games with her á and telling nice things to her.,[1],0.6597
when i slept for the first time all alone in the house where i á live now. a man phoned me at 2.00 am. he wanted something from á me. i was afraid.,[2],-0.25
my boyfriend told me that i had very high demands towards him. in á my opinion this was wrong.,[3],-0.4767
"i hadn't been at my parent's place for a long time. when i went to á visit them i had high expectations, but when i was there it was á very different from what i expected.",[4],0.0
i read a story in the newspaper about butchers treating their á animals very badly. they disgusted me.,[5],-0.7939
"i was eating in a very nice restaurant, when the servant asked á whether i liked the food i told him that i liked it but that á there was one thing which wasn't so good. the servant than worked á very hard to make it good.",[6],0.3847
a few weeks ago i thought about an exam i had to take soon. i á remembered this just before i had to go to sleep. i felt guilt á because at the beginning of the year i planned to succeed.,[7],0.2732
during my high school time i succeeded to play a concert of á mozart on the piano when i gave my first performance i succeeded á to play it very well.,[1],0.8955
"when a car ran into me. the moment that i felt on the street i á thought \this is my end, i am going to die\"".""",[2],-0.5994
when our cat was killed in a car-accident i was very angry at the á driver of the car because he didn't take enough care.,[3],-0.8938
"there is a boy who i love very much. i asked him to have dinner á with me, but he refused i don't know why he didn't go with me, á but i felt very lonely.",[4],-0.598
i saw a dog who was eating excrements.,[5],0.0
during my highschool time i was chairman of the student's á comitee. in this function i once had to make a speech to a large á audience and i was very nervous. after three sentences i forgot á my text.,[6],-0.2944
"during a holiday in east-germany i got aquainted with a boy who á lived there. we started writing, but i only wrote once. i felt á ashamed because i probably was one of his sparse contacts with á western europe.",[7],-0.5106
when i saw a good friend again after not having seen her for a á long time.,[1],0.7269
when i slipped on a glazed frost road and a car almost ran into á me.,[2],0.0
when people without my permission pry in my belongings and take á things out of it.,[3],0.0
when i noticed that my parents were not in such a prosperity as á most people in my surroundings.,[4],0.0
seeing a pornographic movie in which animals were used.,[5],0.0
when i went for the first time in my life to a nudist-beach.,[6],0.0
i was caught sneaking sweets.,[7],0.4939
when i went to visit a friend in the hospital. she had to undergo á an operation for rupture. i was glad to hear that the operation á succeeded and that she was relieved of her pain.,[1],0.8074
"i had an appointment with a good friend. he came 3 hours later á than we agreed upon. during the last hour of waiting i was afraid á something might had happened, because usally he is in time.",[2],0.802
i worked together with another student on a computer-assignment. á she didn't do her best and didn't prepare herself for it. she á expected me to explain it to her.,[3],-0.5216
i had a quarrel with a good friend about the fact that i didn't á pay her a visit when she expected me to come. hereafter i was á very sad because it became a real quarrel.,[4],0.4594
i was hitch-hiking when a man stopped and gave me a lift to á nijmegen. during the ride he asked me whether i was in for fun. á the man was fat and tatooed.,[5],0.34
i forgot something i agreed upon with a good friend.,[6],0.802
"i became very angry with my friend because he didn't do shopping, á while we agreed on him doing this. my being angry was proved to be á without reason and i felt guilty about it.",[7],-0.659
when i got the positive result of my examination to achieve the á bachelor degree in plychology.,[1],0.5574
when i was 12 years old i frequently was pursued by others and á got sound thrashes.,[2],0.0
"my girlfriend one day went out and promised to be back at 6.00 pm á however she first arrived at 10.00 pm, without a message (we had á to go out that evening).",[3],0.3612
when my girlfriend decided to finish our relation.,[4],0.0
when once again i drank too much and felt very rotten the morning á after.,[5],-0.5563
when i overslept for the second time on the day i had an á examination.,[6],0.0
"when having a relationship, i made love with another girl.",[7],0.6369
when the girl with whom i am in love smiles at me.,[1],0.8074
when biking and i felt very bad (problems with heart and á respiration).,[2],-0.376
"when a discussion resulted in an insult, which in my opinion, was á not justified.",[3],-0.6765
when i realized that it did not make much sense to start a á relationship with a girl who was not very constructive to á establish a firm relationship.,[4],0.0
when i had to finish those big amounts of homework in time.,[5],0.0
"when i gave water to the plants of a friend. then one plant fell á over, and a little statue broke. i, of course, had to tell him á everything.",[6],0.1725
when i had broken a piece of glass of the refrigerator by putting á a hot pan in it.,[7],-0.4767
on my birthday when several good friends came to visit me.,[1],0.7184
i went to the apartment of my boyfriend and saw some people á before his door. i thought that something had happened.,[2],0.0
"my father called me (behind my mother's back) and told me that my á mother disapproved my behavior in the weekend. however, he didn't á tell me the details and left me with unanswered questions.",[3],0.0
"i felt very lonely, was very dissatisfied with myself when i á realised that i could feel very jealous of other women because á of my boyfriend.",[4],-0.8393
"a scene in a film in which one man repressed another one. by á concidence, their position was reversed. the other man was á repressed in an identical way as he did before.",[5],-0.5574
when i do not succeed in making myself clear to other people. á when they do not understand what i say.,[6],-0.0072
after the death of a girl who i disliked.,[7],-0.765
"i felt joyful when my boyfriend met me at the station, while at á first he had said that he would not do that.",[1],0.5994
"i was very startled when, at night at 2.00 am, a boy approached á me and yelled \i fuck you\"", then however he stopped and laughed at á|me.""",[2],-0.5256
when someone does not listen to me after having asked me to á repeat what i said. this happened more than one time with the á same person.,[3],0.0
i felt very sad when i heard that a friend had committed suicide.,[4],-0.5563
one night i saw a man being knocked down by two other men. the á victim was kicked against his head.,[5],-0.2732
when i made acquaintance with the parents of my boyfriend for the á first time. they spoke limburgian (a dutch dialect) and one of my á first remarks was that i disliked limburgian dialect.,[6],-0.4019
when i cancelled an appointment with an idle story. afterwards á it appeared that the person had looked forward to it and reserved á time for it.,[7],-0.25
"for a few days i felt very miserable, distressed and listless, á with crying fits. when this was over i felt very happy, although á there was no special reason.",[1],-0.7867
"i was testing my new roller skates in the street, suddenly a dog á ran barking in my direction, very threatening. i was very á startled and terribly upset.",[2],-0.8973
"out on a weekend with a group of people, everybody felt irritated á because at night the music didn't stop in time. and at breakfast á my boyfriend ran away because we didn't agree with him. i felt á angry.",[3],-0.7595
recently i felt very sad without any reason. it lasted for a few á days. there was nothing i liked in that period.,[4],-0.6932
"someone told me a story of amnesty international: a boy was á killed and his head was put in the litter of his girlfriend. it á looked as if she was pregnant, then she died. it is disgusting, i á can hardly write it down.",[5],-0.91
i cried for 3 hours because i felt very miserable. then i called á my boyfriend and he said lovely things to me. after this feeling á disappeared i felt ashamed.,[6],-0.6876
yesterday my boyfriend and i wanted to play billiards. however á there were boys playing (5 times). my boyfriend then is fed up á and chagrined. in such case i think it is my fault.,[7],-0.2263
when my boyfriend and i experience something nice or when we have á made a nice walk together.,[1],0.6808
the weather is very bad (fog and slipperiness) the newcast á reports many traffic accidents and my boyfriend is driving home á and still has 60 kilometers to go.,[2],-0.7264
someone told me that he would stay at my home for one night. á therefore i made big efforts to make everything ok (food). one day á before he cancelled the appointment because he had to go to á church with his parents.,[3],0.0516
we had to take our cat to the vet for mercy killing (an á injection).,[4],-0.4404
"when people are eating unsavoury (smacking, belching, speaking á with food in their mouth, etc.).",[5],0.0
"a girl in our class was nicknamed \fatsy\"". later, i heard that á|she suffered from diabetes mellitus.""",[6],-0.4939
i made an appointment to pick up someone. however i arrived á too late and she had to wait a quarter of an hour.,[7],0.0
one night i had a very good conversation with two friends. i then á realized how worthy they were for me and how happy i was to á have them as friends.,[1],0.9432
in the morning just before going to the dentist.,[2],0.0
when a very close friend with whom i have a very intimate and á bodily relationship (he had a girlfriend) started to avoid me and á didn't want to talk to me any more.,[3],0.2631
when a good friend with whom i had an intimate relationship made á clear that he didn't want to continue in the same way. he choose á his girlfriend (also a friend of mine).,[4],0.8928
when i made love with someone who i didn't really love. sometimes á i even considered him unlikable.,[5],0.1569
i had a short lasting sexual relationship with someone i didn't á love.,[6],-0.5216
when i realized that i avoided two good friends with whom i á always shared toys and sorrows. i made up idle stories to avoid á telling them what happened to me.,[7],0.296
"my boyfriend suffered form ill health for some months, this week á the physician told him that he was restored to health.",[1],-0.5574
"when going out in the weekend i have to bike 5 kilometers through á lonely and dark polders, then i always have terrifying fantasies.",[2],-0.7351
"i made an appointment with a friend to drink coffee togehter. á however, for the third time in that week she arrived an hour too á late.",[3],0.4939
my dear hamster (called hannes) died at the age of 2 and 1/2 years. á his shape forced me to mercy killing (an injection).,[4],-0.7845
i read a newspaper report that a little boy was forced to look á while his sister was raped.,[5],-0.8093
we had made an appointment to complete together a piece of work. á it appeared that i was the only one who hadn't prepared anything.,[6],-0.1695
"i call my mother at least once a week. however last week i á completely forgot. this morning she called me, she thought i felt á ill.",[7],-0.4215
after the funeral of an acquaintance i felt very depressed. that á feeling turned into joy when i heard that i had achieved a good á grade for an examination.,[1],0.2748
i had to call someone and make an appointment for a conversation. á i was very afraid to fail.,[2],-0.5809
"when, after having cleaned up the kitchen, two hours later i saw á that there was a big mess. it irritated me very much.",[3],-0.6705
one night i was called and told that the father of a close friend á died. when i visited my friend at home and when attending the á funeral i felt very sad.,[4],-0.4754
i cannot remember exactly such a situation. but i know that á once i went to a very dirty lavatory and that disgusted me.,[5],-0.8717
"once by coincidence i clutched a stranger (in a rather intimate á way), thinking it was my boyfriend. when by hindsight i á feel ashamed when thinking about it.",[6],-0.4767
"i once torn the inner tube of a bike, that was not mine. then i á saw it was a brand new one. i felt very guilty then.",[7],-0.624
"when i found out that the girl, with whom i was in love, loved me á too.",[1],0.8442
"when my mother threatened me with thrushing me of the stairs, when á i once more should make a comment.",[2],-0.4588
when being made look a fool by the teacher in front of the class á during a turn.,[3],-0.4404
my mother unjustly became very angry with me and sent me to my á room while my father explained that the way she saw things was á not correct. i had done things with the best intentions.,[4],0.1548
my mother was very angry with my little sister and told her to á put her hands on the table in order to beat her hands up. she á forced by means of her power.,[5],-0.7645
"a friend came for dinner with me at home. his parents are á ordinary people. my mother, however, used the very expensive á porcelain dinner-service and the silver cutlery. i felt very á ashamed.",[6],-0.046
"once after falling in love, i imagined that particular girl to be á perfect and completely overshadowing my girlfriend. afterwards i á realized that this image was not objective. i felt guilty against á both girls.",[7],0.6705
once a week i work as a volunteer in a biologic garden. this work á in the garden and the contact with other volunteers filled me á with joy. they also gave me support after i failed passing my á driver's test.,[1],0.4939
my friend and i planned to search for old documents and utensils á in the cellar. it was very late at night when we arrived in the á cellar. he indicated the place where the police (40 years ago) found á two dead bodies. i got very scared when he told me this story.,[2],-0.6478
"when someone made me a compliment after an examination just at á the moment i needed it. it was amicable, hearty and sincere.",[1],0.7003
"when i went up the stairs in a high, dark house full of shadows, á passed a door and had the feeling that someone or something was á behind me, although i knew i was alone.",[2],-0.128
"a friend told me it would be better for me not to be on familiar á terms with another friend, although, in my opinion he had no á reason to say such things. he only said so hoping that i á would search support from him (that, however, was not necessary).",[3],0.9248
"i had a good relationship with two friends. once without reason, á they clearly showed that they thought i was naive, dull and á unable to take care for myself, while i expostulated that i could á manage things.",[4],0.7964
"when i see that some people remain cold and egoistic with regard á to close friends, even in situations that those friends need á them.",[5],0.7351
"when i state things with great positiveness and try to convince á others, and it appears that my statement is not right.",[6],0.8555
"a certain friend evokes positive feelings, when i am with him but á negative feelings when he is not present. i feel the need to á express those negative feelings. however, when i speak about him, á i always think: why do i like this, he does not deserve this, but á still i do so.",[7],-0.5994
"a few days ago, i hitch-hiked to arnhems with a friend. á everything went well: they picked us up very quickly, the sun was á shining, i was feeling free and, for the first time after long á time, happy. i really had the feeling that i was living at full á speed.",[1],0.9269
"my grandmother several times has been struck by cerebral á hemorrhages. until now she recovered well each time, but there is á always the threat to loose her.",[2],-0.8176
"i had made an appointment with three friends. we had to go out á together. when i arrived at the place, the other persons weren't á there. i became very angry because i thought they were gone á without me. that, however, didn't appear to be the case.",[3],-0.1263
"i finished the relationship with my boyfriend, after having felt á myself very unhappy for a long time.",[4],-0.4754
"a few days after i had finished the relationship with my á boyfriend, we had a quarrel. then he hit me. at that moment i á found him disgusting.",[5],-0.5267
i was taking a shower in a cubicle in france. then i discovered á that a few children were loking at me from the adjacent cubicle.,[6],0.0
"i know that a certain person feels very lonely, and that she á always looks forward to seeing me. however, often i am too á busy to visit her, then i feel guilty.",[7],-0.5413
"a close relative of mine underwent a difficult operation, and everything á turned out fine.",[1],-0.1779
when i get into the tube or the train without paying for the á ticket.,[2],0.0
"a class-mate urged me to carry out a particular protest along á with him, and when the time came this fellow drew back while i á had to face the situation.",[3],-0.25
when i failed the entrance exam to imec.,[4],-0.5106
when i saw someone eating live worms.,[5],0.0
when i was a child my parents caught me with a pornographic á magazine.,[6],0.0
[ i can not remember anything in particular. what i can remember á is feelings of having done or said something which then had á negative consequences.],[7],-0.5719
when they told me that i had got a study grant.,[1],0.3612
when i wore a grotesque figure hanging down my back.,[6],0.0
because i had not studied.,[7],0.0
when my father was saved from a severe work accident.,[1],-0.4404
when i was a child i hid under the sheets out of fear of á darkness.,[2],-0.6808
when i first saw a person begging.,[3],0.0
when my basket ball team lost the qualification at a final.,[4],-0.3182
when i see rotten meat.,[5],-0.5106
when a person whom i do not want to see is continously present.,[6],-0.0572
when i failed an exam i thought i could pass easily.,[7],-0.2263
when i got to know that i had passed the university entrance á exam. i thought that i had done one of the exams badly.,[1],-0.4767
"when i was very young, one day, i was in the street with my á father and brother. while my father was talking to some á friends, i saw a dog and began to pat it. my father told me á sharply to stop doing it because the dog had mange. then my á brother told me that i would die and i could not stop crying á after this.",[2],0.1134
"we hitch hiked our way back from a town rather drunk. we were á dropped in another town which was unknown to us. i needed to á urinate, so i did it on a wall which turned out to belong to the á military headquarters. they arrested me and made me pay a fine á of 500 pts. we had to go home on foot (6 km) since it was too á late for anyone to give us a lift.",[3],-0.6249
"i was to meet a girl in a discotheque. she was very pretty and i á was very happy. but she did not turn up. thank god, there were á some other friends there and i was able to have a more or less á good time.",[4],0.9064
"i had a class-mate who was rather stupid. i did not like him á but i respected him. when he tried to talk to someone, they á would not listen to him and i could not bear seeing this.",[5],0.3389
"i met a friend in a discotheque. he was with a girl and he told á me that she was not his girlfriend. i, to say something, á commented that she must be a viscious woman. he then told me á that she was his girl.",[6],0.4939
"i went to a pub with a group of friends (not very close) and á i was with one girl most of the time, while the other girls in the á group wanted to be with me. they stopped talking to the girl i á was with.",[7],0.296
the day some friends of mine and i decided to go to galicia on á holiday.,[1],0.7003
"before an exam which i, finally did not take.",[2],0.0
at home when they lost three pieces of my puzzle.,[3],-0.3182
when i had an argument with a friend.,[4],0.1779
when i am dirty because i have not had a shower for a few days.,[5],-0.4404
once i did not have enough money to pay for a coffee.,[6],-0.1027
after an argument with a friend of mine.,[7],0.1779
a friend of mine told me that i had passed the entrance exam to á the university.,[1],0.4939
before taking an exam.,[2],0.0
my family told me to leave if i was not willing to accept the á conditions they imposed on me.,[3],-0.3987
a friend of mine called me when i was not at home. i phoned her á back to know what she wanted and she told me that she had dialled á the wrong number.,[4],0.1027
i had to change a baby's clothes for the first time.,[5],0.0
i fell outside the door of my house.,[6],0.0
my younger sister was almost run over by a lorry.,[7],0.0
when my brother was born.,[1],0.0
when i almost fell down from some rocks because i had been acting á foolishly and playing dangerously.,[2],-0.6124
once i saw some children hunting a cat to death.,[3],-0.5994
the death of a friend.,[4],-0.1779
when i saw a scene on t.v where a castration was shown.,[5],0.0
once i answered my father rudely.,[6],-0.4939
when my brother ran away from home and i thought it was because á of my continously scolding him.,[7],0.0
when i saw that i had passed the university entrance exam. it á made me forget all my problems.,[1],-0.5574
when i was ten i got shut in the school with a friend. i had to á jump out of a window and cross a beam 10 metres high.,[2],0.4939
when i was told that a boy did not want to be my friend without á any apparent reason.,[3],0.4548
when i learnt that a boy i liked had been with a girl for three á years.,[4],0.4215
when a very dirty class-mate farted in my presence. there was a á terrible smell.,[5],-0.7425
when i realized that i had a hole in my trousers after having gone á for a walk.,[6],0.0
when i had an argument with my grandfather the day my younger á brother was born.,[7],-0.3612
"when i saw my 16 year old sister at home after having waited for á her all night, not knowing where she was.",[1],0.0
while i was waiting for them to give me the marks of the most á difficult subject this year.,[2],-0.4173
"i had an argument with my mother because i criticized the rules á she imposes at home, which are too rigid and arbitrary for me.",[3],-0.7096
when i learned that a friend of mine had not been speaking to her á boyfriend for a week after an argument because of unfounded á jealousy.,[4],-0.1531
on seeing a scene of an accident in a magazine.,[5],-0.4767
a few days back i had to ask a professor a ridiculous question á because i had lost at a game of cards and had to pay a forfeit.,[6],-0.6369
when i shouted at my mother when she was nervous and depressed.,[7],-0.6597
after several days delay in my girlfriend's menstration i was á very glad to see that the pregnancy test was negative.,[1],-0.4033
"when i saw a tv program on the north american military plan á called \the startwar\"".""",[2],0.0
i felt angry when i saw on t.v the last slaughter of negroes in á south africa.,[3],-0.5106
when i saw the pictures of the draught in etiopia.,[4],0.0
whenever i see an alcoholic.,[5],0.0
"on new year's eve, when i went to the house of my girlfriend's á parents to meet them.",[6],0.0
when i failed an exam for which i knew that i had not studied á hard enough.,[7],-0.4596
the day the real madrid team of basket ball qualified for the á final at athens.,[1],0.0
the last time i was face to face with with the monstrous dog á which lives in my street.,[2],0.0
"during a trivial (friendly) discussion, one of the participants á made an intervention which made me feel uncomfortable.",[3],0.128
when i heard the last regulation of the socialist govrenment á concerning pensions.,[4],0.0
when i got to know the details if the famine in east africa.,[5],0.0
"the last time i had to phone the registry, after having called á them so many times in the last few days.",[6],0.0
"during an argument with my brother, i behaved rather á intransigently, even cruelly, wishing to morally hurt the \person\"" á|opposed to me.""",[7],-0.8316
when i passed an important exam.,[1],0.2023
"in a rather important exam, when they caught me red handed á copying.",[2],0.2023
"when my father addressed me directly and maliciously, thus á including me in the \family war\"".""",[3],-0.5994
when my parents got divorced.,[4],0.0
"when i was a child, one day while playing, i fell up to my waist á in mud.",[5],0.2023
when i was dismissed from a job after having been accused of theft.,[6],-0.296
"when i was with a girl who seemed to love me, while i was with á her just to go to bed with her.",[7],0.6369
when i passed an exam which i had failed last year.,[1],-0.5106
when i go out alone at night.,[2],-0.25
a murder.,[3],-0.6908
when i failed two subjects last year.,[4],-0.5106
when i see people who have no sentiments.,[5],-0.296
"i think that i am rather shy and do not mix with people as i á would have liked to, out of shyness.",[6],-0.128
when i triffled with other people.,[7],0.0
when i was told that i could take a week off and go for a trip á with my friends.,[1],0.4767
every time i went home with my school report.,[2],0.0
"during an argument between friends, one of them accused me of á taking advantage of some other friends who usually come to the á university in my car, saying that i ask them too much money for á the petrol.",[3],0.5423
when i learned that two of my friends had had a serious car accident.,[4],-0.0772
a young man was insulting and humiliating a drunken man.,[5],-0.6597
my aunt phoned me to ask me why i had refused the her invitation á to dinner at her home on the new year's eve.,[6],-0.296
"i was with a girl one night and then did not call her again, á although she had asked me to do so.",[7],0.0
when i saw that i had passed an exam. it was the last chance and á there was a lot at stake.,[1],0.25
"on a trip to santander we wanted to stop at a curve because a á friend was sick, and the car skidded of the gravel.",[2],-0.4215
my cousins were playing at home and one of them broke a decorative á object which was very precious to me.,[3],0.4576
all my friends arranged to go for an afternoon snack and they did á not tell me. they told me that they did not have my phone number á but i do not think that this was true.,[4],0.7096
when i saw a film where a black was rapeing a girl while another one was á filming it for a pornographic movie.,[5],0.0
i was swimming in the sea and a wave took the top part of my á bikini away.,[6],0.2023
i was looking after a child and she fell down because i was not á paying her much attention. one side of her face got bruised.,[7],0.0
"when i pass exams, or when a close friend of mine recovered á from an illness,etc.",[1],0.4939
"fights that i see in the middle of the street, robberies, fear of á darkness when going home.",[2],-0.7845
"during a family discussion on my future and my prospects as a á student, they accused me of not bothering about looking for a job to á assume my financial situation.",[3],0.2924
[ depressions.],[4],-0.4939
"some people whom i do not like at all, and one of the reasons is á their physical appearance.",[5],-0.2755
"for example, to feel bad because of one's attire, to be among á people who do not belong to the same social class, to give a á wrong answer in class, to be surprised in particular situations.",[6],-0.6908
some of my friends had an argument. i had earlier phoned one á of them and that may have influenced him to argue.,[7],-0.2023
when i met a very close friend of mine after one year of á separation.,[1],0.539
there was an earthquake for several minutes and i was on the á eight floor.,[2],0.0
an argument among several friends because of the irrational á behavior of one of them who fell out with us for no reason and á said that we were to blame.,[3],-0.6597
"a class-mate died after being two months in coma, after a car á accident.",[4],-0.7717
pictures of nazi extermination camps on a t.v program.,[5],0.0
equivocal situation when filling a security questionnaire on á entering a government building with several people there.,[6],0.34
i left a boy with whom i was going around without giving him any á explanations.,[7],-0.2584
when my sister was born.,[1],0.0
when they tried to rob me.,[2],-0.5574
when i failed an exam unfairly.,[3],-0.5106
when i see dead dogs on the road.,[5],-0.6486
when i went to see the doctor and had to take my clothes off so á that he could examine me.,[6],0.0
when my parents quarelled over something i had done and which was á wrong.,[7],-0.4767
when my little sister was born.,[1],0.0
"when i was attending an authorized demonstrationand the police á rushed brutally at the demonstrators, without any warning.",[2],-0.4523
"when a professor of this faculty laughed at, and was suspicious of á a composition written by a class-mate and me.",[3],0.128
"the death of a relative, friend, or someone i esteem.",[4],-0.1779
when i saw a very disagreable scene.,[5],0.0
when i had to represent my boss at a meeting.,[6],0.0
when i inadvertantly made some close friends and relatives feel á bad.,[7],-0.1027
when they threatened me with a knife to take my money.,[2],-0.4588
when i failed an exam i thought i would pass.,[3],-0.5106
when i saw an accident where the man lost his head.,[5],-0.6597
when i tripped while getting on a bus.,[6],0.0
when i hurt a person's feelings.,[7],-0.5267
"i had not seen my brother for five years as he was not in spain. á when he arrived at the airport, i felt great joy.",[1],0.836
when two drug addicts tried to take away my money.,[2],0.0
when i saw my brother being attacked and i could not do anything.,[3],-0.4588
when a class-mate died.,[4],-0.5574
when a person saw that i was accused of something i had not done á and did not do anything to defend me.,[5],-0.296
when inadvertantly i found myself in the ladies room.,[6],0.0
when i broke something and a friend of mine was blamed.,[7],-0.4019
i got my driving licence after they had frightened me with it's á difficulty.,[1],-0.6486
"when i had to walk over three kms through a field which had wild bulls, á because my car had broken down.",[2],-0.4767
"when i saw a man hitting a child of 2 years without any consideration, á simply because the child had been leaning against a window.",[3],0.0
a friend of mine who was driving a car ahead of me died in a á car accident.,[4],-0.5423
when i had to dissect a live mouse at school.,[5],0.0
when i was a child i had to recite a poem in a show at the end of á the term.,[6],0.0
"when i saw a program on ethiopia on t.v, a fews hours earlier i á had thrown away some clothes and food.",[7],0.0
when i saw that the mark i had obtained in an exam was a good á one.,[1],0.4404
we were in the country and i walked away from the others one á night. suddenly something moved sharply in front of me and i was á not able to see what it was.,[2],0.0
"when i was young, i became very angry as i was not allowed to á stay up all night for the fair in my town.",[3],-0.3167
when summer is over and i have to leave the town where i spend my á holidays.,[4],0.34
when i saw several people washing their car with water from a á drain.,[5],0.0
when i inadvertantly entered the ladies room and met some girls á on my way out.,[6],0.0
i was entrusted with an object and while using it i handled it á carelessly and it broke.,[7],-0.4588
"when i learned, after the ecography, that my mother was expecting a á baby girl. that was what i wanted.",[1],0.0
"one night, walking along a park, i began to think that some á roughnecks would appear suddenly with knives and things like á that.",[2],0.3612
i had an exam and i had it well prepared. i did the first part á very well but did not know the second part.,[3],0.4012
when my parents did not let me go on a study tour.,[4],0.0
"one day i was going through the street door of my house, when a á man asked me for a doctor. he then showed me his genitals and á asked me to cure him myself.",[5],0.0
each time the professor asks me a question in class.,[6],0.0
i had an argument with my boyfriend. it was my fault but my á pride would not let me admit it.,[7],-0.0997
an invitation to spend 5 days at the seaside with all expenses á paid.,[1],0.0
a film on zombies.,[2],0.0
when males in my family try to assign house duties exclusively á with referance to sex.,[3],0.0
i had a quarrell with my boyfriend and decided to finish with him á and and my easter holidays.,[4],0.3818
"when after a storm in the country, i left my shelter and saw a á big, fat, slimy green toad by my side.",[5],0.0
when a friend from whom i preferred to hide my private life á discovered that i had relations with a man.,[6],0.3612
when my brother had to spend all evening repairing a gear-lever á that i had broken.,[7],-0.4767
when i passed the university entrance exam.,[1],0.0
"when i was walking down the street, some boys showed me a knife á and stole all my money.",[2],0.0
"when they threw my holder down on the floor, with all my notes for á an exam inside it and they got all mixed up.",[3],0.0
when my mother was operated.,[4],0.0
when i see pornographic films.,[5],0.0
one day i got on the bus without any money or season ticket and á the driver threw me out.,[6],0.0
when a friend of mine was beaten for what was my fault.,[7],-0.3182
my father had an operation which lasted for hours. we were all á very worried but it was successful.,[1],0.6655
i was walking along a subway when i saw a group of louts. i was á rather afraid because i was alone.,[2],-0.25
an old woman was violently thrown down the stairs of the tube by á a group of louts.,[3],-0.5859
"a child, 9 years old, died in a stupid way. he fell from a place á which was 1 metre high.",[4],-0.7906
on the road there was a dead animal with its entrails showing and á its skull crushed.,[5],-0.7964
we were discussing a subject ( i knew very little about it) and i á was holding my ground. they showed me that i was wrong.,[6],-0.4767
"i could have passed the last exam of the public competition, but á i failed as i had not studied.",[7],-0.6652
i was studying in the library and a class-mate told me that she á had obtained a grant to work in the library.,[1],0.3612
before knowing my marks i was not sure that i wanted to go to á that class.,[2],-0.2411
"i learned that a class-mate had given a list, of peolpe who help á each other in exams, to the professor.",[3],0.4019
"i phoned two friends and was not able to arrange a meeting with á either of them, so i had to change my plans.",[4],0.4767
i was in the cafeteria at the university and a class-mate told me á that a friend of hers had had all her teeth taken out because of á an infection caused by her eating a rat's nail in her hamburger.,[5],0.4939
"i had to meet a girlfriend to go out for a drink and she arrived á with her aunt, to whom i was introduced. then the aunt left.",[6],0.0
"one night, after having decided to finish our relationship, i á took my girlfriend home. while driving back home, i felt that i á had not handled the whole thing very well.",[7],0.3384
the begining of my relations with my current girlfriend.,[1],0.0
"when i am alone at night after having read horror stories, and á then i heard unexplainable noises.",[2],-0.6908
a typical family argument.,[3],-0.3612
the disqualification of two of my mates in the military service.,[4],0.0
the sight of vomit on the street.,[5],0.0
when criticizing something about a person and then realizing that á the person whom one is talking to is similar.,[6],-0.3612
not to have studied enough when exams were near.,[7],0.0
when i pass an exam.,[1],0.0
continous fear of a nuclear war.,[2],-0.7964
"when you kill yourself with work and see the number of slakers á wandering around, doing nothing.",[3],-0.6597
when someone in my family died.,[4],-0.5574
to loose friends because of them over-estimating themselves.,[5],0.2023
when people next to me play the fool.,[6],-0.128
to force someone to do something that suits me.,[7],0.0
"i thought that i was going to fail a subject and so i began to á study for the final exam, then my friend told me that i had á passed it. that meant that i could go home, as i do not study in á my hometown.",[1],-0.0772
"i was in sierra nevada, climbing a peak over 3,000 metres high, á without any light and with many other problems. i was afraid for á my life.",[2],-0.4019
"i was living in a flat where things did not go very well for me. á finally, they threw me out and this prejudiced people i esteem a á lot.",[3],-0.6604
"when i read the diary of the girl with whom i was living, it was á about another boy with whom she had been going around some time back.",[4],0.0
the man who threw me out of the flat disgusted me.,[5],-0.5267
"the first time that i caressed a girl, i was about thirteen and á she was eighteen. i noticed that it did not affect her at all.",[6],0.0
"i was going around with a girl without loving her. not only did á i go around with her, but we did many more things. in the end i á was not very sincere to her.",[7],-0.6469
i met a girlfriend again after not seeing her for several months. á i saw her in a discotheque. we do not like discotheques but we á went there because we knew we would meet there.,[1],-0.1419
"i was walking in the countryside alone when i came across two á dogs who began barking at me. i did not know whether they were á tied up or loose, but i was afraid of them approaching me.",[2],-0.2846
"i was angry when my sister began to talk nonsense and to laugh at á the way i swept the room. my anger grew (i tried to control á myself). after telling her to leave me alone, i vented my anger á on her as she did not obey me.",[3],-0.9001
my mother was working with a knife and we were all laughing á heartily. she was not able to control the knife and stuck it á deep into her hand.,[4],0.6597
i read a book whose plot and expressions were obscene and in very á bad taste.,[5],-0.8214
"my mother had just been teaching me how to crochet, which is á thought highly improper for a boy in a town. just when we á finished, a neighbour walked in.",[6],0.0
"it was about midnight and i wanted to go to the countryside (i á was in town) to watch the stars in the sky. my mother did not á like this, in spite of it i went out for a while. my mother got á angry.",[7],-0.8321
a friend of mine suggested that i become a film extra. the idea á seemed very funny to me and my reaction seemed rather outlandish á to the others.,[1],0.7501
one day i went to the cinema to see a film in which i was á interested. on arriving there i saw a long queue (which i had á not expected) and went back home without seeing the film.,[2],0.4019
"when i miss the train and i am late, and i have to wait half an á hour for the next one.",[3],-0.1531
when i knew i had to go out with my mother on some errands.,[4],0.0
i saw in an ice-cream kiosque a cockroach walking through a á cornet.,[5],0.0
"one day in class, the professor asked me a question concerning something á he had been explaining. he was very close to me (beside me) and i á had no idea what to answer.",[6],-0.296
once i had some homework to do and i did not do it.,[7],0.0
"when they phoned me from great-britain to tell me that i could go á there, if i wished, in summer.",[1],0.0
when i was operated on the knee and had to go through rehabilitation.,[2],0.0
"in a very important basket-ball match where a lot was at stake, i á played very badly.",[3],0.0258
when a friend of mine told me that he was going to commit á suicide.,[4],-0.0258
a tv program on whale-hunting.,[5],0.0
once when i said bad things concerning a friend.,[6],-0.0772
family discord and uneasiness due to something i did not á communicate on time.,[7],-0.6486
"when i passed my driving test, as it was the fifth time that i á had taken this test.",[1],0.0
when my mother was robbed in a shop.,[2],0.0
i was given an exam which i thought did not measure at all my á ability or my knowledge of the subject.,[3],0.3182
"when i saw the film \johnny got his gun\"" which deals with the á|consequences of the vietnam war.""",[4],-0.743
some friends and i were having lunch. someone said something á funny and one of the guys started laughing and spat his food in a girl's á face.,[5],0.8481
"i was alone in the bus when i tripped and fell, and dropped all á my papers.",[6],-0.25
"as i was not paying attention, my little brother fell off the á table.",[7],0.0
"one night, while i was sleeping, i woke up suddenly with the á sensation that there was someone in my room.",[2],0.0
when my brother was held up and robbed.,[3],0.0
when they told me that my grandfather was rather ill.,[4],-0.4215
when i see someone vomitting.,[5],0.0
when i fell head on in a fountain.,[6],0.0
"i had to undergo an operation in summer and so my family had to á stay at home during the holidays. i felt guilty, above all á because of my brothers.",[7],-0.0516
i came across a friend with whom i had lost touch for a long á time.,[1],0.2263
"i had decided to propose to the man i liked to make a trip á together. one day, during breakfast i told him my idea. i was á afraid of his not accepting it and that the idea would end up as á a failure.",[2],-0.3987
a person i trusted a lot gave me many false explanations to á justify a wrong action.,[3],0.0
i was having breakfast with a classmate and suddenly i began to á cry as i thought of a friend of mine whom i had not seen for a á long time.,[4],0.0258
"during lunch with some classmates, a priest was also there. he á was eating desperately as if someone was going to take his plate á away. he did it with gluttony. he wiped his hands on his suit á several times and it was full of crumbs.",[5],-0.3818
when a professor caught me absent-minded and not paying attention á to what he was saying.,[6],0.0
"one day, i was alone on duty when a patient choked while eating. á i ran to her and tried to make her breath, but it was too late.",[7],-0.3716
"at a party, on new year's eve, i met on old friend whom i had not á seen for some time",[1],0.7096
once i failed seven subjects at school and i was terrified to á give my report card to my father. i left it on the table and went to á bed very early in order to avoid him seeing me.,[2],-0.8591
"when, after drinking a glass of water, i found a cockroach walking á out of the glass.",[3],0.0
"i have a very close friend who lives in another city and we have á been writing to each other for a long time. the last time i went á to her city, just to see her, i was disappointed to see how great á the distance between us was.",[4],0.6682
they asked me to throw the rubbish into a dustbin which had some á awful liquid accumulated at the bottom.,[5],-0.4588
the girl with whom i was going around had been forbidden to be á alone with me in the house. we paid no attention to this á prohibition but one day her parents appeared and i jumped out of á the window. they saw me.,[6],-0.4588
"i was driving a friend's car, and i got close to the pavement to á ask my way and i struck a parked car.",[7],-0.25
"every time, in the last few days, when my girlfriend told me that á she loves me.",[1],0.5719
"i stayed alone in the dark at night in the mountain, waiting for á my uncle. i remember that i took a big stone and it calmed me.",[2],0.1531
"we were at school, in the room for audiovisual classes. we were á watching a film, and just behind me two classmates were bothering á me with their mocking and shoves. i reacted angrily (i suppose) á by hitting one of them.",[3],-0.7964
"[ during a summer holiday a french girl and i had becoe back á home, i felt very sad.]",[4],-0.1761
once i had to clean a lavatory which was obstructed. it was in a á friend's country house and there was nobody there to help me.,[5],0.6597
"in a mathematics class, the professor asked me a question and i á gave the wrong answer.",[6],-0.4767
"when i lost my study grant without having attended any exam in á the career i had started, and it was too late to cancel my registration.",[7],-0.2023
a party i went to last christmas.,[1],0.4019
when my mother had a nervous illness.,[2],-0.5859
during my last exam.,[3],0.0
when i had to come back from my village last christmas.,[4],0.0
one day i went to see a rather disagreeable film (x).,[5],-0.4019
once i had to visit a rather special person.,[6],0.4019
"once, i accidentally injured a boy in the eye and he almost lost á it.",[7],-0.7275
when i knew the feelings of a beloved person.,[1],0.5106
"a fall during a climb, with almost with no previous experience.",[2],-0.2315
"on the occasion of assignment of tasks and responsibilities in á which such an assignment, dispropotionately carried with it high á responsibility and low ability of organisation and resolution.",[3],0.0516
"moving to an unknown place, away from the familiar surroundings á and into a situation of loneliness.",[4],-0.4215
"when i had to sleep in a bed at a hostel, which was full of dirt.",[5],-0.34
"while shopping, a person close to us created an uncomfortable á situation for those who were with her.",[6],-0.1531
"incomprehension and repression towards a child's behaviour, á commonly not accepted, and making the child cry.",[7],-0.7589
in a dark street at 4 o'clock in the night and there was á complete silence.,[2],0.0
"when they broke the artistic work of several weeks. changes were á made and it was broken without permission, they had no right to á do this.",[3],-0.7964
"when the train taking me to my military service left the station, á on the platform remained relatives, projects and goodtimes. i á had a hard year ahead.",[4],-0.1027
"a situation of overt unfairness, manipulation of people and its á consequences.",[5],-0.296
"a children's film in which i played a clown, with spotlights, á cameras and the director who demanded jumps and guffaws.",[6],0.128
when a close classmate failed a year.,[7],-0.5106
i was talking to a friend and he said something which was very á funny.,[1],0.749
"when i was young i saw a horror film. then when i went to sleep, á the film came back too my mind and the characters frighteneed my á imagination.",[2],-0.5719
"in a confrontation with a person, he provoked me several times á till i reacted in an angry way. fortunately there were no á disastrous consequences.",[3],-0.696
i was watching a sad film and it affected me deeply.,[4],-0.5719
when i was reading a book. it had nothing to do with the book á itself but with the disagreable smell of the pages of the book.,[5],0.0
in class i had to say something aloud and people reacted by á laughing.,[6],0.4939
in an exam i answered the questions rather carelessly and á afterwards i thought that the exam would have been better had i á answered more carefully.,[7],0.4005
"when i knew that there were, at last, no problems in making a á journey that i had been wanting to make for a long time.",[1],0.3089
it was more that fear - anguish -that i felt before my last exam.,[2],-0.8115
when i had an argument with my best friend and i thought that i á was right and she was not.,[3],0.7096
when i realized that it was impossible for me to be as free as i á had imagined and that i could not do anythong about it.,[4],0.5106
"the first time i saw a pornographic film, all that in practice is á so beautiful but on the screen appered as something mechanical, á irrational, disgusting and dehumanizing.",[5],-0.8835
when i stated sharply something i was not very sure of and a few á days later i was shown to be wrong.,[6],-0.6461
when i do or say something inappropriate which hurts people close á to me.,[7],-0.4767
"when a study tour got confirmed, i was happy all the time till á the tour began.",[1],0.5719
i was walking down a road and suddenly a few dogs appeared at a fence á and started barking angrily. they were jumping and it seemed á that they would come for me any time.,[2],-0.4215
"when i knew that they would not give me a transfer from one á university to another. i began to insult the educatioon á authorities and the government, i ended up at the door.",[3],-0.5106
we went to visit my mother at the residence. she was crying and á said that she was about to die. i believed all her complaints á and continously thought of the possibility of loosing her.,[4],-0.8658
"my dog had been run over and died near the house. we had to pick á him up, cold and glassy eyed, to get rid of the corpse.",[5],-0.8074
a professor was going to read aloud in class a composition of á mine in which i had criticized some political attitudes and also á some class-mates. i was ashamed at having written that.,[6],-0.6808
in an exam when i answered the questions with very little á assurance due to insufficiet preparation.,[7],0.3368
"when i received my report card in c.o.u. i was afraid of obtaining á low marks, but they were much higher than expected.",[1],-0.1406
"i was at the cinema with my sister and her boyfriend. a man á sitting beside me started to stroke my leg for a while, he left in á the middle of the film.",[2],0.0
my father began to say incoherant things concerning my brother's and á my own behaviour towards him. his biased (authoritarian) and á ridiculous point of view made us angry.,[3],-0.7845
i had failed some subjects in mathematics.,[4],-0.5106
i was at the table at a french friend's house. they served me a á big dish with roast cauliflower and sauce. i had to eat it.,[5],0.0
this morning i spent a lot of time on my toilet and missed the á train to the university. my mother told me that i spent more á time than a woman on my toilet. i felt a mixed emotion of shame á and anger.,[6],-0.8402
"i was alone at home when i broke a figure and then mended it. a á few days later my mother noticed it and asked me about it, i told á her that i had no idea.",[7],-0.7184
when i fell crazily in love with a beautiful girl and she returned á my love.,[1],0.8957
"when i was caught by the police and was kept with a group of á delinquents, which added to my fear of being shut up. i was á afraid of the people near me and the future consequences.",[2],-0.4939
when i was the target of a great many insults and completely á unfair accusations of a large group of people.,[3],-0.5635
"when my best friend died, at the age of 16.",[4],0.5859
when i entered a brothel and saw two sailors with a young á prostitute who was not older than 18.,[5],0.0
when i was in a religious school my teacher showed me up in front á of all my class-mates. they were very sarcastic and cruel.,[6],-0.7474
"having suffered a not very pretty sight, i reacted by uttering á some very cruel and sharp words.",[7],-0.8789
when i came across an old friend whom i had not seen for a very á long time.,[1],0.4939
i had an accident in which i hurt my eye. i was afraid of having á injured it badly.,[2],-0.9062
when i was accused of something i had not done.,[3],-0.296
a close friend died.,[4],-0.1027
i saw some images of a decapitation in a horror film.,[5],-0.5719
i slipped and fell in to a puddle and people started looking at á me.,[6],0.0
i made another person cry for an unjustified cause.,[7],-0.4767
i received an unexpected letter from a friend i had met a short á time before. he sent me a poem and wished me good luck. i felt á very happy because i had great esteem for that person.,[1],0.9531
"i was walking with another person when a \gang\"" separted us and á|pushed me in to a house, hit me in the stomach and the face, then á|they left - leaving me bleeding.""",[2],0.0
"a certain person started to say dreadful things very calmly, i á felt hurt and disgusted.",[3],-0.719
a certain person whom i respect and esteem a lot pays me no á attention. she keeps up appearances but shows almost no interest á in me.,[4],-0.3054
in a bus i fell sick and vomitted in a bag. the entire situation á was disgusting in itself.,[5],-0.7717
"a person (a male) told me that he liked me. he has a problem, he á is a homosexual.",[6],0.0258
i rejected a person whom i had always thought to be a friend. i á told him so and he reacted angrily. i felt guilty at not having á realized it before and at having hurt him.,[7],-0.8442
when i received some good news : i obtained an amount of money i á needed to buy something i had been planning to buy.,[1],0.4404
when my relatives and i were in a car going slowly on a frozen á road.,[2],0.0
my parents were having a typical family argument. i came in and á saw the scene and became angry.,[3],-0.7003
"i was going away, leaving a dear person behind.",[4],0.3818
i visited a place in morocco where they worked the leather. i á saw the skins emerged in a liquid which ressembled putrification.,[5],0.0
at a friend's party there were several allusions to my sexual adventures.,[6],0.6249
"i was in a cafe with another person when, suddenly, several close á friends of my partner appeared. i did not know what to do and my á partner felt uncomfortable.",[7],0.128
when i talk to my friends.,[1],0.4767
when i am walking on the streets and see a gang of thugs.,[2],0.0
when people harrass me i feel oppressed by their behavior.,[3],-0.4767
when i am with a friend and we have to leave each other.,[4],0.4588
when i saw a film in which the man suffered from an illness and á his skin came peeling off.,[5],-0.7096
when i was in the toilet and someone came in.,[6],0.0
"[ when i act thinking that i know everything and i then realize á that there were things i had not thought about, thus hurting á others.]",[7],-0.4019
"[ any situation in everyday life has this emotional sense, in á class, in the street, at home, at the table...]",[1],0.1901
on a dark night i felt that there were several people near me á and i did not know who they were.,[2],0.0
when i learned that several people had died in the street due to á the cold weather.,[3],-0.5574
"when i saw in the newspapers, on the t.v, and magazines the á chaotic situation caused by the drought and hunger in á mauritania.",[4],-0.6369
the physical appearance of a meal.,[5],0.0
"i was with a group of people and everybody told me to do or say á something. it was a confusing, strong and traumatic situation á for me.",[6],-0.3182
"in a situation with my girlfriend i took a decision. later when á i thought about it, i realized that it was an erroneous decision.",[7],-0.4215
"one night, at a friend's place i realized that i had everything i á most wished, around me.",[1],0.0
"during a demonstration i climbed up the closed central door of a á bus. when the bus stopped i had to go back to the same place, á afraid that the police would see me.",[2],-0.128
"when i saw parents punishing their little child for something he á had not done. in my opinion, even if he had done it he should á not have been punished for it.",[3],-0.2778
a friend of mine was hurt as he thought that our relationship was á not the same as before and something had gone wrong.,[4],-0.5106
"when i was young, one day in the car we fell sick and ended up á vomitting on each other.",[5],-0.5106
the parents of a friend of mine surprised us and another couple á sleeping in thier place.,[6],0.6249
a friend of mine felt bad because of something i had done to á something that belonged to him.,[7],-0.0772
when they told me that i had been admitted to the faculty of á medicine.,[1],0.1027
almost always when i go to fetch the results of an exam.,[2],0.0
[ no description.],[3],-0.296
when i decided not to out any longer with a girl whom i liked á quite a lot. this made me feel low for a some time.,[4],0.1779
i saw a program on t.v where they had to saw a skull for an á operation.,[5],0.0
"i was watching t.v with my parents and some pornographic scenes á came on, i felt uncomfortable and tried to distract my parents á attention by talking to them.",[6],-0.5859
"when i used an adjective for a person without knowing what it á meant. when i got to know the meaning, i felt guilty as it was á a clear and unfair insult.",[7],-0.765
when i obtained good marks in a subject i had failed before.,[1],-0.1027
when a friend of mine told me a horror story.,[2],-0.128
i was with my family and we found some abandoned puppies. i á wanted to help them but everyone said no. we then left.,[3],-0.0387
at my grandfather's death.,[4],-0.5994
seeing a film in which there were several bloody crimes.,[5],-0.4404
"at a concert an old man arrived and began to danse, sing and do á silly things.",[6],0.0258
"i had an argument with a friend of mine. she would not let me á speak and then i began to shout at her. she got angry and left, á i did not try to prevent her from leaving.",[7],-0.3968
when i was told that they had got tickets for me for a film á marathon i wanted to see.,[1],0.0
we were on the road in a car when a lorry bypassed us. we had to á swerve and we almost got run over.,[2],0.0
i had applied for a job and they had assured me that the exams á would take place a few months later. a week later i went to á obtain some more information and they told me that the exams had á already taken place.,[3],0.3612
"i received a letter from some friends, who do not live in madrid, á telling me that they would not come on holiday. i had arranged á everythiing for them.",[4],0.2124
"i found a big, black spider near a bag of food.",[5],0.0
i was in a very small class and the professor said something á about me that made everyone look at me at the same time.,[6],0.0
"i had arranged to meet my friends at a certain place, and i was á with other people. my friends did not arrive and the people who á were with me began to get tired. my friends were one hour late.",[7],0.8176
the man i am going around with gave me a very special present.,[1],0.4576
"i thought that i would be scolded for a comment i had made, which á i should not have made.",[2],0.0
"my sister came back home and reproached me for not having tidied á up the house, although i had been working all morning and she had á done nothing.",[3],0.0
"at my grandfather's funeral. i remembered that the thing he á liked and respected most was earth, i thought that he had á attained what he wanted and was not separated from it any longer.",[4],0.5267
i had to wash my grandmother because she did not get to the á bathroom on time.,[5],0.0
in a very crowded shop i was distracted and missed my turn in the á queue. a woman who was behind me began to shout at me asking me á either to pay more attention or to leave.,[6],-0.6369
"when i was very young, one day, i kicked my grandmother and á caused her an injury which took a long time to heal.",[7],-0.4215
"when i saw a friend of mine, whom i had not seen for a long time á and i had lost his address and telephone number.",[1],0.296
i was in my village when a bull jumped over a fence and started á chasing my friends and me. we were very frightened till we á climbed up a tree.,[2],-0.024
"when i saw a car run over a child, out of carelessness.",[3],-0.34
i failed a subject despite the fact that i had studied quite a á lot for it.,[4],-0.5106
when i was walking in a field which had a lot of manure.,[5],0.0
i liked a boy and i would feel shy and then blush. the more i á wanted to avoid it the more i blushed.,[6],-0.1027
i am not very affectionate and i feel guilty as i do not give as á much affection as i receive.,[7],-0.2553
"i was spending the week-end with some friends. we were waiting á for another friend and we went to the meet him at the bus stop, a á woman we met there told us that the coach had already left. i á was afraid that i would not see my friend, but at last we found á him.",[1],0.3261
"i was walking down a little village at night. there was nobody á in the steet. a dog began to bark, i felt that it was following á me. then i began to run, the other dogs started barking too. at á last i arrived home.",[2],0.0
my parents did not let me go on holidays with my friends.,[3],0.6908
i was told that a friend of mine was going to mexico for good.,[4],0.7269
finding a hair in the soup.,[5],0.0
"i was at the university dining room, alone, and at a table next á to mine thre were several professors. one of them asked me to á join them. i refused but she insisted. all the others started á looking at me and i had to move to their table.",[6],-0.128
"i had promised to say goodbye to a person who was going on a á trip, and i did not turn up.",[7],0.3612
"i was on holidays, and i was going to meet a friend whom i had á not seen for six months. again i felt very happy.",[1],0.8687
"we were camping in the mountains, and a friend and i went for a á walk. it was getting darker and darker and we were not sure of á the right way back.",[2],0.3045
i sent a book to a friend of mine. the book meant a lot to me á and he lost it.,[3],0.2263
to say goodbye to dear friends after the holidays.,[4],0.8074
"ever since i have been a child, the sight of any kind of wound.",[5],0.0
"at the seaside, when a wave suddenly came and took off my bikini.",[6],0.0
"one night, i went out with some friends for dinner and i did not á tell my parents that i would come back late. i thought of á phoning but in the end i did not. when i arrived home, my á parents were very worried.",[7],-0.2936
"my sister in law was about to have a child, and there were some á problems. they had to do a caesarean. after a while, everything á was all right.",[1],-0.4019
waiting for my marks in a difficult subject.,[2],-0.3612
"i gave some personal information to a friend of mine, and he told á it to some others who were implicated in the affair.",[3],0.4939
"the holidays come to an end, and the next day we had to go back á to university and to the exams.",[4],0.3818
there was a cat on the street. it had been run over and its head was á open. we passed beside it.,[5],0.0
"at a meeting with over one hundred people, they decided who had to speak á from the stand by drawing lots.",[6],0.0
i had a small argument with a relative and some other people got á implicated. it resulted in a proper row.,[7],-0.3612
"last course, when i passed with good marks three subjects which i had á previously failed.",[1],-0.1027
i was attacked by a man at a bus stop at night.,[2],-0.4588
"my mother told me that i could not go to the mountains. despite á my age, as long as i am in her house i must do what she says.",[3],0.0
when my nephew was taken to hospital with meningitis and we did á not know what would happen.,[4],0.0
i was drinking coffee in a cafe and i found a piece of scrubber á in my cup.,[5],0.0
"when i went to my boyfriend's house for lunch and saw his á parents, i felt that they were watching me all the time.",[6],0.0
"at school, i did not tell the teacher that it was me who á had laughed, and she punished the entire class by making them á stay behind for one hour.",[7],0.0
"one evening, i was with a group of friends having a talk. there á was a very trustful and joyful atmosphere.",[1],0.8923
"we were walking in the park at night. it was very dark and very á late. we began to hear foot steps all around us, and we could á not find our way out.",[2],0.0
[ one day i arrived home rather tired and found the house... in á addition i was asked many questions which i did not want to á answer.],[3],-0.4805
i was selected to do a rest for a foreign ballet but i did not á have the money to do it.,[4],0.0
"in a film there was a scene in which a rat was sliding on a bed, á leaving a trace of blood behind, finally it entered the mouth of á one of the actors.",[5],0.0
i was swimming in the river and i lost the top of my bikini. i á did not notice it and came out of water. there was a á disagreeable classmate watching the scene.,[6],-0.4939
"at a party, several comments were made about the personal á situation of one of the people present. she was rather affected á and uncomfortable.",[7],-0.128
"it was saturday, my duties were over for a few hours and i could á at last be with the people i wanted to see.",[1],0.0
"one night, i was alone at home. my fear was caused by some á strange noises which put my imagination to work.",[2],-0.7184
when i got to know about the reaction of a friend of mine in a á certain situation. i had not expected him to react that way.,[3],0.6486
i felt alone among a large number of people. i was sad to see á that nobody cared about what was happening to me.,[4],-0.25
i saw a sort of black worm being attacked by many ants.,[5],-0.4588
when i met a friend of mine after several months.,[6],0.4939
when i noticed the negative changes in a friend's behaviour.,[7],-0.5719
"i was going to my village, after having been rather oppressed in á madrid.",[1],-0.4767
"i was watching a procession during the holy week, and a penitent á approached me.",[2],0.0
my mother read a letter that a friend of mine had written to me á telling me how she had got drunk the last time.,[3],0.2023
"i found a cockroach crushed between two folders in my bedroom, i á called my mother.",[5],-0.4215
i ride my motorbike in my village and everyone stares at me as if á i was a rare specimen.,[6],0.0
"i was spending a few days at my aunt's place. one night i got á home very late, i had told them i was going to a party but i went á to another place. they were very worried.",[7],-0.3377
last summer i achieved someting that i had been wanting for a á long time.,[1],0.0
i was in a camp and went out for a walk at night on my own. i lost á my way and spent several hours looking for the camp.,[2],-0.3182
my parents scolded me a lot for something i had not done. it was á my sister who had done it.,[3],0.0
at the hypocrisy of some of my friends.,[5],0.4767
i greeted and embraced the wrong person thinking that it was my á friend.,[6],0.296
"due to a misunderstanding on my part, two of my best friends á quarelled.",[7],0.6705
"when my brother was born, everything went all right. it had been á very likely that he would have a deficiency (my sister suffers á from down's syndrome) and that my mother would be in danger.",[1],-0.7579
when we got lost in florence and the coach did not turn up until á midnight. i had no place to go to and there were strange reports á at the police station.,[2],-0.6486
when an english teacher unfairly made me repeat a semester which á i thought i had passed. i had to ask my parents for some more á money to carry on studying.,[3],0.0
"the person whom i liked most left me for a friend of mine, after á several months of mutual help and a profound knowledge of each á other.",[4],0.8271
"in a park near our home, a group of young people who were á strangely dressed were seated in the middle of the street. they á began to eat while carressing each other.",[5],-0.296
"i feel this emotion very often when i try to express my feelings á in public, because other people do not understand my reactions á and think that i am silly.",[6],0.0258
a friend of mine said in a group that she felt lonely and á withdrawn from everyone because of mental deficiency.,[7],0.1779
when i passed the university entrance exam. i had thus finished á with a difficult period of my life and i was about to begin one á which i had desired a lot.,[1],-0.1027
"when i was at home alone, i felt a super-natural force, dangerous á for me and the people close to me.",[2],-0.6249
"when my father made my mother go through really terrible á situations, i felt furious, impotent, nervous, upset, ...",[3],-0.9168
"when a person whom i loved and admired a lot died. i felt empty, á lonely, helpless, without support, not knowing what to do.",[4],-0.607
"when i came to know that my father and his parents were : self á interested, dirty, negative, egoist, bad peolpe,...",[5],-0.8126
i think that the only time i really felt shame was when i was á very young and i had to defecate on the street. i was very á worried in case someone should see me.,[6],-0.7056
when i was young i felt guilty because i thought that i had á commited a grave sin.,[7],-0.8402
"on my birthday, when i was given my presents.",[1],0.0
we were riding in a friend's car. he was driving very fast and á suddenly a another car crossed the road in front of us. my á friend had to turn the car rapidly.,[2],0.4939
when i found one of my new pullovers wrinkled inside the á wardrobe. my brother had done it.,[3],0.0
when i went to see the result of an exam and saw that i had á failed.,[4],-0.5106
"when i was getting up, i found a live cockroach in my bedroom.",[5],0.0
the mother of a friend of mine passed by me and saw me sitting á on a boy's lap. i tried to greet her but could not help á blushing.,[6],-0.0354
a friend of mine had the sleeves of a leather coat stolen from á his car. it was me who had left them there for everyone to see.,[7],0.0
"the final marks were to be given in the morning. i wanted to get á there late because i was very afraid. when i arrived there, á everybody was very happy and i had also passed. we had a á wonderful time all day long.",[1],0.8268
i went to visit a friend in hospital. he was going to be á operated the next day. i was afraid that they would not let me á in and i did not know what his reaction would be on seeing me.,[2],0.4939
"a friend of mine played a joke on another friend over the á telephone. this friend, crying, called me and i got very angry á and made the other person apologize.",[3],0.8155
a friend of mine told me that my boyfriend had been with another á girl this summer. we had been going out together for four years á and we had not done so for the last three months. i could not á believe it.,[4],0.4939
i was at a friend's place for lunch and she fell ill and á vomited.,[5],-0.4215
i was dancing in a theatre. i was not sure whether some frieends á of mine had come to see me. i was very scared of doing things á wrong.,[6],-0.805
classes were over and i wanted to go home. a friend of mine á asked me to wait for half an hour to take him back home. i said á no.,[7],0.4939
"on holiday, seeing the lanscape in gerona.",[1],0.4019
travelling by coach on a rather narrow and wet road.,[2],0.0
they wanted me to pay for a ticket twice because they said that á the one i had was out of date.,[3],-0.1027
when i came back from my holidays.,[4],0.3818
when i saw an insect going up my arm.,[5],0.0
when i entered a bar looking for a friend.,[6],0.4939
arguing with my younger cousin. she is rather a nuisance but i á felt sorry.,[7],-0.3506
when some friends of mine asked me to go camping with them for a á fortnight.,[1],0.4767
"once, when i was very young, my mother left me alone in the á house and came back very late.",[2],-0.25
when my aunt told me angrily that i was a good-for-nothing and á she was fed up with my behaviour.,[3],-0.4215
when my parents and sister went on a trip and i was separated á from them for about three months.,[4],0.0
when a person i did not know hurt a friend of mine.,[5],0.7163
when the literature teacher made me recite a poem in the middle á of the class and i had to gesticulate.,[6],0.0
"once, when i arrived home very late, my parents had an argument á because of this; my mother wanted to stand up for me.",[7],-0.3612
i phoned a friend of mine to ask her for news about the marks in á an exam. she told me that i had passed.,[1],0.4939
"i was spending my summer holidays in a village. my friend and i á were coming back from a discotheque at night and we heard a noise á from an alley. we were very scared and we got into my friend's house. á a moment later, an unknown car picked up a person from this á alley.",[2],0.3832
"my mother and i had an argument over buying some clothes for me. á she did not accept the fact that i did not like the same things á as her, and we ended up shouting at each other.",[3],-0.6998
"one day, i was home and there was a phone call informing me that á some of my relatives had died in an accident.",[4],-0.7717
"when i saw a film in which there was a scene where women were cut á to pieces. above all, it was the blood and the confusion which á impressed me most.",[5],-0.0516
i was walking to school and i passed by a red cross post where á there were many soldiers. they began to pass remarks at me.,[6],0.0
a friend of mine trusted me to back her in a decision she had á made. but when the moment came i did not agree with her opinion.,[7],0.1243
i was told that i had passed the statistics exam. i had not á expected this so i was very happy.,[1],0.6115
when my brother hit his head and lost consciousness at the sports á practice. for some time he could not remember what had happened á but he recovered later.,[2],-0.1655
i get angry with my brothers and sisters when they do something á that i do not like. they know this and still do it so as to á tease me.,[3],-0.7724
when opened a box of biscuits and found worms inside.,[5],0.0
when i was young i was told to to the shop to buy a dozen eggs. á i went and asked for one egg and the people in the shop laughed á at me and so did my family when i told them what had happened.,[6],0.4588
when i arrived home late at night. i know that my mother gets á worried and this made me feel angry.,[7],-0.6705
when i spoke to my daughter and wished her luck for the á examinations she was about to take.,[1],0.4588
"when i was told that my daughter, who is at a boarding school, á was very ill and that they needed me there the same day.",[2],-0.4754
"one day in a clinic, the father of a child came in and assaulted á a colleague for something that she had not done deliberately.",[3],-0.5267
when i was told that my uncle had passed away.,[4],0.0
the transport to pick us up for lunch was always late and the á driver made the same excuse every day.,[5],0.0772
"one day when i came back home, i found my favourite dish broken. á i blamed the servant for it, later i found out that it was not á the servant but my daughter who had broken it.",[6],-0.8047
when i did not give back a text book to a friend in time.,[7],0.4939
when a cousin of mine was discharged from the hospital after á a long illness. i had thought that this illness would never end.,[1],-0.7027
"when a man who had a knife grabbed me and threatened me with it, á during my holidays in monze.á",[2],-0.1027
a certain friend tried to push me off a seat in a very violent á way for no apparent reason. it may be that he was excited about á something.,[3],0.079
when the neighbour of a friend of mine was stabbed to death by á thieves in kabwe. they stole his van.,[4],-0.7845
"when we were young, a friend of mine tried to dissect a frog while á we were playing near his home.",[5],0.6124
"the time i shouted at most of my friends at a party. it was as if á all my friends had done something wrong, or may be it was the á influence of the beer.",[6],0.7239
"when i blamed my niece for misplacing my book, she denied having á touched or seen it but i carried on insisting that it was her.",[7],-0.4588
"after going through much shame, i became a christian and á something new happened in my heart. joy that overflows was á manifest in me.",[1],0.7096
"when i was about six years old, i mistook a cat for a leopard á when it entered my room at night.",[2],0.0
"when a person the same age as me insisted that i call him á \mister\"". i refused to succumb, but he persisted and i got angry á|as he had belittled me.""",[3],-0.8765
"when i lost my father on the 25th of september,1970. he died of á a sore on the leg.",[4],-0.8126
when i failed the grade 7 twice and only passed it the third á time.,[5],-0.5106
"i was going around with a foreigner's wife and my entire family á got to know about it, this was just when i had become a á christian.",[6],0.0
"when they found out that i was absent from school, i had gone to á the girl's secondary school.",[7],0.0
when i first passed a job interview.,[1],0.0
"i was almost caught in the girls hostel by the security men, i á would have been expelled from school had i been caught.",[2],0.1027
when i was accused of having refused to do some hostel work while á i was at school. actually i had not been allocated any work.,[3],-0.5267
a friend of mine could not make it back to unza after having á failed the exams.,[4],-0.0258
i usually come back home early but this day i came home back late á to find some visitors at my place.,[5],0.0
i got pass marks in the h.s.s compulsory courses while most á people performed well.,[6],0.2732
"i destroyed my step-brother's bedsheets by mistake, they were the á only ones he had.",[7],-0.6808
when i heard that i had made it to the second year at unza.,[1],0.0
when my father's home was to be broken into by thieves who had á guns.,[2],-0.7506
when a friend tried to back bite me on false grounds. this made á me wonder if he was a really a good friend.,[3],0.8703
when my girlfriend's nephew passed away.,[4],0.0
"when someone whom i trusted, disappointed me terribly.",[5],-0.5574
"i was with my colleagues and we met an elderly man who was very á drunk, as he approached us he started to undress.",[6],-0.3976
"when i lied to my mum, who later came to know that what i had á been teling her was false.",[7],-0.3818
"when i hooked a girl in kitwe. she was very beautiful for my á standards, a rare bird of this kind accepted me as a boyfriend.",[1],0.8832
when someone tried to bewitch me and my friends at night.,[2],0.4767
when i was victimized for running away with a girl who was á somebody else's wife and niece at the same time. i was very á angry over this issue because i was told to pay him money after á having been punished for it.,[3],-0.8683
"1976, soweto uprising in south africa and the racist gout's á reaction to the students demands concerning the educational á system.",[4],-0.6124
"when i got grade \c\"" in m160 at the end of my first year at á|unza. i had expected a \""c+\"" or a \""b\"" as m160 is easy, going by my á|capacity in mathematics.""",[5],0.4404
"when i was found urinating, behind a toilet instead of inside it, á by my class mates and the teachers. i was told to pick up my own á urine from the wet soil, i did it.",[6],0.0
"when my uncle found me having sexual intercourse with a distant á relative of mine in the sitting room, on the couch. i failed to á stop and get up, i carried on.",[7],-0.6705
"when i was accepted for further education, here at the á university.",[1],0.2732
"when i was walking at night, i saw fire suspended in the air and á it was split into several segments by something i could not see. á i suspected that it was witch-craft.",[2],-0.7506
"when i was accused by my brother of having stolen a 5 kwatcha á note from my mother's bag. i was beaten up for this, the money á was found later.",[3],-0.802
when i received a message that my brother was seriously ill and á was in hospital.,[4],-0.5423
"when i was refused a transfer from my school to another, simply á because it was far away from my house.",[5],-0.296
"when i was taking an exam in grade 5. the examinator found me á with a note-book and accused me of copying, all the students á laughed at me.",[6],0.2023
when i was caught stealing mangoes in a certain compound.,[7],-0.3818
when i got first division in the exams before leaving school.,[1],0.0
when i went to town in a double dekker bus. the bus was about to á fall on the way when the driver controlled it. it had almost á fallen.,[2],-0.3008
"when i was in form 3, my aunts lied to my daddy telling him that á i had told them that i was pregnant. my daddy told my mother á and she asked me if it was true. i was very angry with my aunts.",[3],-0.5256
when i received a letter telling me that my mother was very ill.,[4],-0.4754
"when a drunkard, in town yelled at me saying that i was a á prostitute.",[5],0.0
"my brother came to see me and found me with a boy friend. when á my boyfriend greeted him, he did not answer and instead started á shouting at me and scolding me in the prescence of my boyfriend.",[6],0.6486
"when i went to my room-mate's drawer to see if she had an iron á which i could use, she came in. i felt guilty as she may have á thought that i had been stealing.",[7],-0.7579
when i had my four children.,[1],0.0
when two of my children were critically ill with measles.,[2],-0.4215
when i got a low grade in an administration course.,[3],-0.2732
when i got divorced from my husband after ten years of marriage.,[4],0.0
when my mother betrayed me by obtaining money from my husband á when we were separated - pending divorce.,[5],-0.6124
when i gave my boyfriend a brush-off.,[6],0.0
when i beat up my son for having beaten up his sister.,[7],-0.4215
"this happened when i went to check my first year results, i had á thought that i would fail and i found that i had a clear pass in á all my courses.",[1],-0.2263
when i woke up at night to find a fire spreading towards the bed á -rooms. i was very frightened as i realized that i faced death.,[2],-0.8588
when a friend of mine was trying to make a fool out of me.,[3],0.0772
i experienced this emotion when my friend committed suicide after á we had spent the afternoon playing and discussing life and it's á problems.,[4],-0.2732
"when i heard of the assassination of the indian prime-minister, á indira gandhi.",[5],-0.5994
when i got drunk at a party and made a fool of myself by á vomitting all over the place and insulting the people who were á there with me.,[6],-0.7003
when i was caught sneaking back into the house at night after á having gone to a disco without permission.,[7],0.0
when i was told that i had passed the exams.,[1],0.0
when a thief broke into my house at night.,[2],-0.7351
when my sister broke my china tea set.,[3],-0.4215
i felt very sad when my son died after a short illness.,[4],-0.8655
i met my best friend's husband with a prostitute.,[5],0.6369
when i failed to answer a simple question.,[6],-0.5106
"my brother wanted money but i refused to give it to him, two days á later he stole it from my father.",[7],-0.4215
when i learnt that i was selected for form i.,[1],0.0
when i was nearly beaten up by the brother of my girlfriend.,[2],-0.4215
when i heard that my girlfriend was talking behind my back and á looking down on me.,[3],0.0
"when a friend, who has been with me at school, failed to make it á to unza.",[4],-0.0258
when my girlfriend told me that she was no longer interested in á me.,[5],-0.5358
i choked on a cold drink in front of girls who were strangers.,[6],-0.4767
when i was caught with my girlfriend in the house at night.,[7],0.0
when i passed the grade 7 exam.,[1],0.0
"when i was told by the doctor, after many months of coughing, á that i had tuberculosis.",[2],0.0
"when a cousin of mine took my bottle of t.b tablets, put water in á it and threw it in the dust-bin.",[3],0.0
this happened when one of my uncles died just whan i was á planning to go and visit him during the next holidays.,[4],-0.25
when i realized that my closest friend had said bad things about á me when i was not around and had betrayed me by making friends á with my boyfriend's other girl.,[5],-0.296
when five of my friends at the secondary school found out the bad á things that i had been saying about them.,[6],-0.1027
"when my mother returned from a holiday, i told her a lie i.e my á father had brought another woman home while she was away.",[7],0.4019
the time i qualified to enter secondary school.,[1],0.0
"one evening i saw the old guard-man i knew, change into something á inhuman for about 5-10 seconds, this really frightened me.",[2],-0.4927
"when i was mistakenly accused of being a thief when i accidently á gave a fake coin at a counter. i realized this before i handed á over the coin, but the man called me a thief and called a á witness.",[3],-0.8765
the day i woke up to find that a kitten i had wanted to keep had á been eaten by the neighbour's dogs. it had been locked out by my á wife who claimed that it had dirtied the sheets.,[4],0.0
the day i was forced to use a public convenience place in town. á it was so filthy that it really made me sick.,[5],-0.7624
my mother caught me stealing some food when i was a young á boy.,[6],-0.5719
"when i gave in to what my wife wanted and locked the cat out, it á was killed by the dogs.",[7],-0.6705
i felt joy when i came to know christ. that is when i became a á christian.,[1],0.5859
when i broke the window pane of my next door neighbour's house.,[2],-0.4215
when my brother did not send me the transport money to resume á my studies in time at unza.,[3],0.0
when i heard that my nephew had passed away.,[4],0.0
when my father thought that i was an unrelaible son.,[5],0.0
"when i stole a book in class and the teacher caught me, the rest á of the class laughed at my attempt.",[6],0.4588
when i insulted an elderly person for no reason.,[7],-0.6705
"when my uncle gave me my first year's results. i opened the á envelope and my eyes ran into two \b+\"" - in ec110 and m160, this á|meant that i had qualified for a major in economics.""",[1],0.0
"i turned the knob of my granny's two band radio and did not hear á any broadcast, \ what ! have i broken the knob ? how much does á|it cost ? what if the spare part is not available ? \"" --i did á|not know how to tune a radio.""",[2],-0.6036
"i peeped into maurine's bedroom and saw two people - maurine anbd á my step-dad. i thought, \ why did she break her promises ? why á|had she invited me ? why do old men go for young girls ? \""""",[3],0.4836
"when i missed the chance of becoming a graduate in mining á engineering, after having prayed one week in the church i was á not even selected.",[4],-0.0516
"i stormed into the room, hoping to cool myself with some soft á music from my three band radio cassette. there was only young á kaley there and he explained, \ your aunt has sold it as she á|wanted to buy clothes.\""""",[5],0.6249
"when a lady i was flirting with told all my class-mates that she á was in second year while i was in first year, everyone laughed á and started looking at me.",[6],0.5859
"my cousin knocked on the door, looking for me to get her watch á back. i had given it to my girlfriend, lizzy, as a present.",[7],0.0
"this was when the girl i was in love with accepted my proposal á and everything went smoothly, just as i had wanted it to. it was á contrary to my previous feelings of uncertainty about her á response.",[1],0.5994
"it was when i dreamt that i had encountered satan, he wanted to grab me á and take me to his kingdom. he was very repulsive and i have á never seen anything like that before.",[2],-0.2755
this was when i found out that a cousin of mine had taken away my á trousers without my consent.,[3],-0.1695
when i failed a test at my primary school. i was then in grade 7 á and we were about to take the main exam.,[4],-0.5106
"this was when i saw, for the first time, a naked woman á (prostitute) run away from a house after having been discovered á by the guardian.",[5],0.0
"this was when i was discovered stealing a piece of bread at home, á i was very hungry a few hours before supper.",[6],-0.5719
when i was afraid to tell my sports teacher at secondary school á that i had not participated in the sports activities the previous á day.,[7],0.0
i was in grade 7. we had an inter-house volley-ball competition. á in luapula i was the youngest member of the team and i scored á the winning goal using my head. i jumped up with joy and fell á down.,[1],0.802
"i was escorting a relative on a bike, we passed by a dark road á with bushas on each side. half way down this road, suddenly, we á saw a white dog appear from one side. before we could do á anything, it had vanished and moreover it did not seem to have á any legs.",[2],0.0
"the comrade staying next doors insulted me for what he called á the misuse of his iron. he called me stupid, self centered etc. á i wanted to punch him but instead went for a walk to the mining á school to cool off.",[3],-0.1027
"a close relative was at odds with a very powerful firm. all his á things had been taken, his dad had died a little before this á event. he gathhered his children and vowed to give them a good á life with a new start - the words were hollow, he bit back his á tears ...i asked to be excused and then went and cried in the á loo.",[4],-0.2748
a pig in the well from which we drink.,[5],0.2732
"my girlfriend had started going around with another boy. her á cousin, also a friend of mine, asked her as to who she preferred. á both of us were present and she chose the other guy.",[6],0.4939
"i bumped my dad's car in a lamp post. he was not at home then, á neither was he home when i left for the campus. i did not tell á him about the accident and i will never tell him.",[7],-0.4767
i was at school whhen i received a letter from the dean of my á school congratulating me for my performance at the previous á year's exam.,[1],0.0
"this was at secondary school, a prefect framed up some case and á took it to the deputy head-master. i was called by the á head-master and he threatened to suspend me.",[2],-0.6486
"when i travelled all the way to my former school to collect my á certificate, only to be told that i owed them some money, i knew á nothing about this.",[3],0.0
"my sister was in a hospital, later in the evening we received the á information that she had died.",[4],-0.5574
"when at school i thought that i was going to get the best results á in mathematics, but it was someone else who got the prize.",[5],0.7935
when i received a letter from my girlfriend telling me that she á was engaged to an another man.,[6],0.4019
"i felt guilty when i heard the results of my friend, who had á failed. i wished that i had helped him.",[7],-0.4404
my being admitted to unza.,[1],0.1027
while paddling in the river during a storm. i feared drowning.,[2],-0.4939
"i entrusted a friend with the delivery of some money to my á father, however he misused the money.",[3],0.6124
the loss of my mother.,[4],-0.3182
over an argument.,[5],-0.3612
at school - being whipped by the teacher in front of the class.,[6],0.0
"when i had sufficient amount of money, i brought more clothes for á myself than for the children - i felt bad about it.",[7],-0.5423
my first kiss.,[1],0.4215
when i saw a ghost.,[2],-0.3182
my trouser's zipper was open when i was at a public wedding.,[3],0.0
when a friend left me and went back home for good.,[4],0.7269
when i failed an exam.,[5],-0.5106
insulted my girlfriend during a peptalk.,[6],-0.5106
i caught a close relative with the servant of the house.,[7],0.0
when i passed my form three exams.,[1],0.0
the time i was threatened with expulsion from secondary school (form á four).,[2],-0.4588
when i discovered that the people i trusted most were talking á behind my back.,[3],0.4767
when i heard about the death of my aunt.,[4],-0.5994
when my brother promised me money but he failed to fulfill the á promise.,[5],0.4767
i was running in front of a crowd when i slipped and fell on a á wet lawn.,[6],0.0
when i took drugs.,[7],0.0
"as the time to get the results drew near i became more and more á anxious. my friend called me and said, \ you have passed.\"" my á|heart was full of joy.""",[1],0.6929
i watched a very terrfying film in lt2. this film really pushed á my heart out of my body and i was forced to go out before the á second reel ended.,[2],0.296
"\ i have been hearing rumours that you have not been allowing á|people in your room,\"" he said. this sentence really shot my á|heart. i failed to find the right words, instead i walked away á|without uttering a word.""",[3],-0.4451
"one saturday morning i had got ready to go out swimming with my á friends. unfortunately the weather did not permit it, so we á stayed indoors.",[4],0.4939
"one day i went to town to get my grocery. on my way back, i took á a mini bus which was full of drunk students. i felt very á disgusted.",[5],-0.7251
"i had gone to aa bookshop to buy some books. somehow, i got very á cross with the security guard checking through what i had bought. á i lost my temper and screamed at him. later i felt very ashamed á at myself as a lot of people i know were there.",[6],-0.8122
"i remember deceiving my brother, i told him that i was going to á attend the sunday service, instead i went out to the town with a friend.",[7],0.2023
"when i heard that a close relative of mine had given birth at a á very young age, in a very remote area and had had very few problems.",[1],-0.4549
the possibility of having failed the examination.,[2],-0.5106
when someone chased me from his house.,[3],0.0
when i realized that i did not have the basic things needed by a á student like me.,[4],0.3612
"when some people, including me, are treated in a way which á equates them to an animal or a thing.",[5],0.0
"when someone i know was caught in an \adultery\"" situation.""",[6],0.0
when i did something wrong in the past and denied having done it á when asked about it later.,[7],-0.7184
"my girlfriend wrote to me telling me that she was four months á pregnant and that i was responsible for the \damages\"". this made á|me happy as i longed to have a child to call mine.""",[1],0.4767
"the shooting started and we all lay down to protect ourselves á from the flying bullets. this incident occured on our way to á feira, during the zambia army patrols in the rhodesia war.",[2],-0.3182
"i went to the dining hall and found that the cooks were cleaning á the plates and there was no food for me, and the blue birds á (security guards) were busy eating the food that was supposed to á be for me.",[3],0.0516
"that afternoon i received two messages informing me, one that my á brother was in a coma in the u.t.h suffering (kidney disease) and á two, that my uncle met with an accident on his way to the hospital á to see my brother.",[4],-0.7351
this happened when i went to visit my friend in chelston and á found him screwing my girlfriend.,[5],0.3182
when i walked out of my room with only my pants on and found my á girlfriend and her female friend looking for me outside.,[6],0.4939
my father caught me having sexual intercourse with my closest á cousin. there was nothing wrong with it but the female was too á old for me.,[7],0.1967
"when a girl i wanted very much, said \yes\"" and fell in love with á|me.""",[1],0.8
"one evening, when i had gone fishing with my friends, we heard á the roar of a lion near by and had to run for our lives.",[2],0.4767
when somebody stole my brother's disco machine.,[3],0.0
when my uncle died.,[4],-0.5574
a class-mate answered (accidentally) the call of nature in the á class during a tough mathematics examination.,[5],-0.4404
i was double crossing my fiancee and one day she caught me red á handed. she forgave me later. i was very ashamed of what i had á done.,[6],-0.2484
"i took some money from my parent's house without asking them for á it, and i was caught red handed.",[7],0.0
i was very happy when i discovered that i had passed my first á year examination and was among the thirty students who would á major in economics.,[1],0.6115
i was approaching my exam time and my books got stolen. i was in á a panic as i thought that i would not do well enough to be á considered for the economics quota. i cried a lot but that did á not help and as the exam day came near a strange fear gripped me.,[2],-0.9193
"i was annoyed this particular day as it seemad that the odds were á not in my favour. my grandfather added fuel to the fire, when i á had an important appointment so i unleashed my anger on him.",[3],-0.8521
"it was the time i went home for my holidays only to find that my á sister had passed away. the news had been hidden from me, so á that i could take my exams.",[4],0.3818
when i discovered that my mother had been involved in adultery.,[5],0.0
"i was caught stealing food at my aunt's place. i had tried to á hide the food i had taken from the pantry while my aunt was in á the kitchen, however she went to the pantry and discovered the á stolen package.",[6],-0.8225
dad had just married his second wife (my step-mother) and i did á not like her so i went to the wardrobe and set fire to her á dresses. eveyone suspected my brother and he had to bear the á consequences. nobody ever got to know that it was me who had á done it.,[7],-0.6608
when i was accepted at unza.,[1],0.2732
when i heard a lion roar for the first time.,[2],0.0
"when a friend told me that my education had nothing to do with á our discussion. this friend has failed the 7th grade, what made á me angry was that i had not used my education to argue.",[3],-0.2617
when my beloved grandfather died.,[4],-0.0772
i was disgusted at the university wanting some of us to travel á from our homes to the lectures here every day. the way the whole á thing was handled disgusted me.,[5],-0.7783
"when i was leaving home i decided to leave without saying á good-bye to my young brother. my brother saw me and said, á \ will you not say good-bye to me?\"" he is only 31/2 years old. """,[6],-0.0516
when i cheated my father about the book allowance at university. á he discovered that we were given k150 per year for books.,[7],-0.5106
i experienced joy when i got the results - i had made it to the á second year.,[1],0.5859
"when i was going home, i saw somathing which looked like a snake á on the road but later i found out that it was only a stick.",[2],0.1901
"this happened recently, i was in the dining hall and one of my á friends with whom i was eating called me a fool.",[3],0.0516
i experienced this when my maternal grandmother passed away. she á was the last of my grand parents to pass away.,[4],0.4588
"this happened when i could not get into the school i had á initially wanted, and ended up doing something i had never á thought i would do.",[5],0.0
i insulted the girl to whom i had proposed when she turned me á down.,[6],-0.5106
"my mother had sent me to buy a few things. the change i brought á back was not right as i had given away some money to a friend á thinking that she would not notice it. however, my mother told á me that the change was not correct.",[7],0.4939
when my first child was born.,[1],0.0
i was walking through a thick forest and there was a big snake at á a distance of about four metres.,[2],0.0
when my daughter began staying away from classes - at the age of á nine only.,[3],0.0
"when my wife died in hospital, she was pregnant and had undergone á an operation.",[4],-0.5574
when my best friend started getting involved in my private á affairs.,[5],0.8126
i was very drunk at a certain wedding party and i got involved in á a fight.,[6],-0.1263
i send a word to my boss through my servant telling him that i á would not report for work as i was not feeling well and that the á doctor had refused to give me sick leave. my intention was á actually to go out of lusaka for a week-end. i left the same day á and the following morning my boss found me in mongu. i felt á guilty when asked to explain things on my return.,[7],-0.8652
i received a letter of acceptance from unza.,[1],0.4588
we were driving at night and i realized that a car was following á us.,[2],0.0
i reachad home to find that my baby had not been bathed and fed.,[3],0.0
"i saw a dead child which was not covered, it had been knocked á down by a car.",[4],-0.6486
i saw a friend's husband with another woman.,[5],0.0
i scolded my sister without waiting for her explanation.,[6],0.0
i accused my husband of being late deliberately when he came to á pick me up from work.,[7],-0.296
when i was appointed by the ministry of health to join the á teaching staff of one of the medical colleges.,[1],0.296
"when i took blood from a patient for alcohol estimation and á urine for some other examination, he told me that something bad á would happen to me as he would play magic on me.",[2],-0.2732
when the dean of unza asked me to vacate a big flat i was á occupying and take up a smaller one as i was becoming a full time á student at unza.,[3],0.0
when my close friend was involved in an accident and passed away á instantly. he had gone to buy a new car and had asked me to á wait at his home so that i could see his new car.,[4],0.0258
when i was told that the brother who was staying with me would á not go to the training school that year but only the year after.,[5],0.0
"a patient, to whom i had given a powerful medicine, shouted at me á in front of many people. i realized that he did so because he á was very ill.",[6],-0.0754
when i broke up my relationship with my former girlfriend as she á would ask me irrelevant quetions about my past.,[7],-0.4215
when i received my promotion letter.,[1],0.0
"i was sleeping when i heard the neighbours screaming, i peeped á through the window and saw a thief trying to enter my á neighbour's house.",[2],-0.7184
"i was annoyed when a person higher up asked me why a particular á job was not done, it was not my job to do it.",[3],-0.3818
"my brother came to tell me about some problems we had in the á family. i felt sad because i thought that if my mother had not á gone away when this brother was younger, things would have been á different.",[4],-0.7003
"i was in a train when a woman started talking loudly and á attracting everybody's attention. the worst thing was that she á was discussing something, about which she knew nothing, with another person.",[5],-0.25
after a jogging session i had severe abdominal cramps and this á lead to my wanting to empty my bladder. my friends gathered á around me and two of them had to help me to the toilet. i was á ashamed at having to go to the toilet in the presence of my á friends.,[6],0.34
"a certain woman had asked me to make something for her and i kept á putting it off. when i finally made it, i did not see her for á days only to be told one day that she had collapsed and died. i á felt quite guilty as she had jokingly said that i might not do á what she had requested me to do.",[7],-0.7713
when i was accepted for my third year (g-10) at my former á secondary school.,[1],0.2732
i had gone for a medical check-up at the u.t.h and failed to make á it back on time for the c119 practical sessions at 1400 hours á last academic year.,[2],-0.5106
when i was mistreated by my step-mother.,[3],0.0
when my aunt passed away in early 1982.,[4],0.0
when i failed to secure employment after my form 5 in lusaka despite á my excellent certificate.,[5],-0.5991
when i failed my grade 7 exam at the first attempt in 1975. my á father and the entire family thought that i was finished in life. á i really felt like hiding.,[6],-0.4562
when i beat up a first year student at my secondary school in á my capacity as the deputy head boy. he had woken up late in the á morning for manual work.,[7],0.0
when i heard that someone who is very close to me did very well á in the exams despite having fooled around a lot.,[1],0.554
when a drunkard barged into a room where my friend and i had run á in order to get away from him. we were all alone and all i could á see was this hand coming towards me.,[2],0.714
when a friend and me played a joke on our boyfriends. her á boyfriend came up and accused me of having planned the whole á thing and said that i did not deserve my boyfriend. he á embarassed me in front of a crowd.,[3],0.6808
when my family and i heard of the death of my grandfather. we had á seen him a few weeks earlier and it seemed that he had just been á waiting to see us.,[4],-0.5994
when a boy put a handful of cooked potatoes down my dress and á there was no water to clean up.,[5],0.128
when a soppy poem that i had written to a boy was found and every á one read it and started teasing me about it.,[6],-0.0772
when my boyfriend asked me to go out with him and i refused á because i wanted to go out with another guy. i did go out and my á boyfriend found out.,[7],-0.296
"after a long time (of no communication with him, physical á illness and worry) my lover came to see me, when i least expected á to see him.",[1],-0.4588
birds had made nests in our thatched roof and they were flying á and flapping their wings in the bedroom at night. it was very á dark and i could not even see my nose. i did not know that it á was the birds till my mother told me so.,[2],0.0
the juniors in our dormitory at school started to complain and á make a lot of noise about the duties assigned to them by the á prefect who was my class-mate and was very cool and dull.,[3],-0.4349
my elder sister scolded me in front of my younger sisters and á cousins. she said that i was very lazy and i felt so sad that i á cried myself to sleep.,[4],-0.855
"on christmas day a drunk man came to our house without a shirt á on, he dansed, spoke nonsense and behaved stupidly.",[5],-0.7964
when i wet my bed at boarding school.,[6],0.0
"my baby sister was 2-3 months old and when i was trying to get á her on my back, she slipped and fell.",[7],0.0
my son was registered to get admission in grade one of the á primary school. the chances of him getting a place there was 1/10. á two weeks later i was informed that he had been enrolled.,[1],0.2023
"when i came back from work one day, the friends of my son told me á that he had not come back from school and that he was lost.",[2],0.2023
my room-mate locked up our room without specifying where i would á find the keys. i had to spend several hours in my other friend's á room.,[3],0.0
"i lost my grandfather whom i loved very much. i had not known á that he had been ill for a very time, when i received this á message he was already dead.",[4],-0.6705
"the teacher of one course gave me 10 questions with sub-questions á going from a to e for each question. she asked me to do all this á in one and a half hours. it involved a lot of describing and á explaining and even though i knew all the answers, i could not á finish the work.",[5],0.0
i forgot that the course instructor had directed us to go for á special classes after the usual class hours. i missed this the á first day and when he asked me about it the next day i said that á i had forgotten.,[6],-0.1027
i was to inform the neighbour on my left that a robber had been á spotted the same evening near the house of the neighbour in front. á i did not do it and the same day the thieves broke into this á neighbour's house.,[7],-0.8658
when my father bought me a suit.,[1],0.0
after having taken an exam i feared having failed it.,[2],-0.7579
i was badly beaten up by one of my friends during a wedding á party.,[3],-0.0258
i was very sad at hearing that my grandfather had passed away.,[4],-0.5256
i was disappointed by a girlfriend when i visited her at her home á in woodlands.,[5],-0.4767
i was ashamed at being the only one to have got a c+ in ed120 á assignment.,[6],-0.4767
i was caught stealing a box of matches in the supermarket and had á to plead guilty.,[7],-0.7579
when i heard that i had achieved a place in form i.,[1],0.0
when i first came to the unza i did not know the kind of people i á would find here and the kind of behaviour they would have towards á me.,[2],0.0
i had gone home for a week-end and when i came back i found that á my clothes and my bedding had been stolen.,[3],-0.4939
when my father passed away.,[4],0.0
someone stole a k10 note and the teacher thought that it was me á when i was not responsible for the theft.,[5],-0.2411
when i failed the grade seven exams.,[6],-0.5106
"one day my mother went to visit her friends. when she came back á she scolded me for not having kept the house in order, so i á decided not to talk to her.",[7],0.4767
when i saw my family after a separation of one year.,[1],0.0
when my little sister was sick at home and i thought that she á would die.,[2],-0.7867
when i found out that my sister had been playing with my á confidential things which she had taken from my hand-bag.,[3],0.2023
when one of my best friends commited siucide during these á holidays.,[4],0.872
i am disgusted at the number of second year students who are á pregnant illegitimately.,[5],-0.4767
when i got very low marks in one of the assignments.,[6],-0.3384
when my aunt went out of her way to help me out with my financial á problems.,[7],0.0
"when i fell in love with \x\"". overnight i felt confidence, self-esteem, á|responsible and worthwhile.""",[1],0.872
when a thunder belt hit the roof top of the building i was in.,[2],0.2023
"when my room-mate locked me out deliberately, before an exam due á at 1400 hours.",[3],0.0
"when my friends died one after the other. the first died in a á car accident and the second one recently, due to an illness.",[4],-0.872
when my cousin put feaces in my washing. a silly idea which was á meant to be a joke.,[5],0.3182
getting drunk and creating a lot of trouble at a place i respect á - my friend's home.,[6],0.0516
when i took a small boy's share of choclale. he was our guest á and so had been given a larger share of the sweets.,[7],0.765
the day i got a telegram telling me that i had been selected for á a b.a at unza. i felt happy because i had not expected to be á selected.,[1],0.5719
the day i encountered a queer mamba face to face in a chunk of á leaves behind our house.,[2],0.0
when my friends tried to discriminate against my friendship with á certain other friends which they thought was improper.,[3],0.8807
the day my teacher of latin and french died.,[4],-0.5574
the day i went to eat dinner in the dinning hall and found a á dead fly in my gravy.,[5],-0.6486
i felt ashamed of myself the first time i drank as nobody in the á family drinks. i felt that i had let down my parents and my á friends.,[6],0.0
the day i came home drunk after having attended a disco party.,[7],0.0772
i was very happy when i received the year end results as i was á worried about how well i had done. i was very happy to know that i á had passed.,[1],0.8354
"i was caught doing something i was not supposed to do. i did á something with the person who caught me (bribe) and even though á he promised not to report me, i am still frightened.",[2],-0.296
i told my friend something confidential which was supposed to á remain between the two of us. the next thing that happened was á that a girl who is not even close to us came laughing and askad á me to tell her about it. i was very angry with my friend as i á had trusted her.,[3],0.8445
i remember that when my mother died the day was sad and every á time i think of it i am saddened by the loss of my mother.,[4],-0.9081
"when thieves broke into our house, i was disgusted by their á behaviour. they did not find anything so they broke things like á the windows, glasses etc.",[5],-0.8773
when i bribed the person who caught me doing something i was not á supposed to have done. i was very ashamed of what i had done.,[6],-0.5256
"i was caught doing something bad and i bribed the person who á caught me. later i felt very bad, maybe i should have paid for á my bad behaviour.",[7],-0.8955
when i received a positive answer from my appeal to withdraw my á registration at unza.,[1],0.5574
i was a passenger in a vehicle when suddenly another vehicle came á from behind to overtake us. however another one was coming right á in front so the other vehicle changed course and blocked our way á and so we crashed against the side of the road.,[2],-0.2732
"i was asked to stop studying economics, a field which interested á me, by my employers.",[3],0.128
when i learnt of the death of a friend.,[4],-0.1779
"when i learnt that my offer to study at the university had been á withdrawn and so i would not get hostel accomodation at unza, á even though i registered as a student later.",[5],0.0
my love proposal was turned down by a lady i really loved.,[6],0.8553
"i came across a blind man sitting in one of the corridors and á asking for money, though i had some money i did not give him á anything.",[7],-0.4019
when i first came to the campus.,[1],0.0
when i was confronted by a policeman one night around 11 o'clock. á i was afraid when they threatened to take me and my girl to the á gallows.,[2],-0.5859
when an argument with a friend of mine over our behaviour towards á another friend turned into a quarrel. i lost my temper and nearly á knocked him out.,[3],-0.0516
when i lost my father in a car accident.,[4],-0.6597
"when i was denied my favourite dish at the dinning hall (shima á with roast chicken), i felt disgusted.",[5],-0.743
"i felt ashamed when a friend, i had always respected, insulted me á in public. he was drunk.",[6],-0.3612
when my library books were overdue and i did not have the money á to pay for them.,[7],-0.1027
when i got my results - i had passed the form iii exams. i had á not expected to do so well.,[1],0.4101
when i was an exploration with my friends and almost got lost in á an unfamiliar environment. it was getting dark and we did not á know how to get back home.,[2],0.4549
"when my father did not get back from chipata on time, he was thus á holding back progress as everything depended on him. i felt á angry over his actions.",[3],-0.128
"when my little brother passed away mysteriously, at least from á what i was told about it.",[4],0.0
"when i saw a woman who had been run over by a train, just off á kafue. the woman had been cut to bits, there was blood and á splinters of bone every where.",[5],-0.2732
when i almost did something awful with a friend of mine and á myself.,[6],0.1189
"when i \passed out\"" a female friend of mine for no apparent á|reason. i was under the influence of drugs and when i am like á|that i get mad at anyone, however small the provocation.""",[7],0.0772
when thieves broke into our neighbour's house and later we heard á gunshots.,[2],-0.7269
"when my aunt scolded me for something i was not responsible for. á a boy had come to our gate asking for me, my aunt went out to see á him. i had neither met nor known the boy.",[3],-0.2411
when my cousin passed away unexpectedly and tragically (a á murder).,[4],-0.8555
when my mother got a terrible beating from my father. it was so á bad that she fainted and it was only then that my dad realized á how bad it was.,[5],-0.9243
when my friend had a child out of wedlock.,[6],0.4939
when i lied at home. i told them that i was going to a á christian meeting and i went to see my boyfriend instead.,[7],-0.3818
receiving my result slip (pass) on my birthday.,[1],0.0
when we forced a friend to chew a poisonous herb in primary á school. his tongue was swollen and he told his mother about it. á the mother reported it to the headmaster who threatened to expel á us.,[2],-0.8555
at boarding school someone put a lot of tiny thorns on my bed. á when i complained everybody began teasing me and laughing at my á inability to find out my enemies. i lost my temper.,[3],-0.8689
"my room-mate was drunk, he vomited on the floor and fell face á down on the vomit nearly choking himself to death. then he á fainted and so i called the first aid.",[5],-0.8519
as a kid my mother caught me stealing sugar and giving it to a á neighbour.,[6],-0.3182
i got into a bad fight in a bar and my friend received a bad cut á above his left eye while trying to separate us.,[7],-0.8176
i felt vvery happy when i was accepted at unza for my studies. á i had not expected this as i had been ill during the exams.,[1],0.4588
i felt very frightened when a robber broke into our house and á threatened to shoot my father if he did not part with some money. á i was looking at the man with his hand on the trigger.,[2],-0.8955
a teacher at my former secondary school forced my darling to á marry him. the girl tried to refuse but her parents would not á leave her alone.,[3],-0.1225
"when my sister died, she was only sixteen when she was put to á rest.",[4],-0.5574
when i witnessed an accident.,[5],-0.4767
"when my father found me in bed with a girl, we were deep in actioon á when he entered the room.",[6],0.0
"i took my grandmother's money without telling her and when asked á if it was me who had taken the money, i denied it.",[7],-0.4404
when i won some coins in a small competion.,[1],0.5719
i went home late one evening and saw that the security lights á were off. i got inside the gate and just then i realized that á the dogs may be outside.,[2],0.34
"my little niece, who is very talkative, suddenly became very á naughty and began wetting her pants. she did it one afternoon.",[3],0.0
this morning during my sleep i had a feeling that someboby was á attacking me. i started crying in my sleep and then my room-mate á woke me up.,[4],-0.6808
when i learnt that my cousin sister was pregnant.,[5],0.0
my cousin and i were at the farm and at night we drunk like fools á and made a lot of noise. we had drunk two much of wine.,[6],-0.6705
"the fridge we had at home had a lock. one day when i wanted á something, i unscrewed the door but unfortunately i was caught in á the act.",[7],-0.4767
when i was selected for the university.,[1],0.0
"when i saw an accident, a woman was run over and she died on the á spot.",[2],-0.7717
when my dress and a few other things were stolen from my á wardrobe.,[3],-0.4939
when my grandmother passed away.,[4],0.0
"while watching a movie, someone who was drunk started vomiting á helplessly.",[5],-0.5859
when i ate my sister's food and then she found out that it was á me. i felt very ashamed but still refused to admit that it was á me.,[6],-0.4208
"when i told a person something that had happened to my friend, á and this person went and told my friend.",[7],0.7506
when i got myself the kind of girlfriend i had been hunting for a á long time.,[1],0.0
when i was told that the form five results were out.,[2],0.0
when i saw my younger sister being bothered by a boy she did not á know.,[3],-0.3182
"the time i lost a badminton match, that i should have won at the á zambia closed badminton championships.",[4],0.6808
"when i was taking my girlfriend out, she seemed to have taken á her time.",[5],0.0
when my dad caught me with a honey (girlfriend) in my bedroom.,[6],0.0
when i beat up a stupid boy who was fond of cracking jokes on me.,[7],0.128
"when i was selected for higher education, i.e grade 7 to formi.",[1],0.0
"when i impregnated a certain girl, i thought that i would be á forced to marry her or go to court.",[2],-0.2263
when the university withdrew the accomodation that it had given á me.,[3],0.0
when my mother and father separated (it was a brief separation á and they are together now).,[4],0.0
"when i patronized a certain tavern which had prostitutes, it was á almost a brothel.",[5],0.2732
when i proposed love to a girl and she turned me down.,[6],0.6369
when i sided with my mother in a quarrel she had with my father á before they briefly separated.,[7],0.0
when i received a letter from a woman i thought had not ever á cared for me. this was when i needed her and i was overjoyed to á learn that it was me who was delaying things.,[1],0.3331
two guys were fighting murderously and i feared that one of them á would be killed.,[2],-0.936
"when i could not reason my friend, it angered me.",[3],-0.7121
i did not like it when a little girl was crying for her dead á mother and was calling her by her name. i was sad.,[4],-0.9071
"i feel disgusted at not having got aa \a\"" in yesterday's á|practicals of g220.""",[5],-0.5267
i felt very ashamed at having got a book by force from a girl.,[6],-0.5256
i felt guilty of having suspected my room-mate of stealing the á money last term.,[7],-0.8126
our only elder sister got married and started having pains in her á abdomen and she was told that she could not have children. to our á suprise she had a baby 2 months back.,[1],-0.4215
my uncle was taken to the utc for an operation as he had cancer. á there had been a lot of deaths of late - 3 out of every 4 á operated. i was scared for my uncle's life.,[2],-0.8074
i had planned to go to town with my friend at 1500 hours but she á went for the registration and i waited for a good 1 and a 1/2 hours. it á was vital for me to go to town but i could not as it was she who á had the money. finally i borrowed some money from friends and we á went to town. i was really angry with my friend.,[3],0.9064
i dreamt of my father's death while i was at secondary school. i á was screaming at the top of my voice and was woken up by my á friend. that day i was really sad.,[4],-0.7089
i had prepared a special meal for my boyfriend but when my á brother came home he ate it all. i was really disgusted about it.,[5],-0.5775
"we were at a party, this guy i liked and me. i really loved him á and gathered enough courage to ask him to kiss me. he did not do á it but instead asked me what i would like for my birthday. i á told him that i would like a kiss more than anything else but he á excused himself and said that it was impossible. i really felt á embarassed.",[6],0.9555
we were at secondary school and i was making a lot of noise. the á teacher came to ask us as to who was making all the noise. i did á not own up so the whole class was punished.,[7],-0.4588
i was very happy when my scholarship to continue studying at unza á was approved after it had been cancelled.,[1],0.6997
when i met an elephant in the bush.,[2],0.0
when someone took my pen away.,[3],0.0
when my cousin passed away during the holidays at home. he fell á ill at night and the next day he died in the evening.,[4],-0.5859
"an officer at the dean of students office had promised me to give á me a room the next day, but he failed to keep his promise.",[5],-0.1901
"i do not have accomodation on the campus so i stay with my á extended family, one young man used bad words while asking me to á leave their home.",[6],-0.5719
i broke a glass of glycerine at the z.c.b.c store in ndola.,[7],-0.4215
when i was with someone i love.,[1],0.6369
when i was walking around all alone at night.,[2],-0.25
being made to look like a fool by a girl.,[3],-0.1027
when my dad passed away.,[4],0.0
when i was told that i had no right to control my lover.,[5],0.3818
getting very low marks in mathematics.,[6],-0.3384
when one of my lovers told me that i was a flirt.,[7],0.5267
at my sister's wedding.,[1],0.0
when i had to walk along a dark road alone.,[2],-0.25
when i was locked out of my room by my room-mate's friend.,[3],0.4939
when i failed one of my courses at school - the university of á zambia.,[4],-0.5106
when i found out that someone close to me was flirting around.,[5],0.2023
when i swindled money out of someone.,[6],0.0
i did not deliver a message on time.,[7],0.0
when the lady who is now my wife accepted my proposal to be my á lover and future wife.,[1],0.7096
when my neighbour's house was broken into and shots could be á heard.,[2],-0.4767
when a thief broke into my house and stole some valuable goods.,[3],-0.4767
the death of my guardian with whom i had stayed when i did my á grade six.,[4],-0.5994
"when i was substituted in a play which was to be staged, after i á had learnt all the lines.",[5],0.34
"when a woman who i respected very much was made pregnant, á unexpectedly by a man of a caliber i never expected.",[6],0.4767
when i applied for a false travelling claim allowance and later i á thought that i would be found out.,[7],0.0
i felt happy when my mother gave birth to a son who is the last á born in the family.,[1],0.5719
my father had been involved in a car accident two years ago. i á was then very scared thinking that he would die as he lay á unconscious in hospital for two weeks.,[2],-0.8805
i felt very angry when a mishanga seller robbed me of the á transport money i had to go to school.,[3],-0.5563
i felt very sad when a friend of mine failed the final exam and á she could not be accepted at the institution of learning.,[4],-0.6494
i felt disgusted when a fellow student asked me to marry him. i á had not expected this from him as he was a mere friend.,[5],-0.0516
i was ashamed when my friend and i were cross with each other á till we apologized to each other.,[6],0.34
"i felt guilty when i said bad things to my sister, i had not á intended to do so. she cried a lot and later she fell ill and i á felt responsible for her illness.",[7],-0.9022
when i was selected to study here at unza.,[1],0.0
"in 1960, i was going to a school which was near my village and i á met a lion on the way, which disappeared suddenly.",[2],-0.2263
when my wife told me that the refrigerator had stopped working.,[3],-0.2263
when i heard of the death of my mother.,[4],-0.5994
when my relatives troubled me so that i would help them á financially.,[5],-0.0772
when i failed one of the first year's courses.,[6],-0.5106
"when i was late for work and told my boss that it was due to á transport problem, whereas the truth was that i had woken up á late. i thus cheated my boss.",[7],-0.5719
i was overwhelmed with joy when i received the acceptance letter á to unza. this happened again when i passed all my first year á courses.,[1],0.7906
"in 1977 when my friend was caught by a crocodile. we were á swimming in a river on whose banks our primary school was á situated. when my friend was caught, he was on the banks of the á river and some of us were still in the middle of the river. i á was very frightened.",[2],0.4951
"in 1982, i was annoyed at an uncle who was drunk and was beating á up his old father. he claimed that the father was responsible á for his guardian's failure.",[3],-0.8402
"last academic year i received bad news - my grand-uncle had á passed away. i felt lonely and bad because apart from the á biological ties, he was a good old friend of mine at home.",[4],-0.5267
"last week a former school (secondary) mate of mine, who is now in á a differentt school came to my room here at unza in my absence. á he was drunk and he vomited in my room. i was unhappy.",[5],-0.6369
"a few years back i had proposed love to a girl who later turned out á to be related to me. though we were in love with each other, we á both felt ashamed and withdrew from each other.",[6],0.743
"last year i was asked to look after my niece while her mother was á cooking. unfortunately the kid fell off the bed, i was confident á that she would not fall and had not been paying much attention.",[7],0.2023
when i qualified for form i. i was one of the three pupils who á qualified for form i that year.,[1],0.0
when i learnt that the girl i had impregnated was in hospital and á was on the verge of dying as she had refused to accept the á responsibility of her pregnancy and had wanted to commit suicide.,[2],-0.4404
when i got home i found that the electrical supply had been á disconnected despite my having paid zesco the full bill a few á days earlier.,[3],0.0
when i lost my grandmother. she had been my guardian after the á death of my father.,[4],-0.7351
"when my demand for accomodation on the campus was refused and the á rooms were allotted to first year students who were from \rucher\"" á|and came from influential families.""",[5],0.0516
"when i told a girl that i could not take her out that night as i á was entertaining my mother who had come from home. however, i á later met this girl with another girlfriend at a hostel where i á had taken out another girlfriend of mine.",[6],0.4404
when i told the driver at my workplace to lie and tell the boss á that it was not me who was responsible for the delay. the boss á was very annoyed and the driver was punished and a day's salary á was taken away from him.,[7],-0.7089
when my wife gave birth to a baby boy - my only son to date.,[1],0.0
when burglars with guns forced themselves into my house and á ordered me to give them money or face death.,[2],-0.7845
when my colleague spat on my face after a quarrel.,[3],0.0
when my elder brother died.,[4],-0.5574
"when my friend, after a beer spree vomitted in my sitting room.",[5],0.4939
when i was taken to the place where my uncle had defecated in his á pants after having drunk beer.,[6],-0.34
"when it was discovered that i had done the assignment at my work á place, this caused a lot of embarrassment for me.",[7],-0.4404
when my brother gave me a watch.,[1],0.0
whhen the front tyre of the car burst.,[2],0.0
when i was insulted by a fellow student.,[3],-0.5106
when the girl i loved turned me down.,[4],0.5994
when i found my girl in bed with another man.,[5],0.0
when i failed grade 7.,[6],-0.5106
when i was caught going out with another girl by my girlfriend.,[7],0.0
when i passed the first year and so i could come back for my á second year.,[1],0.0
"i was working at a certain place and everyday after work dad á would come to pick me up. one day he did not come, it started á getting very dark and i had no money on me and my home was very, á very far away.",[2],-0.0258
"one day i had an appointment with my boyfriend which i had á objected to in the begining, however he visited me and convinced á me to come. the day of the appointment; i had to wait for him á for over an hour.",[3],0.4019
"when my grandmother passed away. we had been waiting for it as á she had been sick for years, but when it happened i found it hard á to accept.",[4],0.1655
when my grandmother came to stay with us permanently as she is a á very difficult person to stay with and when she started telling á false stories about us to other people.,[5],-0.4201
when i realized that i was pregnant. i thought about what my á relatives and friends would think about me and i felt a lot of á self pity.,[6],0.2263
"one day when i was working, i went out for dinner with friends á without my parents knowledge and i only came home at 2300 hours.",[7],0.4767
i was very happy when i found out that i had passed with flying á colours and that i had made it to the university.,[1],0.6115
"last night, i dreamt that things that looked like monsters were á trying to kiss me.",[2],0.6486
one of my colleagues accused me of having stolen his iron and i á was sure that i had done no such thing.,[3],-0.6486
the passing away of my mum.,[4],0.0
one of these people who sell meat in town used a knife to stab á his friend and later carried on using the same knife to cut meat.,[5],-0.4019
about a dozen girls laughed at me and i was sure that there was á nothing wrong with me.,[6],0.7817
this is a kind of confession - my mum found me stealing meat from á the pot.,[7],-0.5719
the first time i really fell in love with a girl.,[1],0.6666
"the time i drove my uncle's car, without having asked for his á permission. it was the first time that i was driving a car.",[2],0.0
when my kid brother broke my reading spectacles.,[3],-0.4215
when my mum's brother passed away after having been involved in a á car accident. he was bringing me a present as i had passed my á form five exams with flying colours.,[4],-0.4767
"when i, for the first time, failed a junior exam, i.e form 3.",[5],-0.5106
when my mum learnt that i had beaten up someone in a fight.,[6],-0.6597
when i nearly got my fiancee pregnant.,[7],0.0
"when my sister's first child came home, after one week in á intensive care at the hospital.",[1],0.4939
"when i was at a boarding school at lusaka, the rhodesian á soldiers came to bomb a house near our school and we saw the á whole scene.",[2],-0.4939
a very close friend of mine was refused entrance to the medical á school. her grades were very good and she should not have been á left out. biased judgment !,[3],0.5666
my sister lost one of her twin sons (my first nephews) and then á the older one died a week later.,[4],-0.7096
"when i went to report a stolen good at the police station, the á woman-officer-in-charge was very rude and did not seem to have á respect for anyone.",[5],-0.1263
"i insulted two of my friends because i thought that had been á gossiping about me right under my nose, however i later found out á that they were not doing so.",[6],-0.4215
i failed to keep a promise and this had a serious effet on someone's á problem.,[7],-0.6124
when i met my mother after not having seen her for three years.,[1],0.0
when my neighbour's life was threatened by someone who was trying á to break into his house.,[2],-0.4588
when a boy who was drunk came into my room and misbehaved in the á presence of my boyfriend.,[3],-0.6124
"my father resigned from work, and soon after this his elder brother á died. the next day my granny died (my mother's mother). my dad á remains the only living member of his family.",[4],-0.8481
"when the committee, to which i belong, was accused of having á squandered the money of the association.",[5],-0.296
when i went to the library three weeks after it had opened and á found that everyone was busy.,[6],0.0
when my friend was punished for something that i had done.,[7],0.0516
"for my parents anniversary, we hosted a party and we were very á happy.",[1],0.7703
"one evening when my sisters, brothers and i were watching t.v my á kid brother took a big mirror and reflected light on the french á windows. i thought that these lights that we could see were á coming from torches annd that it meant that there were thieves á outside.",[2],-0.5106
some people were sitting outside and saying things which were not á really true.,[3],-0.3713
a break-up with someone i really liked.,[4],0.4754
i came across a woman in town who was very drunk. she was á swearing at everyone and carried on drinking even though she á could hardly stand.,[5],-0.5709
i was wearing a slit tight dress at a disco and it burst open.,[6],0.0
i had stopped talking to a very close friend of mine. a week á later he came over to try and make friends with me again and á from the way he talked i felt that he was a very mean preson.,[7],0.6887
when i accepted jesus christ as my personal saviour.,[1],0.2732
"when i witnessed a bus accident in which a bus, full of passengers, á nearly overturned on the lusaka-kabwe road.á",[2],-0.4767
when my sister came home late one day and thus disobeyed my á parents.,[3],0.0
when i heard the news of my grandfather's sudden death.,[4],-0.5994
when i failed the grade 7 exams.,[5],-0.5106
"when my younger sister, who was then 16 years old, was pregnant.",[6],0.0
when i hurt my sisters for no reason at all.,[7],-0.6808
when i attended my cousin's 31st birthday.,[1],0.0
i got a very nasty electrical shock when i was tampering with á some electrical applainces.á,[2],-0.7755
when i was subjected to a very nasty joke by a group of friends.,[3],0.1742
when i received my results and found out that i could not go to a á school of my choice.,[4],0.0
"when i found a maggot in my food at the dinning hall, all the á food had gone bad.",[5],-0.5423
i took a girl out once and discovered that she was going around á with one of my close friends.,[6],0.4767
"an item which belonged to a friend of mine was missing. i had á taken it earlier and i thought that i had returnrd it so when he á asked me for it i stubbornly refused having it. later when i á looked for it, i found it in my room.",[7],-0.3818
when i got my results ( i had made it to the second year ).,[1],0.0
when i thought that i had failed the examination.,[2],-0.5106
when i discovered that my girlfriend was going around with á another boy.,[3],0.0
when i heard that my sister had shouted at my friend's cousin at á their place.,[5],0.0
when i failed the grade 7.,[6],-0.5106
"when i had lied, saying that i never take bread from the dinning á hall and a friend of mine caught me doing it. he thus proved to á me that i did in fact take the bread.",[7],0.1531
when my girl told me that she loved me more than any male á creature on earth and that i would be the only one in her heart á for all her life.,[1],0.8442
"the day i was nearly stabbed to death by ruffians who wanted to á take my money. i refused to give them any money and they started á running after me, i ran into somebody else's house to save á myself.",[2],-0.7003
"when a kid dropped my father's radio cassette player, which he á had just repaired.",[3],0.0
when someone i love told me that she did not love me anymore and á that she wanted all the snaps that she had given me in exchange á for the ones i had given her.,[4],0.21
"when a girl said in my back that we were in love, and she had á actually refused me. when i confronted her she started insulting á me.",[5],-0.25
when i told a lie to a friend of my sister on april fool's day. á she later came to see me and told me that it was a very foolish á thing to do.,[6],0.204
a girl dropped some stuff from her bag and when i tried to help á her i realized that she had used me and i was made to look like a á fool.,[7],0.3182
when i learnt that i had been accepted at unza.,[1],0.2732
when thieves broke into my house at night and held my wife and me á on gun-point for at least ten minutes and took away a lot of á property.,[2],-0.7269
when i was beaten up by thieves on behalf of some friends of mine á as they thought that i had a lot of money and would not part á with a few coins for their drinks.,[3],-0.4588
when i received the news that my in-laws had passed away. i á depended heavily on them for their guidance and the running of á their daughter's buisness.,[4],0.0
when my younger sister visited me during the school holidays and á told me that she would not go back to school because she was á pregnant.,[5],0.3818
"when i lied to my wife and told her that i was going to the á copperbelt on a buisness trip, she later found me in a hotel with á a girlfriend.",[6],-0.3818
when i cheated my father and told him that the school á administration wanted k80 for the purchase of a mini-bus. two á months later the school authorities wrote back to my father for á the money. i could not go back and ask him for the money again á as he had already given it to me once.,[7],-0.5106
when i received the acceptance letter from unza. i had just á come home from work when my kind sister handed me an enveloppe á which i opened and was overcome with joy.,[1],0.8807
i was at home and we were sleeping when we heard some robbers á breaking into our house.,[2],0.0
"a certain boy came into my room and started telling me that i was á not pretty, that i had no manners and that i should learn some. á i had just come to campus and he was in fourth year.",[3],-0.4075
my elder sister whom i love very much was leaving for the á west indies for two years and i was staying behind.,[4],0.6369
"a certain girl asked me what my major was and when i told her á that it was p.a she started criticizing it saying, \i hate that á|course.\"" she just shows off in front of other people.""",[5],-0.6249
i took an exam which i failed terribly as i had not studied.,[6],-0.7845
i told my elder brother that he was irresponsible and that i did á not care for what he did because he was teasing me.,[7],-0.703
when i was selected to this university despite my having á studyied in difficulty throughout my secondary school days.,[1],-0.34
the day i learnt that my girlfriend had been going around with a á close friend of mine.,[6],0.4939
"i was drunk one night and i insulted three ladies. the following á morning they approached me and asked me the reason behind my á bahaviour, i apologized for my unruly behaviour.",[7],-0.5267
i felt happy when i learnt that i had qualified for the grade á eight.,[1],0.5719
i was afraid when i learnt that my father was seriously ill in á hospital.,[2],-0.5423
when i met my new girlfriend with another man in the street.,[3],0.0
when i learnt that my brother-in-law had been poisoned by his á friends and that he was dead.,[4],-0.6597
when i found out that the seat in the coach that i had booked had á been sold to somebody else.,[5],0.0
when money was stolen from my pocket.,[6],-0.4939
when i discovered that the girl i was courting was a relative of á mine.,[7],0.0
my son passed grade 7 and was accepted for form i.,[1],0.2732
"when the robbers broke in, at night.",[2],-0.4215
i wrote an assignment and was given less marks than a friend with á whom i had previously discussed the assignment.,[3],0.4939
when i got a message that my child was not feeling well.,[4],-0.2924
when i was teaching a student started making silly remarks in á class.,[5],0.0258
"when i was in grade one, one day i felt like going to the toilet á during class but i was very scared of the teacher so i urinated á in the class.",[6],-0.5483
"i bought something and the shopkeeper gave me more change, i á realized this after i had left the shop and was on the bus-stop - á and i then needed the money.",[7],0.0
when i received the acceptance form for the second year at á university.,[1],0.4588
the day my parents were involved in a car accident and had to be á operated and before the operation the doctor said that it was á mater of life or death.,[2],-0.7906
"i got into an argument with a photographer for whom i had to pose á twelve times, over a period of four weeks, before i could get a á snap of mine. every time the film was processed my snap did not á come out although the others did.",[3],-0.3612
i was sad at the expulsion of some of my comrades during the unza á demonstrations.,[4],-0.4767
i was disgusted at the way the bus conductor threw out an old á woman oiut of the mini-bus simply because she could not pay the á fare for her luggage.,[5],-0.4774
i had a feeling of shame when i found myself unable to answer á some questions from my tutor simply because of a lack of á preparation.,[6],-0.5994
this last august when my parents dropped me off and moved me into á college i didn't know anybody here; i was 17 and berkeley really á scared me.,[2],-0.4902
"when i found my boyfriend, who i had been dating for a year, at á another girl's house. we had had previous conflicts concerning á the girl, but he had always claimed they were just friends.",[3],0.5187
the same as for shame and disgust. i was asked to resign my á sorority which i did because i was ashamed.,[4],-0.91
the same as in shame.,[5],-0.4767
"on a road trip with a group of sorority and fraternity people, i á became intoxicated and basically raped. i don't remember the á actual event, but i know the feeling that i experienced later.",[6],-0.2617
when i got fired from a job because i gave a discount to a á friend.,[7],-0.1027
our basketball team is undefeated in league play (4-0) currently.,[1],0.34
whenever i think of enrolling in organic chemistry.,[2],0.0
i saw in a movie a block on which affluence and poverty existed. á i saw that the rich made no attempts to help the poor.,[3],-0.6369
when i felt powerless to help the poor or when i don't know how á to.,[4],-0.5574
i felt disgusted at my teams poor perfomance prior to league á play.,[5],-0.6249
i received a grade above average on a midterm (chemistry) and i á expected onevery below average.,[1],0.0
i was walking home from a place on southside and i live on á northside and i was followed. i headed my most direct route.,[2],0.0
someone signed up for a workshift at the co-op where i live and á she did not want to work the switchboard. i became very angry. á she had mentioned earlier that she wanted and needed the á workshift to me so i did not sign up.,[3],-0.5879
i did not do as well as i expected on a chemistry exam. i á received a score below the average and i thought i had done very á well.,[4],0.1442
i saw someone that i thought i knew repeatedly drunk. i do not á like to be around alcoholics.,[5],-0.5439
every time i was around this one person i would stick my foot in á my mouth by being nasty. one time i accidently said something á fairly cruel that was totally inappropriate.,[6],-0.8126
i blew up at someone for being confused and because of his á irresponsibility and afterwards i felt guilty and that i had no á right.,[7],-0.743
"right before i went to a concert with my last boyfriend he told á me that although he told me he was going to take me to the á concert, he didn't want to see me anymore. after that we stayed á overnight and i said \well, when he leaves me i will be ruined á|for awhile, but for now we're together.\"" i woke up in his arms á|and it was the happiest moment of my life.""",[1],0.7343
i was river rafting in nev. and our boat tipped over and i was á sucked under in to some rocks and got stuck and all i could think á was that i was going to die. and it was so quiet under the water á it seemed like no one would care or remember.,[2],-0.6597
one of my first boyfriends got mad at me because a lot of my á close friends were guys and he didn't want me to see them anymore á because he was jealous.,[3],-0.5142
"i was watching a sunset after my latest boyfriend left me and i á realized that we would never watch sunsets again, probaly never á see eachother again and none of it mattered.",[4],0.0
"i was listening to a priest in church saying how sinful man was, á and how all men should renounce their desires and pleasures to á please god. i could never understand how something that brings you á joy could be a sin.",[5],0.4404
"my third grade teacher caught me cheating on a spelling test. i á couldn't spell australia and she said in a loud voice something á like \we don't have cheaters in my class\"".""",[6],0.0788
"when i was 5, a few of my friends and i would light matches for á fun. one of my friends confessed to her parents and my parents, i á guess, knew or suspected i was involved but i said i knew á nothing about it.",[7],0.5859
i felt extreme joy the day i was baptized. i was one with god.,[1],0.7346
i felt fear when my friend and i broke into an abandoned military á base in los angeles this summer. i feared because i didn't want á to be caught.,[2],-0.849
i experienced anger most recently when i had committed a sin á which i had gone a week and a half without doing. i had made a á vow to god and had blown it. now i had to start all over.,[3],-0.6249
"i last really felt sad when i left home for i was leaving all my á long time, pre-kindergarten relationships behind.",[4],-0.5233
when i committed a sin mentioned in anger. a sin of sexual á immorality.,[5],-0.886
when i just took a shower with a girl down the hall. i felt that á i had let my devotion to god go out the window. although nothig á happened i felt ashamed.,[6],0.25
when i committed the sin of immorality mentioned before.,[7],-0.4767
finally being asked by someone to a banquet.,[1],0.0
"a few weeks back, as i was in a hurry to leave the house, i left á some of my things lying around. this is something i never do. my á uncle,who lives with us, as we live in a joint family, remarked that á we were always doing things like this. this really got me mad.",[3],-0.6771
"when i took the b.a exams,i was expecting a 1st class even though á i had not done very well. when the results came out i felt sad as á i had missed the 1st class by 12 marks.",[4],-0.7454
"a girlfriend of mine behaves in a very childish way - she does á not like my going to see a friend who has been introduced to me á by this same friend of mine. i would like to be friends with á both of them, but she does not like this as she is possessive and á would like me to be close only to her.",[5],0.4467
a friend of mine had said something about not liking to come to á my place just before coming to my place. in the meanwhile i got á to learn about this from another friend of mine and when she á arrived at my place i really treated her badly. i was later á ashamed of the way i had treated someone when the person was at á my place.,[6],-0.323
a few days back my mother was not feeling too well and still did á all the house work. i felt guilty as i had not offered to help.,[7],-0.7385
"when i passed the b.a exams and my parents allowed me to carry on á my studies and do a m.a. , i was very happy.",[1],0.6115
i was scared of water when i was a child.,[2],-0.4404
when i get home late my father scolds me and this makes me angry.,[3],-0.5106
when my aunt died.,[4],-0.5574
a friend of mine remembered me when she needed me and did not á even think about me when she did not need me.,[5],0.4939
when i got 1 mark in an abnormal psychology exam.,[6],0.0
[ i have not felt this emotion.],[7],0.0
"when i passed the b.a exams with 1st class. i was the first in á the family to have got a 1st class, so all the family members á were very happy and they gave me the opportunity to study á further.",[1],0.7778
when i dreamt that my family was in trouble and was facing many á difficulties.,[2],-0.5994
"when my brother got very low marks in the exams, i was very angry. á i put my studies aside to help him, as every time my brother does á badly at school, my family members blame me as well.á á",[3],-0.831
[ when family mmembers or friends blame me for something i am not á responsible for. i feel very sad as it was not my fault.],[4],-0.3393
[ i feel disgust at people lying. it means that they say one á thing to one person and the same thing in another way to another á person and this makes people quarrel among themselves.],[5],-0.8074
"during a class i was asked a question which i did not hear very á clearly, so i gave an answer which was not related to the á question and everyone started laughing at me.",[6],0.7334
"when my pet dog,who was to us a family member, died. he had been á vomitting for the past three days and we had not found the time á to call a vet, finally when the vet came it was already too late.",[7],-0.5574
"when last year in college i received the award \best student of the year\"", á| i felt very happy as i got what i had wanted and my wish had á|been fulfilled.á",[1],0.9371
once i woke up in the middle of the night and felt frightened as á everyone else was sleeping and i could not even go to their á room.,[2],-0.4404
"[ it irritates me when people talk about me behind my back. i á prefer people to tell me what they have to, on my face instead á of talking behind my back.]",[3],-0.4019
[ when friends and colleagues talk bad about me.],[4],-0.1027
at work when i did not get the full co-operation of my colleagues á to complete an assignment.,[5],0.0
[ when i acted against my mind or conscious.],[6],0.0
"in the begining of teenage, on the matters of sex - speaking á about sex.",[7],0.0258
"in 1980 when i was in the 12th standard, we had arranged a small á picnic in kandala. one of my closest friends wrote a small and á cute poem for me, which expressed the feeling of closeness we had á for each other. i was very thrilled and i can still remember it.",[1],0.8687
"once i was caught by thugs aged between 20-35, they asked me to á surrender all the property i had and i remember feeling very scared.",[2],-0.4005
"one night we, all the family members, were sitting in the front á corridor of the house when a gentleman looking person came in. á he was my father's client and he had come to bribe my father in á connection with the proceeding case. at my father's refusal he á abused my father, my brother and i could not control our temper á and we rushed at him.",[3],-0.4153
"once my friend and i got into into a hot discussion on a very á controversial topic. at one point of the argument i disagreed á with her totally and i took what she was saying as an insult. so á i couter-argued and unknowingly hurt her emotionally, i felt very á sad about this.",[4],-0.9145
"after joining my m.a in social sciences, i appeared for the first á semester exam. i failed one of the exams, and when i looked at á my results i felt disgusted and then i got angry.",[5],-0.875
[ never felt the emotion.],[6],0.0
[ never felt the emotion.],[7],0.0
i met my friend and he gave me a wonderful present as it was my á birthday. i enjoyed having that present.,[1],0.8807
"when i lost a wallet while travelling, since it belonged to the á group i was very afraid.",[2],-0.3182
when a person whom i had invited did not come on the appointed á day and time.,[3],0.0
"i tried my level best to care for my client, i took an á appointment with a doctor and before meeting the doctor he á expired - a poor small boy from uttar pradesh.",[4],0.6486
"my notes were not returned to me, it kept on being á procrastinated.",[5],0.0
i was misbehaving in the agency.,[6],-0.4019
"a friend of mine got encouragement and i did not, as the á supervisor did not like me.",[7],0.598
when i got the scholarship letter from australia.,[1],0.0
when going to the exam.,[2],0.0
[ when i do not get any co-operation from my friends/partners.],[3],0.0
when my brother's visa for the u.s.a got cancelled.,[4],-0.25
"i had known the girl for a few months when i proposed to her and this á put an end to our friendship, as from then on we started á withdrawing from each other. i liked her very much.",[7],0.6908
when my elder sister had a baby girl. she was the first girl in á the family after 19 years of baby boys.,[1],0.0
when our school was raided by the pupils of the boys secondary á school who beat us up.,[2],0.0
when my room-mate locked up the keys of my room in our room after á i had told her that i was only in the bathroom having a shower. á she left and i had to do without supper.,[3],0.0
when i received the news that my beloved grandmother had died. i á was at the boarding school and was only 13 years old.,[4],-0.0772
one evening when a boy who was drunk made a pass at me by trying á to kiss me.,[5],0.1027
when i blurted out an answer in class without having been asked á to do so. the teacher told me that it was bad manners to do so.,[6],-0.5423
when i had promised to do some washing for my mother and i did á not do it. she did it herself despite her being ill. i felt á very guilty.,[7],0.1874
i was very happy when i passed and went to form i. it was a á great relief for me as i had been very worried considering the á large number of pupils who fail.,[1],0.7579
"during the last academic year i.e 1983/1984 just before the á closure, we were surrounded and threatened by the paramilitary á forces.",[2],-0.4588
"when someone i trusted very much, disappointed me.",[3],-0.0717
when a close friend of mine who was with me in first year could á not make it to the second year.,[4],0.4939
when one of my friends started misbehaving.,[5],0.1027
when i failed one of the tests because i had not worked hard á enough.,[6],-0.4596
when i was scolded by my dad for bad behaviour.,[7],-0.5423
"after waiting impatiently for the results of the form 5 á examinations for almost a year, at last i received a letter of á acceptance from the senate of the university of zambia telling á me that i had made it to the first year course at unza.",[1],0.0772
"the first day that i was close to a dead body, in my third year á at unza, school of medicine.",[2],-0.6486
"a few monthe ago, when my brother's wife told me that i had bad á manners. to make matters worse she did not let me use their á telephone as she only allowed people of her own tribe.",[3],-0.7579
when i got to know that my father had passed away.,[4],0.0
i was disgusted to discover that my girlfriend of few weeks was á already fooling around with another guy. i was disappointed as á the guy was a rogue and i respected my girlfriend.,[5],-0.7269
i was saying bad things about a man i had never seen. i was á with a friend and did not know that she was related to this man. á my friend did not tell me about it and i discovered this myself.,[6],0.4404
"a very, very close friend of mine used to come to my room to á see me and i naver bothered to pay him a visit. one day he asked á me the reason behind this and i gave him a shirt.",[7],0.2598
when i received the first year results as the first year had á involved a lot of work and i was very pleased when i got the á results.,[1],0.4927
"when mother was very ill, i feared that she would die.",[2],-0.8874
"when a boy, who was drunk, insulted me in front of a crowd. i á was stopped from punching him for it.",[3],-0.765
when i heard the news that my brother had passed away. it was á the first time that i lost a brother.,[4],-0.3182
when a student accused me of having stolen his textbook as he á had found a form bearing my name in his other books and all my á explanations fell on deaf ears.,[5],-0.6597
when my first sexual intercourse turned out to be a flop. i was á in a panic and ended up without an erection.,[6],-0.6908
"when my mother found me in her bedroom \stealing\"" sugar in her á|bedroom. according to our customs there comes a stage when a á|child stops using the parents bedroom and i was well past that á|age.""",[7],-0.4939
the computer at school had left out my name along with four á others and i had no rights for one year. so i was happy to find á my name on the medical schhol list.,[1],0.4144
we were driving on a very dusty road at night and the driver á tried to overtake a very big truck only to find another big truck á parked right in front.,[2],0.0
i had gone on a vacation and my mother left home without leaving á me any thing - money to come back to school.,[3],0.0
i remember being sad whe my aunt's child died (2 days old).,[4],-0.7717
i was eating in the dinning hall and some women joined me. i á could not eat with them so i left the dinning hall.,[5],0.0
i was about to share lunch with my aunt's husband when she told á me that i would have to wait and eat with my cousins.,[6],0.296
when my friends and i were caught with our girlfriends outside á the school grounds when i was at the secondary school. we were á caught by the headmaster.,[7],0.4767
"i had been very weary all week - no letters, no phonecalls, no á visitors and then my younger sister came with some cheese, a card á and some pocket money for me; and she told me that she was á working now.",[1],-0.2064
a friend gave me a lift and we met a road-block. he tried to á turn back when an officer shouted at us to stop. my friend took a á turn suddenly and the officer raised his gun but by the time we á were gone.,[2],0.2263
"i had worked very hard during my vacations to raise some money á for a few major items (e.g a radio). but when i arrived at the á inter-city bus terminal, my hard earned money had been stolen á from me.",[3],-0.7389
my younger brother and sister were involved in an accident on á their way back from school and my brother was quite badly hurt.,[4],-0.8799
i went to the shopping centre to buy something and saw packets of á kapenta with maggots in them. oh !,[5],0.0
i had a misunderstanding with my father and after some time i á found that i had been wrong.,[6],-0.7096
"a very close friend of mine invited me to spend the holidays with á him. he was very kind, good and understanding. however it á turned out that he had two of his cousins at his place. he, á however gave me everything i needed - even transport money.",[7],0.9178
when my girl and i decided to get back together after our á separation.,[1],0.0
i was so sick that my relatives thought that i was bewitched. i á felt like dying.,[2],-0.4101
"when my girlfriend left me to go out with another guy, even á though she knew that she was wrong.",[3],-0.4767
when my girl went away for a holiday without saying good-bye to á me.,[4],0.4019
when i failed my first biochemistry test.,[5],-0.5106
when i bought new clothes and put them on.,[6],0.0
i was trying to have sex with my best friend's girl but she did á not agree to it.,[7],-0.0168
when i passed successive exams to enter the school of medicine.,[1],0.2732
when i went to my first dental appointment.,[2],0.0
when my father banned me from going to his sister's home due to á some misunderstanding between the two.,[3],-0.7003
when my girlfriend was afraid and anxious the day before taking á her exam.,[4],-0.25
when my room-mate made a mess of the room after having drunk the á whole night at a graduation party ceremony.,[5],-0.296
when i did not inform my friends of my forthcoming birthday.,[6],-0.3724
after i reluctantly refused to dine with a certain man on the á same table.,[7],-0.128
"when my elder brother, who had gone abroad to study for six á years, came back home safe and in good health.",[1],0.7003
when i entered the dissecting room for the anatomy class and saw á several dead bodies lying on the benches.,[2],-0.8271
i was in love with a very beautiful girl and when i went back for á my holidays i found her wth another guy who she said was just a á friend. later i found them together and was convinced that there á was something fishy.,[3],0.9259
when i went to see the dead body of my uncle. this was a very á dramatic expreience as it was the first time that i entered a á mortuary.,[4],-0.6486
i went to spend a night with a relative of mine and there i á found that the bed had been wet the previous night.,[5],0.0
when the brother-in-law of a girlfriend of mine found us in a á bedroom with clothes and panties spread all over the place.,[6],0.0
"the first time that i \played with myself\"" despite being a á|christian. i had read in the bible that it was wrong to make á|love to someone one is not married to.""",[7],-0.1779
when i heard that i had got the best result in school and would á be definately selected to the university of zambia.,[1],0.6369
when i entered the dissection room for the first time and was á exposed to preserved dead human bodies.,[2],-0.6808
when i learnt that my younger sister had been expelled from á secondary school because she was pregnant. that was the second á time that this happened in the family - the first time it had á been my elder sister.,[3],-0.25
when i realized that i was in hospital after a car accident and á that i had a scleral tear in my left eye.,[4],-0.4767
"when a \friend\"" woke me up in the middle of a blessful sleep by á|knocking on the door. then he started calling me names and á|saying that he had heard that i had been talking behind his back, this á|was a lie and the guy was drunk to the core.""",[5],0.2023
"when i did not do well in the pg310 test i, i got only 4 marks á above the pass marks despite my effort. i felt bad because quite á a number of friends did better.",[6],0.3071
when i realized that not all my friends like the comments that i á pass in their presence.,[7],-0.0139
when i was accepted into the medical school. medicine is a á profession that i have desired ever since my childhood.,[1],0.4939
when the time came for me to see dead bodies and to operate on á them.,[2],-0.6486
when i was accused of having planned my friend's outing at á secondary school (boarding) as we were not allowed to go out.,[3],-0.296
"when i realized the burden it was for my mother to look after all á of us, all by herself.",[4],-0.4404
when i heard that a woman of my community had aborted and got rid á of the foetus by throwing it in the drain.,[5],0.0516
"when i blamed my failure to the bias and favouritism in the á marking system, in fact i had not worked hard enough.",[6],-0.7582
when my friend ended up pregnant by a gentleman whom i considered á to be good and faithful but he ended up neglecting her and not á bothering about her.,[7],0.4983
when i heard that i had been selected fot the first year at the á university of zambia. this was after my form five at chikola á secondary school.,[1],0.0
when i took the first year university exams and made a lot of á mistakes in the p110 exam. i was afraid of failing and thus á being unable to go to the school of medicine.,[2],-0.7003
when my brother-in-law's brother stole my clothes when my á brother-in-law and i had gone to cut wood for the fire.,[3],-0.5423
when i heard that my father had been involved in a car accident á in lusaka. this happened when he had gone to get the car which á had been stolen in lusaka.,[4],-0.743
"when i was accused of having impregnated someone's daughter, it á was the girl's cousin who had done it.",[5],-0.296
when my darling found me walking hand in hand with another girl á whom i loved also.,[6],0.9337
when i told my uncle a false story - that people had stolen the á books from my room and i demanded money from him. when he found á out the truth i was in trouble.,[7],-0.6705
when i won the best prize in the national science fair.,[1],0.926
when i was chased by a big dog near my house.,[2],0.0
being hooted at when i was learning to drive.,[3],0.0
when my grandmother died - having to see my mother weep.,[4],-0.8074
when i saw a drunk man urinate upon himsellf and he seemed to be á thoroughly content with it.,[5],-0.34
when i had to walk home from the bus-stop in a skirt that i had á soiled. it drew a lot of attention and they all seemed to want á to see the blood stains.,[6],0.0772
when i overate at lunch.,[7],0.0
when i heard the examination results and when i recovered after á having been sick for a week.,[1],-0.5106
when my mother was seriously ill and had to be admitted to the á hospital.,[2],-0.4767
when someone took my things without having asked for my á permission.,[3],0.0
when i went to the clinic for a medical check-up and saw the way á the lecturer was conducting the lecture and the kind of responses á he got from the patients.,[5],0.0
when i did something naughty and it lead to the embarrassment of á my parents.,[6],-0.4404
when i lied to the physiology teacher.,[7],-0.3818
when i learnt that i had been accepted at the medical school.,[1],0.2732
"while drinking a soft drink, i had the impression of swallowing á a piece of glass so i went to the district hospital and got á admitted there.",[2],0.3182
"when my room-mate was making noise deliberately, by playing a á flute early in the morning while i was trying to study.",[3],0.2023
i witnessed a scene in which two women were abusing each other.,[5],-0.4588
one morning after breakfast i was still not satisfied. my nephew á (a small boy of 2) had not eaten his breakfast and just when i á was taking a bit of his share someone walked in.,[6],-0.0341
i was to take a test and i had not made the necessary preparations á until it was too late. there were two days to go and i still had á not done much.,[7],0.0
when i was selected to the university of zambia.,[1],0.0
when my father was involved in an accident.,[2],-0.4767
when a few girls were talking rubbish about me.,[3],0.0
when my beloved uncle was shot dead by relatives.,[4],-0.25
when i failed the entrance exam of the medical school and was á studying biochemistry which has no job prospects in zambia.,[5],-0.7497
when my sister became pregnant at unza last year.,[6],0.0
when i got very drunk and really misbehaved at christmas.,[7],-0.6794
when i was offered a place in the university as a full time á student.,[1],0.0
"when i was first exposed to the dead bodies, for dissecting á purposes at the school of medicine.",[2],-0.6808
when our government decided to withdraw student allowances as it á was one of the conditions imposed by the imf. á,[3],-0.0772
when my father was imprisoned for burning the house of his á younger brother.,[4],-0.4588
when my elder brother failed form five in 1968 when i was 5 years á old.,[5],-0.5106
when i contacted a sexually transmitted disease and the á lecturer came to know about it as it was he who treated me for á it.,[6],0.0
when i cheated my trusting girlfriend by telling her that i was a á qualified doctor and later she found out that i was only a á medical student at the preclinical level.,[7],-0.1531
when i heard that i had passed the second year exams.,[1],0.0
"when i was about to be bitten by my friend's dog, later on it bit á me.",[2],0.0
when i heard that an acquaintance of mine was spreading rumours á about my affair with a close friend.,[3],0.4939
when a close friend of mine collapsed and passed away and the á illness was not known.,[4],-0.1531
when my father shouted at me for going to a party with my sister.,[5],0.4019
"when i forgot to cook something that my mother had told me to, á and at supper time the food that i was supposed to have prepared á was not there.",[7],0.2263
when i qualified for form i.,[1],0.0
"when i was going home for my holiday, i almost drowned in the á zambezi river.",[2],-0.228
when the paramilitary was sent to the unza and it started using á tear gas and started intimidating the students without any á provocation.,[3],-0.4404
when my parents insisted that i take up a teaching career.,[5],0.0
when my cousin's wife refused him sex and claimed that she was my á girllfriend. i think that there is something wrong with the á woman as i have never even thought of having sex with her.,[6],-0.6486
"when i beat up my brother so badly, for not having gone to school, á that we had to take him to hospital.",[7],-0.6113
when the cambridge results came out and i obtained a first á division. i had been thinking that i had not done very well.,[1],-0.2572
i was walking along the passage to my room (very near the anatomy á laboratory) and i heard something and felt that there was some á thing behind me. i looked back and there was no one. i started á imagining that maybe it was a corpse.,[2],-0.7096
in form three we were taking our mock exams and someone else (a á friend) was making noise when the examinateur picked on me and á said that he would tear up my answer sheet. i got very angry á with the girls involved.,[3],-0.4927
when my brother (5th in the family) passed away.,[4],0.0
when a girl i knew aborted and threw the seven month foetus in a á man-hole.,[5],0.0516
"as a young girl in form i, i wet my bed one day at the boarding á school and many girls came to see the person who had done it as i á had to take my mattress out that day.",[6],0.0
"when i laughed at a lame man walking down the road, it looked á funny at the time but later i felt lousy. it was the same day á that i had stolen some coins from my mother in the shop.",[7],-0.8402
when i passed and qualified for the university.,[1],0.0
when my sister was very ill and was admitted to the hospital.,[2],-0.4005
when my father failed to send me transport money after the á closure of the school.,[3],-0.5106
when my parents separated temporarily and i was left behind with á my father. as i loved my mother i wanted to go with her.,[4],0.5994
when i beat up my brother in order to control him and make him á obey my parents orders.,[5],0.0
"when i was hungry, i tried to take the money that my mother á had saved up for something else.",[6],0.4215
i encouraged my brother to play football and he was hurt while á playing the game.,[7],0.3182
a few weeks back i received a christmas card from a friend in á england. she had not written to me in a very long time but it á showed that she still remembered me.,[1],0.2732
the first time that i saw a dead person. this was when i started á my gross anatomy practicals.,[2],-0.8126
i once failed a test miserably and my friend did very well and á someone made a nasty comment while comparing me to my friend.,[3],-0.2975
a friend of mine got pregnant anf failed the first year at á university. the boyfriend refused his responsibility and they á ended up in court.,[4],-0.3182
"i once saw an elderly lady who was not properly dressed. she was á wearing a transparent dress, such things are not sopposed to be á seen in african society.",[5],0.0
during my childhood i once lied and my sister found out.,[6],-0.3818
when i heard that i had been selected for the university.,[1],0.0
when i was left alone at home one night by my brother.,[2],-0.25
the government's announcement of the withdrawal of the student á allowances in 1984.,[3],0.0258
when i first suffered from syphilis.,[4],-0.4939
"being mistreated by my former primary school teacher, mr zalu.",[5],0.0
lying to my cousin about the form five examination fees.,[6],-0.5267
in september 1984 i got two girls pregnant and the families of á both the girls confronted me . the fact was that my parents were á around and i felt guilty answering some of the questions.,[7],-0.5574
"when i was with the girl i love very much, for the graduatiion á ball.",[1],0.6369
when i was first taken to the dissection room where i found 10 dead á human bodies.,[2],-0.6486
i was really angry when the president general of unzasu was á arrested by policemen.,[3],-0.7713
when one of my closest friends failed to make it to the third á year of university.,[4],-0.0516
[ i do not remember any event when i felt guilty.],[7],-0.4215
when my parents complimented me very nicely on something.,[1],0.7178
"when i had to talk to some strangers, from whom i was expecting a á negative answer.",[2],-0.5719
[ when some difference of opinion occurs in a silly situation.] á,[3],0.0258
"i wanted something in particular and did not get it, also there á was no possibility of getting it.",[4],-0.296
i felt disgusted when we (family) avoided a problem which could á be solved readily.,[5],-0.7506
[ i feel shame when i do not arrive on time and others have to á wait for me for a long time.],[6],-0.4767
when i could not fulfill my expectations.,[7],-0.3412
when i got engaged to a boy of my choice.,[1],0.4019
"when i saw the movie \poltergist\"".""",[2],0.0
"when my mother scolded me for coming home late, i.e after 7 p.m.",[3],0.0
when a close friend of mine maintained a relationship with me á till she needed me and broke it off when she did not need me. á she behaved life a really selfish person.,[5],-0.4576
[ i have not felt this emotion in my life.],[6],0.0
[ i have not felt this emotion in my life.],[7],0.0
when i passed my b.a exams.,[1],0.0
[ while approaching to test the situation.],[2],0.0
when my boyfriend told me that it would be difficult for him to á marry me.,[3],-0.3612
when i left my part-time job.,[4],0.0
"i felt very disgusted at a friend to whom i had given a psychology á book to read, and she did not care to give me back the book á during the exams.",[5],-0.4803
when an intimate friend of mine passed b.a with first class and i á got only pass class.,[6],0.4939
when i did not concentrate on my studies despite my mother's help á and cooperation.,[7],-0.3089
failing in the english language exam.,[6],-0.5106
mentioning a book to the person who borrowed it.,[7],0.0
being chosen to do this experiment.,[1],0.0
finding out about people can go mad for social reasons.,[2],-0.4939
someone borrowed my textbook and deliberately did not return it.,[3],0.0
i like someone who does not like me and was rude to me.,[4],-0.3839
cueing for bath for a long time.,[5],0.0
my article not chosen by the college newspaper,[6],0.0
i did not do my homework and went to see a film.,[7],0.0
doing well in the examn.,[1],0.2732
a relative died.,[2],-0.5574
bad food in the students' dining hall.,[3],-0.5423
could not get into the university i wanted to get in.,[4],0.0
noisy people in the library.,[5],-0.1779
meeting other friends who got in the good universities.,[6],0.7184
telling my parents that i did not get into a good university.,[7],0.4404
getting into this university to do medicine.,[1],0.0
before the first examn.,[2],0.0
someone messing up the room we share.,[3],0.296
my best friend could not get into university.,[4],0.8126
some students trying to please the lecturer.,[5],0.3182
not chosen for all english classes.,[6],0.0
i am not good enough to join any team to play sport for the á class.,[7],0.2946
reading a nice book and talking about it to my friend.,[1],0.7184
being threatened by another person.,[2],-0.4588
insulted by the class leader.,[3],-0.5106
saying goodbye to a friend.,[4],0.4939
saw a dead rat on the street.,[5],-0.6486
not doing well in the examn.,[6],-0.2057
too busy to write letters to friends and they said i had á forgotten about them.,[7],0.296
going to a concert.,[1],0.0
got ill.,[2],-0.4215
tripped on a busy street.,[3],0.0
a child beaten up by his mother.,[4],-0.4215
first anatomy lesson.,[5],0.0
failing an examn.,[6],-0.5106
broken a friend's cup.,[7],-0.4767
good dinner on the national day.,[1],0.4404
saw a snake unexpectedly.,[2],0.0
seeing this badly made questionnaire.,[3],-0.4767
you ignored the fact that we could not hear you at the back.,[4],-0.3182
dead rat in the kitchen of the university.,[5],-0.6486
"did not pick up a water mellon skin, someone slipped on it.",[7],0.0
watching the asian olympic game (china winning).,[1],0.5267
someone frightened me in the dark.,[2],-0.4404
people having a football match outside the window during the á lecture.,[3],0.0
china can not even give you good sound systems for an open á lecture.,[4],0.4404
people talking in an important lecture.,[5],0.2023
not being able to hand in homework in time.,[6],0.4939
thinking about other things in a lecture.,[7],0.0
got a big fish in fishing.,[1],0.0
heard some ghost-like noise at night.,[2],0.0
a father helping his kid to fight other kids.,[3],-0.1027
a father of 4 children killed in an accident.,[4],-0.8225
when junior doctors returned to work after bunking them.,[5],0.0
when i was caught with someone's daughter.,[6],0.0
when the student union leaders were expelled from the university á and we continued to study.,[7],-0.25
when my boyfriend and i made up.,[1],0.0
when i was watching a movie in which there was a pit full of á dangers and there was only a small safe place on which a man was á standing; he had to catch the lady who was thrown in or else ! á the pit was 20 feet deep.,[2],-0.1511
my mother and my sister carried on picking at me all day long for á no reason at all and i ended up getting angry.,[3],-0.6705
when my boyfriend almost had a relationship with a close friend á of mine.,[4],0.4939
when a classmate of ours knocked on our door at 2 o'clock in the á morning. i was disgusted at his behaviour.,[5],-0.5267
i told a lie about someone to someone else and they found out á and questioned me about it.,[6],-0.1027
"i broke a cup and put it back without telling anyone about it and á someone almost got blamed for it, then it was discovered that it á was me who had broken it.",[7],-0.8281
at church camp when i accepted christ into my life and so did my á friend.,[1],0.6486
i was complaining about calling people whom i didn't know. i á forgot that the purpose is to invite people for dinner and get to á know them.,[6],-0.0516
whenever i see poverty and starvation. i live in an affluent á society and am privileged to have many opportunities.,[7],0.296
during the summer i received grade cards from my ta's. i expected á a b no better in computer science. i looked at the card - i got an á a - i was ecstatic.,[1],0.2249
english papers are due on friday. they are returned on tuesday. á this tuesday i was afraid to go to class and get my paper because á i knew it was bad.,[2],-0.5423
"a friend of mine came to visit and stayed with my roommate and me. á my roommate and she became good friends. after she left, he á didn't talk too highly of her.",[3],0.8481
after receiving the grade on the paper mentioned in fear.,[4],-0.4939
seeing a person panhandling money on telegraph.,[5],0.0
after the car accident in guilt.,[6],-0.6369
"the night of a high school dance, i went partying and collided á with another car. both cars were totalled; people were injured á but not seriously.",[7],0.1845
when seeing a friend that i had not seen in a long while.,[1],0.4939
fear of doing well on a midterm.,[2],-0.2732
i felt anger at my roommate due to his habit of leaving dirty á dishes in the sink and generally not cleaning after himself.,[3],-0.765
when my grandmother after staying with us for awhile went back á home.,[4],0.0
"i felt disgust as a result of one of my midterms - i thought i á had prepared well for it, but the end result wasn't what i had á expected.",[5],-0.1154
i felt shame when i saw someone i knew and pretended not to see á her. later she saw me and said hi.,[6],-0.4767
in neglecting some work that had to be done around the house and á telling my roommate i would get it done.,[7],-0.4019
"achieving my goal at a swim meet. i worked toward the goal for 9 á yrs. i was capable of achieving it, but i didn't know when.",[1],0.2023
housesitting and hearing the alarm go off. i knew someone had to á be breaking in. i called the police and was panicking while on á the phone. it was awful. it turns out that i stepped on the á hidden alarm without prior knowledge of its existance.,[2],-0.8658
going to cowell hospital and finding out tediously that i had a á stress fracture. the anger came when the senile doctors found out á 4 weeks later that i had 2 stress fractures in one foot and á should have had crutches. i was in distinct pain and barely could á walk to classes. they said it would be better in 2 weeks.,[3],-0.8658
losing my job that i had for 4 summers. i took it personally and á cried for 6 hours off and on. i wanted to hide away and did for a á few days.,[4],-0.7096
"seeing a friend \making love\"" to a high school girl. i á|accidentally was dragged into this room where the happenings had á|occurred. i was disgusted at the reality.""",[5],0.5859
i borrowed a gold bracelet without the girl's knowledge. i had it á for so long i had to keep it. to this day i feel ashamed at á myself for having it. i never wear the thing anymore.,[6],-0.4767
after moving out of my apt. i took all the furniture and dishes á and everything. it was mine but i took it all just to spite my á roomies. we had a few (a lot) of disagreements. i felt guilt for á moving out for the bad reasons.,[7],-0.9493
it was the weekend of my homecoming. i saw my sister for the á first time in 3 months. she's my best friend and extremely close.,[1],0.8126
"after my shoulder operation, i woke up in the hospital room á alone. i was in pain and was still under heavy medications. i á could not find my parents.",[2],-0.6486
"when i found out my cousin had been killed. i was angry at the á world, and her murderer who was her ex-boyfriend. it was the worst á and most hateful day of my life.",[3],-0.9682
"i spent a weekend in san diego visiting my boyfriend rob. we were á at the airport and my plane was just about so leave. after saying á goodbye, i boarded the plane. it was the hardest thing to do and á it was a sad trip home.",[4],-0.8083
"i was supposed to be studying for my math midterm a few days ago, á however, i fooled around with my roommate, and didn't start á studying until 12:00 am. i was disgusted with myself.",[5],-0.7184
since i've been here i haven't written to any of my relatives. i got á a letter from my mom telling me how upset my grandparents are á from not hearing from me.,[6],-0.3818
i got an a in anatomy - the first one i have ever gotten in a á science class here.,[1],0.0
a man in a car was following me when i went running early one á morning in a fairly secluded area.,[2],0.0
"i caught a \peeping tom\"" at my window when i was getting á|undressed.""",[3],0.0
saying goodbye at the airport to my boyfriend who has to go to á school back east. we are very close and have been together 4 á years.,[4],0.0
my parents claimed me on their income tax after i had been out of á the house for two years receiving no financial support from them. á as result i had to work more during school because they were á expected by the fao to contribute to my education when they á refuse to do so.,[5],-0.6866
i was wearing a short skirt one day and someone told me my á underwear was showing.,[6],0.0
getting a d in a class last semester and knowing it was because i á didn't study.,[7],0.0
"went to a movie with a date, walked on the beach (in alameda) á spent some time afterwards in her apt.",[1],0.0
"at age 10 my foster grandmother died, i had a fear of dying.",[2],-0.7783
i am currently taking cs 50p. i had to finish a couple of á assignments but i was hindered because i could not get a passing á score on my program.,[3],0.0
the girl i was seeing didn't want to have a serious relationship. á,[4],-0.1336
i found out that someone that i knew had someone else taking á tests for her.,[5],0.0
one night a friend found out that i dumped one girl for another á and he proceded to lecture me.,[6],0.128
i called off a relationship with one girl so i could see another.,[7],0.0
i asked someone to go out and she accepted right away.,[1],0.2732
i was driving and stopped at a stop light. i was planning to make á a right turn as soon as it was clear. it was clear on the left so á i started but a man was just in front of the car.,[2],0.1406
during a dance someone slashed my tires and dumped paint on my á car. i had four other friends with me that i drove and á furthermore it was raining.,[3],-0.128
when i was trying for a girl who i really liked and cared for and á thought she felt the same way too. but she didn't like the idea á and just wanted to stay friends.,[4],0.6771
"when i lose on my bets on anything - baseball, football, á basketball, track, craps, poker, or arcade - whether its 5 á dollars or 200 i feel that i should never have done it in the á first place.",[5],-0.4019
i took my math midterm and got it back the following wednesday in á class. it was a totally low grade.,[6],-0.3384
"my mom told me not to gamble, but i did anyway. sometimes i would á even take some money from my parents and brother. she found out á and yelled at me.",[7],0.0
finished a difficult midterm.,[1],-0.3612
i confronted a bigger person than i and almost got into a fight.,[2],-0.5267
i was called racial slurs behind my back.,[3],0.0
my grandmother died during christmas break several years ago.,[4],-0.5574
saw a scene in a movie implying incest as humorous.,[5],0.3818
"when given responsibility to grade papers in elementary school, i á cheated a little and graded my own higher.",[6],-0.5106
when i was a kid i stole toys from other kids.,[7],0.0
"did very, very well on a physics midterm.",[1],0.3962
alone in the house (late 8pm) i heard noises. sounded like someone á was trying to get in our back door.,[2],0.128
a friend doesn't let me study when i want to. she doesn't feel i á need to study and doesn't understand how important studying is to á me. i get very angry with her.,[3],-0.1742
death of a pet rabbit. we had to give it away because my brother á became allergic to it. we gave it to a man who kept animals and á lots of other animals for children to watch. we went to visit our á rabbit. it was badly beaten by the other rabbits and eventually á died.,[4],-0.9393
when i stand at the bus stop for one hour waiting for the bus to á arrive.,[5],0.0
"when i sat in the wrong discussion section in the beginning of á the semester. i insisted on being in the right section and the á ta's list should have included my name. when i found out that i á was in the wrong, i apologized, turned red and left.",[6],-0.5994
about not helping my sister when she asked me to help her on her á chemistry class. i pretended to be busy.,[7],0.2052
when i won my car.,[1],0.5719
going to take my driving test.,[2],0.0
i came home one day and discovered that my sister had borrowed my á car and had gotten into an accident with it. my entire front á bumper was destroyed.,[3],-0.743
when i heard the news that my grandfather had died.,[4],-0.5574
when a friend of mine keeps telling me morbid things that á happened to his dog.,[5],0.4939
when i purposely locked my babysitter out of the house at age 4 á because i didn't like her.,[6],-0.2755
when i did not go to work because i had to study for a midterm.,[7],0.0
"at a party in which i met an interesting female. we enjoyed á eachothers company, while slow dacing.",[1],0.8271
a friend and i were going to have a study session together in á which we quiz ourselves in biology material. because i believed i á didn't study enough. i feared i would fail.,[2],-0.5423
i live with my sister now and sometimes she angers me especially á when she thinks i don't keep the apt. clean enough.,[3],-0.1531
when i found out that i could not go to the concert (after buying á the tickets) because of a biology test which occurred the morning á after.,[4],0.0
"right now i volunteer at a hospital. yesterday, halloween, i á dressed up as a doctor and went to work. the volunteer á coordinator told me after my shift that it was dangerous to have á done what i did.",[5],-0.4767
when i get an exam back with a grade that i did not desire. then á i get mad at myself and say that i could have done better.,[6],-0.3732
after days or weekends where i did not accomplish the amount of á sudying that i wanted to because of more pleasant activities á which come up.,[7],0.3096
"last year my freshman yr. it was a day in march i did well on á some tests. i seemed to finally adjust to college, it was hot and á sunny. i was walking in front of a frat. when i heard beach boys á \surfin'usa\"". i had this overwhelming feeling that to be at cal á|was good. i still have it somewhat.""",[1],0.8074
"during one year my mother almost had a nervous breakdown and my á father had a serious operation. i was afraid that our family (4 á kids, i'm the oldest) wouldn't hold together. everything turned á out fine.",[2],-0.0865
"last semester when i dated a girl whom i've known for almost a á year. however one night she said she wanted us to be \just á|friends\"". i confided this to a friend jim i was really suffering. á|a month or two later he broke up with his old girlfriend and they á|started going out regularly. i have no girlfriend nor have i had á|a romantic relationship of any significance. i feel some anger á|but we are friends again.""",[3],-0.2484
when i was a sr. in hs. one of the class counselors died of á hepatitis. she was very sensitive. she knew my shyness and drew á me out to improve myself image. i missed her funeral - so i could á not publically grieve. my parents didn't understand.,[4],-0.6722
i applied for a job of galso counselor and i made the strongest á possible application but was denied an interview. i felt á disgusted at the system which by promoting the cause of á minorities makes employing whites lowest priority.,[5],-0.8248
i was angry about 3 months ago and i kicked backwards against the á wall. it caved in and so i had to show it to my parents. i had á been angry after my mother said something to me about not being á able to find clothes in my size - something that i'm sensitive á about. (6' 5'' 210),[6],-0.765
when i lied last week. i lied to someone to get info. for a á paper i was writing. i told her that the info. was for a á newspaper article. i was afraid if i told the truth she wouldn't á help me.,[7],-0.6319
someone (a boy) paid special attention to me.,[1],0.4019
getting back my psych 140 midterm.,[2],0.0
my roommate leaving my drawers in a mess after plowing thourgh á them looking for something.,[3],-0.3612
my friend who was in the bago was kicked out of the sorority.,[4],0.4939
a friend of mine had sex with someone of a different race on a á winnebago trip down to usc in front of everyone (all my friends á embarrassed my sorority house name).,[5],0.5859
when i lied to my best friend about a boy she really liked but he á didn't like her. i told her he did and she bugged him for a long á time embarrassing herself.,[6],-0.2775
i'm allergic to most foods - eating something that i'm allergic á to caused guilt.,[7],-0.6705
my last genetices midterm - a decent grade.,[1],0.0
a certain night during initiation.,[2],0.2732
when someone threw a firecracker into my room at 7:00 am in the á morning.,[3],0.0
a close friend of the family died.,[4],-0.1027
when other people refuse to do their house jobs and give the á work to someone else.,[5],-0.296
not doing my share of the work for the house job.,[6],-0.2235
forgetting a close friend's birthday.,[7],0.0
i received an unexpected b+ on an engineering midterm. i did not á study nearly as much as i should have and it was a difficult á test.,[1],-0.3612
i could not do the questions on my math midterm.,[2],0.0
i was supposed to meet my girlfriend at a pre-arranged place but á it took me an hour to find her.,[3],0.0
"my grandmother died over the summer. i knew her very well, she á baked great biscuits. she was in the hospital but expected to á improve and go home soon. she died in her sleep.",[4],-0.0267
i saw part of a prince video with him crawling out of a bath tub.,[5],0.0
my grand father caught me eating his private jelly bean supply.,[6],0.4588
i slammed my little brother into a wall because he was bothering á me.,[7],-0.3818
finding out my grades at the end of my freshman year.,[1],0.0
when i was going to bring back my girlfriend to la to meet my á parents.,[2],0.0
when i found out that my good friend and roommate did not pay the á phone bill and electric bill like he promised and let me down.,[3],0.8859
"when i found out that my girlfriend would not be coming back to á ucb for one semester, but would be living in san jose.",[4],0.0
finding out my grades at the end of my sophomore year.,[5],0.0
when i found out my roommate had been talking behind my back á about very personal things.,[6],0.0
when i was about 17 years old and i stole some pens from a á stationery store because i didn't have enough money.,[7],0.0
going to chico to visit a friend.,[1],0.4939
first day back on the job.,[2],0.0
when the person i'm having the affair with won't talk to me in á public.,[3],0.0
my roommate's sister committed suicide.,[4],-0.5267
when i was getting so fat.,[5],0.0
lying to my grandparents about visiting my boyfriend in chico.,[6],-0.5267
having an affair with my good friend's best friend. and every time á i see my best friend i feel guilt because we can't tell him.,[7],0.9485
when fell in love with my present girlfriend.,[1],0.6369
when there was a bomb threat in tolman hall. this was the first á time that i felt my life could be in danger.,[2],-0.875
when people would tell me that my ex-girlfriend was playing á around on me.,[3],0.2023
when i study my butt off for a midterm and still get an average á grade.,[5],0.0
"when i was 10, i got busted for stealing a candy-bar.",[6],-0.5719
when i copy someone else's problem set.,[7],-0.4019
i got a very good grade on one of my midterms a few weeks ago.,[1],0.4927
my mom called early in the morning (on a monday) and i had just á seen her that weekend. i couldn't understand what could be so á important as to make her call at such a strange hour. i missed á the call and had to call her back that afternoon.,[2],-0.2315
"my peers didn't want me to meet someone during rush for fear that á i would give her a bad outlook on our sororoty house. i shouldn't á have seen this, but they blew and i did.",[3],-0.5363
i was told that a friend of a friend committed suicide.,[4],0.4588
doing poorly on a midterm.,[5],0.0
my boat didn't win a race which we were favored to win.,[6],0.5466
sleeping through crew practice one monday morning.,[7],0.0
when i had achieved a goal indirectly. i work for cal football á and our 2nd win of the season was very gratifying and brought á our joy because of the hard work involved and the fact that no á one expected we would win.,[1],0.9245
upon reading a story on a serial killer by the name of henry lee á lucas who has been given the distinction of killing more people á that any other man. i began to wonder if i should take more care á for my safety.,[2],-0.5279
i had worked long and hard on a project when a friend á inadvertantly destroyed it. i could not forgive him for a long á time. and at times still get angry at him.,[3],-0.672
when a pet died. the pet was the closest friend i had for 15 á years.,[4],-0.1027
when people/press analyze a particular newsworthy item (cal á football team) which i am a member and can only see the situation á in a bad light and always put the team down.,[5],-0.5423
"recently, some friends and i had too much to drink while on a á foot-ball road trip to usc. we trashed our hotel room and i felt á ashamed when the maid walked in the next morning.",[6],0.0
i felt guilty when i mislead a person into thinking he was a á close friend when that person was more of a casual acquaintance.,[7],0.3535
getting my accentance letter from cal.,[1],0.0
one summer when i was camping with friends they devised and á elaborate plan to scare me by having our camp attecked by a wild á animal (one of them) and then convincing the campground was á the home of a satanic organization.,[2],0.3818
i went out dancing and found my boyfriend kissing another girl.,[3],0.5719
at the end of my senior yr. in high school i found out that a á friend of mine i knew had cancer had been diagnosed as terminally á ill.,[4],-0.6124
sitting in the dorm when the guys were verbally reading letters á in penthouse.,[5],0.0
i slipped on butter one evening in the dining commons landed on á my rear causing my tray also to land on the floor.,[6],0.0
a person i was attracted to walked me home in the rain and got á sick.,[7],-0.128
today i did a lot better on my architecture project than i á expected.,[1],0.4404
when i was little i lost control of my bike and started to go á into a buay intersection but my neighbor stopped me just in time.,[2],-0.4331
"this summer i got into a fight with one of our patrons (at a á theatre). he hit me and i hit him and her friend, he hit my friend á and we all hit eachother.",[3],0.5859
this monday i took a math 1bs test and flunked for the second á time.,[4],-0.4767
when i found out the cia was mining nicaraguan harbors.,[5],0.0
a month ago i turned in an english paper in late after i had á already had a previous paper late and promised not to do it á again.,[6],0.3612
i forgot my mother's and sister's birthdays (they fall on the á same day).,[7],0.0
when i received a letter of acceptance to cal.,[1],0.4588
a time when i was very afraid of something was when i broke my á father's antique lamp.,[2],-0.4215
when someone told a secret i told them not to tell.,[3],0.0
when my mother was very sick and almost died.,[4],-0.7845
when i saw president reagan get elected.,[5],0.0
when i failed some tests my first year at cal.,[6],-0.5106
when i stole something.,[7],0.0
i gave my mom a gift she wanted for years. i raflected her joy.,[1],0.7717
walking through campus at night a squirrel jumped in front of á me.,[2],0.0
after a long trip in my dad's van without incident i stopped to á fill the tank with gas and dented the side of the van against the á pole. then my cars electrical system would not work when i tried á to drive home from his house.,[3],0.1695
"at one point in a relationship, my boyfriend was seeing an old á flame more than me. at our confrontation tears were shed.",[4],-0.4939
when a skunk invaded camp.,[5],0.0
i made an unkind remark about the ethnicity of some friends á without realizing it.,[6],0.128
i mangled the side of my dad's van on a fence. i did not realize á the extent of the damage until he showed it to me the next day. á the shock on my face was genuine so a friend interceded with a á good excuse which i did not deny. i never clarified the á situation.,[7],0.4431
when i finally got a job after days of wondering whether i would á be hired or not and counting on the money that it would bring.,[1],0.0
when i had to walk home in the dark for the first time.,[2],0.0
"a time when, as part of my work, i was sent out actually sort of á volunteered to run an errand for someone who had no authority to á send me out and the address was very far especially on foot and á turned out to be incorrect too. the whole trip was a waste.",[3],-0.4628
when my boyfriend said he did not want to see me anymore (which á turned out to be untrue).,[4],-0.0572
when my roommate forgets to flush the toilet.,[5],0.0
when i did poorly on a test and i knew that there wasn't an á excuse for not doing better. made mistakes i could not believe i á made.,[6],-0.6283
remembering (at the time i did not feel guilt) in recent yrs. how á angry i would get when i was babysitting my new brother and he á would not stop crying. i did not do anything harmful or shocking. á but i feel guilty for treating him the way i did especially á since i adore him now. that's why i spoil him now.,[7],0.2091
yesterday when i received a b on a history midterm. i felt á overjoyed after having received c's previously.,[1],0.5719
"when i began school at uc. the pre-enrollment the classes, and á the question of success really scared me.",[2],0.1298
a month ago when one of my fellow workers got a promotion over á me. it was just a small promotion but recognition was involved.,[3],0.0
when another fellow worker decided to leave the company. we had á been very close and we would not be able to work with eachother á any longer.,[4],-0.0516
through the media and their presentation of a kidnapped child who á was raped.,[5],-0.6808
when i had not been accepted to a college which i dreamed of á going to. i felt that i had let myself and my parents down.,[6],-0.2057
i told my parents (or more realistically) would not do what they á wanted me to do anymore. i guess i sort of betrayed them after á all they had done for me.,[7],-0.6478
when i drove partially across the country with my father. we á stopped in a few towns and stayed overnight in motels. the joy i á got was from the feedom i felt and the real beauty of the á country.,[1],0.7717
"one day before christmas, i went shopping with my brother and his á friend. we had a good time. but on the way home we were almost in á an accident because the weather was bad.",[2],-0.7814
i can't remember being truly angry. usually it's just á disappointment that i feel. one situation would be with my á brother. he and i used to be close but now he seems to be á avoiding me.,[3],-0.7966
"4 years ago my family decided to move from new york to á california. from the time we decided to move until the time we á left, i realized how much my friends cared for me. when we left á and for a long time after that i was very sad.",[4],0.3626
once when i was babysitting for some neighbors children i found á roaches in ther bathroom. i had never seen a roach before but i á called my mother to make sure that's what they were. and she came á over and checked.,[5],0.4497
the first time i slept at my boyfriends house and had to walk á down the hall to the shower in front of his housemates. i felt á they were judging me.,[6],0.0
i was at school and afterwards went to work. after work i went to á see a friend and stayed out late. when i got home my mother was á awake and i felt guilty.,[7],0.1027
the last time i had sex.,[1],0.0
"after getting a fail notice for a math class, i realized i was á not doing very well in school in any subject. i began to fear á failing a class or two.",[2],-0.9007
physically fighting with my girlfriend because she just walked á out of a room of my friends and had pushed and cursed at me when á i went to find her.,[3],0.1531
hearing about a friend back home that had to have his stomach á pumped because he had overdosed on pills.,[4],0.4939
after learning on the news about this man who killed more than á 300 women and habitually copulated into their inert bodies.,[5],-0.6705
i had just masterbated with another boy.,[6],0.0
going out with another girl besides my girlfriend and not telling á her.,[7],0.0
reading a letter from a close friend who said he missed me and á cared for me.,[1],0.5859
going to cal not knowing anyone.,[2],0.0
when a close friend did not write.,[3],0.4939
leaving high school.,[4],0.0
when my roommate came home at 10 in the morning after sleeping á with a guy she did not know because she got drunk. (se has a á boyfriend too).,[5],-0.34
fooling around with this guy i did not know.,[6],-0.4019
not noticing my roommates quietness or a sign of discomfort.,[7],-0.4215
i went home and visited with my family and friends.,[1],0.4767
taking a chemistry midterm.,[2],0.0
while i was away for the weekend some friends went into my room á and played my very expensive stereo without asking me or my á roommate.,[3],0.6705
i asked a girl out on a date and she said no.,[4],0.0
i was playing a sport in an advanced pe class and many of the á people were not advanced.,[5],0.264
i bought a possible answer to a homework problem which was á completely inapplicable to the question due to my not having read á about the subject matter.,[6],-0.3818
lately i've felt guilty because i'm folling behind in my classes á and not studying much.,[7],-0.4215
returning to school and rejoining my girlfriend after 3 months of á separation from summer.,[1],0.0
waiting for my girlfriend to come from her apt. to mine. she was á very late and i thought something awful had happened.,[2],-0.4588
i bought a new bed for my apt. and it squeaks when you move on á it. i tried to fix it but could not.,[3],0.0
finding out that my grandfather had died. he lived in england and á i had not seen him for 10 years.,[4],-0.5574
cleaning the bathroom of my apt. and realizing my roommate who á had lived there all summer by himself had never cleaned the á place.,[5],0.0
doing poorly on an exam that i thought i should do well.,[6],0.2732
criticizing my mother when she refused to drive with the radio on. á i told her that i thought she wasn't intelligent enough to cope á with the radio.,[7],-0.7335
"my boyfriend and i were getting dressed up and putting make-up á on to go to a halloween party. we were dressing up to be two á mimes. it was very enjoyable and i thought we looked really good, á it was an accomplishment. we were alone in his house.",[1],0.7956
i needed a recommendation for something. i decided that the best á person to get one from was a professor who i had never talked to á before. i felt a lot of fear going up after class to ask him to á recommend me considering he had never heard my name before. but i á did.,[2],0.3071
"i had been searching for housing for fall at ucb and i was á finally offered a place - then an ordeal followed, first i á accepted then refused - related to my parents judgment (they're á paying for me). turns out that i was so upset at what my dad said á to me that i hung up on him. he called back and threatened to cut á me off financially and emotionally.",[3],-0.8208
we got news that my (almost) 21 years old brother died while á visiting europe of a cerebral hemorhage. it finally hit me an á hour after we saw his corpse in the coffin. it felt like a door á between himself and everything had closed and locked forever.,[4],-0.7003
i was reading in the paper the feature on henry lucas who claims á to have killed 380 people. he was a recreational killer and a á necrophiliac and zoophiliac. he has raped and beaten many women á and killed men too.,[5],-0.9709
the people on my floor last year were very close. this year 4 of á our best friends live together in an apartment. my boyfriend and á i dropped by on one of their birthdays and stayed for dinner. two á other people had already been invited and i felt uncomfortable á and unwanted. then i realized i was the one who always called á them and they rarely call me.,[6],0.5859
i was talking to my mom on the phone and she told me that she had á just gotten an award that day in front of all these people and á she asked me if i wanted her to send me the article in the temple á newsletter to me. i said no very quickly and felt guilty for not á being more interested and hurting her feelings.,[7],-0.1206
when i found our my mother didn't have cancer.,[1],0.5448
i was alone and someone tried to break in from our back door.,[2],-0.25
when some friends betrayed my friendship.,[3],0.25
when i did bad on a chamistry midterm which i could have done á well.,[4],-0.34
"when an employer of my younger sister (17 yrs) made a \pass\"" at á|her.""",[5],0.0
defying my parents and staying out all night when i wasn't á supposed to.,[6],0.0
yelled at my parents for not buying me a car like other parents.,[7],0.3612
"riding home from school after completing two midterms in two á days, and feeling i did well on them.",[1],0.3818
occured while preparing for a midterm in social welfare that i á thought was going to be very hard and felt unprepared for.,[2],-0.1761
argument with roommate over a lock he had put on kitchen cupboard á without telling anyone.,[3],-0.3612
day time robbery of our house.,[4],0.0
robbery mentioned under sadness.,[5],-0.4404
caught lying to my father about a speeding ticket i had received.,[6],-0.5267
getting a friend an open container ticket because i got caught á speeding.,[7],0.4939
when i found out i got accepted to berkeley.,[1],0.2732
"before i moved away from home, i feared leaving.",[2],-0.4939
"when a friend carelessly broke and object in my parent's house á and did not apologize, or pay, or anything.",[3],-0.1531
i felt sadness when my grandfather died.,[4],-0.7579
"this person i know lied about how much income his parents made á and received money through grants which he did not need. another á person is barely making it, did not lie, and did not receive á enough money.",[5],-0.1779
after a big fight with my parents.,[6],-0.3818
i forgot about a close relatives's birthday.,[7],0.0
"on my birthday, my closest friends were here at berkeley pithched á in a lot of money each and bought me ten records to replace some á of my records that were stolen. they threw a small surprise party á for me too.",[1],0.5719
"while skiing in squaw valley, i was riding up a chair lift and á right when the chair was above a sheer cliff of rocks, the chair á lift stopped and all the chairs sagged and everything seemed to á creak loudly.",[2],-0.2263
i received a poor grade on a midterm even though i got all the á right answers and knew the material. i went to the ta to try to á raise my grade and he wouldn't do it.,[3],-0.4767
my girlfriend wanted to breakup for an indefinite amt. of time. á she said that she couldn't commit herself fully to the á relationship without going out with other people. i was her first á boyfriend.,[4],-0.2235
"i read in the newspaper about a 21 yr. old woman who was found á naked and dead along a roadside. it turned out she had had two á relatives 14 and 19 who were kidnapped, raped and killed earlier.",[5],-0.9371
i went to bed with a girl and the next day she thought it was the á start of something serious and i just thought it was fun and i á told her i wasn't interested in starting a serious relationship.,[6],0.1134
i dreamed that this girl and i were cuddling in bed when my á girlfriend walked in. i really love my girlfriend so i felt á guilty and sad. i know that this is a wierd example but the dream á and the feeling was clear to me as if it had really happened.,[7],0.7541
"being involved in a car accident and having my thumb caught in á the glove compartment. my sister and i had a fear of finally á telling my parents, since my sister was the driver.",[2],-0.743
"a co-worker and i had to rush a project. i was only working there á for one month and he for some years. instead of letting me know á that he wanted to do the project himself, he went to the á superviser and let the superviser tell me to let the co-worker do á it himself since he was quicker at it.",[3],0.0
losing a pet chick. our family had just put the chick outside a á few days before and then one morning it was gone.,[4],-0.3818
no response,[5],-0.296
no response,[6],-0.296
having told a certain lie.,[7],0.2732
"i experienced joy at a friend's 22nd birthday party. we had good á food, good liquid, good company, good music, and an overall warm á atmosphere. the birthday girl and i communicate incredibly well. á i felt very content, warm and inspired just talking with her á giving her a neck massage.",[1],0.9802
two summers ago my best friend and i drove into unknown mountains á at midnight to pick up my broken car. we told one another á horrifically scary ghost/murder stories and succeeded in scaring á eachother pretty well - even though somewhere in our heads we á knew the fears were unjustified.,[2],-0.1027
i had just seen my pseudo-girlfriend and our conversation angered á me greatly.,[3],-0.5106
my grandfather died thirteen years ago.,[4],-0.5574
"when one individual takes advantage of and/or injures another á relatively defenseless individual, consciously. i feel disgust á mingled with anger. a person on my dorm floor verbally assaulted á another person for having a certain religious belief.",[5],-0.8834
i borrowed $ 20.00 from a friend and paid him back much later á than i had originally intended.,[6],0.4939
i angered a close friend and he was injured.,[7],-0.4215
my parents and brother came up over the weekend. we are a very á close family. this was my first year away from home. they brought á one jacko-lantern with a new design. that is the old joke that á we have a great new design - it's always the same.,[1],0.743
"i was to meet one of my friends (girl) at the library at 8:00 á already dark. she would be walking alone. she was 45 minutes late á but i kept waiting, calling her room and other places she could á have been.",[2],0.1406
while studying chemistry with a friend we became angry with á eachother because we were both fed up.,[3],-0.0258
i received a letter from my grandmother. she has obviusly á suffered a lot from my grandfather's suffering health. she á mentioned things she had gotten him and he would never use.,[4],-0.743
one of my good friends told people something i had told her á in confidence about someone else.,[5],0.8519
i wanted my boyfriend to stay when he didn't. he stayed but when á he left i felt ashamed because i should have let him leave when á he wanted. i was too selfish.,[6],-0.8625
"at a party, i started talking to a guy i had seen in one of my á classes. my boyfriend felt awkward and left to talk to a friend á but kept on looking at me as i talked.",[7],0.3919
"football was a very big deal at my high school, so i was joyous á when my school's team won the conference championship last year.",[1],0.8993
i was driving on to a busy freeway during rush hour and it was á slightly raining. a diesel truck was coming very close behind me á and i was close behind a pick-up. i changed lanes and barely hit á the truck and ran a honda of the road. i was scared to death to á go back and see if i caused him to crash.,[2],-0.8519
i was really pissed when the russians boycotted the '84 olympics. á i had anger towards them and jimmy crter. i was very anxious to á see it.,[3],-0.9214
it made me very sad to hear that some construction company was á going to build houses on the beautiful hills by my house.,[4],0.1298
i vividly remember having feelings of disgust toward some of my á jr. high classmates who didn't work at all on their schoolwork á and who would coplain and take my tax money when i was older and á more successful than they were. at the time i pictured some á adults like this that i knew in the complaining situation.,[5],0.2247
i could have died when i was caught cheating on a test in high á school. that was my first and last time.,[6],-0.802
when i didn't study for tests in high school. in particular á remember a physics test. i didn't study because my friends talked á me out of it and we did something else boring. i felt so helpless á just being there - then guilt set in because i was very close to á getting an a in the class.,[7],-0.6329
i took a math midterm and i knew i did really well and it was á friday so i felt great joy because the week was over and i did á well on a test.,[1],0.9128
"when first came to cal i went to a rally on sproul and i later á learned that the rally was conducted by the moonie cult. they á were taking pictures at the rally, so i was afraid that they á would circulate the pictures and then kidnap people. i did not á know how the cult worked. i was scared.",[2],-0.4404
when i was faced with writing an essay and i didn't want to do it á i was angry that i had to write an essay and angry at myself for á not having the time to write a good essay.,[3],-0.6023
i ran a race for the cal track team and i did terribly and then á the coach said that i should sit out for the season. i felt á really sad because i wasn't going to be able to run. it was á something i always had done and now i couldn't do it anymore.,[4],-0.7902
when i saw a girl in my economics discussion section smiling and á asking stupid questions to the ta. just to get attention. she was á obviously ass-kissing. it happens in every econ. discussion held á weekly.,[5],-0.1027
"i was supposed to go out with my girlfriend one saturday night, á but i got really drunk with some friends earlier that afternoon á and evening. so, i totally forgot about going out with my á girlfriend. she showed up the next day, and that was when i á remembered.",[6],0.1557
"i went to go get a bike innertube fixed. i fixed it and i was á supposed to pay previously but i didn't. i said i would after i á fixed the tire. after fixing the tire, the salesperson who helped á me was gone so i walked out of the store without paying. i felt á guilty so i went inside and paid for the tire.",[7],-0.5994
i had met someone and we became good friends. our relationship á grew closer and now he is my boyfriend. i felt joy when i found á out how he felt about me.,[1],0.8689
i feared that my dog's eye was infected too much. he had played á around in the weeds and a foxtail had gotten under his eyelid. i á took him to the vet and i feared that he may go blind because of á the foxtail.,[2],-0.872
"one of my friends kept criticizing me about everything i did. i á thought she was kidding, but later i found out that she was á serious.",[3],0.0129
one of my relatives became seriously ill. i felt sad because i á didn't know if she will ever be the same again.,[4],-0.765
i felt disgusted when i found out that someone had betrayed me. á that person had been dishonest with me and i felt used.,[5],-0.9022
"after taking a difficult midterm for one of my classes, i felt á shame for not studying as much as i should have. i was ashamed of á the results of the midterm.",[6],-0.8271
"a close friend of mine was leaving for graduate school out of á state. i had arranged to gather some people together the day á before he left to be with him and have a good time, but i didn't á pay as much attention to him as i should have.",[7],0.5414
i spoke with a friend on the phone who i haven't seen in many á years. it was a joyful event to talk to him.,[1],0.7964
i was on this amusement park ride at marriots great america. it á went way up in the air and then around and around. heights are á not my favorite spots in life.,[2],0.67
"i typed up a letter for this physician at work. she didn't care á for my style, even though she was not using correct english. i á told her it was her letter and we would do it her way.",[3],-0.3875
"recently, my sister-in-law's horse was poisoned by a plant and á died. the horse was very obedient and exceptional with children.",[4],-0.7783
"i was disgusted at the behavior of these boys i work with in the á scouting program. they showed a lack of interest, unrest, and at á times just plain rude behavior.",[5],-0.6908
i had a test in the class and i had not adequately prepared á myself. i didn't fare so well on the exam and i felt bad about á it.,[6],-0.3452
"i was supposed to have done some things for my mother, but just á plain didn't get around to it.",[7],0.0
my old boyfriend - yes the same one - asked me out. we had a good á time. then he asked me out the following week. he actually took á interest.,[1],0.8225
"i was physically assaulted and sexually abused about a year ago. á just the feeling that i might not get away intact, or even alive, á produced fear.",[2],-0.8122
my boyfriend breaking up with me about 7 months after i had an á abortion. just the fact that he was ignoring me and continued to á do so.,[3],-0.4019
"my nephew's mother just left one day (my brother and she were á not married). my nephew, anthony, was shaken. i was sad for him á because a similar situation happened to me.",[4],-0.5267
my friends and i were sitting at a restaurant. we were talking á and a few of them said awful things about women. i became á disgusted by their narrow-mindedness.,[5],-0.5106
"i tried after months to begin talking to my boyfriend again. he á ignored me. i felt i had lowered my pride and became his á \doormat\"".""",[6],-0.1027
i had found out that i was pregnant. i talked it over with my á boyfriend and he was unsupportive - yet encouraged an abortion - á i did.,[7],0.3612
when i got accepted to cal.,[1],0.2732
my apartment has had three robberies in the last month. the guy á upstairs just got robbed making it the fourth.,[2],0.0
"when my roommate's boyfriend assaulted me. he was threatening me, á calling me names and pushing me around.",[3],-0.7783
i was going to go on a vacation to texas this summer but was á unable to go because of registration.,[4],0.0
i didn't do very well on a midterm and i'm disgusted with myself á because i was prepared and thought i did well.,[5],-0.3465
when i dated my friend's boyfriend after they had broken up.,[6],-0.4767
"a friend was going to come stay the weekend with me, but á something came up and i cancelled out on him.",[7],-0.1027
"after being depressed because of a very bad relationship, my á first love called me and told me that he would always care for me á no matter what i did.",[1],0.0601
"when my exboyfriend threw me around the dorms because i was á talking on the phone to another guy of whom he was jealous, á after we had an argument in which i thought we broke up.",[2],-0.8074
"when someone tried to rape one of my best friends and he claimed á it was her fault. he the hassled her, claimed she was loose, and á threatened to sue her.",[3],-0.6597
"my mother kicked my surrogate father out and he in turn did not á care for the dog, afthur, he bought for the family. his lack of á concern lead tho arthur's death on the freeway. i loved arthur á like a brother. he was easy to talk to.",[4],0.171
i thought that the guy i had been associating with for over a á year went out 2 or 3 times with a high school girl whom he claimed á not to like.,[5],-0.2755
the fact that i was pregnant. i was always considered level á headed and did not have sex until 18 and out of high school.,[6],0.0
i was pregnant and thought that by not having the baby i would á hurt the father like he did me regardless of the life we had á created.,[7],0.0258
i spent a lovely relaxing evening with my boyfriend. we played á games and talked all evening.,[1],0.8555
"when i walked to church with my roommate, a bum told us to call á the police and he started following us.",[2],0.0
when my roommate's moped was stolen i was very angry.,[3],-0.7778
when i heard my grandfather's wife had leukemia i was very sad.,[4],-0.5256
i was disgusted to find out that the water isn't filtered or á purified before it leaves latimer hall from the drains.,[5],-0.5267
the same for guilt would apply.,[6],-0.2732
i added a little ? to a yield in an experiment to get more of á a yield.,[7],0.0
third highest grade in the class and the best answer given for á one question (the question was graded by the professor and he á indicated he liked my answer).,[1],0.7906
"in the recent lightning storm, bolts of lightning were hitting á close by (1/8 mile). i was in bed at the time and was afraid i á might be struck.",[2],-0.25
we are repainting rooms in my house. my mother started to enact á plans to paint my room without consulting me.,[3],0.0
recent break-up with my girlfriend. we had been together for over á a year. i was overseas and discovered over the phone (while i was á at work).,[4],0.0
i attended a ceremony in denmark which is comparable to our á halloween. they build a large bonfire and place a life size dummy á of a witch. the crowd cheered when the dummy burst into flames.,[5],0.2023
i came home from school very keyed up. at the dinner table i á unfortunately unloaded a lot of my hostility off on one of my á parents. i'm ashamed that i didn't dispate and control these á feelings before coming to the table or even let the energy build á up in the first place.,[6],-0.7845
eating the last remains of dinner that someone else (unknown to á me) had claimed.,[7],0.0
"after watching the 49ers lose game after game, year after year, i á was finally rewarded with a super bowl victory which made me á extremely happy.",[1],0.8553
"while swimming, i hit my head at the bottom of the pool and á required stitches. i later learned that the consequences could á have been much more severe and that terrified me.",[2],-0.7841
"i was rushing home from school because there was a 49er game that á night. i got into a non-injury accident, which was all my fault, á but destroyed the front of my car. the truck i hit was undamaged.",[3],-0.802
when i learned that my dad had cancer. i knew he was going to the á hospital for some tests. my mom told me when she picked me up one á weekend from cal to take me home.,[4],-0.6597
"now that the 49ers are winners, the fans are coming out of the á woodwork and jumping on the bandwagon and that disgusts me.",[5],0.0
"when i was small, i would always fight with my younger sister and á one time i hit her and knocked the wind out of her. i felt real á bad about it.",[6],-0.7269
when my grandfather was in a nursing home when i was young i never á wanted to go and sometimes didn't have to and later i felt á guilty.,[7],-0.4215
i felt joy when my boyfriend proposed to me in marriage.,[1],0.5859
i felt fear when i was young and left in my big house all alone.,[2],-0.6369
"after i said something that my boyfriend disagreed with, he á walked away from me without discussing what bothered him. i á became very angry with him for treating me this way. yesterday, á november 14.",[3],-0.6035
i felt sad when my boyfriend and i were apart for some time.,[4],-0.4767
i felt disgusted when i was in a restaurant which didn't appear á to be clean and orderly. (i do not like to be in unclean á environments).,[5],-0.4234
i felt ashamed when i was confronted by a teaching assistant that á a close friend and i were accused of cheating on a math exam.,[6],-0.7579
when i did not defend my close friend when my father degraded á him. i felt guilty for allowing my father to get away with his á actions and for the hurt my friend felt. i cleared the matter up á with my father a few weeks later.,[7],-0.2732
after much trouble getting together in the first place my á boyfriend and i celebrated our first anniversary.,[1],0.25
i got caught shoplifting a package of gummy bears.,[2],0.0
"sometimes when i go to work my crazy boss (a hyper jewish lawyer) á insists i do things his way (filing, typing, etc.). he sometimes á blames me for things i didn't do, and i can't yell back at him.",[3],-0.6249
since i moved into the dorms and i've been spending most of my á free time with my boyfriend. i hardly see my old high school á friends. i had several bad incidents with my 2 past best friends.,[4],0.8807
"i took a psych. experiment with a totally unappealing gay man as á the experimentor, some homosexuals are funny or cute, but this á guy was disgusting. plus the experiment was about gays too.",[5],-0.3919
"my grades. when my parents say, \how are you doing at school, á|getting good grades ?\"" i say, \""great, just fine !\"" actually, i á|feel ashamed about myself.""",[6],0.7177
i've had three midterms in the past two weeks and i hardly á studied for any of them (like 1 or 2 days) i feel guilty that i á hadn't studied and i got c's on all of them.,[7],-0.0772
winning a close volleyball game. (i'm on the intercollegiate team á at cal),[1],0.5267
speaking in front of a large group of people.,[2],0.0
same situation as before - having my car stolen.,[3],-0.4939
when a close friend drowned in the american river.,[4],-0.1779
getting a low grade on my physics midterm.,[5],-0.2732
arguing with a friend over politics. she was more informed on the á issues and made me feel very ashamed of my political ignorance.,[6],-0.6901
when my father's car got stolen from me. (a 1966 ford mustang - á very hard to replace).,[7],-0.5984
getting sent on a company expense trip to another state to work á for a week at that plan.,[1],0.0
"on my second plane trip, we ran into unexpected turbulence.",[2],0.0
having my personal objects rearranged by someone else without my á consent and having it arranged to their taste. then trying to á find a particular object they rearranged for an hour or more.,[3],-0.1695
death of my father.,[4],-0.5994
"getting back my math midterm, i received a lower grade than i á thought i would get. after going through the questions i felt á that the grader had graded harshly and i had made only a few ? á errors.",[5],-0.5574
getting a low grade on a midterm.,[6],-0.2732
promising to do a task for a friend and just forgetting about it.,[7],0.7096
when i finished my c.s. project i was overjoyed. i felt relieved á because it was due the next day and i was tired of looking at it.,[1],0.5267
i overturned in a canoe a few years back and i didn't know how to á swim. although i had a life-jacket on i still panicked.,[2],-0.4588
i came out of the house at 7:20 am monday morning getting ready t á go to school and fight for a parking when i saw my car had a flat á tire.,[3],-0.0258
after my little sister's graduation from high school my á grandmother became very sick. she passed away a few months later.,[4],-0.5563
when i saw a wino by some cans with food stamps and use the á change to buy wine.,[5],0.0
i felt this when i was copying homework for one of my classes.,[6],0.0
"after yelling at my girlfriend, i felt bad because she was ? á crying and upset.",[7],-0.8481
a party with no worries (i.e. no tests homework etc.) many á friends were present and good music.,[1],0.833
i'm afraid of not being able to go to the school i want because á of suffering grades.,[2],-0.4215
i was stood up for a date function by someone who i really cared á for.,[3],0.4754
"after blowing up and saying all the wrong things, i realized what á i had done and hurt that person and myself.",[4],-0.7579
my friends aren't working for the same common goal we all need to á accomplish.,[5],0.7096
i was supposed to do something and didn't. the person was really á dependiong on me.,[6],0.0
"after confronting the person who stood me up, i blew up and said á all the wrong things.",[7],-0.5719
i realized the girl liked to be with me.,[1],0.4215
that i would do bad in a class and not get into bus school.,[2],-0.5423
when my dad told me about something he had done against my á mother.,[3],0.0
when i heard my sister got in a bad car accident.,[4],-0.765
an engineer i know wants war so he can get a job making bombs.,[5],-0.5994
i did bad on a test i didn't study for.,[6],-0.5423
decided at the last minute not to do something that i said i á would do with a person.,[7],0.0
when i passed the b.a exams with first class results.,[1],0.0
when my b.a results had not come.,[2],0.0
when i failed my s.s.c exam.,[3],-0.5106
when my sister left home to go and live with her husband.,[4],0.0
"i trusted a friend of mine, but she lied to me about something á and this disgusted me.",[5],-0.775
when i failed the s.s.c examination i felt very ashamed.,[6],-0.7713
[ i felt guilt when i was not co-operative with my mother for my á exam.],[7],-0.2732
"my first feeling of falling in love. coming across a person who á made me feel love, happiness, joy, giving me a new and beautiful á future, who made me dream.",[1],0.975
"when i got to know that the friend i am closest to got engaged, á and she was going away. i was overjoyed for her, but also felt á frightened as i was very emotionally dependent on her. i did not á know what i would do without her.",[2],0.1154
"i was angry at my brother over an argument we had together. we á do have a few fights from time to time, and also at times i take á out my anger on him.",[3],-0.9042
when i came to know that my feelings for someone were not á reciprocated.,[4],0.0
i felt disgusted while studying for my applied psychology and á mental testing papers in b.a.,[5],-0.5267
"i had a habit of wetting my bed when i was young. one day, when á i was invited to my friend's place to stay for the night, it á happened again. i was ashamed of myself.",[6],-0.4767
i felt guilty when i lied to my parents.,[7],-0.6597
"after my marriage i received the b.sc results by post, i was very á happy to learn that i had got very good marks - first class.",[1],0.8004
a few weeks back my daughter had very high fever and i was scared á that it might lead to brain damage or convulsions.,[2],-0.7269
i felt angry when my mother-in-law did not handle my daughter á properly and she fell down from the bed and hurt her head.,[3],-0.7717
"i was very sad when i could not take the m.a (i) exams due to á illness, and a relative of mine disheartened me about it.",[4],-0.8516
"when my parents-in-law scolded me, without any reason, in front of the á other members of my family for the first time. they had called á me from my room where i had been studying for my exams.",[5],0.0
"when the teacher asked me a question in class, concerning á something i had read earlier, and i did not know the answer, so i á felt ashamed in front of the whole class.",[6],-0.4767
"when my friend failed an exam by just one mark. during this exam á she had asked me to show her my answer sheet and i had not done á it. when the results came out, i thought that had i shown her my á answer sheet she would have passed the exam. i felt guilty as i á had failed her.",[7],-0.7351
when my family allowed me to do higher studies.,[1],0.0
when i decided to separate from my husband.,[2],0.0
"when my father talks about our relatives and favours them, i feel á angry.",[3],-0.128
[ when my elders do not understand me in the right way.],[4],0.0
when my husband quarrelled with me for no reason at all.,[5],-0.296
[ i have never felt this emotion.],[6],0.0
[ i have never felt this emotion.],[7],0.0
"i went for a walk on the beach with a friend whom i had not seen á for many months. the weather was very pleasant, we had some á ice-cream and lots of fun on the beach.",[1],0.8777
"that day i was alone at home after coming home from school. i did á not know where everyone else had gone, i kept waiting for them to á come back and nobody came. it was getting very late and i was á terrified.",[2],-0.7184
i was walking on a street alone in the afternoon when there were á not too many people on the street. a couple of guys were á following me and i was ignoring them. suddenly one of them came á in front of me and started using dirty language and harrassing á me. i got very angry and wanted to strike back at them.,[3],-0.8932
a close friend of mine was to get married in a weeks time when á her father died of a heart-attack. i knew him well and felt bad á on hearing of his death.,[4],-0.7717
"a girl, who is a friend of mine was having an affair with a boy á who is also a friend of mine. i got to know that this girl was á also seeing another guy. later on, she just broke off with this friend á of mine without giving any explanations. this made him sad and á depressed, and i felt disgust for this girl.",[5],-0.6106
i had always been first in my class and in the preliminary board á exams i scored the highest marks. then the exams were á postponed and i neglected my studies as i was confident. however á when the final results came out i felt ashamed as i had scored á less than 60% marks and my rank in the class was fifth or sixth.,[6],-0.6249
"i went to the cinema with my friends, without telling my mother á about it as i had been to the cinema the day before also. when á she asked me where i had been, i lied.",[7],0.128
when i got permission to study at a place which was far away from my á home.,[1],0.0
i had gone to the hospital for my research and got late in á reaching home. i feared that when i reached home there would be á a quarrel because of my being late.,[2],-0.25
[ i feel angry when somebody is unjust to me.],[3],-0.765
[ i feel sad when somebody is unjust to me.],[4],-0.7506
when people around me did not understand me the right way.,[5],0.0
"when i went for a picnic in lonavala, i felt full of joy.",[1],0.5859
when my brother had an epileptic attack and i was scared as to á what would happen to him.,[2],-0.7184
i was angry this morning when i missed the train to university.,[3],-0.6705
"when i missed my train this morning, i felt sad for some time.",[4],-0.6486
"when i had exams a relative of ours, who lives in another city,á came to visit us and i felt disgusted at him.",[5],-0.5267
i felt ashamed when i had not attended a class and the teacher asked á me the reason for my absence.,[6],-0.4767
"i acted in an english play in college and got the best actress á award, while our play got the first place.",[1],0.91
i have done the teachers training course (b.ed). during our á training i was asked to handle the ninth standard class in a boys á school. i was scared to face the class the first day.,[2],-0.4404
"i was to meet a friend at the bus-stop (he was coming to visit á us) and he did not turn up. after having waited for him for some time á (about an hour) i called him up, to be told that he did not á intend to come as he was feeling tired.",[3],0.2023
when my sister died in a fire accident at home.,[4],-0.8442
when my husband told me about his pre-marital affairs.,[5],0.0
when i failed the ninth standard exam in school.,[6],-0.5106
"i had gone to see one of our professors about a book, and i did not á attend the class she took a few minutes later.á",[7],0.0
"when i passsed the m.s.c board exams with first class, which i á had not expected.",[1],0.0
[ i have always been very scared and tense before an exam and á before the declaration of the results.],[2],-0.7056
"when my friend promised that she would come to my place, and did á not turn up - i was annoyed at her.",[3],0.4767
"[ when someone tells me something that hurts me, i feel bad about á it and also feel sad.]",[4],-0.8658
"i feel disgusted when people do not understand me in the right á way, i.e they misunderstand me.",[5],-0.7096
"whenever i am late, i feel ashamed of myself even though no one á tells me anything.",[6],-0.6486
i was very happy when i passed the b.a with first class marks.,[1],0.6115
while trying to board a train i missed the footsteps and fell á down on the platform.,[2],-0.296
"i was having an argument with my brother on his behavior, then we á started fighting and i got annoyed at him because he started á teasing me.",[3],-0.7845
my best friend got married and left her home-town to go and live á in poona. after her wedding i felt sad.,[4],0.6486
"i feel disgust at my neighbour, because she comes to our house with á her child, who spoils our furniture.",[5],-0.5994
when i failed the twelveth standard exams i was ashamed at á having to see my parents later.,[6],-0.7506
when my mother scolded me and i argued with her.,[7],-0.3612
when i was coming back home alone at night.,[2],-0.25
when i failed the m.s.c exams.,[3],-0.5106
when my father was ill.,[4],-0.4215
when my friend who is close to me got engaged and did not invite á me.,[5],0.6658
when i failed the m.s.c exam.,[6],-0.5106
when i fought with my friends.,[7],0.2023
last year i passed the b.a exams in psychology in which i stood first á in my class. thus i got the first prize from the college. i was á most happy to tell all this to my parents and friends.,[1],0.8858
"when i was 20 years old, i fell severely ill and was bed-ridden for á 6 months. i felt very scared for my health and my studies.",[2],-0.8399
"a few months ago when i was teaching, i suddenly became very á angry at the children and slapped some of them.",[3],-0.5542
"my friend got married and went abroad, this made me feel sad and á lonely.",[4],-0.34
"when a begggar approached me for money, i felt disgusted.",[5],-0.5267
when i got 1/2 out of 15 in abnormal psychology i felt ashamed.,[6],-0.4767
once i lied to my parents and this made me feel very guilty.,[7],-0.6901
"when i got a first class in the twelveth standard exams, i was very á surprised and happy and i had a very good time with my friends.",[1],0.9036
"i had a very horrible dream one night, i dreamt that i had fallen á off a very crowded train.",[2],-0.6142
when i was at s.y.bajaj i wanted to get admission in another á college and this was not easy and i felt angry.,[3],-0.6914
"when my mother scolded me for something, very insignificant, without á knowing the real cause of what had happened.",[4],-0.4005
"i feel disgusted at my cousin, who is bad-mannered, does not know á how to behave and talk to others, he does not respect elders and á lies all the time.",[5],-0.8296
one day in the tyba class the teacher asked me a very simple á question which i could not answer. finally the teacher himself á gave us the answer and my friends started laughing at me as i had á not been able to answer a simple question. i knew the answer but á feared that my response may be wrong. all this made me feel á ashamed of myself.,[6],-0.8873
"when i was taking the 11th standard exam, my friend who was sitting á behind me asked me for some answers. the teacher looked at us á just then and scolded both of us. everyone started looking at us á and i felt very guilty.",[7],0.0276
"after completing high-school, i wanted to go abroad for a á holiday. i had never been abroad before and neither had i taken á a holiday for a long time. when finally my parents agreed and we á got the airplane tickets i was over joyed.",[1],0.886
"it so happened that while staying at anaunt's place i discovered á that i was afraid of sleeping in pitch darkness. the room á which my sister and i were sharing had no light, and i would á refuse to sleep without having the light of the adjoining á bathroom switched on.",[2],-0.3818
"when i see people with burns i feel sad, actually i can not even á express my feelings as i think that they must suffer a lot.",[4],-0.765
"i do not like one of our neighbours as they are very selfish. á whenever they want something or need help they come to see us, á otherwise they do not even bother about people who live next to á them.",[5],-0.1197
when some of my close friends and colleagues talk about me and á my work and say that i am the brightest student of the college.,[6],0.7964
"in some special circumstances l lied to my parents, then felt á guilty so i told them the truth and felt free.",[7],0.7096
"day before yesterday my mother bought me a new pair of shoes, á without my having asked for them. she told me that when she saw á the pair of shoes she felt like buying them for me. i really á liked the shoes and they made me feel that my mother cares for á me.",[1],0.8214
when for the first time i rode on a motorcycle with my brother. á he was going so fast that i felt that i would fall off without my á brother realizing it.,[2],0.0
"one of my friends asked me to go shopping with her, another á friend of hers was also coming along. during the outing they á kept talking to each other and i felt left out, even when i tried á to talk to them they seemed not to listen to me and did not pay á me much attention.",[3],0.7647
"two years ago my best friend died in an accident, just a day á before my birthray. we were very close to each other and i felt á very sad at loosing a close friend.",[4],0.1298
we had gone to our native village and i went to visit a tribal á group which believes in goddess kali. as it was a festival day they á had to offer a hen to the goddess so they cut the head off a hen á right in front of my eyes. i felt disgusted and evenb gave up á eating meat after this incident.,[5],-0.3774
"as part of the assessment i had to speak on a subject in front á of the class. i was not really prepared and i was just reading á the stuff i had on a piece of paper, when some of the students á asked me something i could not give them an answer. i felt á ashamed as i had not prepared the topic.",[6],-0.6857
one day i went to see a movie without my parents permission. it á was an adult movie and i was scared that my parents would not á allow me to see the movie. however after coming home i felt very á guilty at what i had done.,[7],-0.768
"when my daughter gave her solo dance performance in poona and á there was a big applause, i was overjoyed.",[1],0.7579
i was in a garden one evening and i saw a snake coming towards á me.,[2],0.0
i am separated from my husband. the way he has behaved towards á me makes me angry.,[3],-0.5106
"when my husband lied to me, tricked me and when i had to leave my á home.",[4],-0.5267
"the way my husband and his family treated me - unfairly, cruelly, á and unjustly.",[5],-0.5859
i was ashamed at myself for having shouted at my daughter because á of my marital break-up and the unfair way i was treated.,[6],-0.7351
"while having an argument with my daughter, i got angry and á over-excited and said angry words.",[7],-0.8442
when i got married.,[1],0.0
"i was sitting on an electric swing, suddenly the machine went á out of order while i was still in the upward position.",[2],0.0
"a girl whom i trusted and with whom i had shared personal, confidential á matters twisted the facts and told it to a common friend of ours. á when this common friend told me the version my friend had told á her, i was angry.",[3],0.8979
when my elder sister died.,[4],-0.5574
my husband falls ill and does not follow the doctor's advice on á the treatment or the diet control.,[5],-0.4215
every time i do not write something well in english.,[6],-0.2057
when i could neither measure up to the expectations of the teacher á nor to my own expectations in one of the assignments.,[7],0.0
the day i got married was the happiest day of my life. both of á us felt that we were right for each other in every way and we had á no doubts about our compatibility right from the day we got á engaged.,[1],0.8311
"one morning i was standing at the bus-stop and the bus passed by á without stopping, even though there were only 8-10 passengers á inside. i felt angry at the rude behaviour of the bus driver and á conductor.",[3],-0.7056
at the death of my friend's father and especially as this á happened ten days before her wedding.,[4],-0.5994
i was disgusted at the existing red-tape in the government á offices. i accquired my passport three months after having applied for á it and i had to go back five times to them to correct a minor á error.,[5],-0.7269
"when i could not pass my exams with good marks. my wedding was á to take place 15 days after the exams and i tried to convince á myself that this was the reason for my not having done well. á however, i thought that had i really put my mind to doing well at á the exams i would have done well.",[6],0.742
"when i succeeded in achieving a scholarship for which i had á strived hard during a period of financial, personal and physical á stress.",[1],-0.1027
"when i had to travel alone, unescorted for the first time. it á was an over-night journey by train to a distant place.",[2],-0.25
"i was not given a chance to explain to my close relatives as to á why i could not go to visit them when they were ill. when i did á go, they thought that i had been selfish and irresponsible duringá their illness.",[3],-0.905
i put in two years of hard work and it was neither looked at nor á appreciated.,[4],-0.477
"despite my being affectionate, sincere, and helpful to close á relatives of mine; they turned around and accused me of being á inconsiderate in my relationship with them.",[5],-0.2514
the first time that i had to go up on the stage to give a speech.,[6],0.0
"i could not take care of my mother when she was admitted to a hospital á for surgery, i continued my studies as i could not get leave.",[7],-0.2686
[ i feel a sense of joy whenever i complete a piece of writing á which is part of my work. intense reading also brings me joy. i á also feel happy when i reminiscent about them.],[1],0.9118
"i was coming home from a relative's place and it was about á 9.30/10 p.m. i felt slightly apprehensive when i got off the bus á and started walking towards my place. i was confident that á nothing would happen to me, yet there was this slight feeling of á fear.",[2],0.0534
"uncleaniness at my work place. the place is generally not very á clean, but when it reaches a point, i get angry at the person á who is supposed to clean the place and the people who are á supposed to supervise him.",[3],-0.3252
"three weeks ago a friend of mine bid me good-bye before going á abroad. i felt happy for her as she was achieving something by á making the trip, but i also felt sad as i would not be seeing her á for a long time.",[4],-0.1779
"when we complained about the uncleanliness of the work place, the á authorities agreed to have the place cleaned. even after 2-3 á days nothing had been done. i felt disgusted at the whole á situation.",[5],-0.6124
i got into a tight pair of trousers and examined myself in the á mirror. my back looked unpresentable and i felt ashamed at my á wanting to wear those clothes that day. i quickly changed into á another dress.,[6],-0.4767
"when i do not put in the needed amount of hours of work or study á for the day, i feel guilty and try to make up for the lost á time.",[7],-0.6249
when i got the scholarship i was very happy as the finacial á burden of the family was reduced.,[1],0.2716
i experienced fear when i was not prepared for the final year á degree exams.,[2],-0.5948
"when the others did not do their bit of work on a group á assignment task, and i had to do all the work.",[3],0.0
"after having been ill, when i was coming back to the hostel, i á felt very sad leaving home.",[4],-0.7346
"when my friend got very low marks in field work even though he á had worked throughout the year, i had this feeling.",[5],0.3468
"i felt ashamed when i fought with my mother on some issue, and á caused her trouble.",[6],-0.7964
"i had enough time to do my assignment, and i did not do it well. á when the lecturer scolded me, i had this feeling.",[7],-0.0487
when i was selected at tiss x.,[1],0.0
when i almost walked on a snake.,[2],0.0
when i was insulted by a man.,[3],-0.5106
when my mother left for kenya.,[4],0.0
[ when i see that the toilet is unclean.],[5],0.0
when my co-resident opened the bathroom door while i was bathing á inside.,[6],0.0
when i could not complete my assignment on time.,[7],0.0
"at the pre-university, i was appreciated as an examplary á student by our pricipal. this is something which made me feel á very happy.",[1],0.807
"when i was blamed for some of my attributes which are very often á misunderstood, especially when one is very frank.",[3],-0.6969
"when my sister lost her only son, who was sixteen years old. i á felt very bad about it as this was the first death in my family á and then i learned slowly to understand to life.",[4],-0.8748
"when i was in a christian institution, sometimes the nuns would á send back the people who came to visit us when it was not the á visiting hours. this disgusted me.",[5],-0.6124
"once i was not able to give a relative, who was in a critical á period, a helping hand. whenever i think about it i feel guilty á for letting down the person who trusted me to give him a helping á hand.",[7],0.8316
the day i got a letter from the u.g.c informing me that i had á been awarded the junior research fellowship.,[1],0.4019
"when i was working in delhi, i had gone alone to see the hostel á where i would be residing.",[2],-0.25
"when a relative, who had come to our place, created untidyness á and dirtyness.",[3],0.25
when i had to leave home to go to some other place to study.,[4],-0.0516
"when i went to visit a relative and saw how messy and dirty his á place was, in the absence of his wife.",[5],-0.6597
when i broke-down while seeing off my friend.,[6],0.4939
[ the day i have not worked (academic) hard enough.],[7],0.0762
"[ when i have achieved what i wanted to achieve, i feel the above á stated emotion. also when i am sucessful.]",[1],0.0
"once when i was walking alone at mid-night, i happened to put my á foot on a frog, as it felt smooth i thought that it was a snake á and i felt afraid. á á",[2],-0.25
my friend and i were to attend a very important meeting and he á had promised to come and pick me up. but he did not turn up and á i felt very angry at him.,[3],-0.3597
"i was really hoping that i would pass the examination, but i á failed and so i felt very sad.",[4],-0.8399
[ i feel disgusted at people who talk negatively about a person á without knowing the person well.],[5],-0.3182
[ i have felt shame but am unable to remember any particular á incident.],[6],-0.2617
[ whenever i do something prohibited or wrong i feel guilty.],[7],-0.7096
"when i stood first in the b.a exams. earlier i had heard of á these boys and girls who were toppers, but when i first heard of á me having topped i could not believe it.",[1],0.0
"when my son fell off the cot at the age of 5 months, i became á very nervous and thought that it would cause defects in his head.",[2],-0.624
i was very angry one day when my husband ignored me and slept á on a separate bed. he had no reasons to doubt me or to neglect á me and i had never imagined that he could do such a thing.,[3],-0.9117
when i heard the news of the death of my father. it was in the á evening and i was alone all night in my room trying to remember á the face of my father.,[4],-0.7096
one day my colleague misbehaved with me. i felt disgusted and á thought to myself that he could only do this because i was a á woman.,[5],-0.7184
one day i addressed my husband in an abusive manner in front of á his friends. later on i realized this myself and felt ashamed of á myself.,[6],-0.6369
"my mother misunderstood me and prevented me from doing something. á in return i did not talk to her for a few days, only later on i á realized that what she had done had been for my good.",[7],0.1531
"when the results of the part i exams came out i felt tremendous á joy in my heart. the results came out after a long period of á worry and anxiety, so it gave me endless relief and joy.",[1],0.9114
i felt afraid just before receiving the question paper of the á part ii exam.,[2],0.0
i remember that when i was in school i saw a case of partiality - á one of the teachers gave private coaching classes to some girls á and she would give these girls extra attention in class and would á ignore the others.,[3],-0.3612
"on the last day of my school life i was very sad, specially on á the farewell party day. i felt sad to leave behind my beloved á teachers and friends.",[4],0.3415
i was most disgusted when i had to make a nagging three day á journey recently from calcutta to bombay. it was very boring and á tiring.,[5],-0.8396
"i remember that once, a friend did not co-operate with me due to á some unavoidable reasons. unaware of this i treated her unjustly á till i realized everything, and then i felt ashamad of my deeds.",[6],0.34
"i did badly in one of the vital exams, despite getting proper á guidance from my parents. i felt guilty of improper use of the á chances provided to me.",[7],-0.4404
[ i can not recall one.],[1],0.0
[ i do not recall one here either.],[2],0.0
"[ this emotion has never been an intense one, that makes it á difficult to recall it.]",[3],-0.4063
when my honest intentions were marred by another's jealousy.,[4],0.25
[ the previous incident holds good here also.],[5],0.4404
[ ...has not really happened.],[6],0.0
when an event took place in another's life and which i thought i á could have avoided.,[7],-0.34
the day i was happiest was the day when i received a phone call á from eve's weekly to inform me that i had won the first prize of á the all india essay competition. i had won this prize when i was á an under-graduate when even post graduates had participated. i á had been judged by eminent judges and political scientists.,[1],0.9627
"fear is an emotion that i experience very often. naturally this á is during exams and subsequently while waiting for the results. á however there is one occassion when i was paralyzed with fear. á this was when i was doing my m.a.-i, and we had a series of student á lectures. i was one of the participants and my lecture happened á to be the opening lecture. i had been confident all morning, about á twenty minutes before the lecture, my confidence started failing á me. i felt my heart go cold, my lips go dry and i was really á paralyzed. this incident of fear is still fresh.",[2],0.0258
"i experience this emotion quite often but the day i was most á angry was the day i got pulled up for something i had not done. á it happened during my school days, i had not spoken a word in á class but the monitor had written my name on the board. so i á had a remark in my callender which i had to get signed by my á parents. this remark resulted in me being spanked.",[3],-0.7066
"i have once been very sad and lonely. this was when i was trying á to organize a play as a student (15 years). instead of á materializing, it fizzled out. the worst thing was that the play á fell apart completely and i found myself weeping uncontrollably. á now when i think of it, i laugh it off; but at that time it was á intense.",[4],-0.4902
"this is an incident that many of us witness in our everyday life á in a city like bombay. one day i was travelling by bus, three á men dragged two fellows out of the bus. once outside they were á beaten into pulp. these two fellows, who got beaten, were pick-pockets á and they were being beaten by all and sundry. i thought to á myself -\what is life?\"". it is one hell of a place where á|everyone is after someone else. one waits to cut the throat of á|the other one just for a living, (money). when i think about á|such things - the purpose of life, etc, i feel very disgusted and á|dejected.""",[5],-0.9476
"this is an event i will never forget. i am considered a good á mimic. this particular day we were waiting for a professor á to take her class. this professor had a peculiar accent and a á very horrible way of lecturing and to top it all we had this á class at the fag end of the day. so this particular day i got á into my element and started imitating the professor, and the á professor entered the class right in the middle of it . i was á unaware of her presence, some of my friends tried to warn me but á it was of no avail as i was too engrossed in mimicing. then i á suddenly noticed the silence and turned around to see her á entering the class. i do not know till today if she actually saw á what i had been doing or she had completely ignored it. through á out that lecture i died of shame. all the more shameful was the á fact that she gave me a character certificate.",[6],-0.9642
this happened when it was finally confirmed that i had stood á first in the university for the m.a exams. a few days before the á official results were declared a clerk had brought the results á unofficially. so i had been expecting the results but the á confirmation allowed me to legitimately feel happy at my á success. á,[1],0.9022
"this was when i was being followed home every day from the campus, á by a stranger. he would follow me to the campus and then sit á outside my class. if i was not there he would ask my friends as á to where i was. he was a dark, ominous looking person and i was á terrified of him as i did not know his intentions. i reported á him to the security officer, who turned him over to the police. á i was even more petrified then.",[2],-0.6901
a new gas connection was to be installed and the mechanic who came á to do it was very rude to my mother and me. i rushed to thhe á dealer with my mother and had a fight with the dealer as he á seemed to be unreasonable and was taking the mechanic's side. á ultimately the matter was resolved after my father went and spoke á to him. the mechanic was asked to apologize.,[3],-0.5709
"the day i was to receive my gold-medal for the m.a, my á grandmother, who i loved very much, died after an illness. she á died a few hours before the convocation. while i was á attending the convocation i had to control my grief as she would á not have liked me to miss it. it was a day she had been waiting á for, but did not get to see.",[4],-0.7356
"we had come back from a programme and we were all (three girls) á staying over at another girls placce. one of them started á passing very nasty and outright bitchy remarks at me. it was á brought on by a male colleague's compliments to me, this girl was á herself interested in this guy. bitchiness and catty remarks á made by women never fail to disgust me. i can particularly á remember this incident as she knew that i had not encouraged the á guy.",[5],-0.3626
"i was learning judo and my instructor wanted me to assist him in á teaching girls judo at a suburban college. i was just a beginer, á and he made me a green belt so that i would be able to command á respect. this was against my principles, and yet i allowed myself á to listen to him. i gave it up soon after, however i felt very á ashamed at not sticking to my principles and at not having put my á foot down earlier.",[6],-0.0717
"i was coming back home with my mother when the purse i was á carrying got stolen. it was done so swifty that i did not á realize what had happened till much later. a lot of money and the á keys of the house were lost. i was guilt ridden at my á carelessness. i felt terrible as i do not normally loose things á and this was quite important, especially the keys.á",[7],-0.842
"inter-national sports events won by my favourite national team or á player brings me joy, e.g when india won the world cup cricket á match.",[1],0.9042
when i had gone to a school picnic and was left behind in the á forest.,[2],0.0
when i saw a few people beating a man who seemed to be a á stranger.,[3],-0.4588
when india lost the benson and hedges cricket trophy.,[4],-0.3182
when i was responsible for getting my friend run-out in a vital á cricket match.,[7],0.7717
when india won the prudential cup by beating west-indies in the á final match and became the world cricket champion. west-indies á was the strongest of the eight countries which participated in á the competition.,[1],0.8176
"as a child, one evening i had read a novel about ghosts and i had á thus spent a sleepless night as i kept feeling that there were á ghosts dancing around me.",[2],0.4215
despite our good performance and excellent results the management á refused to meet our demands.,[3],0.0243
when my beloved girlfriend got married to another person.,[4],0.5106
when i heard that a 14 years old girl had been raped by four á rikshaw drivers in our town.,[5],-0.6808
i feel ashamed at the fact that even after 35 years of independence á 70% of the indian poulation is still below the poverty line.,[6],-0.7506
"i read about the national and social spirit and self-discipline á of the people of developed coutries like u.s.a, england, france, á germany etc. comparing this to the indian people i felt guilty á as they have no national spirit or self-discipline.",[7],-0.3222
"i felt happy at the settlement of our marriage, even though we á are from different socio-linguistic backgrounds our parents á agreed to the wedding without any conflict or discussion. we had á thought that they would object to the wedding but it did not happen.",[1],0.5237
"one day, early morning my mother who is healthy fell ill. there á was no doctor or compounder near by and for a few hours -8 a.m to á 6 p.m she did not speak a single sentence, nor did she drink water á or milk. there was no movement in her body and i felt really á scared. i almost lost my confidence about her survival.",[2],-0.6541
"one day my elder brother badly scolded my father. this was the á first time that i heard such abusive language from my brother. i á requested him humbly not to use this kind of language but he did á not care for what i was saying. finally i picked up an axe to use á against him, in the meanwhile people intervened.",[3],-0.8268
"my close friend and i applied to tiss for admission last year, á unfortunately he failed to get admission. we had done our graduation á together and are quite involved with each other, so we had wanted á to do our masters degree together. however, it did not work out á as we had expected it to and this saddened me.",[4],-0.7579
"my classmate at tiss has the habit of biting his nails and ever á since my childhood i have never liked this habit. this person is á near me in class, dining hall and the campus so i suggested that á he should stop biting his nails. however he found it difficult á and my disgust feelings have not changed.",[5],-0.873
"i had this feeling before my graduation and never dared to speak á to my relatives and friends. because of this feeling i would á avoid situations, however i do not know the reason for this.",[6],0.4854
"one day my mother forced me to eat more and i refused, the next á day she served me more rice and mutton pieces than usual. when i á saw this i got very angry and scolded her, and refused to eat. á later i felt guilty and asked her to excuse me.",[7],-0.9145
"when i was a student at the institute doing my m.phil degree, one á of my professors called me before the convocation and told me á \you have got the gold-medal (first rank) in the university and á|tomorrow you will be on t.v\"".""",[1],0.0
when i was in my village one of my enemies had written a á non-sense letter to a girl and he told the father of this girl á that i was the culprit. when i got to know this i was scared as á the girl's father was a worse man.,[2],-0.8481
"when i was doing research a few months ago, i had asked the á institute to sponsor me for a computer course which was held in á tiss. however, because of the administrative officer i could not á get the money.",[3],0.0
"when i was in bombay one of my good friends was getting married á and he had not informed me about it, this made me sad.",[4],0.4404
"i once got a phone call stating \one of your friend is in jail, á|please come and see him\"". when i went to the jail and saw him, i á|was disgusted.""",[5],-0.0516
"some time back i had signed a letter which i had not read. what á had happened is that something had been written against my á friend and this went to the higher authorities. my friend asked me á -\you also signed ?\"" """,[6],0.7506
"one of my friends came to know through some other friends that i á had applied for some course in an institute. he asked me \why á|did not you tell me, i would also have applied.\"" at that i felt á|guilty.""",[7],0.7351
[ i am joyfull to be alive every night.],[1],0.3818
[ i have not felt this emotion yet.],[2],0.0
"[ on discovering the red-tapism and the bureaucratic, corrupt, á decadent, degenerated infrastucture of every public utility, á office and service; and the rampant corruption at every single á level of education and other institutions.]",[3],0.0
the death of jaya prakash narayan caused a great deal of sadness á as i believed that he was the only true democrat and a ray of á hope on the indian horizon.,[4],0.4588
"[ this is an everyday feeling. many situational events : causes á are unclean and dirty environment, illiteracy, poverty and á neglect of human resources, disgust at the lack of perception on á the part of us ( educated few) for the lack of drive and drive á towards their redemption. ]",[5],-0.959
"when i realized that i belonged to a country which is amongst the á poorest in the world and that inspite of having the resources we á do not utilize them. i was ashamed at myself and my country, á shame at the lack of parity between the lifestyles of the á citizens.",[6],-0.9001
"when i realized that i was not working hard enough and was not á being useful as an individual to the society or the family, guilt á at spending money on uncalled for activities - in short wasting á my life.",[7],-0.7105
my joy knew no bounds when i was selected for a job even before á having finished my studies.,[1],0.3818
i was scared when i realized that i might miss the train which i á was supposed to take. i was 1500 kilometres away from home and when á i heard the depart whistle i was still 150 feet away from the á train. i finally made it.,[2],-0.5423
i felt angry when repeated pleas to the ticket collector and the á co-passengers in order to make a queue fell on deaf ears. i have á this feeling whenever someone is not disciplined and methodic in á doing his duty.,[3],-0.397
"i am filled with gloom and sadness at the death of a person. á more specifically, i felt sad after hearing the news of a á death of a person who was hale and hearty and full of life, withá vigour and plans for the next day but had no next day to cherish it.",[4],-0.7992
i feel disgusted since i am unable to cope with all the wordly á affairs as i spend much precious time to pursue my hobby and á to be admist the people i love and long to be with.,[5],0.6705
i always feel ashamed when i do not succeed in accomplishing á something in which i had put in all my efforts.,[6],-0.6935
"at times i have been attracted to conducts which are socially á degraded due to their ill consequences, and then i feel guilty.",[7],-0.6808
when india first won the world cup cricket tournament.,[1],0.5719
"i was then in the 10th standard and was going to my native place. á the last bus had already left and so i started walking, it soon á became quite dark. the road was a village road and was deserted, á i was not even sure if that was the right way. i finally reached á home at 10 p.m.",[2],-0.1436
"i was travelling from delhi to bombay. i had booked a seat one á month back and i had also got a telegram confirming this. á however, in the train my name had been omitted from the á reservation sheet, and the one seat that was still vacant was á alloted to another person who paid for it despite my requests for the á seat. i was allowed to stay in the reserved compartment when i á paid money.",[3],0.0
"the news of the natural calamity, an earthquake in which hundreds á of mexican people died.",[4],-0.2732
"in punjab, when in the name of religion people killed each other á during the agitation.",[5],-0.7579
"i felt happy at the end of a 10 day student camp. we had shared á our hopes and aspirations and in the open situation so generated, we á had made strong frienships and experienced our own worth as well. á",[1],0.9349
"one of my fellow students had bunked field work and in my attempt á to cover up for him i myself was exposed, though not directly. á we were to meet our field work suprevisor and we were afraid of á the consequences.",[2],-0.0772
"i had made an error in planning a programme and had publicly á accepted the mistake, despite repeated requests not to bring the á matter for discussion a professor kept constantly passing remarks. á i reacted angrily.á",[3],-0.4404
i was in love with a girl but had to separate from her because of á different commitments concerning life and career. i loved her as á a person but could not agree with the life the future would á demand. parting from her was very sad.,[4],0.1768
"students on campus were unnecessarily creating trouble just to á heckle the authorities - not to achieve something concrete, but á to further their own interest.",[5],0.5789
i had reacted angrily at a friend for no fault of his. i had á raised my voice and had not cared for his opinion.,[6],0.0839
i had promised to send something to a friend and it completely á slipped my mind. i felt guilty for having forgotten.,[7],0.25
"this is one feeling i never betray, but i must confess that the á last time i slighty felt happy was when i passed my m.a with a á high rank. this was a few years ago when my friend told me about á the result.",[1],0.915
a few weeks back i had a very important seminar and i had á circulated my papers to all the panel members. a day before the á seminar i realized that i had inadvertantly burdened certain á derivations and i had failed to correct it. i feared that this á would reflect very badly on my performance. fortunately none of á the panel members detected it and i felt relieved.,[2],-0.7783
"a few days back a friend of mine poked me in the ribs for fun's á sake, though i had warned him an infinite number of times that it á really hurts me, he did it again. i usually ignore this but this á time i flared up for a split second and threatened to bash him á up. this is the latest incident when i lost my temper, though i á felt very bad about it later.",[3],-0.9589
the saddest moment in my life was when i lost my younger sister a á few years back.,[4],-0.743
"yesterday, i was just about to cross the road when a country guy á who was ahead of me spat out a mouthful of betel juice on the á road. it was very windy and had i not checked my speed i would á have had a very good shower of his saliva. though i was not á angry, i felt that these people were very indecent.",[5],0.7091
"yesterday while playing volley ball, there was one person extra á and somebody had to out. a mess worker and i were the á last ones to arrive and we had arrived at the same time. á rightfully one of us had to opt out of the game, as i was á delaying leaving the mess worker opted out saying that i should á play. i felt ashamed of myself.",[6],-0.5994
"a few days back a friend of mine had asked me to call on him on á sunday. i had accepted it but later did not go for no specific á reason. i just slept in my room. the next day this friend called á me up and told me that he had been expecting me the day before and á his wife had prepared a very good lunch for me, which had gone á waste. i felt very bad about this incident and it has been á growing in my heart ever since.",[7],0.9404
when i got my b.sc degree with first class.,[1],0.0
before the declaration of the s.s.c results.,[2],0.0
when i was punished in school for no serious mistake of mine.,[3],-0.1882
"when i received the s.y.j.c results, the marks i obtained were á not up to my expectations and i missed admission in engineering.",[4],-0.296
when i could not attend the college picnic due to some á difficulties.,[5],-0.296
"when i was detained one day in school, by the vice-principal, for á indiscipline.",[6],-0.4019
"one day at school i had quarrelled with a school-mate, and á ultimately i had hit him hard. he, being physically weak had to á visit his doctor and remain absent from school for two days.",[7],-0.5106
"this happened when i was in the 10th standard. the paddy crops á were in a bad shape as it had not rained and there was no water á in the well, so i was in a very sad mood. i came to the á conclusion that i would ignore the paddy field, just 12 hours á after this it rained for one hour. this was a very tense time á and the rain brought me tremendous pleasure.",[1],-0.8016
"at the age of 16 i had gone to see a film in a nearby village, á about 8 kms from my home. i started walking as there was no á bus. i had to cross hills and as it was dark i could not á identify the path. half way through it started raining and as á there was no shelter i ran four kms to reach home.",[2],-0.5106
"one day my room-mate started imitating me, doing what i had done á a few hours back. i got very angry and started beating him up.",[3],-0.7645
a few months a close relative of mine died. i had never expected á this to happen and was sad for a few months.,[4],-0.7717
"one day, at an important place i met a group of girls and while á we were waiting for a bus these girls started smoking and á commanded me to smoke; i felt very disgusted.",[5],-0.4391
"a few months back i had gone to my friend's place and they offered á me tea and coffee. i do not have the habit of drinking tea or á coffee and so they offered me a glass of milk instead, so i felt ashamed.",[6],-0.5209
"at my native place i was riding my cycle, which did not have á lights, at night and so a police man caught me. i requested him á to let me go but he would not so after a few minutes i just á escaped.",[7],0.0
"after my graduation exams i was waiting to get admitted to a post á graduation course, however the situation was not very favourable á for me and i was upset. suddenly, bombay university offered me a á seat and i landed up in bombay for my post graduation studies. á this happened last year and was very pleasant for me.",[1],0.3384
[ never experienced.],[2],0.0
this was the worst incident of my hostel life. i was insulted by á a close friend of mine on the eve of the new year and it totally á spoiled my new year's night.,[3],-0.6369
[ when i feel that i have made a mistake.],[4],-0.34
[ never experienced.],[5],0.0
[ never experienced.],[6],0.0
[ never experienced.],[7],0.0
when i got my b.a degree with first class.,[1],0.0
i received a letter from my college telling me that i would not á be allowed to sit for the exams because of my low attendance in á class and the bad experience in the terminal exams.,[2],-0.6808
once a friend had pushed me and i had fallen on to a window which á then broke. i was taken to tthe principal's office and he á accused me of having broken the window.,[3],-0.7506
when i received my s.y.j.c results which did not allow me to get á admission in engineering.,[4],-0.1695
"once when i was studying for my examination, i was asked to do á some work which was unavoidable.",[5],0.0
my teacher asked me a question which i failed to answer and i was á told to stay behind after the class and give the answer after á studying it from a book.,[6],-0.5106
"during class one day i walked out of the class. the á teacher noticed it and decided that he would take some action á against me, when i realized this i approached him and told him á that i was sorry for the incident and would not repeat it.",[7],-0.0772
when i passed the 12th standard board exams.,[1],0.0
"my illness a few years back. i was sevely down with malaria and á asthma, i had lost my health, charm and cheerfulness completely.",[2],0.2023
during the short period of my unemployment about six years back.,[3],-0.4404
my father's death in january 1983 moved me deeply. the gloom á prevailed for almost two years and i am still to recover from it.,[4],-0.8307
when i was 12 years old i was caught by the ticket collector when á travelling without a ticket.,[6],0.0
"a few lies that i had indulged in, a few years ago, while raising á loans from my friends.",[7],0.0772
"after having finished my b.sc, i was struggling hard to continue á my studies and had taken the m.sc exam. i was not sure that i á would be selected in the written exam. when i saw my name in the á selected candidates list i was overjoyed.",[1],-0.1184
"when i did not get admission in m.sc after my b.sc, i felt really á bad. when i started my journey to bombay, after having accepted á my uncle's offer to come to bombay, i was afraid, wondering if i á would succeed or not.",[2],0.1335
"when i was dancing with a dame at a social, one of my friends who á was interested in her came and took her away from me. i was á really angry with him then.",[3],0.2975
"when a close friend, residing in the hostel, lost his father i á really pittied him and the situation made me feel sad.",[4],-0.296
"after my +2, when i did not get admission in b.e i felt disgusted.",[5],-0.5267
"when i was in the 12th standard, i could not speak english. one á day, while talking with my relatives i used a wrong word and á my cousin corrected me, believing that i did not know english. i á really felt ashamed then.á",[6],-0.7564
"when i got low marks in the final year b.sc exams, i felt guilty á as i had not worked hard because i had been roaming around with my á friends.",[7],-0.129
i was doing an experiment and was not getting the appropriate á result despite the fact that i had repeated the procedure 4-5 á times. then finally i got it right by a stroke of luck.,[1],0.4588
"once i was very frightened at night as i had a very fearful and á terrifying dream, i could not go back to sleep for a long time.",[2],-0.855
once i had an argument with my friends and i knew that i was á right. my friends went on arguing with me even though they did á not know the right thing.,[3],0.1779
my elder sister forced me to do a few things which i did not like á to do.,[5],-0.6261
once i had torn a few pages off a library book and i felt ashamed á at this.,[6],-0.6249
when i realized that i loved someone of the opposite sex.,[1],0.5994
"after i was thrown out of a car in an accident, this resulted in á a fracture.",[2],-0.4767
[ during my childhood when i could not get what i wanted from my á brother/sister and parents.],[3],0.0
i felt disgusted when i was in a helpless position at the loss of á my fiancee.,[5],-0.8271
the day my fiancee told me that it was bad that i could not write á my mother tongue.,[6],-0.5423
i felt guilty when i thought that i was still not standing on my á own feet.,[7],-0.4215
"the way this particular girl spoke, behaved, and reacted the á first time i was introduced to her, i felt certain that something á between us would materialize.",[1],0.2732
[ never.],[2],0.0
[ ther are many instances which are all equally irritating.],[3],-0.4588
"when a girl did not answer a question, concerning my love for á her, put forward to her.",[4],0.6369
"[ there have been very few instances of disgust, as far as i can á remember they are not important or worth mentioning.]",[5],-0.7317
"[ i was not, i am not, i will never ever feel ashamed of á myself for something i have done.]",[6],0.3724
"[ never felt guilty, as i have never done anything which could á make me feel guilty.]",[7],-0.12
i most joyous moment was the day i got my marks. i was very á happy when i came to know about my marks at the m.sc (part i) á examination where i got 71.5%. this was the highest marks i have á ever scored in my life.,[1],0.8545
i was travelling in a bus from school going home for holiday. in á the bus unfortunately i stepped on a bag in which there were á delicate things.,[7],0.128
when my brother was selected to the university of malawi (the á polythecnic). i was very excited and i rejoiced due to one of our á family members qualifying for university level at long last.,[1],0.6901
on may 20th i got a summon to appear in court on may 28th 1985 on á the subject of impregnanting a school girl. i really feared of á standing in the court in a few days time after this notice. i was á also embarassed due to formal approach that was expected of me to á the principal.,[2],-0.5413
sometime ago i felt very angry when my mother wrote me telling me á that my elder sister was messing up things at home by her á internalised aggressive attitude towards parents and her husband.,[3],-0.6361
"i felt very sad when i was in form three to notice that my friend á barley jumbe, had lost very expensive new sports short trousers.",[4],-0.3597
"four weeks ago i felt very much touched to find an asciatic á patient who had asked the very morning to be tapped of the fluid, á dying in the evening. i was really disgusted because this was the á medical staff's negligence. had the clinical officers done á something that very morning he might have been alive today.",[5],-0.2716
"truely, i got very ashamed when my brother was sent out of á business machines limited company due to improper handling of the á office equipment in sales services.",[6],-0.6478
guilt conscious struck me when i failed my standard two á examinations in 1972. i knew that i would suffer the consequences á of what i had been doing during class hours: thus playing with á friends and sometimes not even going to school.,[7],-0.7184
"after sitting for the standard 8 exams for the second time in á 1979, i had great joy when i heard that i was successful in the á examination when the results were out.",[1],0.9136
i had a cousin whom i loved so much. unfortunately she passed á away suddenly and one time i had a dream in which i was talking á to her yet she is dead.,[2],-0.2682
somebody wanted to beat my brother at a wedding ceremony and i á was trying to protect my brother but the other man was calling á names to both of us.,[3],0.2023
i never failed my examinations since standard 1 but i experienced á sad moments when i sat for standard 8 examination and i was not á selected for secondary school education in 1978.,[4],-0.5104
i had experienced odd moments one time when a patient came into á the ward in which i was working. the patient was badly burnt in á the right side of her body. i was very nervous at the sight.,[5],-0.7778
"when i was young i was playing football near my parent's house á and while playing i fell on the ground. at first i thought i was á not seen by anybody, but when my mother laughed i felt very á ashamed.",[6],0.0599
"i had been on friendship with a certain girl for sometime and the á love was going on well, but it happened that i made the á friendship come to an end suddenly without good reasons.",[7],0.75
i was emotionally happy when i was in love with the girl i had á longed for.,[1],0.836
i once felt that my last hour had come when i was unexpectedly found á in the hands of.,[2],0.0
it happened that my brother promised to give me money for school á and then he told me that he had failed to fulfil his promise a á day before school started. i became so angry for i thought my á future would be ruined.,[3],-0.7809
i was all of the sudden sad when i heard that my cousin who á usually paid school fees had passed away after a very short á illness.,[4],-0.7239
the first day i visited the hospital i was disgusted because i á experienced offensive smell which i never expected. i nearly ran á away from the course.,[5],-0.7506
i once felt shame when i failed to fulfil the promise to marry a á daughter of a certain gentleman.,[6],-0.4588
i felt guilty when i was robbed of a friend's radio at lilongwe á bus depot after promising that i would keep it safe.,[7],0.4215
when i heard a rumour that the 1st year exam results were out. i á had fear that i might be one of the failures.,[2],-0.7351
somebody was blaming me of a story which was not real and not á true.,[3],-0.6738
death of my grnadfather after having been in hospital for so long á with cancer of the oesophagus.,[4],-0.8519
when mum had beaten my young sister just because she had received á a letter from a boyfriend.,[5],-0.4215
when i had not done well in geography at my mce i was expected to á get more than i did.,[6],-0.2057
when a patient had died soon after i had told the guardian to á wait outside the ward.,[7],-0.5574
when i passed my primary school leaving certificate and selected á to go to a boarding secondary school.,[1],0.0
"when i was feeding a premature baby (7 months), the baby chocked. á this was when i was working in children's ward i thought i had á killed the baby.",[2],-0.6705
we were just about to go into the exam room and i didn't see all á my writing materials plus the identification card from the place á where i left them.,[3],0.0
when my boyfriend did not turn up in time as he promised he would á be coming.,[4],0.3612
"the time when i cleaned the house and everything was tidy, á then my cousin, who is 4 years old, came with a muddy pot and made á a mess of the whole thing.",[5],-0.3612
bad temper of the serving lady in the students' dining hall.,[5],-0.743
teacher suspected me stealing money.,[6],-0.6808
failed to do what i had promised.,[7],-0.2023
saw on tv china winning the gold medals.,[1],0.5267
staying in the room alone at night.,[2],-0.25
an old lady slipped and nobody helped her.,[3],0.0
a friend's mother died.,[4],-0.5574
saw a dirty street.,[5],-0.4404
not collecting homeworks in time to give the teacher.,[6],0.0
not helping other people to do their homework.,[7],-0.2235
made a wonderfull new friend.,[1],0.4939
my friend started to misunderstand and hurt me.,[2],-0.4019
insulted by disgusting people.,[3],-0.7717
my friend was badly hurt.,[4],-0.5106
someone not responding to my criticism.,[5],-0.4404
swearing in public.,[6],-0.25
hurt someone's feelings unintentionally.,[7],-0.5267
when you told everyone in the last lecture you will do all á lectures again in english and everybody can come (not only á english classes),[1],0.0
before an examn.,[2],0.0
my class leader told me i am not chosen for your english á lectures.,[3],0.0
finding out that the university will give first priority to á qualified practioners and clinical years to go to your english á lectures.,[4],0.0
finding out that old and useless practitioners of retirement age á will go to your english lectures and they do not understand á english.,[5],-0.4215
china cannot give your lectures bigger place and sound system.,[6],0.0
i am not good enough for your experiment i am doing.,[7],-0.3412
winning a game after a long time of losing.,[1],0.2023
almost had a bicycle accident.,[2],-0.4767
people not cueing in the dining hall.,[3],0.0
failed an examn.,[4],-0.5106
saw a real party leader.,[5],0.4019
failed to recagnize a friend on the street.,[6],-0.0258
forgot to collect post for a friend.,[7],0.4939
being chosen to do your experiment with aphasia.,[1],0.0
you may find out that i am stupid and not to let me do your á experiment.,[2],-0.5267
a classmate told me i must have bribed the class leader to let me á go to your english lecture.,[3],0.0
i was not chosen for the all english class.,[4],0.0
saw my class leader acting like a god when he chose people to go á to your english lectures.,[5],0.5574
talking to friends about how old you are and we cannot be as á successful as you at your age.,[6],0.7845
telling friends about your nickname.,[7],0.4767
i got better marks in the examn than many arrogant people.,[1],-0.0772
before the examn.,[2],0.0
insulted by some stupid people.,[3],-0.7717
lost a friend.,[4],0.2263
hear people talking at my back.,[5],0.0
saw something stupid and ignorant happening in the countryside.,[6],-0.6705
i was very scared when i went to the examination hall for my m.sc á examination as i had studied a limited partion of the course á thoroughly and i was in great doubt whether that would be asked.,[2],-0.3597
i was most angry when india lost the triangular cricket trophy á held in australia. i was so angry that i fought (orally) with my á friend.,[3],-0.8494
"i was very sad when i got the xiith standard results, when i got á low marks as compared to my friend and i could not get admission á to courses like medicine.",[4],0.0534
"i was disgusted at myself when i dropped a vital catch, while á playing a cricket match, and we lost the match; though the catch á was difficult.",[5],-0.6369
"there is one thing which makes me feel shameful, when i see á friends of my age group working and earning a lot, when i am á still studying. a friend i met a week ago after a period of 5 á years is earning more than rs 3000/ month.",[6],0.4767
"i felt guilty when i read an advertisement for a job as a chemist á in the newspaper and when my friend asked me if i had applied for á that job, i told him that i had not even seen the paper of that á day.",[7],0.1027
"when i got my first unknown compound while doing my m.sc á research, i was very happy. this is because my research was based á on this type of reactions and compounds.",[1],0.6115
i was very scared at the time of the ty.b.sc examination as i had á decided to get 1st class results. i was afraid thinking of how á the papers would be.,[2],-0.4927
"when my neighbours accused my brother of stealing their á rose-bush, i was very angry as he had not touched it at all.",[3],-0.8588
"when i heard that my girlfriend was getting married to another á person, i felt very sad. that day i did not eat anything and á kept thinking of her all day long.",[4],-0.5256
"when i had insulted my father two years back, at that time i was á very angry due to some reasons.",[6],-0.7841
"i felt very guilty when i tried to teach swimming to my younger á brother, as i myself could not swim very well and my brother á had started sinking to the bottom, however my elder brother á saved him.",[7],-0.3234
"this happened a year when i was having a hard time, i got á admission to do research despite obstacles in the procedure of admission.",[1],0.1984
it was the time when i was in no position to secure a ist class á in the m.sc exam and this was likely to affect my career.,[2],0.0516
i missed an opportunity to go abroad because of some silly á mistakes for which i had to suffer a lot.,[3],-0.6486
"it was at the time of my m.sc exam, when i was not in a position á to take the exam after having studied seriously.",[4],-0.1779
"when i opted for my research field, for them the percentage of á marks was more important than my knowledge.",[5],0.2716
when i was not in a position to control myself. i had said too á much and had been cruel with no other than my mother.,[6],-0.7184
"two days after the above incident, i was thinking about my á morally shameful act and i felt sorry for that incident, but it á was too late, however i did realize this.",[7],-0.3071
when i got the first compound through column.,[1],0.0
when i did not get the compound which is known.,[2],0.0
when i got low marks in b.sc final.,[3],-0.2732
when my first love was not successful.,[4],0.2796
[ when mix was coming from column for several days.],[5],0.0
when i had been angry at my friend without any reason.,[6],-0.0258
when i forced a close friend of mine to ask a girl things about á herself.,[7],0.0516
"it was about a fortnight ago, i was declared successful in the á u.g.c exam this year (only four in bombay succeeded). my joy á knew no bounds.",[1],0.8481
"when i was a kid, i always opened the door to greet my father á when he came back from work. one day it so happened that his á hair was scattered due to over-crowding in the train, and when i á opened the door as usual i saw something else. i was so scared á that i could not talk.",[2],-0.3488
"this also happened when i was very small. i was beaten up by my á mother for no fault of mine, i had just beaten up my younger á brother for what i thought was his fault. i was very angry with á my mother.",[3],-0.8636
"after studying a lot for my h.s.c exams, i could not make it to á the medical stream and i felt sad about this.",[4],-0.4767
"[ honestly, i have never felt disgust at any situation in my á life.]",[5],0.7308
"[ sorry, i was never ashamed about anything in my life.]",[6],0.308
[ i can positively say that i have never done anything that made á me feel guilty.],[7],0.1531
"when i got admission in m.sc (i) organic chemistry, i was very á happy.",[1],0.6096
when i came to know that my exams were on two successive days and á that there was very little time (about 9-10 hours) to study in á between.,[2],0.2732
"i was very angry when my friend lost my practical's journal, á which i needed to study for the exams.",[3],-0.4005
"i was very sad when i did not get admission in the english á college, as i had 1% less marks than they wanted.",[4],-0.5256
i was disgusted when our cricket team manager dropped me from the á team.,[5],-0.5267
i was ashamed at myself when i saw that the other boys and girls á of my age earn a lot of money by doing very good and hard work.,[6],-0.1458
"i felt very guilty when a student, sitting in front of me in the á exam, asked me a few questions and i did not show him the answers, á though i knew them.á",[7],-0.4754
when i passed the toefel with very good marks.,[1],0.4927
when i was going to take the practical exams.,[2],0.0
when i was teased by my friend for not scoring good marks in the á exams.,[3],-0.1043
when i was ditched by my girlfriend.,[4],0.0
when i lost the notes of the lecturer i had borrowed from my á friend.,[5],0.2263
"when i was teasing a girl, who turned out to be my brother's á dame.",[6],-0.0772
when i was bluffing in front of my mother to get more money.,[7],0.0
the moment i got the news that i had been selected for the u.g.c á junior national research fellowship. it was a dream come true.,[1],0.5859
"my brother lost his temper and started smashing things in the á house. i was quite scared, that something terrible might happen, á till the situation was brought under control.",[2],-0.8858
"i wanted to go to bhopal for relief work (gas tragedy). my boss á simply refused to let me go, i was so angry that the only thought á that came to my mind was to quit the job.",[3],-0.829
"a friend of mine was hospitalized after having been diagnosed as á having typhoid, he had to forgo his exams and also his ambition á of doing a dissertation at the m.a level. it was a very sad á event for me and i felt very sorry for him so i volunteered to á stay with him in the hospital.",[4],-0.1989
there was a family fight in my house some time back. my uncle á had given me a watch as a present and i lost it. during the á fight he accused me of having sold the watch. i was disgusted at á his false accusations.,[5],-0.9246
"i had written a \love-letter\"" to a class-mate of mine, this was á|meant to be a joke. unfortunately it fell in the wrong hands á|and i had to face the consequences.""",[6],-0.5106
"my friend had written a letter to me, the contents of which i á misunderstood and i wrote back a very harsh letter to her. on á realizing the blunder i had made, i felt like hiding my face in á the sand.",[7],-0.2716
"i have a girlfriend, who is almost like a daughter to me. she is á studying out of station and i get to see her only once a year. á her arrival is always a joyous one.",[1],0.7436
"while i was pushing a court roller out of a ditch, i slipped and á fell down and the roller rolled back towards me -down slope-it is á a miracle that i still have my legs intact.",[2],0.6808
"i was the compere at a party and all my efforts to get the show á rolling were thwarted by the immobile, non co-operative guests. á i felt frustation - bordering on anger.",[3],-0.2732
"a railways officer, when asked by the ticket checker to produce á his tickets, got very aggressive and started abusing and using á his authority in a very wrong way.",[5],-0.7897
"[ i am quite shameless, not applicable.]",[6],-0.4005
[ not applicable.],[7],0.0
when i was successful at my work i was full of joy.,[1],0.8225
when i was treated improperly by someone.,[2],0.0
"[ when bad and disgusting language is uttered by people, or when á someone tries to show what is beyond his own capacities.]",[3],-0.7845
"[ i missed my twin when i was on the verge of being thrown, which á i disliked.]",[4],-0.5994
"when kanishka was blown up, i really felt disgusted at people á killing each other.",[5],-0.8434
when i received the best actor award at the inter-college drama á competition. it gave me tremendous joy and satisfaction which á lasted for several days.,[1],0.9428
when my mother met with a serious accident and there was danger á that she would not survive and if she did she would loose á her memory.,[2],-0.8442
"when an acquaintance of mine beat up another person for no just á reason, and thus showed off his power.",[3],-0.296
when a friend of mine died in a hiking accident. i was not á present there and only got the news later.,[4],-0.5423
[ do not remember any incident.],[5],0.0
[ do not remember any incident.],[6],0.0
[ do not remember any incident.],[7],0.0
i felt this emotion when my name was announced on the radio that á i had been selected to come to lilongwe school for health á sciences to take a training course as a medical assistat.,[1],0.0
i felt the above condition when i took my brother's bicycle to a á market and unfortunately the bicycle was stolen and i didn't know á how i could tell the owner about the stolen bicycle.,[2],-0.8316
i felt angry when my only pair of trousers was stolen and could á not be able to find out who the thief was or anyone who knew á about the story.,[3],-0.872
i felt sad when my dear friend was needed from training school á due to his failure in a number of subjects and simply didn't know á what he had to do.,[4],-0.0772
i felt the emotion when i entered a certain ward in the hospital á to visit my relative who was sick.,[5],-0.296
i felt the above condition when i was found in a house playing á with another man's wife where i was asked questions and i was á unable to answer.,[6],0.2023
i felt the emotion when i fought somebody who was drunk and tried á to disturb us while we were having meals.,[7],-0.7506
"when i was at school, no one thought i could pass my mce so at á the end of the year my name was announced on the radio that i had á passed. i was the happiest person.",[1],0.4588
i was living with my brother and one day he went away on business á and i was left alone to look after the house and the property. at á night thieves came and wanted to break into the house.,[2],-0.6486
my young brother took my wristwatch in my abscence and sold it to á his friend at a cheaper price.,[3],0.4939
i had a girlfriend who lived several kilometers away from my á home. one day she wrote me that she'd visit me. on her way she á had a car accident and was badly injured. i was very sorry to see á her lying in a bed in the hospital.,[4],-0.9168
"one of my best friends was found lying flat on the road because á he was drunk and was taken by the police and put in a cell. i á went to see him the following morning, the place was really a á mess and was smelling badly. i didn't like it.",[5],-0.6677
it was my father's birthday party when i was asked to bring a á tray of tea and other drinks.,[6],0.4019
one day i took my playmates to the river to swim and play. one á of them was epileptic so he drowned into the water. i felt guilty á because it was me who took them there.,[7],-0.6786
when i was accepted to study at this school i was very happy.,[1],0.7264
i was moving in the graveyard at 6.00 pm one day and was griped á by fear because i was told that ghosts detain people moving there á at night.,[2],-0.802
there is a mad boy in our village. this boy hit me with a raw á paw-paw in the face.,[3],-0.4939
it was last september when i felt very sad. it was when i heard á that i was not selected to study in the university of malawi.,[4],-0.5256
in ward 1a was an epileptic patient who was burnt the whole body á and was stinking very much such that the whole ward was affected. á few people could come near him.,[5],-0.6124
an out-patient asked me to read for him a certain prescription á but i was unable to do so. the patient was dissappointed and lost á hope in me.,[6],0.3506
it is some years ago when my mother found me stealing relish in á the pot. it was fresh fish which was very appetising.,[7],-0.34
it was in december last year that i was chosen to come to this á institution to study as a medical assistant.,[1],0.0
in march i was busy studying during the night i could only sleep á two or three hours only for fear that i would be weeded and sent á back.,[2],-0.4939
i once caught a letter in my girlfriend's handbag from a certain á man. i felt anger.,[3],-0.3818
i was once nominated as an officer cadet in the armed forces and á my name was cancelled on the list of nominees of those who were á sent to kenya for training.,[4],-0.25
"the time i went to see one of my girlfriends at area 18 i found á that she was not there but in the room she was sleeping, in the same á room there were some women visitors with children so the room was á smelling very badly with some faeces and urine in it so i didn't stay á any longer.",[5],-0.6798
it was last week on sunday that i was walking with my girlfriend á along kawale road going to town so i tried to stop a car for a á lift and the driver didn't stop and i felt shame because people á were looking at us.,[6],-0.5286
"i was once called in court in zemba traditional court to answer a á charge of impregnanting a young lady, i felt guilty for she had á some letters which i used to write her as an exhibit in court.",[7],-0.4215
there was joy in me when i heard that i was to take a course as a á medical assistant.,[1],0.5859
when i saw a dead body in the mortuary i became afraid and i was á filled with fear.,[2],-0.8176
a certain area party secretary came home in the morning and said á we had to leave our home and build somewhere and the reason á being that they wanted to establish a market. the chairman knew á nothing about it and was very angry.,[3],0.0018
i was so sad when i heard that my uncle had passed away. he was á the only man who was supporting my parents as well as myself.,[4],0.0023
i was disgusted with my girlfriend's behaviour. she was going out á with other boys who were also my friends.,[5],-0.0772
it was a shameful moment when i heard that i had failed my á primary school leaving certificate exam in 1978. my girlfriend á was there when the news was released.,[6],-0.7579
i took pharmacology books from my friend's desk without á permission and i was found guilty.,[7],-0.4215
"when i was in form 4, at secondary school, i was elected as a á school library assistant and also the leader of catholic á students, so i felt very joyous.",[1],0.659
i broke my uncle's radio player accidentally and so i feared that á he was going to cut me off from going to his house as well as á playing it again.,[2],-0.7832
it was in march 1985 when one of my fellow students borrowed my á wristwatch and after sometime he broke a glass of that watch i á got angry when he was telling me but the anger didn't take long á to fade.,[3],-0.8442
"when i was about to write my junior certificate exams, i received á sad news telling me that my elder sister had passed away.",[4],-0.4767
i was disgusted with the behaviour of one of my fellow students á during my secondary school life. he was a habitual noise-maker á and caused great conflicts with the teachers.,[5],-0.2263
"i remember when i was in standard 6, i failed one of the terminal á tests and i told my parents that i had passed but after they á found out from the class teacher that i had failed, i was proved á a liar.",[6],-0.9011
sometime back i came across a certain man who was badly beaten by á some people because he was found raping the wife of the village á headman.,[7],-0.8625
the joy came to me when i heard that i was going to start a á medical course at the lilongwe school for health sciences.,[1],0.5859
the emotion came when i misbehaved at school and the principal á threatened me that i was going to be expelled.,[2],-0.765
the emotion came when a certain boy opened my locker without my á knowledge.,[3],0.2732
the sadness came to me when i heard that my girlfriend whom i á loved so much got married to another man before a rebuff from á her.,[4],0.25
the emotion came to me when a certain girl who was not polite to á her mother hit her sister severely.,[5],-0.2263
the shame came when i was beaten by my teacher at school in front á of boys and girls some of whom were my friends and a girlfriend á apart from being classmates.,[6],-0.4215
it was when i discovered that the girl who i had proposed was a á friend's girlfriend.,[7],0.0
when i was told that i was selected to attend medical assistant á training.,[1],0.0
when i was told to attend an operation in theatre.,[2],0.0
this situation happened when my friend john ate my banana which i á kept in the cupboard.,[3],0.4939
when i was told that my father had passed away.,[4],0.0
this situation occurred when i entered into a smelling ward.,[5],0.0
this situation happened when i was found kissing a girl who was á my friend's girlfriend.,[6],0.5719
this situation happened when my friend me with a knife which i á stole from him.,[7],0.4939
when my father married a certain lady. the reception was held at á kasungu town hall.,[1],0.2732
at night when i was coming from lingadzi inn i heard a hyena á crying in the lingadzi jungle. i was alone.,[2],-0.6249
i felt angry when i was told that i had not been selected to go á to the university.,[3],-0.5106
i felt sad when i was told to walk out of the classroom because i á was within the row of students who were making noise.,[4],-0.4767
i felt disgusted when a certain lady spoke words of sarcasm when á i was trying to propose to her.,[5],-0.4939
when i broke a tea saucer. i felt ashamed. this was during the á birthday of my girlfriend.,[6],-0.7096
i felt guilty when i was given a prize which belonged to someone á else.,[7],0.128
my girlfriend who had been very far away from me came to my á place. she saw me and ran after me. i didn't know that she had á come. i couldn't see her. she held my shoulders standing behind á me.,[1],0.0
i was given a wristwatch by my first girl and after two days á another girl of mine also gave me a wristwatch.,[2],0.0
my girlfriend mentioned a certain girl's name who was my girl á some time back and she is no longer mine that she said she was á still mine.,[3],-0.0258
i had been caught red-handed having stolen some paw-paw. i was á then taken the elders owning the paw-paws.,[4],-0.4939
i was double crossing mercy and maria. they one day came to know á each other. i was found by mercy red-haded when i was with maria.,[5],0.6124
"i had a girlfriend in the same class i was. i did not do well in á my exams, but she did satisfactorily well and was taken into á another class leaving me behind.",[6],0.6851
our headmaster came to our hostel. the lights were off but there á was a lot of noise. we shouted at him when he knocked at our á door. we later saw that it was the headmaster.,[7],0.0
this happened when i was selected to go to secondary school to á start form i in october 1980.,[1],0.0
as i was taking venous blood from another patient i introduced á air into the place of puncturing and there was a swelling which á is dangerous to the patient hence i became afraid.,[2],-0.4767
my lovely girlfriend double-crossed me and so that i found her á chatting with another guy.,[3],0.5859
i really became sad when mother passed away while i was very á young.,[4],-0.5233
i was disgusted when my brother was arrested because of stealing á money.,[5],-0.8807
i was ashamed when my classmates discovered that i fell in love á with an uneducated girl.,[6],0.2732
i felt guilty when i lost k43 for my friend when he was arrested.,[7],-0.6124
i felt joy when i passed my malawi school certificate of á education.,[1],0.5859
when i had crossed lilongwe forest i heard that there was a rabid á hyena just near the path in the forest.,[2],0.0
i was angry when i heard that my only girl was going about with á another man. so i decided to drop her but later the story came to á be untrue.,[3],-0.4019
when i was not selected to go to the university of malawi i felt á very sad.,[4],-0.5256
when i was presumed to have stolen maize from the school garden.,[5],-0.4939
i once proposed my own niece whom i did not know but i discovered á after she was my girlfriend.,[6],0.0
"a certain colleague of mine sent me to buy a bag of flour for him, á he gave me k20. unfortunately i lost it.",[7],-0.3818
when i married my wife and took her home for the first time.,[1],0.0
when my friend was involved in a car accident.,[2],0.0258
when i was charmed by my relatives.,[3],0.4588
when my mother died in august 1978.,[4],-0.5574
when i entered the wound intensive care at the central hospital á in blantyre which was stinking.,[5],-0.0516
when i first failed my standard 8 exams for the first attempt for á form i selection.,[6],-0.5106
when i had beaten my auntie.,[7],-0.4215
my friend took me to civo stadium to watch and listen to the á music of the international singer sam mangwana. i had no hope of á going there since i had no money so he gave me the money for á admission.,[1],-0.1043
i had fear when i was left alone at the bus depot at night. i had á problems of how to move to this place.,[2],-0.7845
i felt angry when i heard that my sister had failed the á examinations which we hoped she was going to pass with á distinctions.,[3],-0.6124
i felt sad when i heard that my girlfriend was double-crossing me á with the boy who is my best friend.,[4],0.6486
i felt disgust when i saw a friend walking in stagnant water á without putting on gum boots.,[5],-0.1779
i experienced shame when i failed to keep a promise to meet my á friend at the bus depot. he later came and asked me why i had not á turned up.,[6],-0.2263
i felt guilty of revealing a secret to my in-law. i told her that á my brother and i had gone to disconight which is a thing my á brother didn't want to let her know. later my brother was accused á of spending a night out.,[7],-0.6395
the joy came when i first proposed a girl at secondary school.,[1],0.5859
as i was in a ward one man died and i was instructed to watch the á last offices. but this was my first time to see a dead person - á fear came.,[2],-0.9267
i was very angry when i heard that my brother was beaten by his á friends.á,[3],-0.7501
i was very sad when i heard about the death of my teacher who á taught me in standard 8.,[4],-0.807
i was disgusted to see a person vomitting and i was told to clean á the place where the vomit was.,[5],-0.1779
i was ashamed when a certain friend of mine i used to move with á failed to propose to a lady yet we always said to ourselves no á lady can refuse our proposal.,[6],-0.6705
"i felt guilty when one of my secondary teacher left me while i á was in form three, he was the only one who showed love to me.",[7],0.34
"my sister gave birth to twins, healthy ones.",[1],0.4019
i was looking after my father's sheen in the forest. one day á while playing with friends from neighbouring villages the flock á escaped me and went into a far place. it became dark and i was á afraid of father. i went home and hid myself.,[2],0.5423
i planned to travel a distance of 20 kilometres on my bike. i á planned this when i was working in the hospital. when i went to á the house i found that a friend had taken my bike without my á consent.,[3],0.3682
it was in the evening when i heard that my girl went to zambia á and that she would never come back.,[4],0.0
a sister broke a cup and when mother asked i was reported to have á been responsible.,[5],-0.128
"one day mother slaughtered a chicken for a brother who had come á back for holiday. in everybody's absence i opened the foodstore á and ate all internal organs of the chicken. when mother á discovered, we were all called and i was found with hands stained á with soup. i was ashamed being the eldest of all in the family.",[6],-0.1027
this emotion happened when i passed my primary school examination á and was selected for secondary school.,[1],0.0
at primary school i was accused by some boys of being in love á with a certain girl in their class so they had to shout and beat á the girl and the matter was reported to the headmaster.,[2],0.6369
i was very angry when one day i went to see my girlfriend i á talked to her and could not answer back. she was depressed for á reasons which were not known to me.,[3],-0.7841
i was very sad when i was shouted at by uncle and was told that i á was not to be given school fees because i didn't go to work in á the garden since i had gone to escort my sister to the bus depot.,[4],-0.5256
"i was disgusted when i was told to dress a big rotten stinky á wound which, coming closer, made me feel like vomitting.",[5],-0.7717
i was ashamed one day when we were found stealing and roasting á maize cobs from agricultural experimental projects.,[6],-0.7783
i felt guilty when the truth was known about my impregnating the á girl we were staying with.,[7],-0.128
it was august 30th when i heard on the radio that i passed my á m.c.e. exams and i was really happy and joyous because of the á event.,[1],0.854
i was walking alone along the place where people fear that there á are always thieves there and the people who kill their friends á during the night two months ago.,[2],-0.8779
i once was accused of falling in love with someone's girlfriend á which was not true because the girl was just a friend of mine.,[3],0.5053
it was when i failed standard 8 exams while all my friends á passed and went to secondary school. in class i was always á getting more marks than they did.,[4],-0.0516
"my first day to work in hospital, when i was dressing wounds i á was disgusted when i came across one wound with a very bad smell.",[5],-0.8016
"one day i was with my girlfriend and other friends were behind á us, i fell down because the place was slippery and i really felt á ashamed.",[6],-0.0679
i felt guilty one day when i was accused of running away from á classes and i was caught.,[7],-0.6124
it was when i was allowed to take my wife away from her parents á after being refused for three times on grounds that she should á first write her examination.,[1],-0.296
when two hyenas made crying noise on the window of my bedroom at á home when i was preparing for my mce examination during the á night.,[2],-0.4767
it was when my instructor awoke me late at night to get prepared á for the training at military college when he was coming back from á his personal social activities.,[3],0.2263
i slept in a tent at the barracks which caught fire at night and á my best possessions got burnt in there.,[4],0.4215
it was when my father beat my mother while she was ill for three á weeks and now she was recovering.,[5],-0.4215
when parents of a certain girl refused to let me marry their á daughter because i was not fit to do so yet the girl accepted á everything and later she followed what her parents insisted and á she told me never to talk to her again.,[6],-0.0284
the time i was at secondary school during the holiday i appeared á to my father while heavily drunk and i talked nonsense like in á some sort of carefree.,[7],0.3626
this came in when at one time i met a girl who i didn't expect to á fall in love with me. fortunately i tried my luck and she accepted á my proposal. at the same time she was giving me a lot of money á which was just like a miracle to me.,[1],0.9517
when i was travelling at night.,[2],0.0
"i experienced this when one of my friends reported to the á headmaster that i had gone out for beer, whilst the information á was not true at all. so i had to fight the friend before the á headmaster.",[3],0.3331
when i was at school.,[4],0.0
one of those days when i was going to school with my brother and á he annoyed me.,[5],-0.3818
this was when one of the clinical officers scolded us in the á hospital on how to make beds but we did not deserve to be á scolded.,[6],0.0
"that was soon after the results of the interview which nearly á 9,000 people attended in all the three regions of malawi. my joy á came after hearing on the radio that i was one of the people á selected to undergo the medical assistant training at the á l.s.h.s.",[1],0.5859
fear came towards the end of may when the p.t.s. results were out á after hearing the failure of my fellow three friends.,[2],-0.5267
i was once this week angry when soemone trying to compress my á mind due to his nonsense speech which himself could not tolerate á at all.,[3],-0.7184
"this condition accumulated in my mind when funeral news was á brought to my awareness, that a close relative had passed away.",[4],-0.3612
a condition in which i was disgusted followed when i lost money á on my way home from the college.,[5],-0.6908
i was very ashamed when i was neglected by a certain friend whom á i was thinking loved me very much.,[6],0.3415
"i once felt guilty when a certain passenger in the same (ship, á plane ?) which i boarded when coming from home lost his 10t which á in fact fell into my pocket unknowingly.",[7],-0.4588
it was when i was selected to go to a secondary school to start á form i.,[1],0.0
it was when i stepped on a python (snake) unknowingly while it á was sleeping near a baobab tree.,[2],0.0
it was when my friend had stolen my money (k10) and had á disappeared.,[3],-0.2263
it was when my father was taken into detention by the cids for á two years for a reason i don't know up to now.,[4],-0.3612
it was when i drunk urine during my childhood thinking it was á water. my friend had urinated in the tin.,[5],0.2023
it was when my father caught me with a girl in dark corners and á asked me what i was doing there.,[6],0.0
it was when i injured a friend accidentally with a stone. it made á a cut on the cheeks which resulted in suturing.,[7],-0.4588
time had struck 8 o'clock when i heard from the radio that i had á been selected to robert blake secondary school for form i. i was á very happy for the selection. my parents and i were very happy á and full of joy.,[1],0.8953
"my brother had bowel obstruction, having heard that he was going á for surgery, i was afraid he might not come back to life after á hearing of the general anaesthesia.",[2],0.0
i felt very angry after one driver had run over my beloved niece.,[3],-0.0754
"i was away to school (primary). in my abscence my young brother á at home got sick suddenly. my parents took him to hospital. on á the way he died. it came to me as a sad, sudden and shocking á news and i felt very sad.",[4],-0.9441
i felt disgusted when i went to one of the central hospitals á where my hope of getting good treatment was turned down by one of á the doctors who said i was alright despite my feeling pain.,[5],0.6939
"i was in my room, i just heard that my uncle had been caught in á somebody's house with somebody's wife. he had to appear in court. á i went to see what would happen to him.",[6],0.0
i felt guilty after hearing that my girlfriend with whom i had á spent most of my time was pregnant.,[7],-0.4215
when i heard that i had passed primary school leaving certificate á and was selected to go for secondary education.,[1],0.0
when i heard that there is teasing and bulling at secondary á school.,[2],-0.0772
when i heard that i was not to be provided with another pair of á medical uniform.,[3],0.0
when i heard that my father had passed away.,[4],0.0
when i vomitted a lump of blood.,[5],0.0
when a certain girl i believed to be my life partner refused an á engagement.,[6],0.4404
when i didn't notify someone that he was summoned by a headmaster á and as a result he ended being on a heavy punishment.,[7],-0.4939
i met my girlfriend on the way and she joyfully welcomed me on á the way home.,[1],0.7096
one time i set up my journey at night going to a certain bar. on á the way i met my friends and they told me that two people had á died because of heavy fighting. i proceeded on but with fear.,[2],-0.6956
"an incident occurred to me when i was going home with my á girlfriend. on the way, a man named banda grabbed my girlfriend á in my presence. i was really angry with him and as a result i á threw stones at him and he ran away.",[3],-0.5563
when i found my baby whipped by my auntie. i was really sad and á up to this moment my sadness is still on.,[4],-0.7425
i was really disgusted when i saw one of my friends soiling on á his clothes. i thought he was mad.,[5],-0.5849
one day i went for a bath. i took off my clothes and as soon as i á had finished my brother came in. i felt sad and i found no reason á why he came in.,[6],-0.6486
one day i took a packet of sweets from a certain grocery at á nathenje. then later on i started to feel guilty and realised á that i had done a wrong thing to him.,[7],-0.1531
i felt happy when i saw my brother at the bus depot after 3 á months without seing each other.,[1],0.5719
"when we were going to nkhoma last saturday the vehicle was moving á very fast, so i feared we might crash since the road was too á rough.",[2],-0.7334
when they put the blame on me when i scored the third goal at the á match.,[3],-0.34
"i felt very sad when i lost my three kwacha at civo stadium when á sam mangwana was playing some rumba records. that was not what i á expected, i wanted some disco records.",[4],-0.5984
in ward 2a there was a patient suffering from syphilitic á paraplegia and had pressure sores. the wounds had offensive smell á that only a few people ... the place.,[5],-0.8074
it was when we were beaten or lost the football match by 5-1 and á then i scored the third goal to my own side.,[6],-0.6249
when i scored the third goal to my own side at a football match á against william murray secondary school and we were badly á defeated.,[7],-0.7351
on december the 28th i was filled with joy when i was told by my á bosses that i had been selected to attend a course at the á lilongwe school for health scienced in lilongwe.,[1],0.5859
it was last week on saturday night when i was at mchesi. i feared á to cross the lilongwe river bridge to come back to school due to á darkness - until somebody had to escort me.,[2],-0.6369
"it was at malawi army, dormer squadron, when some of my workmates á got promoted to seargents (sgts); we were having similar á ranks.",[3],0.4215
"it was mid may 1985, when we had a test on nursing. my classmate á had an answer sheet, so he tried to peep. the nursing tutor á caught him. during this time i was turning my question paper and á it made noise. this friend blamed me of causing the whole matter á for him to be caught.",[4],0.1901
in may somebody blamed me that i made him to be caught while á peeping during the nursing test which made me feel disgusted.,[5],-0.7579
"in our class we had a test on nursing, so a friend from the army á was caught peeping, by using a paper which had already answers á which was written by him. so all of us from the army got ashamed.",[6],0.0972
it was on january 1st 1985 when i accidentally broke a fanta á bottle in a certain bottle store in zomba.,[7],-0.4767
i felt joy when i heard over the radio that i had been successful á in my primary school leaving certificate examination and was á selected for secondary school.,[1],0.8225
one day i was busy day dreaming along the road and suddenly i á heard the sound of jamming car braked behind me. i woke up from á my dreams and it was about to crash me.,[2],0.0
"when i was doing my last year at secondary school i was robbed of á my clothes, wristwatch and my pair of shoes. after investigations á it was found that all the things were stolen by one of the boys á in our hostel.",[3],-0.4939
it was on 9th january 1983 when i received a message from home á telling me that my father passed away on the previous day with a á history of cancer of the oesophagus. this time i was doing my á third year of my secondary school.,[4],-0.6597
i was stopped from entering a party while i was at school but i á had an invitation card with me. this was done because they said i á was too young to join elderly people.,[5],0.4939
in 1972 i failed my examination because of my own crooky á behaviour of dodging from examinations.,[6],-0.5719
"a child was admitted in hospital with meningitis. i was asked to á do lumber puncture to obtain celebral spinal fluid for diagnostic á purposes. since the condition was already bad, the child died as á soon as i finished the procedure.",[7],-0.7717
when i had an anticipatory honey-moon with my fiancte.,[1],0.0
when it was found that i had gone out of the school premises á without permisssion and at the wrong time.,[2],-0.4767
when a classmate hit me on my occipital region when i was busy á studying and concentrating on my classnotes.,[3],0.0
when somebody made me touch human faeces.,[5],0.0
soiled my short trousers with faeces.,[6],0.0
when a crawling child got burnt because of my negligence to keep á the child away from the fire.,[7],-0.34
when i heard my name being announced on the radio that i had been á successful in an interview for admittance for a medical assistant á training course. i was really happy and i enjoyed myself by á dancing to music from the radio cassette.,[1],0.902
one time i was injured when i was playing football at school in á blantyre. i was brought to the hospital while my leg was totally á swollen. the x-rays confirmed there was no fracture but á collection of blood n the muscles. i feared when they started to á incise the swollen part with surgical blade.,[2],-0.7469
one day i was really angry when all my food was eaten by a dog. á my anger was against my mother because she was careless. she á didn't keep the food in a hidden and proper place.,[3],-0.8687
one day i came across a certain boy who was intruding my á friendship as lovers with my girlfriend and i was very sad á because i didn't expect that girl to disappoint me i regarded her á as being very faithful.,[4],0.6705
one time at the hospital i passed near the intensive care room. á the offensive smell that came out disgusted me in such a way that á i didn't even dare to enter the room.,[5],-0.4939
at one occasion i was ashamed of being refused after a proposal á for a friendship with a certain girl. i was ashamed because she á refused publically in the presence of my fellow friends.,[6],-0.3612
i once stole my father's money and denied having done it. instead á father threatened my young brother and he was beaten. he was á innocent and i felt guilty.,[7],-0.8442
when i was selected to start form i at chilumba secondary school á out of the 100 pupils i was among the 4 who were successful. á family history showed that i had done better than all my brothers á who had passed after repeating for several times.,[1],0.7717
we went fishing some 5 or 8 kilometers off the shore of lake á malawi. before we could settle down the lake became very rough to á the point of threatening our lives.,[2],-0.5267
"i was angered by a classmate who poured soup on to my clothes. he á was trying to use a short-cut method in getting his supper. á coming behind my back, he wasn't noticed by me and as i was á retreating from a hungry congested people i knocked his plate á with my head. he didn't accept being wrong but blamed me for á pouring his soup.",[3],-0.7282
i was sad when my mce grades were out. i had gone for a football á match a mile away from home. the mail found me there. i was á disappointed and didn't play the other half of the match.,[4],-0.804
i was dancing malipenga (traditional dance). i exaggerated the á steps i was supposed to make in the negative way. this happened in á front of spectators. it was bad for our boma (group) because i á was on the front line where ability is displayed and it is this á ability that counts when choosing the winning side.,[5],-0.1531
news was spread that i had been found doing sexual intercourse á with a small girl. at first this annoyed me but later on i became á ashamed because many people seemed to believe it.,[6],-0.7311
"i argued with my father on matters concerning marriage. á traditionally speaking, i was not supposed to, so i felt guilty á of violating my traditions which i must hold in esteem.",[7],-0.8387
i passed my mce examination. at first i was worried but when i á heard my name i had joy in my heart and i arranged for a trip to á attend a wedding ceremony.,[1],0.9081
i was studying in class at night. i was in form ii by then. there á were rumours about an earthquake. that night dogs were chasing á one another and passed through the window outside the classroom. á those who saw the dogs thought it was a lion and were terrified. á trying to run away the desks were dragged and there was a shaking á movement. i thought it was an earthquake and jumped out of the á window.,[2],-0.7096
someone told a lie that i had stolen his money.,[3],-0.4939
my uncle was beaten by his troublesome son. he fell unconscious á and gained consciousness after some time. that time i was at á school; this news reached me through someone.,[4],-0.4767
"i felt disgust when i received visitors at an odd hour. i was á seriously preparing for examinations, so i did not appreciate á their coming.",[5],-0.8465
i answered a certain question from dr. maqgda wrongly. she asked á something about femur and my answer was saying something á concerning the brain. so i was very ashamed amongst my friends.,[6],0.204
i wrote a bad letter to someone concerning our relationship which á we created ourselves.,[7],-0.3612
i met a certain lady at mchesi and i proposed a word of love to á her and at the same time she accepted my proposal.,[1],0.8126
my father gave me money for school fees and i didn't pay school á fees instead i spent it on beer and did not tell him about this.,[2],0.0762
there was a cup final match between limbe leaf wanderers and á silver strikers and someone promised to give me some money for á admission fee to watch this game. unfortunately he did not give á me.,[3],-0.128
i had received bad news informing me that grandmother and á grandfather had passed away. the first one to die was my á grandmother and after two days grandfather died too.,[4],-0.9001
"it happened that one of my best friends just took my shirt á without my knowledge, i hadn't put it on for many days and i was á short of clothes.",[5],0.8074
"i had high-heeled shoes one time, but a certain girl who saw the á shoes told me that they were out of fashion and i looked as an á old man when i was in those shoes.",[6],0.3919
i happened to have met one of my teachers in town during working á hours. the badness was i didn't ask for permission to go out and á i was guilty-conscious.,[7],0.0
passing a very difficult examination which i didn't expect - mce.,[1],-0.4201
as we were going to area 10 a dog chased me. i was afraid it á might bite me.,[2],0.0
brother took my money to use for his own purposes.,[3],0.0
"after hearing the news about the death of my sister, i felt very á sad.",[4],-0.8062
"after buying a ticket, i lost it before i reached my destination á and the bus inspector dropped me at a place i didn't know.",[5],-0.2263
i was very much ashamed after a friend beat me at school and i á was defeated.,[6],-0.507
i hit my cousin badly after she threw away my dresses in a á pit-latrine that the little girl fainted.,[7],-0.4767
when i was selected to a university college of nursing.,[1],0.0
"when one of my relatives went out at night leaving me and my á friend alone, i cheated my parents that she didn't go out, after á they had heard that she was out, i was afraid that she might have á beaten me.",[2],-0.5994
when someone took my writing materials yet i was to write á examinations in a few minutes.,[3],0.0
when i failed my standard 8 examination for the first time.,[4],-0.5106
when a boy whom i refused to be my lover told all his friends á that i was his girl he has refused me because i was not faithful á to him.,[5],0.2718
"when someone pointed out that i was proud, yet i didn't dress up á properly. this was when i and my friend went for a dnce one á saturday.",[6],0.743
after i had cheated my parents that i had lost my textbooks so á they had to send me money.,[7],-0.6808
i felt joy when i heard my name being called on the radio as one á of the students who had passed the interview of nursing and was á selected to start nursing.,[1],0.5859
i felt fear when one night my aunt and uncle left me alone at á their house to look after the baby when they went to a party.,[2],-0.3612
i felt angry at one time when i was chatting with friends and á suddenly another friend joined us and started opposing any á comment i added to our chatting.,[3],0.4588
i felt sad when a thief stole all the clothes from my friend's á cupboard at school (boarding).,[4],-0.7579
i felt disgusted when i was not given money for lunch at school á by my father as a punishment for beating my little brother.,[5],-0.8625
i felt shame when i was asked by my cousin that i promised to buy á her a birthday present but i didn't buy it for her in front of á friends.,[6],0.5927
i felt guilt when my friends were punished to slash grass at the á gound because of making noise in class. i was in the group of á noise-makers but i denied having done any noise.,[7],-0.7096
when i passed my msce exams and was selected to go to college.,[1],0.0
i was with my boyfriend forgetting that i had left the house á unlocked. unfortunatly a thief came and stole all the kitchen á utensils. thereafter i was afraid of the consequences.,[2],-0.5267
"my best friend started moving out with my boyfriend. when i heard á this my heart sank because i didn't expect that my own good á friend could do such a thing, so i got angry.",[3],0.9341
i was sad when i heard that my cousin died because of being á bewitched by her husband's second wife.,[4],-0.7717
my friend promised to take me out for a movie but he didn't turn á up.,[5],0.431
i met a woman who was looking for our house. she stopped me but i á ran away. when i arrived at home i found the same woman and she á told my parents what had happened so i felt ashamed.,[6],-0.718
i went to my boyfrien's house. there i found clothes of a certain á girl. without asking whose clothes they were i started tearing á them only to realise that they were his sister's and so i felt á guilty.,[7],-0.1779
when i was selected to come here.,[1],0.0
somebody told her friend that she would hit me wherever we would á meet.,[2],0.4939
this was when my boyfriend told me that i was double-crossing him á with a certain boy.,[3],0.2732
when i heard that my friend had started drinking beer.,[4],0.4939
i went to a party and there were some cakes which weren't good á and had a bad smell.,[5],-0.4949
one day i was supposed to go to a movie with my boyfriend. in the á morning i went to see my auntie and i didn't come back up to á evening.,[6],0.0
"i slapped my sister's daughter and after several hours, she had a á high temperature and she ended up being admitted in hospital.",[7],0.1027
when the church choir came one sunday after being away for some á weeks.,[1],0.0
when i came home late one day. i was afraid i would be shouted at á by my parents.,[2],0.0
when a little brother of mine damaged a cassette.,[3],-0.4404
"i was watching t.v with my parents and some pornographic scenes á came on, i felt uncomfortable and tried to distract my parents á attention by talking to them.",[4],-0.5859
when i decided not to out any longer with a girl whom i liked á quite a lot. this made me feel low for a some time.,[6],0.1779
[ no description.],[7],-0.296
when i had my first boyfriend.,[1],0.0
"i and my cousin went to a filmshow at night. we went without á making it known to my mother. while we were there at interval, i á came across my mother just close to where we sat.",[2],0.0
"during the xmas holiday, i and my best friend at secondary school á had planned to meet at a cultural afternoon at the mt. soche á hotel after missing each other for such a long time. when i asked á my mother for permission, she told me not to go for no good á reason. i felt very angry with her.",[3],0.4406
when i was transferred from chichiri secondary school to st. á mary's sec. school. i was happy at chichiri as a day scholer and á had made a lot of friends. i was going to a boarding and that á meant parting with my friends as well as my boyfriend for the á first time.,[4],0.9001
i felt disgusted when my cousin decided that she would stop á going to school saying she wanted to get married. she was only 14 á years by then and she didn't understand what she was thinking.,[5],-0.6808
when i failed my primary school leaving examinations. i never á thought i would fail. when i heard i had failed i really felt á ashamed of myself.,[6],-0.9255
one time i felt guilty when i told one of my previous boyfriends á we were through just because i never felt like having one at that á particular time.,[7],-0.6007
i was filled with joy when i heard that i had been selected for a á university course.,[1],0.5859
"sometime back, my boyfriend and i were having a walk nearby my á parent's house. suddenly we met my grandfather and i was á afraid that he would report to my parents.",[2],0.0
one day i was angry with my friend who went into my drawer and á took a piece of paper on which i wanted to write a letter and á used it for her business without my knowledge.,[3],-0.0258
it was shocking news to me when i received a telegram from home á telling me that my grandmother had passed away. i had to go home to attend á the funeral but unfortunately i found that the burial had already á taken place.,[4],-0.6908
"i was disgusted with my brother's behaviour when he kept throwing á things away because of his anger, after mum had shouted at him.",[5],-0.7964
i was ashamed with my biology lecturer when he asked me a á question and i could not answer it.,[6],-0.4767
one day i was chatting with children at home. then i took a lump á of soap and gave to one of them pretending that it was a sweet. i á thought the child would realise that it was not. unfortunately he á did not and he put it in his mouth.,[7],0.6636
"i wrote a difficult exam at one time while in my secodary school. á when the results were announced on the radio, i came second out á of 80 students hence i felt joy.",[1],0.3182
when the week for exams came. i got afraid as to how i would á tackle the questions.,[2],0.0
last week a friend of mine called on me and said i was moody and á difficult to persuade. with this i got angry with her.,[3],-0.6249
i experienced this emotion when my grandfather passed away.,[4],0.0
"in my village there was this tax collector who used to cheat á people and collected more than was wanted, the surplus was for á his family and himself.",[5],-0.4588
i felt ashamed when my lecturer said in class that i á happened to be the dullest of all.,[6],-0.7003
i felt guilty when i was found to be the chief leader of making á noise in class.,[7],-0.4215
when i received a beautiful birthday gift form my parents.,[1],0.7783
when i was called for an interview at kamuzu college of nursing.,[2],0.0
when i damaged my wristwatch which i liked very much.,[3],-0.0258
when my cousin passed away.,[4],0.0
when my fellow classmates were involved in a quarrel.,[5],0.0
when i failed psychology examination when most of the students á passed.,[6],-0.5106
when i promised to visit my boyfriend and i didn't fulfil the á promise.,[7],0.5859
"i had stayed for months without seeing mother because our á holidays were short and my home is far. some times, mother came to á see me at school, i was very joyful, and i didn't want her to go.",[1],0.763
"one day during our clinical practices, we had a very ill patient. á unfortunately the patient passed away. i had seen him dying and á it was the first experience. during the night i became afraid á fearing the dead body.",[2],-0.9259
it was during the beginning of the term. i had k100 and kept it á in my handbag. i left the handbag in the wardrobe but didn't á lock it. next time i found that k30 were stolen.,[3],-0.6486
my best friend had failed exams. she had to leave and so we got á separated.,[4],0.5994
i felt disgusted when my appointment to meet the e.n.t. á specialist had been turned down. the specialist came from u.k. á and went the same day and we do not have one.,[5],-0.5267
i had been telling lies and people discovered instantly that i á was telling lies. i felt very shameful and i felt like á disappearing from people.,[6],-0.7645
i had spent the weekend visiting relatives and friends and didn't á study for anatomy class on monday.,[7],0.4767
i had an interview for entry into college. the results were to be á announced on radio. after a long period of waiting the results á were released. i had succeded - tension was relieved by joy.,[1],0.6249
"when i stepped on a snake at home, it was dark but there was á moonlight.",[2],0.0
i went to a fair where a guy who was drunk kept bothering me and á in the end i got really angry.,[3],-0.7425
when i heard that my uncle had passed away in a road traffic á accident.,[4],-0.4767
i went to a party with my boyfriend who got so drunk and started á vomiting. it was so disgusting.,[5],-0.6987
we were writing primary school leaving examinations when i had á fallen at the steps going into the exam room.,[6],-0.3612
i was keeping a friend's library book which went overdue. my á friend was charged for the delay in returning the book to the á library. i felt guilty when i realised i was responsible.,[7],-0.1027
i was given a gift by my sister. there were many pleasant things á in this parcel.,[1],0.7351
i was alone walking in a deserted part of the city and i had some á fear that some men would attack me and rob me.,[2],-0.8979
i wrote an exam and happened to have not done as well as i á thought i would. i was angry to myself for not having done so á well.,[3],-0.409
i lost my purse that had money in it. i was sad until i found it.,[4],-0.6597
i received a letter which was too strong for me. it said i had á done something which i really didn't do.,[5],0.5106
a friend of mine was shouting at me in a group of juniors.,[6],0.4939
before going to school i usually take something to eat right at á school and this time i took father's money without him knowing á it. i felt guilty and i returned the money.,[7],-0.4215
the day i was told that i had passed my malawi school leaving á exams and i was selected to go to college.,[1],0.0
when i was travelling home by bus and suddenly the bus hit and á the bus leaned against a wall.,[2],0.0
i was angry when someone stole a magazine which i had borrowed á from another friend and locked it in a drawer.,[3],-0.0258
when my best friend promised to come at my house and i had to á prepare so many expensive things for her but only to learn at á last that she would not turn up.,[4],0.6652
"i felt disgusted one day when, as we were eating, a child á defecated on the table side.",[5],-0.5267
i felt ashamed one day when my teacher shouted at me in the á presence of my boyfriend.,[6],-0.4767
i felt guilty one day when i stole a slice of bread in a á cafeteria.,[7],-0.4215
when i had passed mce examinations.,[1],0.0
i was afraid when my boyfriend came home because my parents á disapproved him of his coming home. i thought they would chase me á out of the house.,[2],0.0
i was angry when my friends said that i should not receive á nursing science books because there was a rumour that i was á intending to leave the college.,[3],-0.1027
when i was a child i broke plates because i wasn't given food on á the grounds of coming home late.,[5],-0.4215
i was ashamed of being laughed at by my colleagues when i failed á to answer a question in the classroom.,[6],-0.5267
i felt guilty after stealing a cookery book from my colleagues.,[7],-0.7579
i was filled with joy when i heard that i had been selected to á come here at kamuzu college of nursing.,[1],0.5859
i was afraid to walk through the forest one day when i dropped á off the bus around 6.30 pm.,[2],0.0
i was angry when somebody stole my half petticoat.,[3],-0.5106
i felt sad when my father was sick.,[4],-0.7506
i felt disgusted when somebody told me that my previous boyfriend á was her boyfriend.,[5],-0.5267
i was ashamed when my boyfriend went to sit with another girl á when he invited me to come to watch drama festival.,[6],0.0258
i felt guilt to have come back from home without seeing my father. á when i went home he was at work.,[7],-0.2732
the time i learnt that i had passed my malawi school leaving á certificate examinations.,[1],0.0
afraid of a dead body.,[2],-0.6486
a tailor ran away with my skirt.,[3],0.0
cooks refused to give me food.,[4],-0.296
"i saw a septic, smelling wound.",[5],0.0
i was ashamed when i was being introduced to the church á congregation.,[6],-0.4767
i cheated my boyfriend.,[7],-0.5106
a boy i had been admiring so much asked me to go out with him.,[1],0.3818
i was playing with friends then i decided to splash some sand á into a car which was moving nearby. the driver got angry and came á to report to my parents.,[2],0.1531
sometime back another girl who was in terms with my ex-boyfriend á came to shout at me at twelve midnight. it was because she á thought i was still interested in the boy.,[3],0.4019
"in may 18th, 1984 my boyfriend went to the u.s.a. in december i á was told he passed away. he had cancer of the oesophagus.",[4],-0.6597
one day i was walking with my boyfriend. we met my ex-boyfriend á and out of jealousy he started calling me names.,[5],-0.3182
my father who is very quiet discovered i was going out with a á coloured boy. he called me names and was really upset.,[6],-0.4391
i was at a boarding school during my primary school days. i was á broken so i pretended i was very sick. my father came and he á picked me up. he spent a lot of money on medical expenses which á all proved to be negative.,[7],-0.8858
"when i passed standard 8 exams i jumped, rolled over the ground.",[1],0.0
"i felt so afraid when dad fell ill, he had never suffered from á that disease since and i had never seen him as he was.",[2],-0.0444
i was furious when the teacher pointed out in class that i á was the quietest girl in class.,[3],-0.5719
it was extremely sad to me when i heard that a patient who i was á taking care of in hospital had passed away. he had some abdominal á pains.,[4],-0.4576
"i felt this situation when a certain woman from a close village á shouted at my mother because she didn't get what she wanted, she á wanted some salt to put in her relish.",[5],0.2732
i was ashamed when i got the lowest result (mark) in class. all á the same i didn't worry too much because i knew i would have got á much better if i had read enough.,[6],-0.1012
at one time while at primary school i lost a pencil case of a á friend and i didn't mention it to her until after a fortnight.,[7],0.2263
the time i first saw my cousin who is living in tanzania.,[1],0.0
i failed my nutrition paper which was the paper ending the á course.,[6],-0.5106
when a patient in the ward died (one who had been under my care). á i felt as if i didn't give the appropriate care to the patient.,[7],0.4215
i was filled with joy when i heard that i had passed my secondary á school leaving certificate exam.,[1],0.5859
i was afraid when my mother left me alone to live in our house á for one month.,[2],-0.25
i was angry when my boyfriend did not turn up as promised.,[3],-0.2023
i was very sad when i heard that my uncle had passed away á untimely at home.,[4],-0.5256
one day my friend told me that she had heard that i was moving á about with her boyfriend. i was disgusted with the news.,[5],-0.0516
i was walking one day and i met a man who wanted to ask me about á my brother but i didn't stop to hear what he was saying. i was á ashamed when i found him at home and he told my brother what had á happened.,[6],-0.4249
i felt guilty when i tore a photograph i found at my boyfriend's á place only to realise that it was his sister who was on the á photograph.,[7],-0.4215
when my boyfriend came form rumphi to lilongwe for a visit i was á very happy to see him and couldn't believe it was him with me.,[1],0.6115
"when i dream of anything terrifying i used to have fear for the á rest of the day that the dream might come true e.g., being beaten á (or eaten ?) by a snake.",[2],-0.5994
i had been in love with a certain young man who pretended to love á me but one day i found out that he had another girlfriend who was á also a friend of mine.,[3],0.8765
i wrote a letter to my boyfriend but he couldn't answer it in á time so as a defence mechanism i just found that i felt so sad á about it and couldn't talk to anyone.,[4],-0.6696
"once i offended a friend, instead of her coming to me to ask and á discuss the matter she was just telling other people about it and á say all she could about me.",[5],0.3182
i was once chatting with friends. then some boys came and joined á us. these boys took all my 3 friends away and i was left alone in á shame without knowing where to go from there.,[6],0.2732
one day i found an incontinent man in the ward. this patient had a á guardian who couldn't give him a bath. so i just left him like that á but felt guilty until i went back to give him a bath.,[7],-0.4497
when i heard that i had passed my end of first year exams and i á was ready to enter 2nd year because i felt i had failed as they were á very hard.,[1],-0.3597
i broke a window of a neighbouring house and i feared my mother's á judgement and action on what i had done.,[2],-0.7184
the headmistress at a secondary school accused me of banging the á classroom door when i didn't in front of the whole class.,[3],-0.296
i received a message that my elder brother was involved in a car á accident and was admitted in hospital.,[4],-0.4019
"the carterer refused to give me sugar to add to my tea saying á that there was no sugar whilst it was there, so i left the cafe á disgusted without taking the tea.",[5],-0.7783
i insulted my friend for a small reason and after time i realised á that i was wrong and felt ashamed; everytime i meet her i feel á ashamed.,[6],-0.8555
"my patient died of anaemia while i was organising blood á transfusion for him, so i felt guilty, because i thought that may á be i was slow.",[7],-0.7693
when i was selected to start form i at malosa secondary school.,[1],0.0
when a thief entered the house in which i was sleeping.,[2],-0.5267
when my dress was stolen.,[3],-0.4939
when my grandmother died after a long illness.,[4],-0.743
when i boarded yanu yanu bus i sat near a man who was smoking á tobacco.,[5],0.0
when i refused to fetch water for my aunty while she was busy.,[6],-0.296
when i hit my young sister without a valid reason.,[7],0.0
i was very joyful when i heard that i had passed the standard 8 á exams. the day i heard the news was the day i celebrated my á birthday.,[1],0.8357
i was in the house at night and i heard a hyena crying outside. á it cried for almost an hour and i feared it might break the á window and enter inside the house.,[2],-0.836
i was angry at the cafeteria when the cook scolded and said many á bad things about me without reason. he thought i was among the á girls who did him wrong.,[3],-0.872
i was very sad when i heard that my auntie had passed away.,[4],-0.5256
i was disgusted the other day i was told to take off the dog's á faeces around the house since they smelled bad i did the job but á in the end i felt disgusted.,[5],-0.8422
i was very ashamed when i failed a test in standard 7. the á teacher told the other students to shout and laugh at me.,[6],-0.4754
i felt guilty because i stole some sweets from my father's á grocery. when he asked me who stole the sweets i told him it was á my brother who stole the sweets and he was scolded.,[7],0.7783
"when i heard that i had passed my mce exam, i spent the whole á day dancing and eating sugarcanes from our garden.",[1],0.0
when i heard that my father had found a letter from my boyfriend á and he was calling me to talk about it.,[2],0.0
when a certain boy went about saying that i am his girlfriend. i á wrote him an insulting letter to him and called him names.,[3],-0.2732
when i heard that my father had passed away. i could not eat for á a week and was only crying. i could not find the courage to go to á bath.,[4],-0.6935
when a boy i hated most in our classroom took my t jersey from my á desk and put it on.,[5],-0.6369
when i wet my head (or bed ?) one day my sister discovered it and reported á it to the other siblings. so my mother had to scold me.,[6],-0.4019
when i insulted my young sister for a very little misconduct of á putting on my shoes. she wrote me an apology letter and the á message she included made me feel guilty.,[7],-0.7096
it was in 1983 september when mce results were being announced on á the radio. when i heard my name that i had done well i just kept á quiet. i was so happy that i couldn't even talk.,[1],0.7809
i was on my way home when suddenly gule wamkulu came from the á bush and blocked the road. i was in fear and didn't know what to á do.,[2],-0.6486
"a certain man went to my parents and told them that i was married á here, when i am here at school. when i went home for holidays my á parents asked me about it and i was angry with that man.",[3],0.1027
when i went home on holidays i found that my niece and nephew had á passed away i was very sad for the children were not even sick á before death but suddenly died.,[4],-0.7843
i met a certain lady at the bus depot who was using a bad á language but was a very smart looking lady.,[5],0.5089
i wore a dirty dress a certain day i was going to town i met an á old friend who made a comment about my dress so i felt ashamed.,[6],-0.2415
one day i shouted at my brother who didn't do any wrong to me á only that i had a disappointment from a friend and projected it á on to him. he cried and i felt guilty after sometime.,[7],-0.449
"i was joyful when i received a present (2 books and a pencil) á from the headmaster in standard 6 because i had passed, i became á no 1 and he said i was one of the pupils who had good behaviour.",[1],0.6808
"i went to the prayer meeting at night and unfortunately the car á broke down, so my other sister said i had to walk alone from á ndirande to chirimba at around midnight. so we reached home at á 1 am. i was afraid of robbers and dardness.",[2],-0.6728
"i was angry the other day because the teacher told me to sweep á some orange peels. it was my friends who were supposed to sweep, á but the teacher told me to do it.",[3],-0.0258
i was very sad when i heard that my brother had failed the á standard 8 exams for the third time.,[4],-0.7713
i was very disgusted the first day i went to put a dead body in á the mortuary. there were many dead bodies and some were uncovered á so we had to put on top of the other bodies.,[5],-0.9099
i was really shameful when my mother beat me in the presence of á my friends because i didn't cook lunch up until 2 o'clock.,[6],-0.101
i felt guilty the other day because i took two pieces of bread á instead of one in the cafeteria and some of the girls were short á of bread.,[7],-0.4215
i was happy to hear that my sister had won a prize at running á competition.,[1],0.8934
i was afraid when i met my uncle because this time i was with my á boyfriend i thought i was not going to be given pocket money.,[2],0.0
i was angry when i had not been granted a leave out pass during á the last weekend.,[3],-0.6416
i was sad to hear that my brother had a motorbike accident.,[4],-0.7351
i was disgusted when my little sister had been hit badly by her á friends.,[5],-0.5267
i was ashamed to tell my mother that i fell down with a bicycle.,[6],-0.4767
i felt guilty when i had refused to lend money to my friend who á needed it immediately.,[7],-0.2023
when my brother bought me a nice pair of shoes from south africa.,[1],0.4215
"i was asked to join my friend in a boat at mangochi lake malawi á and when making a turn, it seemed as if the boat would sink on á the side.",[2],0.6597
somebody took my wristwatch and promised to have it mended and á later was telling me that he couldn't give it back to me because i was á rude at a certain time.,[3],0.1531
my boyfriend didn't turn up after promising that he was coming.,[4],0.4019
i was forced to go to a party with someone i didn't love and he á was telling people that i was his girlfriend.,[5],-0.5673
when a certain drunk man slapped my buttocks when i was quietly á standing waiting for a bus.,[6],-0.0772
i borrowed my friend's radio cassette and the plug cracked and á some pieces broke off when the plug dropped off my hands.,[7],-0.4215
after passing my malawi certificate of education exam and being á selected to kamuzu college of nursing.,[1],0.0
i was sleeping alone in the house at night. a boy putting on a á short only knocked at the window whispering that i should open á for him.,[2],-0.25
the patient whom i expected to get well suddenly passed away á after he showed had his meals.,[3],0.2732
i was told i shouldn't visit my sister because the holiday was á short.,[5],0.4019
i was the last among the list of failures in my class of biology.,[6],-0.4588
i was to prepare relish for the family. i overcooked it and no á one liked the meal that day.,[7],0.1531
the time when my sister had her first baby i was so happy and á joyous because she stayed for two days after marriage before she á had a child.,[1],0.8702
sometime back i used to stay with my mum alone then time came á when dad joined the family from his working place i found myself á having fear for him for no cause at all.,[2],-0.7506
i was so angry with a patient who refused to take drugs.,[3],-0.7537
when i heard of the death of a friend who had just finished her á training i felt very sad for she was young.,[4],-0.624
"when i saw a lady putting on a pair of trousers, i felt it was a á disguise according to malawi culture.",[5],-0.25
sometime back i was coming from the wards and lice were all over á my uniform since patient's blankets have a lot of lice. it á happened that my boyfriend picked some lice from my white uniform. á i was so ashamed.,[6],-0.6113
i used to have two boyfriends in the past. then one of them á wanted to get engaged to me. i agreed but was guilt-conscious for á disappointing the other one.,[7],-0.4404
i felt joyful when i heard that i had been selected for college á education.,[1],0.5994
"i was fearful when i realised that the relish was overcooked á simply because i was not keen enough at checking whether there á was still enough water in the relish or not, instead i was just á playing with my friends.",[2],-0.1053
i felt angry when my friend told me that i had stolen her money.,[3],-0.5106
i felt sad when i heard that my cousin had passed away just á suddenly.,[4],-0.4767
i felt disgust when i saw a drunkard vomiting very offensive á matter.,[5],-0.7801
i flet shameful when i learnt that i cooked nsima which was full á of lamps in it.,[6],-0.4939
i felt guilty when i learnt that some of friends found the á finished at the cafeteria because i took food which was more than á my share.,[7],0.3612
i received money from my father at a time when i was completely á broken.,[1],-0.5233
my friend had been telling me about a certain bird which when it á cries at night it's the sign that someone will die. so one night i á was alone in the house and i heard the cry of the bird and i was á afraid.,[2],-0.7506
one of my friends went and told another friend of mine that i was á going abut with another guy in lilongwe besides the one i had. á she said i was seen with him hand in hand.,[3],0.9136
i received a letter form home telling me that my sister was very sick.,[4],-0.5563
somebody went around spreading news that i like people with á money.,[5],0.3612
i fell off a bike in the presence of a lot of people.,[6],0.0
a person misinterpreted what i had told her. i had told her that á i had failed to insert a nasogastric tube but she went and á scolded the patient that she was being uncooperative.,[7],-0.4215
"i was selected to come here (university, college) when i was least á expecting it.",[1],0.0
i had fear of my father (parents) when i first became pregnant. i á was afraid of delivery itself and whether i would give birth to a á stiiborn or a baby.,[2],-0.4939
it was when i discovered that my boyfriend had another girl. i á discovered it through a letter he wrote to the girl when he was á away. when i asked him he accepted it.,[3],0.2732
my child passed away after a short illness when he was just á eleven months old. i was only told about his death without á knowing that he had been ill.,[4],-0.8555
"my father promised to send me pocket money at the month-end since á i wanted to buy a new pair of shoes when i was at secondary á school, but he didn't.",[5],0.1901
"i just opened the bathroom without knocking not knowing that á someone was bathing inside, it happened to be my father.",[6],0.0
i beat my young sister because she refused to wash plates. she á started crying and i felt sorry and guilty for what i did.,[7],-0.8126
accepted by the college football team.,[1],0.2732
fighting with class mates in highschool.,[2],-0.3612
made mistakes in exam.,[3],-0.3612
failing examn.,[4],-0.5106
given duty by the leaders which i do not like to do.,[5],-0.2755
did not finish homework.,[6],0.0
"make a mistake, offended my friend.",[7],-0.0516
article published in the college newspaper.,[1],0.0
walking on a dark street with noone around.,[2],0.0
my friend misunderstood me.,[3],0.2023
class leader told me to collect homework for him.,[5],0.0
did not read reference when other people read them.,[7],0.0
found money on the road and returned it to the owner through á police.,[1],0.0
before examination.,[2],0.0
listening to long speech of the party leaders wasting my time.,[3],0.0
my girl-friend left me.,[4],0.0
people not cueing in the college dining room.,[5],0.0
saw the film about eight nations army conquering beijing.,[6],0.0
"no ideal result in the university entrance examn, guilty to á family and friend.",[7],-0.3348
helping in the nursery school.,[1],0.296
telling my parents that i did not well in an examn.,[2],-0.2057
my bed sheet (present of my parents) damaged by roommate.,[3],-0.4404
not being accepted by classmates in university.,[4],-0.2057
"waiting for a bus not coming for a long time, and the bus drivers á were having a long lunch.",[5],0.0
not having good marks like other people for homeworks.,[6],0.0243
not handing in homeworks in time.,[7],0.0
got a present from my friend for my birthday.,[1],0.4939
"lost my purse, the money in the purse belonged to my parents.",[2],-0.3182
south korea winning more gold medals in the asian olympic (more á than china).,[3],0.5267
saw the village i come from still pay money to buy wife.,[4],-0.1027
saw my roommate messing up our room.,[5],0.0
found out that i am not good at football.,[6],-0.3412
gave the wrong meal tickets to other people (my classmate).,[7],-0.4767
"coming to this lecture and listen to you talking about feelings, á i am so happy that foreigners have the same feelings as chinese.",[1],0.6948
damaged the tap in the residental hall.,[2],-0.4404
"too many people in tv room, i was not able to get a seat to watch á tv.",[3],0.0
my sister marrying a bad man. he is cruel to her.,[4],-0.8074
saw my brother-in-law insulting my sister.,[5],-0.4939
my sister was afraid of her husband.,[6],0.0
i was not able to help my sister to understand that her husband á is a bad man before she was married to him.,[7],-0.6964
discussing psychology with my friends before the lecture.,[1],0.4767
waking up from a bad dream in a dark night with noone else á around.,[2],-0.3612
i could not find my monthly tickets for the bus when i was on the á bus.,[3],0.0
"two little children (5/6 years old) begging for money, and noone á gave them money.",[4],0.0
the serving lady in the students' dining hall shouting at á studennts.,[5],0.0
"sitting on the bus seats supposed for disabled people, children á and old people (by mistake)",[6],-0.34
passing by a good friend's home without coming in to visit him.,[7],0.4404
you told me psychology can help people to be happier.,[1],0.7269
left alone in the dining hall at night.,[2],-0.25
bus conductor insulted me for not buying a ticket (i forgot).,[3],-0.5106
saw a father beating up his small child.,[4],-0.4588
class leader getting me to do things he did not want to do.,[5],-0.0572
not quick enough to help the lectors to catty things for the á lecture.,[6],0.4019
my mother wrote me and said that i would not writ enough letters á home.,[7],0.0
my parents came to visit me.,[1],0.0
could not find my way out in the college building at night.,[2],0.0
saw in the tv south korea cheating in the asian olympic games.,[3],-0.5574
general ye jianying died.,[4],-0.5574
a girl i do not like kept coming to me and talking to me.,[5],-0.2755
made a misjudgement in a football match.,[7],0.0
my friend told me he really likes me.,[1],0.7425
getting lost in a strange place.,[2],-0.4767
south korea cheating for gold medals.,[3],-0.5574
"my friend has to go on field trips, he just told me.",[4],0.4939
when i was the south koreans on the tv.,[5],0.0
zhu jianhau did not break the world record for china.,[6],0.0
unable to help my mother to cook.,[7],0.4019
i met a friend i had not seen for a long time on the street.,[1],0.4939
going to the examn not well prepared.,[2],-0.357
overhear people talking about me and saying that i am stupid.,[3],-0.5267
hearing about developments of sience in the west a lot better á than china.,[4],0.4404
some foreign students playing loud music late at night.,[5],0.2023
not being able to be selected for the dancing team.,[6],0.0
did not get up early enough to watch my class football team á playing against another team.,[7],0.2023
scoared a goal in a football match.,[1],0.0
left alone in the dark in a big building.,[2],-0.25
someone called me a disgusting nickname.,[3],-0.5267
not getting on with someone of my classmates in high school.,[4],0.0
a woman picked her nose and spit right next to me.,[5],0.0
not brave enough to take up a challenge in a group discussion.,[6],-0.3561
not being a good host for a friend from a far away place.,[7],0.2008
my class winning against another class in a football match.,[1],0.5267
walking alone in the dark in a strange street.,[2],-0.4215
a friend forgot his appointment with me.,[3],0.4939
a friend misunderstood me.,[4],0.2023
a boy in my class talking too loud in the lecture.,[5],0.0
not being able to have a party at home with friends.,[6],0.7003
being miserable in a party when other people are friendly and á happy.,[7],0.7506
meeting an old friend from high school.,[1],0.4939
facing a mad dog.,[2],-0.4939
misunderstood deliberately by a close friend.,[3],0.2023
my old teacher in primary school died.,[4],-0.5574
getting into a crowded bus.,[5],0.0
being rude to somebody who was impolite to me.,[6],-0.6808
not accepting hints of intimate relation from a girl.,[7],-0.2924
my old friend visited me in the university.,[1],0.4939
listening to horrot stories at night.,[2],0.0
my roommate was rude to me.,[3],-0.4588
my uncle died in the vietnam war.,[4],-0.8176
cueing in the students dining hall.,[5],0.0
arguing about price with private shop-assistant.,[6],-0.4588
not being able to spend more time with a friend who was visiting á me.,[7],0.4939
scoring a goal in football match.,[1],0.0
finding out that i am not an as able student as i thought.,[2],0.0
i was told to do something i did not want to do.,[3],-0.0572
finding out that china is still backward in science.,[4],0.0
doing this pointless questionnaire.,[5],0.0
insulted by somebody.,[6],-0.5106
i am not doing what i should with this questionnaire.,[7],0.0
saw in tv that china had the most gold medals in the asian á olympic.,[1],0.0
"just arrived in the university, not knowing anybody.",[2],0.0
insulted by teacher.,[3],-0.5106
finding out i am not good looking.,[4],-0.3412
someone i do not like kept talking to me.,[5],-0.2755
finding out from this lecture that china is backward in á psychology.,[6],0.0
being rude to someone i do not like.,[7],-0.6261
joining in a research group studying consumer's behaviour and á helping the people in the shop with the sales.,[1],0.296
diagnosis that i have a stomache ulcer.,[2],0.0
a classmate damaged ma iron and tried to hide the damage.,[3],-0.7783
not winning a medal in the swimming contest.,[4],-0.652
some students talking when other people are having a nap.,[5],0.0
a friend asked for help and i was not able to help.,[7],0.5635
china winning the asian olympic.,[1],0.5267
korean judges cheating.,[3],-0.5574
my father left us for another woman.,[4],0.0
saw my father with that woman he is married to now.,[5],0.0
had to tell people that my parents are divorced.,[6],0.0
not beeing able to stay with my mother for the national day á holiday.,[7],0.4019
being together with my best friend.,[1],0.8126
heard about someone telling lies about me to my best friend.,[3],0.6808
my best friend suddenly acting strange towards me.,[4],0.765
saw someone messing up our room.,[5],0.0
after shouting at a friend.,[6],0.4939
did not do what i promised to do for a friend.,[7],0.6908
my best friend chosen for your english lectures.,[1],0.8126
getting ill.,[2],-0.4215
my class leader told me the university won't let all of us go to á your lectures because we are not all english class.,[3],0.0
when i was not chosen to go to your english lectures.,[4],0.0
"finding out that the class leader can go to your lectures, and á his english is worse than mine.",[5],-0.4767
china cannot let you give more lectures because you are needed in á the specialist clinics. we are so backward in medicine.,[6],0.0
i hated you for not letting me go and found out that it was not á your decision.,[7],-0.6369
finding out my best friend cannot go to the english lectures.,[4],0.8126
heard some postgraduate students talking about girls being á unsiutable to do medicine.,[5],0.0
failing in an examn.,[6],-0.5106
not being able to convince my class leader that my friend is á better than me to go to the english lectures.,[7],0.7964
receiving a letter from a boy i care.,[1],0.4939
watching a horror film.,[2],-0.5719
my parents do not like my friend and told me not to go out with á him.,[3],-0.5773
saw someone spitting in public.,[5],0.0
failing in an examn because of lazyness.,[6],-0.5106
losing my temper to my sister.,[7],-0.6597
finding out that i can go to your english lectures.,[1],0.0
staying alone in a dark place.,[2],-0.25
being sexually assulted on a bus.,[3],0.0
finding out that my best friend could not go to university.,[4],0.8126
some boys not cueing in the dining hall.,[5],0.0
watching tv about china is behind in winning gold medals.,[6],0.5267
not being able to help my friend to do homework.,[7],0.7096
getting into this university.,[1],0.0
beaten up by a classmate in school.,[2],-0.4215
being insulted in public.,[3],-0.5106
a girl i love does not love me.,[4],0.21
saw some girls dressed up like americans,[5],0.3612
failing university entrance examn.,[6],-0.5106
not handing in homework in time.,[7],0.0
first time in anatomy.,[2],0.0
misunderstood by a close friend for the wrong reason.,[3],-0.3182
"finding out that china is poor, so we cannot have good reference á books.",[4],-0.6711
foreign students playing loud music in the night before the á biology examn.,[5],0.2023
finding out that the university police was afraid to stop the á foreign students playing loud music (china's shame).,[6],-0.5423
not doing well in the examn.,[7],-0.2057
aticle published.,[1],0.0
earth crake.,[2],0.0
made a statement that other people did not believe.,[3],0.0
saw poverty in the countryside.,[4],-0.5106
saw chinese people flattering foreigners.,[5],0.3182
not being able to argue against class leaders.,[6],-0.34
could not help a student who needs help.,[7],0.1134
china winning the asian olympic games.,[1],0.5267
staying alone in the dark.,[2],-0.25
being put down by the class leaders.,[3],0.0
finding out that life span in china is shorter than in the west.,[4],0.0
girls dressed like foreigners in the university.,[5],0.3612
being insulted in public.,[6],-0.5106
insulting other people.,[7],-0.4939
when i found out that i can travel with my best friend.,[1],0.8126
walking home in the dark from college.,[2],0.0
finding out that i was deceived by a friend.,[3],0.0772
not doing well in an examn.,[4],-0.2057
finding out that my best friend was deceiving me.,[5],0.7184
failing an examn because i did not work hard enough.,[6],-0.4596
not acting on my promise.,[7],0.3182
finding out that i am not ill (not seriously).,[1],0.2379
finding out that my health condition may be against my attending á university lectures.,[2],0.0
bought something bad from the shop and they refused to change it.,[3],-0.6908
relative's death.,[4],-0.5994
saw people quarreling in a bus.,[5],0.0
running away from a fire.,[6],-0.34
forgot to give a present to my little nephew.,[7],0.0
first public speaking.,[1],0.0
going out alone in the dark.,[2],-0.25
saw some young people fighting for seats on a bus.,[3],-0.3612
saw people spitting in public.,[5],0.0
went to a lecture about chinese history and hear about the opium á war.,[6],-0.5994
falling in love.,[1],0.5574
my friend will find out that i am in love with her.,[2],0.8126
falling in love although she is my friend (angry with myself).,[3],0.5423
my friend still trusts me as a friend.,[4],0.8591
someone being arrogant to me.,[5],-0.4939
insulted by a teacher in front of the class.,[6],-0.5106
falling in love with a close friend.,[7],0.7783
doing unexpectedly well in an examn.,[1],0.2732
i wanted to borrow lecture notes from a friend and he did not á lend me them.,[3],0.4939
finding out about the university does not have enough foreign á currency to buy the yournals in your reference list.,[4],0.0
someone told me he was chosen for the english lectures because he á was a good friend of the class leader.,[5],0.7269
finding out about chinese money cannot buy foreign journals.,[6],0.0
late for a lecture and therefore missed it.,[7],-0.296
talking to a close friend.,[1],0.4939
ran into a parking car on a bicycle.,[2],0.0
insulted for no reason.,[3],-0.6705
did badly in an examn.,[4],-0.4767
saw a man dressed as a woman.,[5],0.0
saw a beggar on the street (china still so poor).,[6],-0.6113
could not buy a reference book because i got up too late to cue.,[7],0.0
found out that me and my best friend are both chosen for the á english lectures.,[1],0.8126
i may not be clever enough to understand your english lectures.,[2],-0.357
told by some people the class leader only choose his friends (not á true).,[3],0.1945
one of my best friends was hurt by a girl he loves.,[4],0.8225
saw a very arrogant girl walking like a queen.,[5],-0.2484
china cannot buy your reference.,[6],0.0
a friend asked to borrow my notes and i did not give them away á (my notes too badly written),[7],0.0258
failed to be elected to be a class leader.,[3],-0.5106
father lost his temper at home because he was mistreated at work.,[4],-0.6249
saw someone who picked up a cigarette from the floor and smoked á it.,[5],0.0
telling a lie.,[6],0.0
not getting the class paper in time for the lecture.,[7],0.0
my father promoted to be a professor.,[1],0.4215
anatomy lesson and told we have to do it at night sometimes.,[2],0.0
had an argument with my classmate for borrowed books.,[3],-0.3612
finding out that we cannot have good references because china is á poor.,[4],-0.6711
saw someone licking his dining bowl.,[5],0.0
criticized in front of the class.,[6],-0.3612
not finishing homework in time.,[7],0.0
"found out that the girl i love loves me, too.",[1],0.836
reading a horror story alone.,[2],-0.6908
being refused to attend the neuropsychology lecture in the á medical university.,[3],-0.296
my parents told me that they do not like my friend.,[4],-0.5773
saw an arrogant girl walking pass by.,[5],-0.4939
not finishing my duty as a class leader.,[6],0.0
my friend had trouble and i was not able to help him.,[7],-0.1921
china winning the asian olympic games (tv).,[1],0.5267
left alone in the biology building surrounded by empty buildings.,[2],-0.4215
someone told me we are not as good as the all english class.,[3],-0.3412
not getting the reference paper.,[4],0.0
cueing for a bus and the drivers having long dinner.,[5],0.0
not finishing homework.,[6],0.0
did not return the library book on time.,[7],0.0
hear a very nice joke made by a friend.,[1],0.8304
thinking about death when walking alone at night.,[2],-0.7096
found out that someone i knew well has been misunderstanding me á for 2 years.,[3],-0.1779
death of a relative.,[4],-0.5994
someone i know and respect sexually assulted a girl.,[5],0.4767
my father insulted by other people.,[6],-0.5106
made a mistake at work.,[7],-0.34
found my name on the list of attending the english lectures.,[1],0.0
doing anatomy alone for the first time.,[2],-0.25
"being insulted in front of my parents, and they believed other á people (those insulting me).",[3],-0.7579
death of general ye jianying.,[4],-0.5994
someone had stolen an article from a library journal.,[5],-0.4939
did well in an examn just before my father's birthday: the best á present i can give to my father.,[1],0.743
i asked someone to bring some present to my father and found out á that he is not a reliable person. i was afraid if my father would á not get the presents he would be angry with me.,[2],-0.5106
"some classmates said i did not do enough social work. therefore i á was not elected as a \tree good\"" student.""",[3],0.4404
"my father won't be so pleased with me as if i was elected \three á|good\"".""",[4],0.5777
my roommate's lack of consideration of me.,[5],-0.3182
"my sister said i am not a stable person, and i think she is á right.",[6],-0.2235
"my sister forgot to bring presents for my birthday, i was rude to á her.",[7],-0.4588
had a nice letter from my close friend.,[1],0.7184
staying alone in the biology building after the dark.,[2],-0.25
being insulted by my roommate (she is in the english class).,[3],-0.5106
not being able to do well to be chosen for the english lecture.,[4],0.2732
my roommate boasting about her english lectures.,[5],0.0
when the class leader read out the names of those chosen for the á english lecture and i was not on the list.,[6],0.0
"some boys told me your nickname is \little girl doctor\"", i did á|not tell them off and laughed with them.""",[7],0.4588
relatives visiting me.,[1],0.0
finding out the great difference between china and the west in á science.,[2],0.6249
saw my unfair report.,[3],-0.4767
lecturers being unfair to me in reports.,[4],-0.4767
finding out that some students are getting good reports they do á not deserve.,[5],0.4404
people impolite with me because i did not get a good report.,[6],-0.6131
i kicked the chair in the classroom to express my anger.,[7],-0.5719
finding out i was chosen for the english lectures.,[1],0.0
my roommate refused to walk with me to the english lectures. i á have to walk alone in the dark. lectures are in the biology á building.,[2],-0.4939
my roommate being unconsiderate.,[3],0.0
my best friend was not chosen for the english lectures.,[4],0.8126
someone told me i was chosen for the english lectures because i á am good looking.,[5],0.4404
"some boys talking about nicknames of the lecturers, and i was too á afraid of them to stop them.",[7],-0.296
found out my wife (girl-friend?) pregnant.,[1],0.0
my boat running into another boat.,[2],0.0
punished by a leader.,[3],-0.4588
my teacher's death.,[4],-0.5994
saw a mate bribing the leader.,[5],0.0
insulted by a woman in public.,[6],-0.5106
fight with my mate after a quarrel.,[7],-0.3818
receiving a nice present from my parents.,[1],0.4215
finding out that i made a stupid mistake in the examn.,[2],-0.7003
finding out about some girls who have been nice to the class á leader in order to go to the neuropsychology lectures (english á ones).,[3],0.4215
finding out i am not chosen for the english lectures.,[4],0.0
some students whose english is worse than mine can go to your á lectures (english lectures).,[5],-0.4767
insulted by classmate in public.,[6],-0.5106
article published.,[1],0.0
walking in the dark and thinking about ghost stories.,[2],-0.3182
had an insulting letter from my father.,[3],-0.4939
being misunderstood by friends.,[4],0.1779
saw someone acting in a false manner in public.,[5],0.0
failed in a piblic argument.,[6],-0.7003
promised to do something for other people and did not do it.,[7],0.3612
finding out i am chosen to collect norms for chinese aphasia (i á will contribute to china's catching up with the west in á neuropsychology).,[1],0.0
finding out in your lecture that a doctor can make misdiagnoses á because of ignorance in neuropsychology.,[2],-0.3612
someone talking about me at my back.,[3],0.0
found out that my grandmother might have been misdiagnosed as a á psychiatric patient because the doctor did not know about á neurologism.,[4],0.0
some students deliberately disobey me as a class leader.,[5],0.0
finding out that china is backward in science.,[6],0.0
some students have been calling lecturers nicknames and i was not á able to find out who they were to stop them.,[7],-0.296
finding out that a boy i do not like is in love with me.,[2],0.4749
being told that i have not got a personality.,[3],0.0
power cut made me unable to listen to the songs sung by my á favourite pop star.,[4],-0.2732
someone acting stupid in public.,[5],-0.5267
not being able to answer question in a seminar.,[6],0.0
said something i should not have said in public.,[7],0.0
talking to my close friend.,[1],0.4939
hearing a strange noise in the biology building.,[2],-0.2023
insulted by other people in the shop.,[3],-0.5106
my good friend misunderstood me.,[4],0.5719
being looked at by someone i do not like.,[5],-0.2755
i am chosen for the english lectures instead of my good friend á and people told me that girls are more likely to be chosen.,[6],0.7269
i was not able to explain well to my good friend to make him less á angry.,[7],0.6344
finding out that the person i love understands me.,[1],0.6369
being mistreated by other people.,[3],0.0
deceived by other people and ran into trouble.,[4],-0.6808
saw a selfish person doing a selfish thing.,[5],-0.7351
finding out that i have misunderstood other people.,[7],-0.34
hear my name on the list attending the english lectures.,[1],0.0
staying alone in the room after midnight and reading horror á stories.,[2],-0.6908
being told that i am a stupid person.,[3],-0.5267
my parents failed to visit me as they promised.,[4],-0.2023
some people not cueing in the dining hall.,[5],0.0
saw on tv china not winning more gold medals in the asian á olympics.,[6],-0.4168
having a good trip on a boat with good friends.,[1],0.836
saw a classmate knocked down by a motorcycle.,[2],0.0
being sexually assulted on a bus and noone helped (people only á laughed).,[3],0.4588
being sexually assulted and told my friends about it (we cried á together).,[4],0.128
heard someone boasting his fortune telling and i knew he was á lying.,[5],-0.5267
being criticized by teacher in public.,[6],-0.3612
shouting at my parents because i was angry about something else.,[7],-0.5106
going to see a good film with my best friend.,[1],0.8834
suddenly found out that i was the lasr one to leave the anatomy á room.,[2],-0.0516
some boys deliberately played tricks on me in the experiments.,[3],0.2263
iqam chosen for your lecture and my best friend is not. now he is á angry with me and i cannot help him.,[4],0.4295
listening to my roommate boasting about her new clothes.,[5],0.0
china not winning more gold medals in the asian olympics.,[6],-0.4168
not being able to help my friend to study english.,[7],0.7096
being elected as class leader.,[1],0.0
walking in the dark i saw something strange.,[2],-0.2023
your prejudice against psychology students and education students á (not allowing us to go to the medical university lectures).,[3],-0.5106
a friend's brother died.,[4],-0.5574
a wurm dropped on my head.,[5],0.0
not doing well in an examn which was easy.,[6],0.27
wrongly accused a classmate.,[7],-0.296
being insulted in public for the wrong reason.,[3],-0.7506
not being chosen for the english lectures (my girl-friend á chosen).,[4],0.0
my roommate messing up our room.,[5],0.0
not doing well in examns which i should do well (english examns).,[6],0.0736
heard that my girl-friend was chosen for the english lectures and á i was not. i lost my temper and she is very upset now.,[7],-0.5763
success in university entrance examination.,[1],0.5719
i helped someone to do something and was found out.,[2],0.0
misunderstood by friends.,[3],0.1779
my mother was ill and my father was not at home.,[4],-0.4215
my roommate being nice to a party leader in order to get into the á party.,[5],0.802
china not doing well in the asian olympic games.,[6],-0.2057
not collecting letters for my friend al i promised.,[7],0.6908
doing well in an examn.,[1],0.2732
some foreign students playing loud music before the biology á examn.,[3],0.2023
finding out that the girl i like does not like me.,[4],0.1002
saw two canadian students boasting about how rich they are in á canada.,[5],0.5574
finding out that china does not have enough foreign currency to á buy books.,[6],0.0
calling lecturers nicknames when talking to housemen (they told á ne you are even younger than they are so you should not be giving á public lectures).,[7],-0.2584
had a letter from my father (usually he does not write to me).,[1],0.0
being alone in the room at night.,[2],-0.25
quarreling with classmates.,[3],0.0
my father told me in the letter that my mother is ill.,[4],-0.4215
my roommate talking and shaking her bed at night.,[5],-0.1779
finding out that i was deceived by my friend.,[6],0.0772
a friend came to visit me and i was not there.,[7],0.4939
finding out my name on the list for english lectures.,[1],0.0
walking out from the biology building.,[2],0.0
someone told me that i was chosen for english lectures because á the class leader is going out with me (not true).,[3],-0.3252
my sister bkoke her leg.,[4],0.0
some boys boasting about their ability to tell dirty jokes.,[5],0.1027
finding out china is backward in science.,[6],0.0
"when some housemen told me a young girl like you should not be á allowed to lecture to consultants, i was too shy to argue against á them.",[7],-0.2263
made a wonderful driend who understands me.,[1],0.5719
being chased in the dark by someone i did not know.,[2],0.0
my best friend betrayed me and told other people my secrets.,[3],0.5267
disappointed by a friend.,[4],0.0258
finding out some people had been talking about me at my back.,[5],0.0
being sexually assulted in public.,[6],0.0
i did not reply to my friend's letter in time.,[7],0.0
watching china winning the asian olympic games.,[1],0.5267
suddenly met someone in the biology building at night.,[2],0.0
being insulted by my roommate.,[3],-0.5106
not getting an airplane ticket fot my mother.,[7],0.0
talking with a nice girl.,[1],0.4215
talking about snakes.,[2],0.0
people not resprcting my opinion.,[3],0.0
lost my girl-friend.,[4],-0.3182
talking to someone i disliked.,[5],-0.4019
criticized by a teacher in public.,[6],-0.3612
not being able to help my friend.,[7],0.7096
getting a letter from a friend who did not write for a long time.,[1],0.4939
staying in a relative's house which was broken in before.,[2],-0.4767
being insulted on a bus.,[3],-0.5106
insulted by my mother.,[4],-0.5106
a relative not acting on her promise.,[5],0.3182
first time going out with a boy and other people laughed at us.,[6],0.4588
a friend wanted to give me a surprise into my room and i thought á she was stealing from the room.,[7],0.1531
being asked to go out by someone i care.,[1],0.4939
before an important examn.,[2],0.2023
my parents do not like my friend and told me to stay away from á him.,[3],-0.5773
my friend not allowed to go to the english lectures.,[4],0.4939
postgraduate students talking about girls stupid.,[5],-0.5267
ctiticized by teachers in public.,[6],0.0
my friend did not do well in the examn because i did not help á him.,[7],0.033
"i went on a picnic to the country side park. the beautiful á scenary made me feel relaxed and every worry disappeared , thus á the picnic was worthwhile.",[1],0.6908
i am afraid of my academic results as i will face several á problems. i am scared of my limitations and the unlimited á problems and i do not know how to cope with them.,[2],-0.8074
"i quarrelled with my brothers (twins) at home on saturday. one á of them studies in a private school and the other one is á repeating his form five. they do not know what they are doing. á they follow every word of their teachers, books and systems. á they always try to rationalize their bad acts by some game and á they are satisfied with their awkward life. i have tried to á persuade them very often but have failed. this time i had a á fight as they have no voluntary spirit (they did not polish the á floor).",[3],-0.9198
i have been thinking of changing my major for a few months. my á original major was chinese language and it blocks my way. i have á to face many problems at the sametime and i do not know what is á real and virtuous. i do not know if i am not interested in á chinese or if there are other factors which make me sad. i am á not very clear on what i can do for the study of communication á and journalism. i am not clear about what i can do. what are á the limitations ? i hesitate but i feel more adjusted now.,[4],-0.6087
i had been forced to get together with strange and disgusting á classmates. the things they talked about disgusted me and made á me feel ill at ease. i knew that i would feel unhappy if i á stayed there but i was defeated by the social norms.,[5],-0.9001
"i had obviously done the work badly but my class-mates of the á student's association did not blame me, they helped me do the á work.",[6],0.129
i had not done my assignment seriously. i only pretended to á finish the work as the work did not have any meaning for me. the á whole thing made me feel guilty.,[7],-0.5423
i preached to a f.3 students in a gospel camp. they thus knew á more about god and made up their minds to believe in jesus.,[1],0.3353
when the doctor told me that there was something wrong with my á eye and i had to undergo an operation.,[2],-0.4767
i had left a student newspaper of the chinese university on the á table of the library. it had disappeared when i came back.,[3],-0.2263
"one of my class-mates had a disease unexpectedly, he had been in á a coma for six days in a hospital before he died.",[4],-0.5574
"someone, who was sitting very close to me, was smoknig in the á compartment of an air conditioned mini-bus.",[5],0.0
"in the compartment of a public transport railway, i did not give á my seat to an old man who was standing near me. it was another á teenager who did so.",[6],0.0
one saturday night i did some meaningless work and went to bed á very late. next morning i had was very sleepy so i continued á sleeping even though i had work to do and i missed the sunday á service.,[7],-0.6249
when i attended the concert of a pop singer.,[1],0.0
i was afraid that i would fail an examination.,[2],-0.5423
i had too much homework and examinations and i did not know how á to organize my work.,[3],0.0
when i forgot the lyrics during a song contest.,[4],0.0
because of the examination i had to study night and day.,[5],0.0
i did badly in the mid term examination.,[6],-0.4767
the results of the mid term examinations were very poor.,[7],-0.5256
when i had a good result in the certificate examination.,[1],0.4404
when i was walking along a road alone on my way to go shopping.,[2],-0.25
"in the student's union there was someone who took the photocopies á of two large volumes. i asked him to let me take a few, he refused á it for an acceptable reason.",[3],0.0258
when another person's mother died.,[4],-0.5574
i greeted a friend and he did not respond.,[5],0.6486
"in an examination ,which other students found easy i could hardly á think and did not know what to answer.",[6],0.4404
"i cut a friend's hair in anger, without any consideration.",[7],-0.7003
yesterday my friend gave me a gift and had dinner with me.,[1],0.7269
once while walking along a hill; i fell down out of carelessness á and i broke my left arm.,[2],-0.6369
"last week, my organization summoned an executive meeting and one á of the executive member's pointed out a loop hole in the á committee's administration. he could not suggest any á improvements, so i quarrelled with him.",[3],0.3182
the death of my father.,[4],-0.5994
"i was sitting in the bus and a man with a very unpleasant á smell came and sat next to me, to top it all he smoked á continously.",[5],-0.3804
when i was in the canteen of the united college i mistook a á stranger for a classmate as i was not wearing my glasses. i á realized that i had made this mistake when i saw him again á carefully.,[6],0.1406
i got up late and i could not go to my lessons on time. when i á entered the class room the stare of the teacher and my classmates á made me feel guilty.,[7],-0.4215
when my application for studying the masters degree was accepted.,[1],0.2732
"once at midnight, i was working alone at office and the phone á suddenly rang.",[2],-0.25
"when i was concentrating on my work, my friend disturbed me á continously. i asked him to stop but in vain.",[3],-0.6124
"i had asked the teacher to write a recommendation letter for me, á but i had not provided enough information and had run short of á time.",[4],0.0
"when i was talking to a person who is a hypocrite, i felt á disgusted at his reaction.",[5],-0.5267
my companion admired me when i did some work voluntarily.,[6],0.5106
my wrong behaviour made my loved one feel sad and uneasy.,[7],-0.5994
"when i first heard \i like you !\"" from my boyfriend.""",[1],0.4199
"when i received the higher level exam results, i mistook the á grade e in mathematics for a grade f and i was shocked.",[2],-0.3182
i had planned to study for my mid-term exams on a certain day and á my room-mate called me to ask me to go out for a stroll. i tried á to make an excuse so as not to go out but she refused to listen á to me and insisted that i go out with her. i find it unnecessary á to talk to her anymore.á,[3],-0.2732
due to some reasons my boyfriend and i decided to separate.,[4],0.0
"once when i had started to write a paper, there was a phone á call for me. i had to go downstairs to receive it and after the á conversation i discovered that all the information had á disappeared from my mind.",[5],-0.2263
"when the teacher asked me a question, i did not know the answer á and i just stood still for about a few minutes without saying a á word.",[6],0.0
once when i was in the cell group (religious activity) i found á that almost everyone in the group read the bible daily and i felt á guilty in my heart.,[7],0.34
when i read the newspaper that morning i found my candidature á number on the admission list of the chinese university. i was á satisfied and happy and the cumulative anxiety disappeared. i á only wanted to cry out that i had succeeded.,[1],0.5994
tutorial again ! a fearful feeling came to me when i sat on the á chair and looked at my fellow students all around. i was really á scared that they would ask me some questions or challenge the á ideas that i had presented.,[2],-0.7069
"the trick was really intolerable. they hid it, and i was worried á and restless all day. when i saw them i really wanted to slap á each one of them.",[3],-0.5106
"a and i were walking along the new asia stairway to the chung chi á college for our lecture and i saw him with her. he put one arm á around her shoulder and laugher brightly and joyfully. i did not á dare and did not want to look, just walked by them quickly. the á interest of talking to a disappeared and i just wanted to remain á silent. but i did not want a to know and so i left him and went á to f. i should have expected this to happen.",[4],0.6067
knowing that i had to do the survey with him i felt very á reluctant. although i do not know him i feel disgusted by just á looking at him. thinking that the project lasted several days i á regreted having joined that project.,[5],-0.6887
during the lesson the teacher called me and asked me if i had á reported that i was late. i pretended that i had but looking at á her eyes i knew that she knew that i was lying. i thought that á it was really bad luck that she had examined the list of the á students who were late.,[6],-0.7485
"that evening when i opened the songbook while i was singing the á song \those were the days\"" that guilt feeling became stronger. á|the lyrics described well - i was really wrong. the wish that i á|had made was really bad. if she were with me i would really be á|happy and we would play happily together like the days in á|secondary school and she would not be disappointed and gloomy á|because of me.""",[7],0.8091
when i learnt that i could do further studies at the chinese á university.,[1],0.0
my best frieend left school recently. the next day the weather á turned bad suddenly and the male class-mates turned off the á lights. i remained on the table and was scared.,[2],-0.296
i was scolded by my mother for no reason.,[3],-0.296
when i learnt that i had been betrayed by my friend.,[4],-0.2023
"when i dined with my new friends, one of them kept reminding us á that he was superior.",[5],0.765
while dining with some accquaintances i was asked something á which i should have known but i did not know.,[6],0.0
my friend came to the concert for my sake as it was me who had á organized it and the concert was unsuccessful.,[7],0.1779
i was accepted by the chinese university.,[1],0.2732
waiting for the results of the high level examination. i was á afraid of not being accepted.,[2],-0.2057
i had a date with a friend to see a movie and my friend was late. á i waited for a long hour and was very angry.,[3],0.4228
the quarrel between my parents.,[4],0.0
during the chinese lessons a student often showed off. moreover á he misbehaved and dressed very badly. so disgusting !,[5],-0.8997
i saw a bag on the street and just then a stranger passed by. i á picked up the bag immediately and gave it to the stranger as i á thought that it belonged to him. but it was not his bag and i á felt ashamed.,[6],-0.631
i refused to lend my homework to a friend.,[7],0.25
"once, before i had learnt to swim, i stepped on a slippery slope á where there was a lot of moss and i slipped into the water. the á water was very deep and i could not stand on my feet. i sank á and had to use a lot of energy.",[2],0.2732
"one day when i was sitting in a not very crowded bus, a middle á aged woman was standing beside me. the person sitting next to me á got up to get off and this woman pushed me and occupied the seat. á then she took off her shoes and put her feet on the seat.",[5],0.0
when i saw a horrible movie - alien.,[2],-0.5423
"in 1983, my results at the university entrance exam were very á poor - far from what i had expected. i thought that i would not á be accepted at the university.",[4],-0.636
"i am disgusted by people who spoil their identity because of á misbehaviour. this morning when i was in a crowded bus, i found á a seat on which a university student was sitting on one side and á he had put his bag and files next to him. there was very little á space left and i sat down while he kept on reading. even when i á leaned on him he did not put his bag away. he did not respond and á i felt very angry.",[5],-0.7902
during a lecture six students (including me) were asked to leave á the class as we had not prepared for the lesson. i felt ashamed á and angry.,[6],-0.8056
one evening i went fishing with some friends but we could not á fish as a fisherman had already put his net there. we pulled á out the net to find only crabs in it so we threw the net away. á the net was large and may have cost $1000. the fisherman used á the net to earn a living and we had had thrown it.,[7],0.2617
"i had a very close friend who went to canada after her f.b, his á departure was unavoidable. when he came back during the summer á holidays i was very happy as nothing had changed between us.",[1],0.8771
"the day before the university results came out i was both excited á and scared. if i failed i did not know what i would do as i did á not want to work, my family was ambivalent.",[2],-0.5457
before the certificate examination i was very poor in biology á (the worst result in my class). ever since f.5 it had been á getting poorer and poorer. i had tried my best and had spent á most of my time studying this subject. finally my results were á so bad that i thought that it was just not fair.,[3],-0.9293
my cat died from an illness. it had been with us for 7 years. á it was a lovely cat. it had been ill for one or two weeks and á the veterinary surgeon had told us that it was dying.,[4],-0.6486
in secondary school i had a class-mate who talked too much. á once we went to the cinema after school and she sat next to me and á commented the movie throughout - very disgusting.,[5],-0.5709
our teacher had invited us to lunch and once at the canteen we á started introducing ourselves. two of the boys showed a lot of á interest in knowing personal details and then they started á talking about some activities held in the college. i had little á interest in those activities so i talked to another student á sitting next to me as i was afraid that they would ask me á questions on those activities.,[6],0.6929
my younger sister wanted to take classes to learn a musical á instrument. one saturday morning my mother asked me to go with á her for the registration. i did not want to go so i said that á there might be many bad people at the club. as a resullt my á sister was scolded by my mother.,[7],-0.575
when i could study at university.,[1],0.0
when i forgot the lines of the play during an orientation camp.,[2],0.34
before the department meeting my friend ate a dish that i had á prepared for this meeting.,[3],0.6249
"i had a very short term romance during the summer vacations. when á we first met i felt excited but i wanted to avoid him after we had met á a few times and so i proposed that we stay apart, i felt very á sad then.",[4],-0.6411
i felt disgusted on seeing my boyfriend after our separation. á one day he was begging at the mass transit railway station and at á that moment i hated him.,[5],-0.8225
acting in a play at the orientation camp made me feel timid.,[6],0.1027
i made my boyfriend so unhappy and depressed that i feel guilty.,[7],-0.8744
"my friend had organized a birthday party for me secretly, i was á very happy not so much for the presents but because they seemed á to care for me.",[1],0.8673
my 80 year old grandfather underwent three successive operations á during a single year. the third operation was risky and i was á scared that he would die and feared that my grandmother would be á very sad.,[2],-0.92
my elder brother often criticizes my mother's cooking. once he á did it very impolitely and lost his temper. this made all of us á very sad. i was very angry and i scolded him. he asked me not á to interfere with what was his buisness.,[3],-0.9505
"when my grandfather died i was extremely sad. however my family á members did not have any special feelings, they said that he was á already 80 years old.",[4],-0.8501
"i was an instructior in a youth organization. whenever we, the á instructors would have a meeting the advisor would be present. á he did not understand our worknig conditions but talked a lot á and had a lot of outdated ideas. whenever we disagreed with him á he was very discontent and said that we had a prejudice against á him. why did he have to treat us as his subordinates ?",[5],-0.5927
when we received our academic result i learnt that my results á were bad as i had not done my best. the results of my á accquaintances were good and when they asked me about my results á i really did not want to answer.,[6],-0.6656
"when i was fighting with my elder brother i unintentionally hurt á him in the eye with a wooden bar. i felt guilty and feared that á he would be blind, fortunately he recovered after 15 days.",[7],-0.9274
i finished my homework; an important task.,[1],0.2023
fear of the turn that the examination paper would take as i á lacked confidence.,[2],0.0258
"mr c took my drawing pens, without having asked for my permission á first, and lost them. he did not tell me about it till i asked á him and then did not try to find them.",[3],-0.3182
"when i learnt that i had to repeat the first year, i found the á solution immediately but was blocked by many difficulties.",[4],-0.5859
my girlfriend lost her temper without any reason and she did not á consider or respect my feelings.,[5],-0.25
after i had given the wrong answer to my students they pointed á it out to me and i had to correct myself.,[6],-0.4767
i prayed unfaithfully.,[7],0.0
i am happpy when i get good results in the field of academics or á athletics.,[1],0.4404
"one day a fierce looking man came to our house and said that my á father should apologize to him, however i was alone at home.",[2],-0.1531
my cassmate laughed at me when i was being scolded by the á teacher.,[3],0.4588
i knew a girl so lovely that everyone would like her. but she á refused to accept my christmas present and i tried to forget á her.,[4],0.4466
"i hate the behaviour of my so called friends, they use bad á language, spit, boast and treat the youngsters badly.",[5],-0.6395
when i was young my mother told the neighbour that i had wet the á bed. i felt ashamed thinking that the neighbour's children would á get to know about it.,[6],-0.4767
one day while we were strolling along the road one of my á friends suggested that we go and watch a blue film. i was á curious so i went along but i felt quite guilty later.,[7],-0.3484
"the day the results of the university entrance exam was á published, i found my canditate number and i was very excited.",[1],0.4576
"one night we were having a barbecue on the beach and i needed to á go to my car, which was far away from the beach. it was very á dark as there were no street lamps. i ran in the dark, very á scared, i ran as fast as possible.",[2],-0.6573
i separated with the one i liked most. she refused all my dates á and told me that she had dated another one. my heart seemed to á cease beating. i was silent for some time and then i whispered á goodbye and left without turning back.,[4],0.3657
"when i was a teacher in an evening school, a girl raised a lot of á questions and expressed her opinions. she, very often, took a á stand which was different from mine and she thought that it á was better than mine. her opinions were helpful academically, but á she did not take into consideration my position in public. also á she seemed to be very talkative and so she disgusted me.",[5],-0.4884
i had lunch in a restaurant with a friend and i paid the bill. á the change was that of a two dollar and a ten cent coin. as i á was talking with my friend i took the two dollar coin and forgot á to leave a tip.,[6],0.7351
"i was cold to my sister without meaning it, just because i was á upset and frustated.",[7],-0.3818
when i learnt that i had been admitted to the university.,[1],0.1027
after the interview for admission to the university and before á the admission list was disclosed. i was scared that i would not á be admitted and my fear lasted for quite some time. my fear á disappeared only after the list was disclosed.,[2],-0.8884
"when i was studying in the library - preparing for a test, two á people sitting next to me talked to each other for 20 minutes. á there were no other seats so i could not go elsewhere and i did á not want to interrupt them, so i could only be angry in my heart.",[3],0.1316
"i had been separated from my girlfriend for about a year. on her á birthday i put a present in her mailbox. i had spent two days á choosing a suitable present for her. i waited for a few days and á there was no reply from her; at last i received a thank-you card á in my mailbox. on the card there was only my name, the words thank-you á and her signature. i was very sad then.",[4],-0.6801
"when i was travelling to school by bus, i went past a place á where a sewer had been repaired. there was a bad strong smell á which suffocated me and i wanted to leave the place immediately.",[5],-0.1027
i received the results of the test paper of my major subject and á i found that my result was not as good as a classmate who had á recently changed his major subject. i felt very ashamed.,[6],-0.7003
i had promised myself that i would do one good deed every day. á one night i saw a beggar whose muscles had been atrophyed. i á walked passed him thinking that he was feigning. later i á realized that he had not been pretending and i had a feeling of á guilt as i had not kept my promise.,[7],0.3699
"talkiing about the past happy hours with two friends at night in á a camp a few months ago. we shared our feelings, notions and á every hidden anxiety. i thought that they cared for me and i á was very happy and satified.",[1],0.9359
i remember that my form 2 teacher was very fierce and dogmatic. á my feet would tremble whenever i saw her but i had to face the fact that á i had to go for her class.,[2],-0.1406
"one night i could not practise my violin as my family was á watching t.v with the lights off, so i wanted to listen to some á tapes. it was dark so i asked my brother to bring me a torch, á however he scolded me. i was so angry that i slammed my violin á on the floor.",[3],-0.6418
"my mother suffers from a mental illness. one night she was not á feeling well and was sent to the hospital. i was scared that á she would die, and all night i was very sad and did not dare to á close my eyes.",[4],-0.953
at the crowded conditions of living. i always quarrel with my á elder brother as he puts the t.v volume at a deafening level and á i can not practise my piano lessons. thus i feel that my home is á disgusting.,[5],-0.6808
i lost my temper at my mother while she was teaching me. i felt á ashamed and sorry at having hurt my loving mother.,[6],-0.7906
i felt guilty at not having practised the piano. i waste my á teacher's time and guidance.,[7],-0.6808
i watched a football match with my old friend. the performance á of the team was very good and the team members were full of á spirit. the match was excellent and every time a goal was scored á i felt excited.,[1],0.9216
"when i got the midterm exam results, the results were below á average and were near the lowest. i was scared of the final á exam.",[2],-0.6705
"when i came back to my hostel, my bed was full of newspapers and á dirty clothes. my room-mate asked me to wash the clothes for him á as he had no time (this was his responsibility). the food we á shared had been eaten up by him (i ate little).",[3],-0.4019
"my sister was impolite to my father when the family was having á lunch together at a restaurant. she thought that our parents had á been prejudiced against her, this was an extreme thought.",[4],-0.6705
when i was giving private tutorials to my student; he would not á concentrate and was lazy. he had not done the home work that i á had assigned and his academic level was very low. it was a á nuisance.,[5],-0.3597
during a meeting i said something wrong and the others laughed at á me.,[6],-0.0258
"i entered the hostel this year. my mother was ill and could not á move and needed people to look after her. every week i left home á to go back to school, i felt guilty.",[7],-0.6808
i received a letter from a friend whom i was missing,[1],0.25
i feared that i would not be able to hand in the book-report on á time as i had started working very late. the book was difficult á to read and my teacher did not accept my work as it was handed in á late.,[2],-0.5696
my classmate always borrowed my notes and would not return it to á me on time. when i had a test she was selfish and irresponsible á and so delayed my studies.,[3],-0.8172
when i found that my coldness had hurt somebody's sincerity.,[4],-0.5267
when i was studying and someone disturbed me.,[5],-0.3818
my teacher said that being university studets we did not have á any self-initiative or self-control.,[6],0.0
i took french leave to do my homework.,[7],-0.0516
i realized that a fellow member had grown spiritually. i was the á leader of a spiritual group and had prayed for him. he did not á want to burn the incense but his mother forced him to do it. á finally his mother told him that he could discontinue if he got á good results at school.,[1],-0.0672
looking for the toilet in a dark place.,[2],0.0
"i gave tutorial to a student and i found that he was lazy, he did á not pay attention to what i taught. he did some easy questions á wrong deliberately.",[3],-0.3408
i saw a lot of starving people in a t.v news report.,[4],-0.4215
"our neighbour came and gossiped, about others, with my parents.",[5],-0.2732
"i promised a friend that i would return a book to it's owner for á him , but i forgot to do it.",[6],0.431
saw a blue film in a cinema.,[7],0.0
"when i saw the certificate results, i did not feel very happy as i á did not realize that i had got all the credits until my á classmates pointed it out to me. my parents and my relatives á praised me and i realized that my results were good i.e 2a, 5b, á 2c. i felt satisfied with the results and was happy.",[1],0.8976
an hour before receiving the certificate results i was very á frightened. when i saw others crying i felt very tense and as á time went by my fear grew.,[2],-0.9036
"my classmate used her personal relations to get a seat for a á subject that i wanted also. i had taken the pains to help him á apply and i did not get selected. i did not like this as he had á not told me the facts earlier, he need not have lied to me.",[3],-0.0067
"when my mother went through an operation, it was not very serious á but i was sad and could not sleep before the operation.",[4],-0.6034
"during a recent meeting, mr. a showed his excitement and á overindulged in the notes delivered. though his curiosity could á not be blamed, his way of accquiring knowledge was an extreme á behaviour e.g he always tried to know what i was reading and á gained everything he could.",[5],0.8102
"when i was doing my homework at home, some relatives came and á advised me to help my mother do the house-work.",[6],0.4019
while quarreling with my brother i broke the glass door of the á cupboard and a china doll. we were scolded by my father for á breaking the door but we did not tell him about the door.,[7],-0.2263
when i was admitted to the chinese universiity.,[1],0.1027
an inter-college basket-ball match.,[2],0.0
something was stolen.,[3],-0.4939
when i learnt that my close friend was going to immigrate.,[4],0.4939
when the summer holiday job was almost over.,[5],0.4019
during a meeting.,[6],0.0
failed to keep an appointment.,[7],-0.5106
when i told my girlfriend a joke openly and frankly.,[1],0.296
once while crossing a road i was overcome with fear.,[2],-0.4939
my intimate girlfriend told me that her father was opposed to our á relationship and had insulted my integrity.,[3],-0.1779
when my studies are too demanding and i cannot cope with it.,[4],-0.2263
the behaviour of people spitting everywhere.,[5],0.0
i could not finish my homework on time.,[6],0.0
after masturbation.,[7],0.0
when i finished the work that i had planned to do - my homework.,[1],0.0
i was not prepared for the exam but i wanted to sleep the night á before the exam.,[2],-0.0857
someone played a trick on me.,[3],0.296
when the thing that made my friends and relatives sad happened to á them.,[4],0.0
it was a narrow and dirty passage which was located near the á market and i had to stand there to wait for people.,[5],-0.4404
"i had something wrong, saying wrong things and being impolite to á someone, and this had embarrassed the this person. and i á still meet the person.",[6],-0.8834
i said something which was against my conscience.,[7],0.0
several good friends made me a surprise visit and this made me á happy. they are my closest friends and we had not seen each á other for a long time.,[1],0.9313
the hero was chased by a terrible vampire in a suspense and á horror film shown on t.v.,[2],-0.4939
"i worked with several classmates on a project. i was very á anxious about the project while my partners showed no concern á and when we had meetings on the project my classmates did not á pay any attention. some of them read books while the others á argued on irrelevant questions. the meeting would go on for two á hours without the main theme being discussed. we wasted time and á could not reach a compromise. my classmates avoided doing the á work and the responsibilities, they seemed to value other á projects more than this one.",[3],-0.8384
one of my good friends had to migrate to america. our friendship á had developed quite well and it was a pity as our friendship would á fade.,[4],0.8999
"in a study group, a person always liked to argue on some á unimportant, irrelevant and minor points. he tried to persuade á others in an unfriendly way. he was obstinate and would not accept á other's point of view.",[5],-0.7772
once my presentation was the worst among my classmates as i had á not prepared it well and had not seen it as important. my á presentation was so confused that it clearly showed my poor á preparation.,[6],-0.847
i joked with an unfamiliar friend in an obstinate tone. i was á afraid of his misunderstanding me and being hurt and angry at me. á i felt sorry over my conduct and thought that i had to find an á opportunity to apologize.,[7],-0.5106
"i remember my religious experience. during a gospel camp, a few á friends of mine decided to believe in god. the joy that i felt á at that time was more than words can express. i blessed them and á praised god in my heart.",[1],0.9698
"my friend and i had offended our classmate unintenionally. we á wanted to apologize to her so we decided to visit her. we knew that she á was stubborn so we were frightened. when we rang her door bell, á our fear was at it's climax",[2],-0.7553
my girlfriend disliked it when i played majong (a game of gambling). á i expressed my regrets and when i went to see her she neglected my á existance. i was very angry and left in displeasure.,[3],-0.8687
"when i said good-bye to my girlfriend. i had spent two years on á developing this relationship and it was unsuccessful, i felt very á sad.",[4],-0.7076
"my classmate got a \b\"" for his homework while i only got a \""c\"". á|when we got the results he acted as if he did not merit this á|grade. i found that his humility was hypocritical and i found it á|disgusting.""",[5],-0.6522
"once in primary five, i had forgotten to take a book to class and á the teacher punished me by asking me to stand at the back of the á class. i thought about the way my mother would react if she saw á me being punished. my mother was very good to me and though she á did not see me punished, i felt sorry for her.",[6],-0.3668
i had fixed a meeting with my classmates and i missed it as i was á tired. besides everyone at the meeting was a stranger to me and á i did not want to make friends with them. whatever the reasons - i á felt guilty.,[7],-0.6152
i learnt from the newspaper that i had been accepted at the á chinese university of h.k. it was 7 o'clock in the morning. á later i told my family and relatives about it and had tea with á them very joyfully.,[1],0.7089
"i was camping in an old broken hut which had no lights. i had á brought along a lamp which was not working very well. the door á made strange sounds and i was sure that strange things were á happening. the most terrifying bit was that there were many á wardrobes in the hut and everytime that i looked in the glass of á the wardrobe i felt that there were \objects\"" behind me. the á|whole night was spent in fear and restlessness.""",[2],-0.9435
"during a football match, the other team was rude and they hurt my á team members and me. the coach was prejudiced against us and á punished us unreasonably. later we fought with each other and á the match had to be cut short.",[3],-0.9403
i heard of the death of a closefriend of mine. i had gone camping á with him shortly before his death and the whole thing seemed very á sudden to me.,[4],-0.8316
a group of youngsters dressed in fads talked foul language on a á bus. they also insulted the pedestrians on the road and were á impolite to the passengers of the bus.,[5],-0.7096
in a christian gathering's lucky draw i mistook a girl's name for á mine (a boy's name). i realized my mistake only when i went up á to the stage for the prize. i did not know what to do as á everyone was looking at me. i blushed and went back to my seat.,[6],0.5719
while playing basketball i broke a team member's spectacles. his á face was injured by the pieces of glass. it was not serious but á i felt guilty and blamed myself for being too careless and á vigorous in my game.,[7],-0.9237
"after a busy day i went back to my hostel. i closed the door and á had a drink, then i read my favourite book on the bed. suddenly á i felt peace and joy.",[1],0.8074
"when i went home and there was nobody, i waited till 2 a.m and á still nobody. i was suddenly scared and anxious as this had never á happened before. in addition my mother was very weak and i á feared that she had met with an accident. therefore i was anxious á all night.",[2],-0.9371
yesterday i read in the newspaper that a 30 year old woman had á abused her 2 month old son and had caused his death. i was very á angry after reading this as this is not a human act and to abuse á so fragile a life is not a forgivable sin.,[3],-0.9362
"i had a schoolmate who went to the hospital as her brain was á bleeding. she fell unconscious for three days and when i went á to see her i saw the miserable state the family was in. moreover á i could not do nothing for her. i was very sad. finally, she á died.",[4],-0.8805
a tiresome person held me up all day long. i was very busy then á (i can not remember what the problem was). he continously tried á to make me talk to him and disturbed me.,[5],-0.6486
"one day, when i was sitting on the bus, there was an old woman á standing beside me. i was very tired and sleepy and did not á think of giving her my seat. a 50 year old woman who was sitting á beside me got up and gave her seat to the old woman and said, á \ old woman, please take my seat, the youngstters these days are á|not used to giving their seats to others.\"" when i heard these á|words i was very ashamed of myself and wanted to get off the bus á|at once. """,[6],-0.1245
"after an exam i was in a very bad mood as i had done it very á badly. at home, my mother took so long to ask me how things had á gone that i lost my temper. i overreacted and made my mother cry. á she still prepared lunch for me and did not scold me . suddenly, á i thought that it was my fault and i started crying. á",[7],-0.9624
"i was appreciated by others, especially my family members and my á friends.",[1],0.7506
"whenever i am alone in a dark room, walk alone on the street, á sleep alone in the room at night or see something which is only á partly visible. this emotion was very strong when as an 8 year á old child i saw something horrible.",[2],-0.6003
"[ whenever i put myself in other's shoes and try to make the á person happy, comfort him or make friends and i am misunderstood á and rejected, especially when this person is a family member or a friend.]",[3],0.7783
there was a conflict of interest between me and a close friend of á mine. he only thought about his own interest and not about our á friendship. this behaviour hurt his friends. another incident á is when a friend isolated himself without giving any reasons.,[4],0.8542
when i saw a lot of rubbish and animal waste on the floor.,[5],-0.4215
when i was emotionally unstable i said things which may have hurt á others or made them feel unhappy. when i calmed down i realized á that i had been selfish and had not taken into consideration the á feelings of others. then i felt ashamed as someone pointed out my á behaviour to me.,[6],-0.9062
"[ when i break someone's things out of carelessness, or do something á to make others feel unhappy or hurt the self-esteem / self-confidence á of others, especially if they happen to be friends or family members.]",[7],-0.6705
"when i received the letter informing that i had been accepted to á be a chinese university student, i was excited as i had longed á for it.",[1],0.5423
"one day when i was a little boy, my friends asked me to play á with them outside and to catch some boys. however our parents á did not know that we were out and when i got home it was very á late and i feared being scolded by my parents.",[2],0.2585
when i learnt that a friend of mine had talked about me to á another friend and had said wrong things about my abilities and á attitudes. i was very angry.,[3],0.1796
about two years ago my girlfriend suggested that we separate. á this really gave me a shock as i had never thought that she would á say such things. the reason she gave me was that we were not á suited for each other.,[4],-0.3818
once while studying for my exam i found so many complicated words á that it disgusted me.,[5],-0.5267
when i was young i felt ashamed when our relatives visited us and á i hid myself.,[6],-0.5423
"i was so excited once that i told my classmate that she was old, á this hurt her and i felt guilty.",[7],-0.5696
"[ during a certain period, i felt successful and extremely satisfied. á when i found that any tasks or decisions that i had made were better á than expected.]",[1],0.8977
i am scared when i stroll alone on the chung chi college campus.,[2],-0.5994
"one day, i discussed a very important question with a. a á suddenly declared that he would not accept my position and á thought that he himself was right. moreover, he attacked á strongly, not my opinion but me personally.",[3],-0.1269
"when i learnt that i had failed an exam, this not only influenced á my emotions but also other important tasks, it also made my á record imperfect.",[4],-0.4404
"[ i would classify subjectively, a certain gesture or the way of á talking of a person as disgusting or inacceptable.]",[5],-0.3182
one day i felt dizzy during a lecture. when the lecturer asked á us as to who had heard the fairy tale - i was the only one who á put up his hand and this surprised the whole class.,[6],0.4939
"we always made a lot of noise during a certain lecture. this may á have been because we did not respect the lecturer. finaly, the á lecturer could not tolerate it and he scolded us angrily and á pointed out our misbehaviour.",[7],-0.503
i felt happy when i received the letter telling me that i had á been admitted to the university.,[1],0.6249
"during the first year in university i had bad results in both á the terms, especially the first term. i was afraid that i would á not be promoted to the next year and that the others would go á ahead of me.",[2],-0.7033
once my father slapped my mother for a small quarrel.,[3],0.0
"a few years ago my mother suffered from canccer and died within á two years. we had not finished our studies then and could not á bear our responsibilities as her children. my mother had tried á her best to take care of us but she lived in pain these two á years. neither the doctor nor we could do anything for her as á cancer is incurable. i was very eager to replace her in á suffernig , even die instead of her.",[4],-0.9314
"i used to play with a group of classmates and i found out later á that they were cheap in thought, behaviour and conduct - they á would smoke, fight and speak foul language. i thought that they á destroyed the image of college students.",[5],-0.5267
it was discovered that i had received a warning letter as my á g.p.a was very low.,[6],-0.5849
many years back i quarrelled with my younger brother for a small á reason. i used a pole to beat him and nearly broke his arm. he á recovered after a treatment which lasted several months. after á this our relationship was worse and he would not listen to me.,[7],-0.7096
"one saturday afternoon, i deliberately dressed up nicely (i had á been in a bad mood of late). i hoped to go for a walk in the á soft sunlight to try and uplift my spirits. when i was having á lunch in the canteen, two of my male classmates asked me as to á why i was dressed so nicely (they had seldom joked with me á before). one of them said that he had a lounge suit and we would á look very nice if we wore them together.",[1],0.7828
the exam was drawing near and i wanted to prepare for it. but i á had a lot of other things to do so i did not have much time to prepare á for the exams. whenever i sat down to study i was scared that i would á not be able to finish it.,[2],-0.5927
a female classmate was always late for meetings which were for á the homework and not social gatherings. we were very busy and á the deadline was close but we had to waste half an hour or an á hour waiting for her as we could do nothing else then.,[3],-0.5719
"after a meeting ended we started talking about when we would á have the next discussion ( i had many tests the coming week and á could not have a meeting in between, i thought that they would á understand this as they had always done). they did not á understand my problem and thought that i should not have so many á other activities. their reaction made me burst into tears.",[4],-0.5574
when i was studying in the library a pair of lovers were sitting á next to me talking in an intense and soft voice. they were á disturbing others.,[5],0.1027
"during an informal discussion i contributed a lot even though i á had not spent much time studying. whenever someone said that á someone was not paying attention, or that he had too many other á things to do, or that the persoon was not trying his best, i á would feel ashamed.",[6],-0.7556
our class had organized a picnic in november. i was the class á representative so i became the organizor. however the picnic á was postponed by one week and i had something else to do then. á initially i did not ponder on what to do and decided to go for á the picnic. when i had the time to think about it i thought that á my decision was wrong. my classmates thought that i would go as á i had signed my name but i did not go. i told another class á representative that i was not going but he did not know the á reason behind my not going. after the picnic my classmates asked á me why i had not gone to the picnic and everytime someone á mentioned it i was apologetic. i should have decided right in á the begining that i would not go and then they would not see me á as irresponsible i.e promising to go and changing my mind á afterwards.,[7],-0.4118
it was the first time i met him (my boyfriend mr.w). it was á during the first term summer vacations. we met each other while á handing in our homework. he invited me have a trip with him and á we were together till 8 p.m.,[1],0.0
the day the results of the certificate exam came out. i went to á school and at first i did not feel frightened. by the time i á reached the fourth floor ( the results were being given on the á fifth floor) i found it difficult to walk and felt that i would á die.,[2],-0.5565
one day i had sunned my favourite shirt and was putting it back á in the wardrobe when my younger brother snatched it from me and á wore it. he had not had a bath and was very dirty. i scolded him á but he answered back and locked himself up in a room. i was very á angry so i starteed kicking on the door and abusing him loudly á and freely.,[3],-0.7972
when i was a child i was playing on the upper deck of the bed á with my brother. my parents slept on the lower deck. my father á felt disgusted and beat me up. i felt very sad as my father had á never beaten me or scolded me before.,[4],-0.706
my boyfriend and i did not have any contact with each other during á the summer holidays. i met him the day of the registration and looked á through him. in the canteen he asked me if i wanted to have a drink and á i said no as i did not want him to do me a favour.,[5],0.4728
on christmas eve i went to a classmate's home with other á classmates. the next morning when i came out of the toilet she á said something and i did not understand what she was saying. á when she pointed at my trousers i discovered that i had forgotten á to zip them up. i rushed back to the toilet but by the time the á others had guessed what had happened.,[6],-0.1154
"one night,when i was in primary 5 or 6, i felt thirsty so i á fetched the thermos to pour a cup of water for myself. then i á saw my brother lowering his head and i, jokingly, poured the á water on his head.",[7],-0.25
i had gone camping with my old classmates and there was a storm. á we were in a flurry but at that time i felt the love and concern á of my friends.,[1],0.899
i was on a trip to phillipines during summer and i was staying in á a hotel. the room i was staying in was very silent and had very á dim lights. the last night i felt frightened and lay awake - i á could hear some sounds around me and dared not open my eyes - i á waited for dawn.,[2],-0.4404
"i had a very good friend in secondary school. the year after our á graduation i prepared to celebrate her birthday and i called off á all my appointments. i got together the other friends and we á were ready to give the entire day to her. however this friend á disappeared on her birthday. when i phoned another friend i á didcovered thay she was busy, i did not call her anymore.",[3],0.9717
i am a christian but i cannot find any meaning in life . it á seems that i am deceiving myself but i cannot find the way out.,[4],-0.4767
a brother from one of the christian fellowship often phoned me á and talked to me for half an hour or more. however there was á nothing important in the conversation and i found the person very á disgusting.,[5],-0.6452
i felt shame when i found that i was almost last in the exam.,[6],-0.4767
once i bought my sister a pair of sports shoes as she was going á to join an athletic meet. however the shoes were a little big á and had a few flaws. she muttered all the way and blamed me for á having wasted her money anf i felt guilty.,[7],-0.7845
when the result of the certificate exam was announced. i was á surprised and happy as the result was better than i had á expected.,[1],0.8176
when i was young i got lost on the street and the police found me á after a day.,[2],-0.3182
my sister once stole my mother's money and made her very angry. á after this my mother would beat her up for unreasonable reasons. á one day my sister lent her book to a friend without telling my á mother about it. when my mother learnt this she beat her up and á even threatened her with a pair of scissors.,[3],-0.5256
my academic result was poor and i had to repeat the second year. á i felt sad about the coming several years.,[4],-0.7351
"my mother was always fastidious about my room, bed time, etc. á she treated us strictly and punished us physically. these á things were intolerable.",[5],-0.4588
"i misunderstood a girl and thought that she loved me. one day á when i was talking to her, her boyfriend appeared and i felt á ashamed.",[6],-0.1531
"when i was in p3 i was always punished as i would forget to do my á homework. the first time that i was punished and not allowed to á leave school, i slipped out of school.",[7],-0.7964
i was admited to the chinese university of hong kong. the day á the results were announced i looked in the newspaper and saw my á candidature number.,[1],0.0772
"one year, when i went to a camp, i was chased by a dog. i tried á hard and finally managed to escape from it. my torch suddenly á went off and we talked about ghost stories and i thought that á there were ghosts.",[2],-0.25
when i was in f4 i played a basket-ball match against another á school's team. one of their team members kicked a team-mate of á mine so i kicked him back and we had a fight with each other.,[3],-0.0516
i received the mid-term exam paper of one of my major subjects á and i found that i had failed it.,[4],-0.5106
once at a camp a classmate criticized me in front of others. now á i find that this classmate is very disgusting.,[5],-0.7346
when i was in f4 i led my class to a riot. however the form á master said that my conduct was good and asked me to tell him the á names of those who had taken part in it. i replied that i did á not know.,[6],-0.1779
i promised to join a meeting but did not turn up as i did not á want to do the work.,[7],0.254
[ when my performance (homework or other work) is better than others.],[1],0.4404
i found a problem in homework which would not get solved although á i tried my best.,[2],0.1744
"i had a date with my girlfriend, the time and place had not been á fixed. i asked her to phone me an hour later as it was midnight á and i did not want to disturb her family. i waited several hours á for her call, she did not call me that night.",[3],0.2584
when i found that my ability to do ordinary work was worse than á my fellow mates.,[4],-0.2023
i made friends with a classmate whose behaviour i did not like - á he tried to flatter other people and did not respect me.,[5],-0.0423
my guilty behaviour was found out by others.,[6],-0.4215
when my behaviour was immoral - thinking about sex.,[7],-0.4588
"during my summer vacations i planned a carnival for the community á youth center with a few other volunteers. i was the head of the á organizors and we spent over a month planning it. during this á period we got to know and understood each other. we á discovered each others potential and we planned many interesting á things for the carnival. the day of the carnival everything was á bright, the programmes went well and the attendants enjoyed it. á i felt extremely excited about it.",[1],0.9134
i was a prefect at secondary school. on the sports day i told á others that i would take down the names of the people who á misbehaved and after some time i sat down for a brief rest. á suddenly the head prefect came and scolded me in front of others. á i was very angry as there were other prefects sitting and he á picked on me. i thought that a brief rest was not serious á enough to be blamed.,[3],-0.8431
"i had joined a youth group that observed the affairs of our á community and so i had many opportunities to contact the á government and the committee members of the district board (a á local executive structure). we always tried to consult and á discuss with them, but we found that such people did not á understand community affairs and they even dampened our á enthusiasm in local affairs. i did not understand why they had á decided to work as community leaders.",[5],0.6858
one day i was the leader of the weekly meeting of the church á fellowship. that day i had been preparing for the exams and did á not estimate the time to travel to the church right and i was á twenty minutes late. as i had not prepared well i led the á meeting badly. i was ashamed of myself.,[6],-0.8262
i borrowed my classmate's notebook one week before the á examination and i promised to give it back to her in two days á time. i was very busy at that time and forgot many things; as i á was not very often at home she could not contact me. when i á started my revision i realized that her notebook had been on my á desk for five days. i contacted her immediately and gave it back á to her. though she did not say anything i felt very guilty.,[7],-0.1513
"when high level results were declared, i found my candidature á number. i was very happy as i had not expected it. as i had been á injured before the examination and i had performed poorly.",[1],0.3804
"once, when i was ten, i could not remember why my mother was so á angry. she fainted suddenly and i was very scared as i did not á know what to do .",[2],-0.7764
when i got into a bus i found that my wallet had been stolen. á it was not a great loss from the monetary point of view but i á lost some documents - identity papers. as a result i had to á spend several days in order to get a new one. i will always á remember all the work i had to do and the bad treatment i á suffered because of the bureaucratic behaviour of the civil á servant. i had already had bad luck and they treated me like a á criminal. at one point of time i really wanted to quarrel with á them.,[3],-0.9576
i quarrelled with my younger sister because i had said something á against her boyfriend. consequently she looked through me when á she saw me as she thought that i was trying to separate them. á she had misunderstood me.,[4],-0.34
"a few days back, i walked on a heap of faeces while walking on á the road. i got goose flesh because of this.",[5],0.0
during the english lesson we were required to do a play. a few á days after doing it the teacher asked us to do it again at a meeting á and i forgot my part.,[6],0.34
"once, my friend and i went to the tai 60 to cycle. my mother had á told me not to go. unfortunately i broke my pectoral girdle and á had to go to hospital. when my mother came to see me i felt á guilty as i had not listened to her and i had to soon sit for a á public examination.",[7],-0.0936
"after attending a song contest proposed by a band called \chyne\"" á|we (6 of us) waited for the members of the band to greet us in á|front of the stage. we went out after a few minutes as it was á|time to close the hall. we had been waiting at the entrance hall á|for ten minutes when three of the band members came out. they á|were very excited to see us, one of them was so excited that he á|had tears in his eyes. we felt very warm and close to each á|other. they took us back into the hall and we talked freely. we á|were together for about an hour and during this time we felt á|that they were very sincere.""",[1],0.9231
at noon one sunday i received a phone call telling me that my á mother had been knocked down by a car at the street crossing and á that her husband should go and see her. i could not believe this á as my father and my mother had gone out together to buy lunch á boxes. however i immediately ran to the scene of the accident.,[2],-0.4767
"the day the results of the chinese university was announced i á should have been very happy; however my grandmother, because of á her prejudice and misunderstanding, started a quarrel with my á mother. she expected me to take her side and she deliberately á talked of my mother's wrong doings. i was very angry because - á one my grandmother was not being reasonable and two because it á should have been a happy day and three we had moved into a new á house that day.",[3],-0.6249
when i was in lower six class during the summer i joined a á research group of the chinese university student union. i knew á a lot of cv students there. a year later one of them was á travelling in mainland china and he got t.b. he died a few weeks á after coming back to h.k. we all got together for the funeral á and when i looked at the body for the last time i felt extremely á sad.,[4],-0.8928
"during these summer vacations a schoolmate who was not in my á class went to britain. before he left, his classmates and some á of us who were accquainted with him had a b.b.q on the beach. á when i arrived i saw that some people , who were not close á friends of the departing person(person a), were playing mahjong. á some others were playing bridge and a had nothing to do, besides á it was a who had prepared the food. later when we wanted to talk á and his classmates did not even have the decency to listen to him. á they only asked him a few questions half-heartedly and then they á talked on their own. some of their conversation was against me and á another classmate.",[5],0.2373
"when i was in lower six i joined an interview group to á interview the general public. one of my friends in the group á lost her purse and she was very nervous. five of us had to go á another place so we left her, and planned to see her later. then á i heard her describing how her purse looked. i realized that i á had seen her purse on the floor and had not wanted to do any á thing about it.",[6],-0.4201
i went to a friend's baptism as she became a christian after me á and i realized that she was more enthusiastic about her spiritual á life than i was. when i was with my brothers and sisters of á christ i had a guilty feeling which could not be dismissed á easily. when pepole asked me as to when i would be baptised my á guilt feeling deepened.,[7],0.4576
"when i received the result slip of the higher level examination á (an university entrance exam) and saw that i had a very good á possibility of being accepted into the university, i felt very á excited.",[1],0.7889
"one camping night, i listened to the ghost stories told by my á classmates.",[2],-0.3182
last week i had planned to play tennis and had booked a tennis á court. however when i arrived at the university gym the clerk á told me that the court was being used for lessons.,[3],0.34
when i was ill and had to stay at the hospital for a period of á time.,[4],-0.4215
a few days back i was waiting for the bus at the bus stop. á before getting into the bus i had prepared the exact amount of á coins to pay for the bus fair and when i got into the bus i put á these coins into the box meant to collect the bus fair. i á thought that i had paid and wanted to get inside. however the á bus driver called me and asked me in an impolite way if the coins á were stuck at the opening of the box. he had not seen me paying á and there wasn't a stack of coins in the box. i could not á understand this and the driver kept questioning me. he made me á feel angry and at last i inserted a dollar coin in the box just á to get away from him. later i found that i had forgotten a few á coins in my pocket and had not paid enough for the fair the first á time. after i had entered the bus i could still hear him á scolding me and i felt disgusted.,[5],-0.7351
"a few days back i had a tutorial class and the teacher randomly á assigned one person in each group to make a presentation. the á discussion in our group had been confused and the presentation á was not very well prepared. unfortunately i was selected to á present and i could not keep calm, was confused and result was á very poor. i really felt ashamed.",[6],-0.9509
once i quarrelled with my sister and after this i deliberately á messed up her belongings.,[7],-0.34
"i had a dream : i had a very close friend who had several stone á houses in the new territories (villages) but they did not have á much furniture. he took me to see his fields (i had never seen á them before) and there were several inches of clear water on á which the sunshine was reflected. i wanted to sit among the á short green plants in the fields but was afraid of treading the á plants to death. my friend said \they will not die\"" and i sat á|down happily and my trousers did not get wet.""",[1],0.9613
"after seeing a horror film - omen. i could not sleep at night á even though i closed my eyes. the last scene of the film kept á coming back to me, i seemed to hear the girls in the film á shouting at the devil. the devil did not have any expression on á his face and i thought that he would choose me.",[2],-0.926
my friend often played a joke on me and sometimes i thought that á he was a nonsensical person. once when we went to a friend's á house he walked in first and shut the door firmly behind him. i á felt that he did not respect me and moreover i was his friend so á he should not have behaved like that. i was very angry (as it is á i was in a bad mood then).,[3],-0.1918
i suddenly found that those whom i considerered to be my good á friends did not care for me. although i could still be with them á i felt unimportant. i deeply thought about the reason behind á this so as to see who was responsible for this. finally i made á up my mind and decided not to expect too much from them. i was á sad when i decided that they were no longer my good friends.,[4],0.6214
"i had a friend who was very kind to me. i tried my best to like á him and understand him but when i was with him i could not help á rejecting, criticizing and blaming him. i wanted to get away á from him as soon as possible.",[5],-0.1079
"my teacher reminded us not to do a summer job, however i did it á for two months. yesterday i was chatting with my teacher and á when we talked of the summer job, i felt ashamed.",[6],-0.4767
i wanted to get rid of a bad habit and it seemed that i had á succeeded. however a year later i got the bad habit again. i felt á useless as i always found excuses to explain my behaviour. as a result i á felt guilty.,[7],-0.8689
"during the exam period i studied in the library alone. a close á friend of mine, who is also a classmate, told me that my á application for a japanese inter-cultural exchange programme had á been accepted. i was not very sure as i did not know that the á list had been declared. i ran to the board and saw that i was á really included in the list. i was so excited that i smiled all á day long. when i met my classmates and friends i told them the á good news. i was so happy that i could not concentrate on my á studies. á",[1],0.9611
a boy phoned me at night and wanted to talk to me for 30 minutes á outside. i thought that he would reveal what he felt and would á question me on our relationship. i treated him as a friend and á did not want any misunderstandings. therefore i refused to meet á him and told him that i would see him the coming day. i was very á unhappy as i feared having hurt him and got him into trouble.,[2],-0.891
we had fixed time for practice as we had to participate in the á inter-department song contest. i arrived and found that there á was nobody there. when i went to the canteen i found them eating á lunch. i was so angry that i aired my greviances to one of them á and then left.,[3],-0.6418
a friend told me that he had suffered in love and in academics. á i shared his sadness.,[4],0.5719
a friend told me that a boy wanted to get to know me. at that á time i felt disgusted and thought that it was a nonsense thing.,[5],-0.4404
"one rainy day when the streets were wet, and as i was walking down á a slope, i fell down out of my carelessness. there were many á people and they saw me, so i felt ashamesd. moreover i hurt my á ankle and it was painful.",[6],-0.8402
"one night during dinner my nephew was naughty, so i quarrelled with my á parents. i regreted this as my nephew was only two years old and i á had to tolerate him ! the quarrel made my father think that his children á may not take care of him in the future (it was a slip of the tongue and á this made me realize that my father keeps his thoughts to himself). i was á still very angry so i dropped my bowl and chopsticks and went to the kitchen á to drink tea and then ran to the other side of the house.",[7],-0.7589
that afternoon i rushed home to look at the result slip of the á higher level as fast as possible. i opened the envelope very á carefully and found that my results were much better than i á had expected and thus i could enter the chinese university. my á diligence had paid and i was very happy.,[1],0.8258
"when i was young i had gone to an old lift and played with the á antique lift. the guy discovered me and warned me, i was very á frightened.",[2],-0.4364
whenever my father smokes the smell makes me feel very á uncomfortable. he never listens to my complaints and i curse him á furiously in my mind. i cannot solve this problem by violence á because of traditional moral values.,[3],-0.9524
my got my mathematics test's marks and could not believe that it á was true. in the past i would have at least 80% marks. was i á getting weaker at studies ? this made me feel that i should not á expect too much from going to the university.,[4],-0.0258
my friend and i worked for the community centre by holding a booth. á one day my friend went off to another booth to play. this á meant that i was very busy and could not maintain order. his á behaviour disgusted me.,[5],0.6597
"when i was in a bus on my way to the examination centre, a man á sitting opposite me kept looking at me continously. i did not know á what was wrong. when i reached the centre i started strolling around á as i still had a little time. suddenly a man came and whispered \you á|have forgotten to zip up your trousers.\"" i was at a loss to say anything á|and i felt very embarrassed. when i thought of the bus incident i felt á|even more ashamed.""",[6],-0.9019
"at secondary school, one of my classmates lost her locker key. á during a class i saw two other classmates holding a key and á talking secretly. i do not know why i suspected them, also á another classmate supported me. he remembers that these people á had only one key in the key-ring, this had seemed strange to him. á besides another classmate said that he had seen them selling á books at a book-shop and they should not have had such books. i á told the teacher and the person was caught. he had sold the á books and was forced to quit school. i found that i had not á helped him as he stole later on also. i felt guilty",[7],-0.8176
"one night, my boyfriend expressed his love for me in the canteen in á the presence of my friends by giving me a present.",[1],0.8658
after listening to ghost stories with my classmates i had to back á alone to the hostel at night. i had to walk through a long and á quiet road and i was scared of meeting a ghost.,[2],-0.8176
"i came across a girl at the school bus-stop, i had seen her á several friends as she was a friend's friend. however my friend á had never introduced me to her and when she got off the bus i á smiled at her but she did not respond pretending not to have seen á me. her arrogant behaviour made me sick and angry.",[3],-0.846
my examination results were not satisfactory even though i had á tried my best. then i started wondering about my abilities for á the major subject. however i did not know how to choose my major á subject if i were to change it.,[4],0.6237
when my roommate and i had dinner together we decided as to who á would clean the bowls. one day when i came back from school i á found that she had not cleaned up. since i had to cook dinner i á cleaned them myself and felt unhappy and disgusted.,[5],-0.5423
"when i asked my classmate to teach me to do my homework, he asked á me to study by myself first but i did not do it. when he asked me á if i had studied, i felt very ashamed.",[6],-0.6798
i escaped from communicating with god for a long time. i did not á read the scriptures and i did not pray. i felt that i was á getting further and further away from god. i felt guilty as this á was because of my laziness.,[7],-0.1436
"when two female classmates and i were having lunch, we chatted and á cracked jokes, i was very happy. however, i felt that i may have á said something inappropriate which might cause them to have a bad á impression of me.",[1],0.5256
"i did not do well in one of the subjects last term. i was á afraid that i would fail. my result was a grade d, though it was á not good i still passed. i felt more comfortable then.",[2],-0.4814
"my friend half-teasingly called me a bad nickname. i felt á insulted and kicked his hip in anger. i was stable later and did á not feel angry at him. in fact i was afraid that the other á friends who were with us would think that i was an intolerant á person. however i could not apologize, so i pretended that á nothing had happened and smiled when i left. my friend did not á say anything but just watched me leave.",[3],0.4124
last night i did not do very well in one of the subjects. before á the result was announced i feared that i would fail. finally i á got a d and as the results of the other subjects were not all á good i felt a little sad.,[4],-0.9177
whenever i spoke to a female classmate i felt disgusted. she á said meaningless things and seemed to indicate something to me á but i did not love/like her.,[5],-0.4854
once a female classmate told me that the clothes i wore seemed to á be a child's clothes. on hearing this i felt a little ashamed and á i criticized her clothes though there was nothing wrong with á them.,[6],-0.4124
once while playing tennis with my classmate i lost a few tennis á balls. i found one near the tennis court and took it to be mine á despite thinking that it might belong to the student in the next á court. i felt guilty. later someone came to me to claim the á ball and i gave it back to him.,[7],-0.5106
when i received a letter from the university telling me that my á application had been accepted.,[1],0.2732
at primary school the teacher caught me cheating during a á dictation.,[2],-0.5574
someone spread rumours about me.,[3],0.0
one night my father suddenly suffered from a heart attack which á lead to breathing difficulties.,[4],-0.5106
the curriculum of the year ! the english course was very heavy. á i had not prepared and the teacher asked several questions á during class. the students were not ready to answer the á questions and the teacher was frustated.,[5],-0.471
"i forgot to zip up my trousers, this was not noticed by anyone.",[6],0.0
peeping.,[7],0.0
"i had a picnic with old classmates, we chatted and played games.",[1],0.34
at night when i was alone at home (all the family members usually á get together at that time) someone knocked vigorously on the á door.,[2],-0.128
when i saw that my bed at the hostel was a mess i guessed that á someone else had used my daily necessities. i felt that my personal á sanity had been affected.,[3],-0.4767
during the physics experiment session i did not understand the á content of the experiment and did not know how to do it.,[4],0.0
a man sexually aggressed a small girl in the bus but the girl did á not dare to speak out.,[5],-0.1779
being unable to stop urinating on the bus.,[6],-0.296
there were old people in a crowded bus and i did not have the á courage to give them my seat. i closed my eyes to sleep and then á opened my book to read. in my heart i wanted to give them the á seat.,[7],0.8126
it was the first time that i gave a birthday present to my friend. á she wrote me a letter as she is my girlfriend. the content of á the letter was so sweet that it made me feel very happy.á,[1],0.7944
"it was a week before the higher level results were announced. i á had tried and failed many times and this was the last time that á i was taking the exam. i knew that if i failed again i woulld á have to enter the society. i imagined things during this period á - i dreamt that i had entered university and it was a nice á experience. when i thought about the future, an unexplainable á fear rose in me. i feared being a worker and not having a bright á prospect, i also feared the criticism of my relatives as my á brother had gone to university. whenevr i thought of this issue á i could not eat or concentrate, and my heart beat increased.",[2],-0.8808
the surname of my brother was different from ours. he often á grinned at home and provoked others for the pleasure of it. this á made me angry.,[3],0.1027
"when i was in primary 6, my father died. i was very young then á and did not know what had happened. the weeping of my relatives á and my tears made me sad.",[4],-0.8885
"at hostel, my roommate was a very selfish person and would avoid á doing anyhting that did not concern him. a few of us prepared lunch á together and had decided to share the work. my roomate had á promised to do the same but i had to wash the bowls everytime á after dinner. i tried to wait and thought that he would realize á his fault. i did not want to tell him to do the work as he is a á university student and ought to have self-respect. he á disappointed me and so every time i saw him i tried to avoid him á and did not want to keep any contact with him.",[5],-0.9035
my friend had many female friends and i thought that they were á his lovers. i would scold him but he did not accept my advice. á later i learnt from his girlfriends that this was not true. i á felt ashamed at having misunderstood him.,[6],-0.8599
in the past i used to think that my mother was a very nagging á person. when i started living at the hostel we had little time á to meet each other. whenever i went home she would take care á of me. i gradually realized that what she had done was for my á own good. so very time i saw her i felt guilty.,[7],0.079
"in august,1983, the long awaited \big envelope\"" (a document for á|c.u.h.k admission) arrived. it was in the afternoon and i had á|not been doing anything. when the postman, with his big bag, á|knocked on the door i knew what it was about. i hurriedly á|opened the envelope and my mood at that time is hard to describe. á| it lasted several hours and only calmed down later.""",[1],0.2732
"on christmas eve,1984, i had just finished the exams and was á afraid as the results of one of my major subjects had been very á unsatisfactory. i thought that i had only a 50% chance of á passing. even if i failed this subject i would not need to á repeat. however i liked this subject very much and my results á were bad because of my lazyness. if i was forced to change to a á minor in this subject i would be very unwilling.",[2],-0.7184
"in september 1984, i was forced to live with someone i did not á like. the first week we were at loggerheads and our conversation á was like a debate. the atmosphere was very bad. when he learnt á that i had got 95 marks in a test he told me \ a failure, you lost á|5 marks.\"" i was very angry, not because my marks were lower á|than his, but because i could not tolerate his pride. i did not á|show my discontentment and carried on doing my work.""",[3],-0.8873
this issue worried me rather than saddening me. in mid september á i went to guanggho alone. i was looking for an accomodation in á the evening and after having walked 2 or 3 miles i still could not á find anything. what could i do? i was not worried about á sleeping on the streets but because of some procedural problems. á i finally found a place to sleep at 8 o'clock.,[4],-0.7435
"my roommate liked to listen to some meaningless songs which had á melody but had no content. we lived together so when he played á the recorder i was forced to listen to them. i could not tell á him that i did not like to listen to the songs, as i had no right á to disturb the freedom of others. so i would find a pretext to á leave the room and go somewhere else.",[5],-0.7068
"last summer i went camping with some c.u students. as i was á working then, i had to leave the second night (some of them had á joined us the first night). next morning, 6 o'clock, a female á classmate knocked on our door and tried to wake us up. i was not á fully conscious and i said something which i should not have. i á realized the trouble i had made and wanted to hide. later i á said sorry to her and the matter came to an end.",[6],-0.5859
i lied to one of my best friends.,[7],0.6908
i received a letter from a distant friend.,[1],0.4939
my parents were out and i was the eldest at home. at midnight a á male stranger phoned us and spoke to me in a rough language. i á hung up and heard someone walking outside our door.,[2],0.0
two years back someone invited me to be the tutor of her á grand-daughter. the grand-daughter asked me some questions in á mathematics so i taught her. however she did not listen to me á and this made me feel unhappy. the second year it was the same. á when i entered university the girl's parents suggested that i be á employed as their daghters tutor. they told me that at university á there was no homework and i would have a lot of time so they á made a time-table for me which required me to be the tutor five á days a week. they did not respect me and anyway i had another á child to teach.,[3],-0.7618
i had taken the responsibility to do something and i had á prepared for it. however i failed because of my timidity. after á three attempts i still could not adapt to the atmosphere and á failed as before. i felt imcompetent and felt that the others á would think that i had not prepared for it.,[4],-0.8256
i was at home and i heard a loud sound of spitting outside the á door. i thought that one of my family members would step on the spit á and bring the germs in the house.,[5],0.0
i did not do the homework that the teacher had asked us to do. i á was scolded immediately.,[6],0.0
i had shouted at my younger brother and he was always afraid when á i called out loudly.,[7],0.0
